{
  "timestamp": "2026-06-05T18:00:08.310457",
  "total_pl_pct": -2.9250147118153476,
  "portfolio_value": 98085.56,
  "total_pl": -1904.375288
}
