{
  "timestamp": "2026-07-06T01:00:03.661475+00:00",
  "lookback_trading_days": 85,
  "symbols": [
    "ABNB",
    "AFRM",
    "DDOG",
    "DUOL",
    "ELF",
    "ETSY",
    "EXPE",
    "GTLB",
    "HD",
    "HOOD",
    "LMND",
    "NKE",
    "PATH",
    "PINS",
    "ROKU",
    "SHOP",
    "SNOW",
    "SOFI",
    "UBER",
    "UPST"
  ],
  "benchmarks": [
    "SPY",
    "QQQ"
  ],
  "betas": {
    "ABNB": {
      "spy": 1.1314561723863825,
      "qqq": 0.583530609317066,
      "history_days": 85,
      "spy_corr": 0.5470846949064964,
      "qqq_corr": 0.437418004021679
    },
    "AFRM": {
      "spy": 2.4099165539249445,
      "qqq": 1.3153808456459655,
      "history_days": 85,
      "spy_corr": 0.6081074503897727,
      "qqq_corr": 0.5145718404118196
    },
    "DDOG": {
      "spy": 0.7636139509041817,
      "qqq": 0.6039895687783536,
      "history_days": 85,
      "spy_corr": 0.16323812523164344,
      "qqq_corr": 0.2001674080302368
    },
    "DUOL": {
      "spy": 0.09817270339118128,
      "qqq": -0.10091538415691516,
      "history_days": 85,
      "spy_corr": 0.026651668807572824,
      "qqq_corr": -0.042472440673897154
    },
    "ELF": {
      "spy": 1.167005076210777,
      "qqq": 0.6003439624476345,
      "history_days": 85,
      "spy_corr": 0.2956119749105149,
      "qqq_corr": 0.23575754925591053
    },
    "ETSY": {
      "spy": 0.8184924602495118,
      "qqq": 0.4636525567939833,
      "history_days": 85,
      "spy_corr": 0.25913871378642706,
      "qqq_corr": 0.22757599903647188
    },
    "EXPE": {
      "spy": 0.5519059616593922,
      "qqq": 0.1496709010427141,
      "history_days": 85,
      "spy_corr": 0.17303529324799452,
      "qqq_corr": 0.07274835281361512
    },
    "GTLB": {
      "spy": 0.30299680531451095,
      "qqq": 0.13694713943319978,
      "history_days": 85,
      "spy_corr": 0.07186062210134599,
      "qqq_corr": 0.05035261979777225
    },
    "HD": {
      "spy": 0.8753751968759097,
      "qqq": 0.3481451783873074,
      "history_days": 85,
      "spy_corr": 0.4614073284038655,
      "qqq_corr": 0.28448987797710407
    },
    "HOOD": {
      "spy": 2.4667590456965423,
      "qqq": 1.3457515947147207,
      "history_days": 85,
      "spy_corr": 0.5203045413315277,
      "qqq_corr": 0.4400600800233703
    },
    "LMND": {
      "spy": 1.6719546416407036,
      "qqq": 0.7769361316970174,
      "history_days": 85,
      "spy_corr": 0.3719608237772748,
      "qqq_corr": 0.26796261768084856
    },
    "NKE": {
      "spy": 0.8077822716287164,
      "qqq": 0.37573160624869545,
      "history_days": 85,
      "spy_corr": 0.2903477761769044,
      "qqq_corr": 0.20937175762637333
    },
    "PATH": {
      "spy": 0.30378798535702395,
      "qqq": 0.19076230950558337,
      "history_days": 85,
      "spy_corr": 0.08002960889540739,
      "qqq_corr": 0.0779092198636304
    },
    "PINS": {
      "spy": 0.48511389705261204,
      "qqq": 0.20908647091139448,
      "history_days": 85,
      "spy_corr": 0.15088690401424126,
      "qqq_corr": 0.10082075540165483
    },
    "ROKU": {
      "spy": 1.7268687605803414,
      "qqq": 0.9333249196116534,
      "history_days": 85,
      "spy_corr": 0.5219846523982768,
      "qqq_corr": 0.4373684439385921
    },
    "SHOP": {
      "spy": 1.3490014281319922,
      "qqq": 0.7164290025250486,
      "history_days": 85,
      "spy_corr": 0.33314225793655194,
      "qqq_corr": 0.27428790498417194
    },
    "SNOW": {
      "spy": 0.5241175915702286,
      "qqq": 0.2898831351306935,
      "history_days": 85,
      "spy_corr": 0.09730711404746119,
      "qqq_corr": 0.0834362906901437
    },
    "SOFI": {
      "spy": 1.77482174500396,
      "qqq": 0.9167402035696592,
      "history_days": 85,
      "spy_corr": 0.5009217221396415,
      "qqq_corr": 0.40112301862124783
    },
    "UBER": {
      "spy": 0.9398192203908908,
      "qqq": 0.4500100057368123,
      "history_days": 85,
      "spy_corr": 0.3796324367477238,
      "qqq_corr": 0.2818106121589922
    },
    "UPST": {
      "spy": 2.455571857215773,
      "qqq": 1.4291848935734124,
      "history_days": 85,
      "spy_corr": 0.5691060190880965,
      "qqq_corr": 0.5135055381204746
    }
  },
  "correlation_matrix": {
    "ABNB": {
      "ABNB": 1.0,
      "AFRM": 0.634,
      "DDOG": 0.295,
      "DUOL": 0.278,
      "ELF": 0.304,
      "ETSY": 0.487,
      "EXPE": 0.569,
      "GTLB": 0.339,
      "HD": 0.473,
      "HOOD": 0.442,
      "LMND": 0.486,
      "NKE": 0.391,
      "PATH": 0.43,
      "PINS": 0.496,
      "ROKU": 0.417,
      "SHOP": 0.596,
      "SNOW": 0.313,
      "SOFI": 0.45,
      "UBER": 0.595,
      "UPST": 0.485
    },
    "AFRM": {
      "ABNB": 0.634,
      "AFRM": 1.0,
      "DDOG": 0.301,
      "DUOL": 0.361,
      "ELF": 0.367,
      "ETSY": 0.41,
      "EXPE": 0.588,
      "GTLB": 0.304,
      "HD": 0.457,
      "HOOD": 0.516,
      "LMND": 0.46,
      "NKE": 0.327,
      "PATH": 0.396,
      "PINS": 0.464,
      "ROKU": 0.412,
      "SHOP": 0.626,
      "SNOW": 0.34,
      "SOFI": 0.667,
      "UBER": 0.497,
      "UPST": 0.798
    },
    "DDOG": {
      "ABNB": 0.295,
      "AFRM": 0.301,
      "DDOG": 1.0,
      "DUOL": 0.37,
      "ELF": 0.013,
      "ETSY": 0.167,
      "EXPE": 0.212,
      "GTLB": 0.539,
      "HD": -0.123,
      "HOOD": 0.202,
      "LMND": 0.287,
      "NKE": 0.085,
      "PATH": 0.561,
      "PINS": 0.307,
      "ROKU": 0.123,
      "SHOP": 0.498,
      "SNOW": 0.578,
      "SOFI": 0.224,
      "UBER": 0.155,
      "UPST": 0.249
    },
    "DUOL": {
      "ABNB": 0.278,
      "AFRM": 0.361,
      "DDOG": 0.37,
      "DUOL": 1.0,
      "ELF": 0.326,
      "ETSY": 0.23,
      "EXPE": 0.35,
      "GTLB": 0.471,
      "HD": -0.051,
      "HOOD": 0.178,
      "LMND": 0.247,
      "NKE": 0.278,
      "PATH": 0.55,
      "PINS": 0.324,
      "ROKU": 0.107,
      "SHOP": 0.493,
      "SNOW": 0.337,
      "SOFI": 0.302,
      "UBER": 0.337,
      "UPST": 0.354
    },
    "ELF": {
      "ABNB": 0.304,
      "AFRM": 0.367,
      "DDOG": 0.013,
      "DUOL": 0.326,
      "ELF": 1.0,
      "ETSY": 0.095,
      "EXPE": 0.249,
      "GTLB": 0.004,
      "HD": 0.425,
      "HOOD": 0.242,
      "LMND": 0.305,
      "NKE": 0.224,
      "PATH": 0.124,
      "PINS": 0.251,
      "ROKU": 0.213,
      "SHOP": 0.301,
      "SNOW": 0.05,
      "SOFI": 0.308,
      "UBER": 0.212,
      "UPST": 0.402
    },
    "ETSY": {
      "ABNB": 0.487,
      "AFRM": 0.41,
      "DDOG": 0.167,
      "DUOL": 0.23,
      "ELF": 0.095,
      "ETSY": 1.0,
      "EXPE": 0.42,
      "GTLB": 0.317,
      "HD": 0.171,
      "HOOD": 0.142,
      "LMND": 0.13,
      "NKE": 0.211,
      "PATH": 0.321,
      "PINS": 0.283,
      "ROKU": 0.205,
      "SHOP": 0.397,
      "SNOW": 0.328,
      "SOFI": 0.141,
      "UBER": 0.384,
      "UPST": 0.263
    },
    "EXPE": {
      "ABNB": 0.569,
      "AFRM": 0.588,
      "DDOG": 0.212,
      "DUOL": 0.35,
      "ELF": 0.249,
      "ETSY": 0.42,
      "EXPE": 1.0,
      "GTLB": 0.255,
      "HD": 0.349,
      "HOOD": 0.147,
      "LMND": 0.265,
      "NKE": 0.287,
      "PATH": 0.326,
      "PINS": 0.419,
      "ROKU": 0.17,
      "SHOP": 0.494,
      "SNOW": 0.274,
      "SOFI": 0.293,
      "UBER": 0.431,
      "UPST": 0.323
    },
    "GTLB": {
      "ABNB": 0.339,
      "AFRM": 0.304,
      "DDOG": 0.539,
      "DUOL": 0.471,
      "ELF": 0.004,
      "ETSY": 0.317,
      "EXPE": 0.255,
      "GTLB": 1.0,
      "HD": -0.094,
      "HOOD": 0.232,
      "LMND": 0.281,
      "NKE": 0.118,
      "PATH": 0.742,
      "PINS": 0.443,
      "ROKU": 0.097,
      "SHOP": 0.498,
      "SNOW": 0.539,
      "SOFI": 0.401,
      "UBER": 0.267,
      "UPST": 0.369
    },
    "HD": {
      "ABNB": 0.473,
      "AFRM": 0.457,
      "DDOG": -0.123,
      "DUOL": -0.051,
      "ELF": 0.425,
      "ETSY": 0.171,
      "EXPE": 0.349,
      "GTLB": -0.094,
      "HD": 1.0,
      "HOOD": 0.192,
      "LMND": 0.328,
      "NKE": 0.357,
      "PATH": -0.135,
      "PINS": 0.071,
      "ROKU": 0.264,