{
  "generated_at": "2026-06-28T04:39:43.189886Z",
  "portfolio_value": 96829.38,
  "lookback_days": 252,
  "correlation_matrix": {
    "AMAT": {
      "AMAT": 1.0,
      "AMD": 0.5924742145677179,
      "AMZN": 0.21890047293122294,
      "AAPL": 0.0584432414378638,
      "ABNB": 0.18715795558748993,
      "AFRM": 0.19604903197977996,
      "CDNS": 0.3572929393191101,
      "COST": -0.11017315967560581,
      "ELF": 0.2023166107454856,
      "GTLB": -0.12616637178413237,
      "HD": 0.13927631706727778,
      "HOOD": 0.3504031177481284,
      "LCID": 0.2671574388719676,
      "LULU": 0.14739166413557786,
      "MRVL": 0.5421473050348508,
      "SHOP": 0.1628103269392053,
      "NVDA": 0.4448718178639879,
      "NXPI": 0.46983724165666,
      "PLTR": 0.1295039159486424,
      "RIVN": 0.3099683048203066,
      "ROKU": 0.2768497544372474,
      "UPST": 0.24989918910357503
    },
    "AMD": {
      "AMAT": 0.5924742145677179,
      "AMD": 0.9999999999999999,
      "AMZN": 0.29144775852357047,
      "AAPL": 0.15723619441383813,
      "ABNB": 0.19164800634025406,
      "AFRM": 0.23604199185751434,
      "CDNS": 0.30689087082251915,
      "COST": -0.1148536577435537,
      "ELF": 0.22552283496633965,
      "GTLB": 0.06015898105989592,
      "HD": 0.07199362937483164,
      "HOOD": 0.4027606439964093,
      "LCID": 0.293808570353947,
      "LULU": 0.10385415963675133,
      "MRVL": 0.45758060520164756,
      "SHOP": 0.1789401268258254,
      "NVDA": 0.5251173044740666,
      "NXPI": 0.4008160119849397,
      "PLTR": 0.2864438269709632,
      "RIVN": 0.2507453207773849,
      "ROKU": 0.3279371840669579,
      "UPST": 0.26042610923917653
    },
    "AMZN": {
      "AMAT": 0.21890047293122297,
      "AMD": 0.29144775852357047,
      "AMZN": 1.0,
      "AAPL": 0.3061540999233826,
      "ABNB": 0.40224961199803183,
      "AFRM": 0.49983904116619343,
      "CDNS": 0.23005484275249632,
      "COST": -0.0026885024447303274,
      "ELF": 0.28567138051343943,
      "GTLB": 0.12993249073044233,
      "HD": 0.2828617464104517,
      "HOOD": 0.3521319364291607,
      "LCID": 0.21861778525751466,
      "LULU": 0.32860290062159797,
      "MRVL": 0.1927815428652696,
      "SHOP": 0.37206567272847596,
      "NVDA": 0.3155742573924776,
      "NXPI": 0.22824908995308804,
      "PLTR": 0.3601171240289853,
      "RIVN": 0.18542378010473834,
      "ROKU": 0.39266278659805737,
      "UPST": 0.3661379723741256
    },
    "AAPL": {
      "AMAT": 0.05844324143786381,
      "AMD": 0.15723619441383813,
      "AMZN": 0.30615409992338266,
      "AAPL": 1.0,
      "ABNB": 0.3235272273933017,
      "AFRM": 0.2946702935251743,
      "CDNS": 0.12306738283337416,
      "COST": 0.04801090006844192,
      "ELF": 0.06044033063357716,
      "GTLB": 0.11373042639778316,
      "HD": 0.16994328316312757,
      "HOOD": 0.23662382774972035,
      "LCID": 0.12323607640900779,
      "LULU": 0.18222680556575557,
      "MRVL": 0.25371111872678337,
      "SHOP": 0.2085825252659425,
      "NVDA": 0.19998841735627715,
      "NXPI": 0.17912734821655332,
      "PLTR": 0.1544136204703127,
      "RIVN": 0.09057457772605308,
      "ROKU": 0.16563701671537473,
      "UPST": 0.30022196401115747
    },
    "ABNB": {
      "AMAT": 0.18715795558748993,
      "AMD": 0.19164800634025406,
      "AMZN": 0.40224961199803183,
      "AAPL": 0.3235272273933017,
      "ABNB": 0.9999999999999998,
      "AFRM": 0.4891610006507518,
      "CDNS": 0.3895497498792143,
      "COST": 0.015303283475476786,
      "ELF": 0.3144119185404236,
      "GTLB": 0.3025939496209277,
      "HD": 0.37774356239364615,
      "HOOD": 0.3401494596663847,
      "LCID": 0.24782813076977497,
      "LULU": 0.46411654700362787,
      "MRVL": 0.1301023161517159,
      "SHOP": 0.5317782819356355,
      "NVDA": 0.19309071623279467,
      "NXPI": 0.22806778683259676,
      "PLTR": 0.29156502957100544,
      "RIVN": 0.3309384815232393,
      "ROKU": 0.45599043967978314,
      "UPST": 0.4392078572879627
    },
    "AFRM": {
      "AMAT": 0.19604903197977996,
      "AMD": 0.23604199185751434,
      "AMZN": 0.4998390411661934,
      "AAPL": 0.2946702935251743,
      "ABNB": 0.48916100065075174,
      "AFRM": 1.0,
      "CDNS": 0.34065794986592146,
      "COST": -0.07414391780231967,
      "ELF": 0.2993421651749157,
      "GTLB": 0.2589443052566048,
      "HD": 0.2891001865478167,
      "HOOD": 0.507706924913922,
      "LCID": 0.26303327912920976,
      "LULU": 0.3902919248861266,
      "MRVL": 0.1842809924686598,
      "SHOP": 0.5604940627379925,
      "NVDA": 0.2783431253384915,
      "NXPI": 0.20760989418784453,
      "PLTR": 0.4485993164704371,
      "RIVN": 0.2293719370426901,
      "ROKU": 0.3981323388698856,
      "UPST": 0.7232202557863898
    },
    "CDNS": {
      "AMAT": 0.3572929393191101,
      "AMD": 0.30689087082251915,
      "AMZN": 0.23005484275249632,
      "AAPL": 0.12306738283337416,
      "ABNB": 0.38954974987921426,
      "AFRM": 0.34065794986592146,
      "CDNS": 1.0,
      "COST": -0.0977848268172334,
      "ELF": 0.09887655011712132,
      "GTLB": 0.2977803141153849,
      "HD": 0.10615336694180527,
      "HOOD": 0.3789862264067594,
      "LCID": 0.26328775107653396,
      "LULU": 0.32733310745902566,
      "MRVL": 0.33725345925158234,
      "SHOP": 0.4275569091033005,
      "NVDA": 0.4069736421152763,
      "NXPI": 0.3065591006676275,
      "PLTR": 0.3588854403409382,
      "RIVN": 0.24142317190959897,
      "ROKU": 0.2861972348180128,
      "UPST": 0.33154362208035115
    },
    "COST": {
      "AMAT": -0.11017315967560583,
      "AMD": -0.1148536577435537,
      "AMZN": -0.002688502444730328,
      "AAPL": 0.04801090006844193,
      "ABNB": 0.015303283475476784,
      "AFRM": -0.07414391780231967,
      "CDNS": -0.0977848268172334,
      "COST": 1.0,
      "ELF": 0.055416605120703476,
      "GTLB": -0.17762806914093593,
      "HD": 0.24251473155551403,
      "HOOD": -0.17085883393060447,
      "LCID": -0.04020604570974153,
      "LULU": -0.05891710058178161,
      "MRVL": -0.0682702687570504,
      "SHOP": -0.1380897872523491,
      "NVDA": -0.22384881946681653,
      "NXPI": -0.027695159310472096,
      "PLTR": -0.10157156023318599,
      "RIVN": -0.10964115841619854,
      "ROKU": -0.003957085138569898,
      "UPST": -0.058768409163342084
    },
    "ELF": {
      "AMAT": 0.20231661074548557,
      "AMD": 0.22552283496633968,
      "AMZN": 0.28567138051343943,
      "AAPL": 0.06044033063357716,
      "ABNB": 0.3144119185404236,
      "AFRM": 0.2993421651749157,
      "CDNS": 0.09887655011712133,
      "COST": 0.05541660512070347,
      "ELF": 0.9999999999999999,
      "GTLB": -0.025535544944003064,
      "HD": 0.32197858190359474,
      "HOOD": 0.29407938879309314,
      "LCID": 0.1630818981670736,
      "LULU": 0.2701561549142494,
      "MRVL": 0.09618107456574303,
      "SHOP": 0.22765113746606172,
      "NVDA": 0.1829863263271347,
      "NXPI": 0.0855586475267546,
      "PLTR": 0.18661568967737854,
      "RIVN": 0.21103042924085263,
      "ROKU": 0.15080295434185345,
      "UPST": 0.31946282377421004
    },
    "GTLB": {
      "AMAT": -0.12616637178413237,
      "AMD": 0.06015898105989592,
      "AMZN": 0.1299324907304423,
      "AAPL": 0.11373042639778316,
      "ABNB": 0.3025939496209277,
      "AFRM": 0.2589443052566048,
      "CDNS": 0.2977803141153849,
      "COST": -0.17762806914093593,
      "ELF": -0.025535544944003064,
      "GTLB": 1.0,
      "HD": -0.11814990626684573,
      "HOOD": 0.2731656625918824,
      "LCID": 0.17317984899314587,
      "LULU": 0.23681995264599798,
      "MRVL": -0.07747788146538462,
      "SHOP": 0.42020771407278945,
      "NVDA": 0.11748184995285356,
      "NXPI": -0.04187323517339661,
      "PLTR": 0.41830169518511406,
      "RIVN": 0.08088338739910565,
      "ROKU": 0.2392121357332489,
      "UPST": 0.352300199010062
    },
    "HD": {
      "AMAT": 0.13927631706727778,
      "AMD": 0.07199362937483163,
      "AMZN": 0.28286174641045164,
      "AAPL": 0.1699432831631276,