{
  "timestamp": "2026-06-05T16:14:06Z",
  "total_pl": -1588.2675029999998,
  "total_pl_pct": -2.7584451917651807,
  "equity": 98411.4,
  "positions_count": 13
}