{
  "timestamp": "2026-06-08T13:06:41Z",
  "portfolio_value": 98375.61,
  "total_pl": -1624.370533,
  "total_pl_pct": -1.6243899999999996
}