{
  "timestamp": "2026-06-08T14:05:22.403480",
  "total_pl_pct": -3.083531468096336,
  "total_pl": -2007.5800330000002,
  "portfolio_value": 97992.4,
  "equity": 97992.4,
  "cash": 34893.46,
  "positions_count": 13
}