date,equity,position,daily_return,window,lookback_months
2022-01-03T00:00:00-05:00,1.000000,QQQ,0.009627,2022 bear,12
2022-01-04T00:00:00-05:00,0.987030,QQQ,-0.012970,2022 bear,12
2022-01-05T00:00:00-05:00,0.956707,QQQ,-0.030721,2022 bear,12
2022-01-06T00:00:00-05:00,0.956035,QQQ,-0.000702,2022 bear,12
2022-01-07T00:00:00-05:00,0.945678,QQQ,-0.010833,2022 bear,12
2022-01-10T00:00:00-05:00,0.946300,QQQ,0.000658,2022 bear,12
2022-01-11T00:00:00-05:00,0.960516,QQQ,0.015022,2022 bear,12
2022-01-12T00:00:00-05:00,0.964325,QQQ,0.003966,2022 bear,12
2022-01-13T00:00:00-05:00,0.940201,QQQ,-0.025016,2022 bear,12
2022-01-14T00:00:00-05:00,0.946052,QQQ,0.006223,2022 bear,12
2022-01-18T00:00:00-05:00,0.922500,QQQ,-0.024894,2022 bear,12
2022-01-19T00:00:00-05:00,0.912368,QQQ,-0.010984,2022 bear,12
2022-01-20T00:00:00-05:00,0.900518,QQQ,-0.012989,2022 bear,12
2022-01-21T00:00:00-05:00,0.875548,QQQ,-0.027729,2022 bear,12
2022-01-24T00:00:00-05:00,0.879556,QQQ,0.004578,2022 bear,12
2022-01-25T00:00:00-05:00,0.859167,QQQ,-0.023182,2022 bear,12
2022-01-26T00:00:00-05:00,0.857822,QQQ,-0.001565,2022 bear,12
2022-01-27T00:00:00-05:00,0.849183,QQQ,-0.010070,2022 bear,12
2022-01-28T00:00:00-05:00,0.875822,QQQ,0.031369,2022 bear,12
2022-01-31T00:00:00-05:00,0.903829,QQQ,0.031978,2022 bear,12
2022-02-01T00:00:00-05:00,0.909978,QQQ,0.006803,2022 bear,12
2022-02-02T00:00:00-05:00,0.917372,QQQ,0.008126,2022 bear,12
2022-02-03T00:00:00-05:00,0.880178,QQQ,-0.040544,2022 bear,12
2022-02-04T00:00:00-05:00,0.891282,QQQ,0.012615,2022 bear,12
2022-02-07T00:00:00-05:00,0.884112,QQQ,-0.008045,2022 bear,12
2022-02-08T00:00:00-05:00,0.894045,QQQ,0.011236,2022 bear,12
2022-02-09T00:00:00-05:00,0.912990,QQQ,0.021190,2022 bear,12
2022-02-10T00:00:00-05:00,0.892327,QQQ,-0.022632,2022 bear,12
2022-02-11T00:00:00-05:00,0.864021,QQQ,-0.031722,2022 bear,12
2022-02-14T00:00:00-05:00,0.865092,QQQ,0.001239,2022 bear,12
2022-02-15T00:00:00-05:00,0.886601,QQQ,0.024864,2022 bear,12
2022-02-16T00:00:00-05:00,0.886377,QQQ,-0.000253,2022 bear,12
2022-02-17T00:00:00-05:00,0.860013,QQQ,-0.029744,2022 bear,12
2022-02-18T00:00:00-05:00,0.850204,QQQ,-0.011405,2022 bear,12
2022-02-22T00:00:00-05:00,0.841665,QQQ,-0.010044,2022 bear,12
2022-02-23T00:00:00-05:00,0.820106,QQQ,-0.025615,2022 bear,12
2022-02-24T00:00:00-05:00,0.847665,QQQ,0.033604,2022 bear,12
2022-02-25T00:00:00-05:00,0.860810,QQQ,0.015507,2022 bear,12
2022-02-28T00:00:00-05:00,0.863374,QQQ,0.002979,2022 bear,12
2022-03-01T00:00:00-05:00,0.850154,QQQ,-0.015311,2022 bear,12
2022-03-02T00:00:00-05:00,0.864419,QQQ,0.016779,2022 bear,12
2022-03-03T00:00:00-05:00,0.852071,QQQ,-0.014285,2022 bear,12
2022-03-04T00:00:00-05:00,0.839723,QQQ,-0.014492,2022 bear,12
2022-03-07T00:00:00-05:00,0.808753,QQQ,-0.036882,2022 bear,12
2022-03-08T00:00:00-05:00,0.804994,QQQ,-0.004648,2022 bear,12
2022-03-09T00:00:00-05:00,0.833972,QQQ,0.035998,2022 bear,12
2022-03-10T00:00:00-05:00,0.824711,QQQ,-0.011105,2022 bear,12
2022-03-11T00:00:00-05:00,0.807608,QQQ,-0.020738,2022 bear,12
2022-03-14T00:00:00-04:00,0.792098,QQQ,-0.019205,2022 bear,12
2022-03-15T00:00:00-04:00,0.816944,QQQ,0.031367,2022 bear,12
2022-03-16T00:00:00-04:00,0.847242,QQQ,0.037087,2022 bear,12
2022-03-17T00:00:00-04:00,0.857498,QQQ,0.012106,2022 bear,12
2022-03-18T00:00:00-04:00,0.875050,QQQ,0.020468,2022 bear,12
2022-03-21T00:00:00-04:00,0.872617,QQQ,-0.002780,2022 bear,12
2022-03-22T00:00:00-04:00,0.889766,QQQ,0.019652,2022 bear,12
2022-03-23T00:00:00-04:00,0.876979,QQQ,-0.014371,2022 bear,12
2022-03-24T00:00:00-04:00,0.896471,QQQ,0.022227,2022 bear,12
2022-03-25T00:00:00-04:00,0.895724,QQQ,-0.000834,2022 bear,12
2022-03-28T00:00:00-04:00,0.909582,QQQ,0.015472,2022 bear,12
2022-03-29T00:00:00-04:00,0.925236,QQQ,0.017210,2022 bear,12
2022-03-30T00:00:00-04:00,0.915016,QQQ,-0.011046,2022 bear,12
2022-03-31T00:00:00-04:00,0.903675,QQQ,-0.012395,2022 bear,12
2022-04-01T00:00:00-04:00,0.901955,QQQ,-0.001903,2022 bear,12
2022-04-04T00:00:00-04:00,0.920525,QQQ,0.020589,2022 bear,12
2022-04-05T00:00:00-04:00,0.900086,QQQ,-0.022204,2022 bear,12
2022-04-06T00:00:00-04:00,0.880544,QQQ,-0.021712,2022 bear,12
2022-04-07T00:00:00-04:00,0.882637,QQQ,0.002378,2022 bear,12
2022-04-08T00:00:00-04:00,0.870299,QQQ,-0.013979,2022 bear,12
2022-04-11T00:00:00-04:00,0.849710,QQQ,-0.023657,2022 bear,12
2022-04-12T00:00:00-04:00,0.846121,QQQ,-0.004224,2022 bear,12
2022-04-13T00:00:00-04:00,0.863319,QQQ,0.020327,2022 bear,12
2022-04-14T00:00:00-04:00,0.843578,QQQ,-0.022867,2022 bear,12
2022-04-18T00:00:00-04:00,0.844226,QQQ,0.000768,2022 bear,12
2022-04-19T00:00:00-04:00,0.863095,QQQ,0.022351,2022 bear,12
2022-04-20T00:00:00-04:00,0.850507,QQQ,-0.014585,2022 bear,12
2022-04-21T00:00:00-04:00,0.832910,QQQ,-0.020691,2022 bear,12
2022-04-22T00:00:00-04:00,0.811099,QQQ,-0.026186,2022 bear,12
2022-04-25T00:00:00-04:00,0.821518,QQQ,0.012846,2022 bear,12
2022-04-26T00:00:00-04:00,0.790510,QQQ,-0.037745,2022 bear,12
2022-04-27T00:00:00-04:00,0.789563,QQQ,-0.001198,2022 bear,12
2022-04-28T00:00:00-04:00,0.817605,QQQ,0.035516,2022 bear,12
2022-04-29T00:00:00-04:00,0.780814,QQQ,-0.044999,2022 bear,12
2022-05-02T00:00:00-04:00,0.765571,GLD,-0.018540,2022 bear,12
2022-05-03T00:00:00-04:00,0.767599,GLD,0.002649,2022 bear,12
2022-05-04T00:00:00-04:00,0.775139,GLD,0.009823,2022 bear,12
2022-05-05T00:00:00-04:00,0.772185,GLD,-0.003811,2022 bear,12
2022-05-06T00:00:00-04:00,0.773463,GLD,0.001656,2022 bear,12
2022-05-09T00:00:00-04:00,0.762264,GLD,-0.014479,2022 bear,12
2022-05-10T00:00:00-04:00,0.755826,GLD,-0.008445,2022 bear,12
2022-05-11T00:00:00-04:00,0.761999,GLD,0.008167,2022 bear,12
2022-05-12T00:00:00-04:00,0.750315,GLD,-0.015334,2022 bear,12
2022-05-13T00:00:00-04:00,0.744230,GLD,-0.008110,2022 bear,12
2022-05-16T00:00:00-04:00,0.751329,GLD,0.009538,2022 bear,12
2022-05-17T00:00:00-04:00,0.746611,GLD,-0.006279,2022 bear,12
2022-05-18T00:00:00-04:00,0.747008,GLD,0.000531,2022 bear,12
2022-05-19T00:00:00-04:00,0.757987,GLD,0.014697,2022 bear,12
2022-05-20T00:00:00-04:00,0.758516,GLD,0.000698,2022 bear,12
2022-05-23T00:00:00-04:00,0.762043,GLD,0.004650,2022 bear,12
2022-05-24T00:00:00-04:00,0.767775,GLD,0.007522,2022 bear,12
2022-05-25T00:00:00-04:00,0.763146,GLD,-0.006030,2022 bear,12
2022-05-26T00:00:00-04:00,0.761735,GLD,-0.001849,2022 bear,12
2022-05-27T00:00:00-04:00,0.762132,GLD,0.000521,2022 bear,12
2022-05-31T00:00:00-04:00,0.754592,GLD,-0.009893,2022 bear,12
2022-06-01T00:00:00-04:00,0.752434,SHY,-0.001861,2022 bear,12
2022-06-02T00:00:00-04:00,0.752615,SHY,0.000241,2022 bear,12
2022-06-03T00:00:00-04:00,0.752344,SHY,-0.000361,2022 bear,12
2022-06-06T00:00:00-04:00,0.751348,SHY,-0.001324,2022 bear,12
2022-06-07T00:00:00-04:00,0.751439,SHY,0.000121,2022 bear,12
2022-06-08T00:00:00-04:00,0.750896,SHY,-0.000723,2022 bear,12
2022-06-09T00:00:00-04:00,0.750352,SHY,-0.000723,2022 bear,12
2022-06-10T00:00:00-04:00,0.747184,SHY,-0.004222,2022 bear,12
2022-06-13T00:00:00-04:00,0.743383,SHY,-0.005088,2022 bear,12
2022-06-14T00:00:00-04:00,0.741935,SHY,-0.001948,2022 bear,12
2022-06-15T00:00:00-04:00,0.744831,SHY,0.003904,2022 bear,12
2022-06-16T00:00:00-04:00,0.745827,SHY,0.001337,2022 bear,12
2022-06-17T00:00:00-04:00,0.745646,SHY,-0.000243,2022 bear,12
2022-06-21T00:00:00-04:00,0.745374,SHY,-0.000364,2022 bear,12
2022-06-22T00:00:00-04:00,0.747546,SHY,0.002914,2022 bear,12
2022-06-23T00:00:00-04:00,0.748180,SHY,0.000848,2022 bear,12
2022-06-24T00:00:00-04:00,0.747999,SHY,-0.000242,2022 bear,12
2022-06-27T00:00:00-04:00,0.747184,SHY,-0.001089,2022 bear,12
2022-06-28T00:00:00-04:00,0.747003,SHY,-0.000242,2022 bear,12
2022-06-29T00:00:00-04:00,0.747909,SHY,0.001212,2022 bear,12
2022-06-30T00:00:00-04:00,0.749357,SHY,0.001936,2022 bear,12
2022-07-01T00:00:00-04:00,0.747985,GLD,-0.000831,2022 bear,12
2022-07-05T00:00:00-04:00,0.732121,GLD,-0.021210,2022 bear,12
2022-07-06T00:00:00-04:00,0.720522,GLD,-0.015842,2022 bear,12
2022-07-07T00:00:00-04:00,0.720922,GLD,0.000555,2022 bear,12
2022-07-08T00:00:00-04:00,0.721233,GLD,0.000432,2022 bear,12
2022-07-11T00:00:00-04:00,0.717367,GLD,-0.005361,2022 bear,12
2022-07-12T00:00:00-04:00,0.714701,GLD,-0.003717,2022 bear,12
2022-07-13T00:00:00-04:00,0.718123,GLD,0.004788,2022 bear,12
2022-07-14T00:00:00-04:00,0.708035,GLD,-0.014047,2022 bear,12
2022-07-15T00:00:00-04:00,0.706613,GLD,-0.002008,2022 bear,12
2022-07-18T00:00:00-04:00,0.707280,GLD,0.000943,2022 bear,12
2022-07-19T00:00:00-04:00,0.708968,GLD,0.002387,2022 bear,12
2022-07-20T00:00:00-04:00,0.702302,GLD,-0.009402,2022 bear,12
2022-07-21T00:00:00-04:00,0.712212,GLD,0.014110,2022 bear,12
2022-07-22T00:00:00-04:00,0.713990,GLD,0.002496,2022 bear,12
2022-07-25T00:00:00-04:00,0.712034,GLD,-0.002739,2022 bear,12
2022-07-26T00:00:00-04:00,0.711190,GLD,-0.001186,2022 bear,12
2022-07-27T00:00:00-04:00,0.718434,GLD,0.010185,2022 bear,12
2022-07-28T00:00:00-04:00,0.727188,GLD,0.012185,2022 bear,12
2022-07-29T00:00:00-04:00,0.729232,GLD,0.002811,2022 bear,12
2022-08-01T00:00:00-04:00,0.733365,GLD,0.005667,2022 bear,12
2022-08-02T00:00:00-04:00,0.729010,GLD,-0.005938,2022 bear,12
2022-08-03T00:00:00-04:00,0.730787,GLD,0.002438,2022 bear,12
2022-08-04T00:00:00-04:00,0.742875,GLD,0.016540,2022 bear,12
2022-08-05T00:00:00-04:00,0.734520,GLD,-0.011246,2022 bear,12
2022-08-08T00:00:00-04:00,0.740742,GLD,0.008470,2022 bear,12
2022-08-09T00:00:00-04:00,0.743008,GLD,0.003060,2022 bear,12
2022-08-10T00:00:00-04:00,0.741142,GLD,-0.002512,2022 bear,12
2022-08-11T00:00:00-04:00,0.739186,GLD,-0.002638,2022 bear,12
2022-08-12T00:00:00-04:00,0.745985,GLD,0.009198,2022 bear,12
2022-08-15T00:00:00-04:00,0.736387,GLD,-0.012867,2022 bear,12
2022-08-16T00:00:00-04:00,0.735098,GLD,-0.001750,2022 bear,12
2022-08-17T00:00:00-04:00,0.730343,GLD,-0.006468,2022 bear,12
2022-08-18T00:00:00-04:00,0.728432,GLD,-0.002616,2022 bear,12
2022-08-19T00:00:00-04:00,0.723100,GLD,-0.007321,2022 bear,12
2022-08-22T00:00:00-04:00,0.718300,GLD,-0.006637,2022 bear,12
2022-08-23T00:00:00-04:00,0.723322,GLD,0.006991,2022 bear,12
2022-08-24T00:00:00-04:00,0.725455,GLD,0.002949,2022 bear,12
2022-08-25T00:00:00-04:00,0.727677,GLD,0.003063,2022 bear,12
2022-08-26T00:00:00-04:00,0.718833,GLD,-0.012153,2022 bear,12
2022-08-29T00:00:00-04:00,0.719278,GLD,0.000618,2022 bear,12
2022-08-30T00:00:00-04:00,0.713279,GLD,-0.008341,2022 bear,12
2022-08-31T00:00:00-04:00,0.707768,GLD,-0.007725,2022 bear,12
2022-09-01T00:00:00-04:00,0.706544,SHY,-0.000730,2022 bear,12
2022-09-02T00:00:00-04:00,0.708093,SHY,0.002192,2022 bear,12
2022-09-06T00:00:00-04:00,0.706544,SHY,-0.002187,2022 bear,12
2022-09-07T00:00:00-04:00,0.707577,SHY,0.001461,2022 bear,12
2022-09-08T00:00:00-04:00,0.706716,SHY,-0.001216,2022 bear,12
2022-09-09T00:00:00-04:00,0.706114,SHY,-0.000852,2022 bear,12
2022-09-12T00:00:00-04:00,0.706028,SHY,-0.000122,2022 bear,12
2022-09-13T00:00:00-04:00,0.703620,SHY,-0.003412,2022 bear,12
2022-09-14T00:00:00-04:00,0.703017,SHY,-0.000856,2022 bear,12
2022-09-15T00:00:00-04:00,0.702243,SHY,-0.001101,2022 bear,12
2022-09-16T00:00:00-04:00,0.702587,SHY,0.000490,2022 bear,12
2022-09-19T00:00:00-04:00,0.701813,SHY,-0.001102,2022 bear,12
2022-09-20T00:00:00-04:00,0.701469,SHY,-0.000490,2022 bear,12
2022-09-21T00:00:00-04:00,0.700867,SHY,-0.000859,2022 bear,12
2022-09-22T00:00:00-04:00,0.699576,SHY,-0.001841,2022 bear,12
2022-09-23T00:00:00-04:00,0.698716,SHY,-0.001230,2022 bear,12
2022-09-26T00:00:00-04:00,0.697167,SHY,-0.002216,2022 bear,12
2022-09-27T00:00:00-04:00,0.697167,SHY,0.000000,2022 bear,12
2022-09-28T00:00:00-04:00,0.700178,SHY,0.004319,2022 bear,12
2022-09-29T00:00:00-04:00,0.699232,SHY,-0.001352,2022 bear,12
2022-09-30T00:00:00-04:00,0.698630,SHY,-0.000861,2022 bear,12
2022-10-03T00:00:00-04:00,0.714898,GLD,0.024310,2022 bear,12
2022-10-04T00:00:00-04:00,0.725141,GLD,0.014328,2022 bear,12
2022-10-05T00:00:00-04:00,0.721125,GLD,-0.005538,2022 bear,12
2022-10-06T00:00:00-04:00,0.720313,GLD,-0.001126,2022 bear,12
2022-10-07T00:00:00-04:00,0.712416,GLD,-0.010963,2022 bear,12
2022-10-10T00:00:00-04:00,0.701586,GLD,-0.015201,2022 bear,12
2022-10-11T00:00:00-04:00,0.700142,GLD,-0.002058,2022 bear,12
2022-10-12T00:00:00-04:00,0.703888,GLD,0.005349,2022 bear,12
2022-10-13T00:00:00-04:00,0.699014,GLD,-0.006924,2022 bear,12
2022-10-14T00:00:00-04:00,0.690305,GLD,-0.012459,2022 bear,12
2022-10-17T00:00:00-04:00,0.692291,GLD,0.002876,2022 bear,12
2022-10-18T00:00:00-04:00,0.693780,GLD,0.002151,2022 bear,12
2022-10-19T00:00:00-04:00,0.684484,GLD,-0.013398,2022 bear,12
2022-10-20T00:00:00-04:00,0.683401,GLD,-0.001582,2022 bear,12
2022-10-21T00:00:00-04:00,0.695585,GLD,0.017828,2022 bear,12
2022-10-24T00:00:00-04:00,0.693329,GLD,-0.003244,2022 bear,12
2022-10-25T00:00:00-04:00,0.694908,GLD,0.002278,2022 bear,12
2022-10-26T00:00:00-04:00,0.699330,GLD,0.006364,2022 bear,12
2022-10-27T00:00:00-04:00,0.698247,GLD,-0.001549,2022 bear,12
2022-10-28T00:00:00-04:00,0.691118,GLD,-0.010211,2022 bear,12
2022-10-31T00:00:00-04:00,0.685477,GLD,-0.008161,2022 bear,12
2022-11-01T00:00:00-04:00,0.684122,SHY,-0.000977,2022 bear,12
2022-11-02T00:00:00-04:00,0.683784,SHY,-0.000495,2022 bear,12
2022-11-03T00:00:00-04:00,0.682513,SHY,-0.001858,2022 bear,12
2022-11-04T00:00:00-04:00,0.683276,SHY,0.001117,2022 bear,12
2022-11-07T00:00:00-05:00,0.682683,SHY,-0.000867,2022 bear,12
2022-11-08T00:00:00-05:00,0.683360,SHY,0.000992,2022 bear,12
2022-11-09T00:00:00-05:00,0.684462,SHY,0.001612,2022 bear,12
2022-11-10T00:00:00-05:00,0.688188,SHY,0.005444,2022 bear,12
2022-11-11T00:00:00-05:00,0.688018,SHY,-0.000246,2022 bear,12
2022-11-14T00:00:00-05:00,0.687426,SHY,-0.000862,2022 bear,12
2022-11-15T00:00:00-05:00,0.688103,SHY,0.000986,2022 bear,12
2022-11-16T00:00:00-05:00,0.688188,SHY,0.000123,2022 bear,12
2022-11-17T00:00:00-05:00,0.687341,SHY,-0.001230,2022 bear,12
2022-11-18T00:00:00-05:00,0.686579,SHY,-0.001109,2022 bear,12
2022-11-21T00:00:00-05:00,0.686409,SHY,-0.000247,2022 bear,12
2022-11-22T00:00:00-05:00,0.686917,SHY,0.000740,2022 bear,12
2022-11-23T00:00:00-05:00,0.687510,SHY,0.000863,2022 bear,12
2022-11-25T00:00:00-05:00,0.687595,SHY,0.000124,2022 bear,12
2022-11-28T00:00:00-05:00,0.687764,SHY,0.000246,2022 bear,12
2022-11-29T00:00:00-05:00,0.687510,SHY,-0.000370,2022 bear,12
2022-11-30T00:00:00-05:00,0.689542,SHY,0.002956,2022 bear,12
2022-12-01T00:00:00-05:00,0.701517,GLD,0.018385,2022 bear,12
2022-12-02T00:00:00-05:00,0.699093,GLD,-0.003456,2022 bear,12
2022-12-05T00:00:00-05:00,0.687097,GLD,-0.017159,2022 bear,12
2022-12-06T00:00:00-05:00,0.688978,GLD,0.002737,2022 bear,12
2022-12-07T00:00:00-05:00,0.695206,GLD,0.009039,2022 bear,12
2022-12-08T00:00:00-05:00,0.695791,GLD,0.000842,2022 bear,12
2022-12-09T00:00:00-05:00,0.698257,GLD,0.003544,2022 bear,12
2022-12-12T00:00:00-05:00,0.692489,GLD,-0.008261,2022 bear,12
2022-12-13T00:00:00-05:00,0.704318,GLD,0.017081,2022 bear,12
2022-12-14T00:00:00-05:00,0.702604,GLD,-0.002433,2022 bear,12
2022-12-15T00:00:00-05:00,0.691110,GLD,-0.016359,2022 bear,12
2022-12-16T00:00:00-05:00,0.697129,GLD,0.008709,2022 bear,12
2022-12-19T00:00:00-05:00,0.695164,GLD,-0.002818,2022 bear,12
2022-12-20T00:00:00-05:00,0.706700,GLD,0.016594,2022 bear,12
2022-12-21T00:00:00-05:00,0.705530,GLD,-0.001656,2022 bear,12
2022-12-22T00:00:00-05:00,0.697003,GLD,-0.012085,2022 bear,12
2022-12-23T00:00:00-05:00,0.699093,GLD,0.002998,2022 bear,12
2022-12-27T00:00:00-05:00,0.704987,GLD,0.008430,2022 bear,12
2022-12-28T00:00:00-05:00,0.701810,GLD,-0.004506,2022 bear,12
2022-12-29T00:00:00-05:00,0.705739,GLD,0.005598,2022 bear,12
2022-12-30T00:00:00-05:00,0.709041,GLD,0.004679,2022 bear,12
2022-01-03T00:00:00-05:00,1.000000,QQQ,0.009627,2022 bear,6
2022-01-04T00:00:00-05:00,0.987030,QQQ,-0.012970,2022 bear,6
2022-01-05T00:00:00-05:00,0.956707,QQQ,-0.030721,2022 bear,6
2022-01-06T00:00:00-05:00,0.956035,QQQ,-0.000702,2022 bear,6
2022-01-07T00:00:00-05:00,0.945678,QQQ,-0.010833,2022 bear,6
2022-01-10T00:00:00-05:00,0.946300,QQQ,0.000658,2022 bear,6
2022-01-11T00:00:00-05:00,0.960516,QQQ,0.015022,2022 bear,6
2022-01-12T00:00:00-05:00,0.964325,QQQ,0.003966,2022 bear,6
2022-01-13T00:00:00-05:00,0.940201,QQQ,-0.025016,2022 bear,6
2022-01-14T00:00:00-05:00,0.946052,QQQ,0.006223,2022 bear,6
2022-01-18T00:00:00-05:00,0.922500,QQQ,-0.024894,2022 bear,6
2022-01-19T00:00:00-05:00,0.912368,QQQ,-0.010984,2022 bear,6
2022-01-20T00:00:00-05:00,0.900518,QQQ,-0.012989,2022 bear,6
2022-01-21T00:00:00-05:00,0.875548,QQQ,-0.027729,2022 bear,6
2022-01-24T00:00:00-05:00,0.879556,QQQ,0.004578,2022 bear,6
2022-01-25T00:00:00-05:00,0.859167,QQQ,-0.023182,2022 bear,6
2022-01-26T00:00:00-05:00,0.857822,QQQ,-0.001565,2022 bear,6
2022-01-27T00:00:00-05:00,0.849183,QQQ,-0.010070,2022 bear,6
2022-01-28T00:00:00-05:00,0.875822,QQQ,0.031369,2022 bear,6
2022-01-31T00:00:00-05:00,0.903829,QQQ,0.031978,2022 bear,6
2022-02-01T00:00:00-05:00,0.909978,QQQ,0.006803,2022 bear,6
2022-02-02T00:00:00-05:00,0.917372,QQQ,0.008126,2022 bear,6
2022-02-03T00:00:00-05:00,0.880178,QQQ,-0.040544,2022 bear,6
2022-02-04T00:00:00-05:00,0.891282,QQQ,0.012615,2022 bear,6
2022-02-07T00:00:00-05:00,0.884112,QQQ,-0.008045,2022 bear,6
2022-02-08T00:00:00-05:00,0.894045,QQQ,0.011236,2022 bear,6
2022-02-09T00:00:00-05:00,0.912990,QQQ,0.021190,2022 bear,6
2022-02-10T00:00:00-05:00,0.892327,QQQ,-0.022632,2022 bear,6
2022-02-11T00:00:00-05:00,0.864021,QQQ,-0.031722,2022 bear,6
2022-02-14T00:00:00-05:00,0.865092,QQQ,0.001239,2022 bear,6
2022-02-15T00:00:00-05:00,0.886601,QQQ,0.024864,2022 bear,6
2022-02-16T00:00:00-05:00,0.886377,QQQ,-0.000253,2022 bear,6
2022-02-17T00:00:00-05:00,0.860013,QQQ,-0.029744,2022 bear,6
2022-02-18T00:00:00-05:00,0.850204,QQQ,-0.011405,2022 bear,6
2022-02-22T00:00:00-05:00,0.841665,QQQ,-0.010044,2022 bear,6
2022-02-23T00:00:00-05:00,0.820106,QQQ,-0.025615,2022 bear,6
2022-02-24T00:00:00-05:00,0.847665,QQQ,0.033604,2022 bear,6
2022-02-25T00:00:00-05:00,0.860810,QQQ,0.015507,2022 bear,6
2022-02-28T00:00:00-05:00,0.863374,QQQ,0.002979,2022 bear,6
2022-03-01T00:00:00-05:00,0.878176,GLD,0.018163,2022 bear,6
2022-03-02T00:00:00-05:00,0.869038,GLD,-0.010406,2022 bear,6
2022-03-03T00:00:00-05:00,0.874212,GLD,0.005953,2022 bear,6
2022-03-04T00:00:00-05:00,0.888137,GLD,0.015929,2022 bear,6
2022-03-07T00:00:00-05:00,0.901337,GLD,0.014863,2022 bear,6
2022-03-08T00:00:00-05:00,0.925997,GLD,0.027359,2022 bear,6
2022-03-09T00:00:00-05:00,0.898485,GLD,-0.029711,2022 bear,6
2022-03-10T00:00:00-05:00,0.901289,GLD,0.003121,2022 bear,6
2022-03-11T00:00:00-05:00,0.894955,GLD,-0.007028,2022 bear,6
2022-03-14T00:00:00-04:00,0.881464,GLD,-0.015074,2022 bear,6
2022-03-15T00:00:00-04:00,0.864976,GLD,-0.018705,2022 bear,6
2022-03-16T00:00:00-04:00,0.870392,GLD,0.006261,2022 bear,6
2022-03-17T00:00:00-04:00,0.874647,GLD,0.004889,2022 bear,6
2022-03-18T00:00:00-04:00,0.866959,GLD,-0.008790,2022 bear,6
2022-03-21T00:00:00-04:00,0.873583,GLD,0.007641,2022 bear,6
2022-03-22T00:00:00-04:00,0.867249,GLD,-0.007251,2022 bear,6
2022-03-23T00:00:00-04:00,0.879095,GLD,0.013660,2022 bear,6
2022-03-24T00:00:00-04:00,0.885478,GLD,0.007260,2022 bear,6
2022-03-25T00:00:00-04:00,0.881851,GLD,-0.004095,2022 bear,6
2022-03-28T00:00:00-04:00,0.865798,GLD,-0.018204,2022 bear,6
2022-03-29T00:00:00-04:00,0.866185,GLD,0.000447,2022 bear,6
2022-03-30T00:00:00-04:00,0.873148,GLD,0.008038,2022 bear,6
2022-03-31T00:00:00-04:00,0.873486,GLD,0.000388,2022 bear,6
2022-04-01T00:00:00-04:00,0.867926,GLD,-0.006366,2022 bear,6
2022-04-04T00:00:00-04:00,0.872132,GLD,0.004847,2022 bear,6
2022-04-05T00:00:00-04:00,0.866669,GLD,-0.006265,2022 bear,6
2022-04-06T00:00:00-04:00,0.868699,GLD,0.002343,2022 bear,6
2022-04-07T00:00:00-04:00,0.871987,GLD,0.003785,2022 bear,6
2022-04-08T00:00:00-04:00,0.877451,GLD,0.006266,2022 bear,6
2022-04-11T00:00:00-04:00,0.881803,GLD,0.004959,2022 bear,6
2022-04-12T00:00:00-04:00,0.888572,GLD,0.007677,2022 bear,6
2022-04-13T00:00:00-04:00,0.892827,GLD,0.004789,2022 bear,6
2022-04-14T00:00:00-04:00,0.889878,GLD,-0.003304,2022 bear,6
2022-04-18T00:00:00-04:00,0.892634,GLD,0.003097,2022 bear,6
2022-04-19T00:00:00-04:00,0.879144,GLD,-0.015113,2022 bear,6
2022-04-20T00:00:00-04:00,0.883447,GLD,0.004895,2022 bear,6
2022-04-21T00:00:00-04:00,0.880304,GLD,-0.003558,2022 bear,6
2022-04-22T00:00:00-04:00,0.871746,GLD,-0.009722,2022 bear,6
2022-04-25T00:00:00-04:00,0.856079,GLD,-0.017971,2022 bear,6
2022-04-26T00:00:00-04:00,0.857385,GLD,0.001525,2022 bear,6
2022-04-27T00:00:00-04:00,0.850906,GLD,-0.007557,2022 bear,6
2022-04-28T00:00:00-04:00,0.855499,GLD,0.005398,2022 bear,6
2022-04-29T00:00:00-04:00,0.855402,GLD,-0.000113,2022 bear,6
2022-05-02T00:00:00-04:00,0.839543,GLD,-0.018540,2022 bear,6
2022-05-03T00:00:00-04:00,0.841767,GLD,0.002649,2022 bear,6
2022-05-04T00:00:00-04:00,0.850035,GLD,0.009823,2022 bear,6
2022-05-05T00:00:00-04:00,0.846796,GLD,-0.003811,2022 bear,6
2022-05-06T00:00:00-04:00,0.848198,GLD,0.001656,2022 bear,6
2022-05-09T00:00:00-04:00,0.835916,GLD,-0.014479,2022 bear,6
2022-05-10T00:00:00-04:00,0.828857,GLD,-0.008445,2022 bear,6
2022-05-11T00:00:00-04:00,0.835626,GLD,0.008167,2022 bear,6
2022-05-12T00:00:00-04:00,0.822813,GLD,-0.015334,2022 bear,6
2022-05-13T00:00:00-04:00,0.816140,GLD,-0.008110,2022 bear,6
2022-05-16T00:00:00-04:00,0.823925,GLD,0.009538,2022 bear,6
2022-05-17T00:00:00-04:00,0.818751,GLD,-0.006279,2022 bear,6
2022-05-18T00:00:00-04:00,0.819187,GLD,0.000531,2022 bear,6
2022-05-19T00:00:00-04:00,0.831226,GLD,0.014697,2022 bear,6
2022-05-20T00:00:00-04:00,0.831806,GLD,0.000698,2022 bear,6
2022-05-23T00:00:00-04:00,0.835675,GLD,0.004650,2022 bear,6
2022-05-24T00:00:00-04:00,0.841961,GLD,0.007522,2022 bear,6
2022-05-25T00:00:00-04:00,0.836884,GLD,-0.006030,2022 bear,6
2022-05-26T00:00:00-04:00,0.835336,GLD,-0.001849,2022 bear,6
2022-05-27T00:00:00-04:00,0.835771,GLD,0.000521,2022 bear,6
2022-05-31T00:00:00-04:00,0.827503,GLD,-0.009893,2022 bear,6
2022-06-01T00:00:00-04:00,0.832774,GLD,0.006369,2022 bear,6
2022-06-02T00:00:00-04:00,0.843024,GLD,0.012309,2022 bear,6
2022-06-03T00:00:00-04:00,0.834466,GLD,-0.010152,2022 bear,6
2022-06-06T00:00:00-04:00,0.830791,GLD,-0.004404,2022 bear,6
2022-06-07T00:00:00-04:00,0.836207,GLD,0.006518,2022 bear,6
2022-06-08T00:00:00-04:00,0.835433,GLD,-0.000925,2022 bear,6
2022-06-09T00:00:00-04:00,0.832774,GLD,-0.003183,2022 bear,6
2022-06-10T00:00:00-04:00,0.843943,GLD,0.013412,2022 bear,6
2022-06-13T00:00:00-04:00,0.821652,GLD,-0.026412,2022 bear,6
2022-06-14T00:00:00-04:00,0.815077,GLD,-0.008003,2022 bear,6
2022-06-15T00:00:00-04:00,0.825714,GLD,0.013051,2022 bear,6
2022-06-16T00:00:00-04:00,0.834998,GLD,0.011243,2022 bear,6
2022-06-17T00:00:00-04:00,0.828132,GLD,-0.008223,2022 bear,6
2022-06-21T00:00:00-04:00,0.825037,GLD,-0.003737,2022 bear,6
2022-06-22T00:00:00-04:00,0.828325,GLD,0.003985,2022 bear,6
2022-06-23T00:00:00-04:00,0.823248,GLD,-0.006129,2022 bear,6
2022-06-24T00:00:00-04:00,0.822426,GLD,-0.000998,2022 bear,6
2022-06-27T00:00:00-04:00,0.821507,GLD,-0.001117,2022 bear,6
2022-06-28T00:00:00-04:00,0.820154,GLD,-0.001648,2022 bear,6
2022-06-29T00:00:00-04:00,0.819525,GLD,-0.000766,2022 bear,6
2022-06-30T00:00:00-04:00,0.814545,GLD,-0.006077,2022 bear,6
2022-07-01T00:00:00-04:00,0.813868,GLD,-0.000831,2022 bear,6
2022-07-05T00:00:00-04:00,0.796606,GLD,-0.021210,2022 bear,6
2022-07-06T00:00:00-04:00,0.783986,GLD,-0.015842,2022 bear,6
2022-07-07T00:00:00-04:00,0.784421,GLD,0.000555,2022 bear,6
2022-07-08T00:00:00-04:00,0.784760,GLD,0.000432,2022 bear,6
2022-07-11T00:00:00-04:00,0.780553,GLD,-0.005361,2022 bear,6
2022-07-12T00:00:00-04:00,0.777652,GLD,-0.003717,2022 bear,6
2022-07-13T00:00:00-04:00,0.781375,GLD,0.004788,2022 bear,6
2022-07-14T00:00:00-04:00,0.770399,GLD,-0.014047,2022 bear,6
2022-07-15T00:00:00-04:00,0.768852,GLD,-0.002008,2022 bear,6
2022-07-18T00:00:00-04:00,0.769577,GLD,0.000943,2022 bear,6
2022-07-19T00:00:00-04:00,0.771414,GLD,0.002387,2022 bear,6
2022-07-20T00:00:00-04:00,0.764161,GLD,-0.009402,2022 bear,6
2022-07-21T00:00:00-04:00,0.774944,GLD,0.014110,2022 bear,6
2022-07-22T00:00:00-04:00,0.776878,GLD,0.002496,2022 bear,6
2022-07-25T00:00:00-04:00,0.774751,GLD,-0.002739,2022 bear,6
2022-07-26T00:00:00-04:00,0.773832,GLD,-0.001186,2022 bear,6
2022-07-27T00:00:00-04:00,0.781713,GLD,0.010185,2022 bear,6
2022-07-28T00:00:00-04:00,0.791239,GLD,0.012185,2022 bear,6
2022-07-29T00:00:00-04:00,0.793463,GLD,0.002811,2022 bear,6
2022-08-01T00:00:00-04:00,0.797960,GLD,0.005667,2022 bear,6
2022-08-02T00:00:00-04:00,0.793221,GLD,-0.005938,2022 bear,6
2022-08-03T00:00:00-04:00,0.795155,GLD,0.002438,2022 bear,6
2022-08-04T00:00:00-04:00,0.808307,GLD,0.016540,2022 bear,6
2022-08-05T00:00:00-04:00,0.799217,GLD,-0.011246,2022 bear,6
2022-08-08T00:00:00-04:00,0.805986,GLD,0.008470,2022 bear,6
2022-08-09T00:00:00-04:00,0.808452,GLD,0.003060,2022 bear,6
2022-08-10T00:00:00-04:00,0.806421,GLD,-0.002512,2022 bear,6
2022-08-11T00:00:00-04:00,0.804294,GLD,-0.002638,2022 bear,6
2022-08-12T00:00:00-04:00,0.811692,GLD,0.009198,2022 bear,6
2022-08-15T00:00:00-04:00,0.801248,GLD,-0.012867,2022 bear,6
2022-08-16T00:00:00-04:00,0.799846,GLD,-0.001750,2022 bear,6
2022-08-17T00:00:00-04:00,0.794672,GLD,-0.006468,2022 bear,6
2022-08-18T00:00:00-04:00,0.792593,GLD,-0.002616,2022 bear,6
2022-08-19T00:00:00-04:00,0.786790,GLD,-0.007321,2022 bear,6
2022-08-22T00:00:00-04:00,0.781568,GLD,-0.006637,2022 bear,6
2022-08-23T00:00:00-04:00,0.787032,GLD,0.006991,2022 bear,6
2022-08-24T00:00:00-04:00,0.789353,GLD,0.002949,2022 bear,6
2022-08-25T00:00:00-04:00,0.791771,GLD,0.003063,2022 bear,6
2022-08-26T00:00:00-04:00,0.782149,GLD,-0.012153,2022 bear,6
2022-08-29T00:00:00-04:00,0.782632,GLD,0.000618,2022 bear,6
2022-08-30T00:00:00-04:00,0.776104,GLD,-0.008341,2022 bear,6
2022-08-31T00:00:00-04:00,0.770109,GLD,-0.007725,2022 bear,6
2022-09-01T00:00:00-04:00,0.768777,SHY,-0.000730,2022 bear,6
2022-09-02T00:00:00-04:00,0.770462,SHY,0.002192,2022 bear,6
2022-09-06T00:00:00-04:00,0.768777,SHY,-0.002187,2022 bear,6
2022-09-07T00:00:00-04:00,0.769900,SHY,0.001461,2022 bear,6
2022-09-08T00:00:00-04:00,0.768964,SHY,-0.001216,2022 bear,6
2022-09-09T00:00:00-04:00,0.768309,SHY,-0.000852,2022 bear,6
2022-09-12T00:00:00-04:00,0.768215,SHY,-0.000122,2022 bear,6
2022-09-13T00:00:00-04:00,0.765595,SHY,-0.003412,2022 bear,6
2022-09-14T00:00:00-04:00,0.764939,SHY,-0.000856,2022 bear,6
2022-09-15T00:00:00-04:00,0.764097,SHY,-0.001101,2022 bear,6
2022-09-16T00:00:00-04:00,0.764471,SHY,0.000490,2022 bear,6
2022-09-19T00:00:00-04:00,0.763629,SHY,-0.001102,2022 bear,6
2022-09-20T00:00:00-04:00,0.763254,SHY,-0.000490,2022 bear,6
2022-09-21T00:00:00-04:00,0.762599,SHY,-0.000859,2022 bear,6
2022-09-22T00:00:00-04:00,0.761195,SHY,-0.001841,2022 bear,6
2022-09-23T00:00:00-04:00,0.760259,SHY,-0.001230,2022 bear,6
2022-09-26T00:00:00-04:00,0.758574,SHY,-0.002216,2022 bear,6
2022-09-27T00:00:00-04:00,0.758574,SHY,0.000000,2022 bear,6
2022-09-28T00:00:00-04:00,0.761850,SHY,0.004319,2022 bear,6
2022-09-29T00:00:00-04:00,0.760821,SHY,-0.001352,2022 bear,6
2022-09-30T00:00:00-04:00,0.760166,SHY,-0.000861,2022 bear,6
2022-10-03T00:00:00-04:00,0.761834,SHY,0.002195,2022 bear,6
2022-10-04T00:00:00-04:00,0.762115,SHY,0.000369,2022 bear,6
2022-10-05T00:00:00-04:00,0.761365,SHY,-0.000984,2022 bear,6
2022-10-06T00:00:00-04:00,0.760428,SHY,-0.001230,2022 bear,6
2022-10-07T00:00:00-04:00,0.759490,SHY,-0.001233,2022 bear,6
2022-10-10T00:00:00-04:00,0.759209,SHY,-0.000370,2022 bear,6
2022-10-11T00:00:00-04:00,0.759584,SHY,0.000494,2022 bear,6
2022-10-12T00:00:00-04:00,0.760334,SHY,0.000987,2022 bear,6
2022-10-13T00:00:00-04:00,0.758084,SHY,-0.002959,2022 bear,6
2022-10-14T00:00:00-04:00,0.757710,SHY,-0.000494,2022 bear,6
2022-10-17T00:00:00-04:00,0.758553,SHY,0.001113,2022 bear,6
2022-10-18T00:00:00-04:00,0.758928,SHY,0.000494,2022 bear,6
2022-10-19T00:00:00-04:00,0.757522,SHY,-0.001852,2022 bear,6
2022-10-20T00:00:00-04:00,0.756679,SHY,-0.001114,2022 bear,6
2022-10-21T00:00:00-04:00,0.758647,SHY,0.002601,2022 bear,6
2022-10-24T00:00:00-04:00,0.758459,SHY,-0.000247,2022 bear,6
2022-10-25T00:00:00-04:00,0.759209,SHY,0.000989,2022 bear,6
2022-10-26T00:00:00-04:00,0.759865,SHY,0.000864,2022 bear,6
2022-10-27T00:00:00-04:00,0.761459,SHY,0.002097,2022 bear,6
2022-10-28T00:00:00-04:00,0.760334,SHY,-0.001477,2022 bear,6
2022-10-31T00:00:00-04:00,0.759209,SHY,-0.001479,2022 bear,6
2022-11-01T00:00:00-04:00,0.758467,SHY,-0.000977,2022 bear,6
2022-11-02T00:00:00-04:00,0.758092,SHY,-0.000495,2022 bear,6
2022-11-03T00:00:00-04:00,0.756684,SHY,-0.001858,2022 bear,6
2022-11-04T00:00:00-04:00,0.757528,SHY,0.001117,2022 bear,6
2022-11-07T00:00:00-05:00,0.756871,SHY,-0.000867,2022 bear,6
2022-11-08T00:00:00-05:00,0.757622,SHY,0.000992,2022 bear,6
2022-11-09T00:00:00-05:00,0.758843,SHY,0.001612,2022 bear,6
2022-11-10T00:00:00-05:00,0.762975,SHY,0.005444,2022 bear,6
2022-11-11T00:00:00-05:00,0.762787,SHY,-0.000246,2022 bear,6
2022-11-14T00:00:00-05:00,0.762130,SHY,-0.000862,2022 bear,6
2022-11-15T00:00:00-05:00,0.762881,SHY,0.000986,2022 bear,6
2022-11-16T00:00:00-05:00,0.762975,SHY,0.000123,2022 bear,6
2022-11-17T00:00:00-05:00,0.762036,SHY,-0.001230,2022 bear,6
2022-11-18T00:00:00-05:00,0.761190,SHY,-0.001109,2022 bear,6
2022-11-21T00:00:00-05:00,0.761003,SHY,-0.000247,2022 bear,6
2022-11-22T00:00:00-05:00,0.761566,SHY,0.000740,2022 bear,6
2022-11-23T00:00:00-05:00,0.762223,SHY,0.000863,2022 bear,6
2022-11-25T00:00:00-05:00,0.762317,SHY,0.000124,2022 bear,6
2022-11-28T00:00:00-05:00,0.762505,SHY,0.000246,2022 bear,6
2022-11-29T00:00:00-05:00,0.762223,SHY,-0.000370,2022 bear,6
2022-11-30T00:00:00-05:00,0.764476,SHY,0.002956,2022 bear,6
2022-12-01T00:00:00-05:00,0.766123,SHY,0.002154,2022 bear,6
2022-12-02T00:00:00-05:00,0.765935,SHY,-0.000246,2022 bear,6
2022-12-05T00:00:00-05:00,0.763771,SHY,-0.002826,2022 bear,6
2022-12-06T00:00:00-05:00,0.764618,SHY,0.001109,2022 bear,6
2022-12-07T00:00:00-05:00,0.766217,SHY,0.002092,2022 bear,6
2022-12-08T00:00:00-05:00,0.765465,SHY,-0.000982,2022 bear,6
2022-12-09T00:00:00-05:00,0.765088,SHY,-0.000492,2022 bear,6
2022-12-12T00:00:00-05:00,0.764618,SHY,-0.000615,2022 bear,6
2022-12-13T00:00:00-05:00,0.766876,SHY,0.002953,2022 bear,6
2022-12-14T00:00:00-05:00,0.766970,SHY,0.000122,2022 bear,6
2022-12-15T00:00:00-05:00,0.767074,SHY,0.000135,2022 bear,6
2022-12-16T00:00:00-05:00,0.767828,SHY,0.000983,2022 bear,6
2022-12-19T00:00:00-05:00,0.766885,SHY,-0.001228,2022 bear,6
2022-12-20T00:00:00-05:00,0.766885,SHY,0.000000,2022 bear,6
2022-12-21T00:00:00-05:00,0.767640,SHY,0.000984,2022 bear,6
2022-12-22T00:00:00-05:00,0.767168,SHY,-0.000614,2022 bear,6
2022-12-23T00:00:00-05:00,0.766791,SHY,-0.000492,2022 bear,6
2022-12-27T00:00:00-05:00,0.765754,SHY,-0.001353,2022 bear,6
2022-12-28T00:00:00-05:00,0.765754,SHY,0.000000,2022 bear,6
2022-12-29T00:00:00-05:00,0.766319,SHY,0.000739,2022 bear,6
2022-12-30T00:00:00-05:00,0.765376,SHY,-0.001230,2022 bear,6
2023-01-03T00:00:00-05:00,1.000000,GLD,0.008371,2023–Aug 2024,12
2023-01-04T00:00:00-05:00,1.009412,GLD,0.009412,2023–Aug 2024,12
2023-01-05T00:00:00-05:00,0.996843,GLD,-0.012451,2023–Aug 2024,12
2023-01-06T00:00:00-05:00,1.015492,GLD,0.018707,2023–Aug 2024,12
2023-01-09T00:00:00-05:00,1.017772,GLD,0.002245,2023–Aug 2024,12
2023-01-10T00:00:00-05:00,1.021513,GLD,0.003676,2023–Aug 2024,12
2023-01-11T00:00:00-05:00,1.020811,GLD,-0.000687,2023–Aug 2024,12
2023-01-12T00:00:00-05:00,1.032620,GLD,0.011568,2023–Aug 2024,12
2023-01-13T00:00:00-05:00,1.045013,GLD,0.012002,2023–Aug 2024,12
2023-01-17T00:00:00-05:00,1.038174,GLD,-0.006545,2023–Aug 2024,12
2023-01-18T00:00:00-05:00,1.035192,GLD,-0.002872,2023–Aug 2024,12
2023-01-19T00:00:00-05:00,1.051619,GLD,0.015869,2023–Aug 2024,12
2023-01-20T00:00:00-05:00,1.048112,GLD,-0.003335,2023–Aug 2024,12
2023-01-23T00:00:00-05:00,1.050099,GLD,0.001896,2023–Aug 2024,12
2023-01-24T00:00:00-05:00,1.053899,GLD,0.003619,2023–Aug 2024,12
2023-01-25T00:00:00-05:00,1.058751,GLD,0.004604,2023–Aug 2024,12
2023-01-26T00:00:00-05:00,1.049164,GLD,-0.009055,2023–Aug 2024,12
2023-01-27T00:00:00-05:00,1.047703,GLD,-0.001393,2023–Aug 2024,12
2023-01-30T00:00:00-05:00,1.045013,GLD,-0.002567,2023–Aug 2024,12
2023-01-31T00:00:00-05:00,1.048813,GLD,0.003636,2023–Aug 2024,12
2023-02-01T00:00:00-05:00,1.062025,GLD,0.012597,2023–Aug 2024,12
2023-02-02T00:00:00-05:00,1.039986,GLD,-0.020752,2023–Aug 2024,12
2023-02-03T00:00:00-05:00,1.014030,GLD,-0.024958,2023–Aug 2024,12
2023-02-06T00:00:00-05:00,1.016135,GLD,0.002075,2023–Aug 2024,12
2023-02-07T00:00:00-05:00,1.017070,GLD,0.000920,2023–Aug 2024,12
2023-02-08T00:00:00-05:00,1.019584,GLD,0.002472,2023–Aug 2024,12
2023-02-09T00:00:00-05:00,1.011516,GLD,-0.007912,2023–Aug 2024,12
2023-02-10T00:00:00-05:00,1.013446,GLD,0.001907,2023–Aug 2024,12
2023-02-13T00:00:00-05:00,1.008301,GLD,-0.005076,2023–Aug 2024,12
2023-02-14T00:00:00-05:00,1.009061,GLD,0.000754,2023–Aug 2024,12
2023-02-15T00:00:00-05:00,0.999006,GLD,-0.009965,2023–Aug 2024,12
2023-02-16T00:00:00-05:00,0.998188,GLD,-0.000819,2023–Aug 2024,12
2023-02-17T00:00:00-05:00,1.001169,GLD,0.002987,2023–Aug 2024,12
2023-02-21T00:00:00-05:00,0.997428,GLD,-0.003737,2023–Aug 2024,12
2023-02-22T00:00:00-05:00,0.991816,GLD,-0.005626,2023–Aug 2024,12
2023-02-23T00:00:00-05:00,0.991290,GLD,-0.000530,2023–Aug 2024,12
2023-02-24T00:00:00-05:00,0.984158,GLD,-0.007195,2023–Aug 2024,12
2023-02-27T00:00:00-05:00,0.988016,GLD,0.003920,2023–Aug 2024,12
2023-02-28T00:00:00-05:00,0.992517,GLD,0.004556,2023–Aug 2024,12
2023-03-01T00:00:00-05:00,0.989709,SHY,-0.001831,2023–Aug 2024,12
2023-03-02T00:00:00-05:00,0.990077,SHY,0.000372,2023–Aug 2024,12
2023-03-03T00:00:00-05:00,0.990690,SHY,0.000619,2023–Aug 2024,12
2023-03-06T00:00:00-05:00,0.990200,SHY,-0.000495,2023–Aug 2024,12
2023-03-07T00:00:00-05:00,0.988114,SHY,-0.002106,2023–Aug 2024,12
2023-03-08T00:00:00-05:00,0.987624,SHY,-0.000497,2023–Aug 2024,12
2023-03-09T00:00:00-05:00,0.990813,SHY,0.003230,2023–Aug 2024,12
2023-03-10T00:00:00-05:00,0.996211,SHY,0.005447,2023–Aug 2024,12
2023-03-13T00:00:00-04:00,1.006147,SHY,0.009974,2023–Aug 2024,12
2023-03-14T00:00:00-04:00,1.002344,SHY,-0.003779,2023–Aug 2024,12
2023-03-15T00:00:00-04:00,1.008232,SHY,0.005874,2023–Aug 2024,12
2023-03-16T00:00:00-04:00,1.004184,SHY,-0.004015,2023–Aug 2024,12
2023-03-17T00:00:00-04:00,1.009213,SHY,0.005008,2023–Aug 2024,12
2023-03-20T00:00:00-04:00,1.007987,SHY,-0.001215,2023–Aug 2024,12
2023-03-21T00:00:00-04:00,1.004184,SHY,-0.003773,2023–Aug 2024,12
2023-03-22T00:00:00-04:00,1.008846,SHY,0.004642,2023–Aug 2024,12
2023-03-23T00:00:00-04:00,1.011790,SHY,0.002918,2023–Aug 2024,12
2023-03-24T00:00:00-04:00,1.012280,SHY,0.000485,2023–Aug 2024,12
2023-03-27T00:00:00-04:00,1.007987,SHY,-0.004241,2023–Aug 2024,12
2023-03-28T00:00:00-04:00,1.006883,SHY,-0.001095,2023–Aug 2024,12
2023-03-29T00:00:00-04:00,1.006515,SHY,-0.000366,2023–Aug 2024,12
2023-03-30T00:00:00-04:00,1.006638,SHY,0.000122,2023–Aug 2024,12
2023-03-31T00:00:00-04:00,1.007865,SHY,0.001219,2023–Aug 2024,12
2023-04-03T00:00:00-04:00,1.014111,GLD,0.007204,2023–Aug 2024,12
2023-04-04T00:00:00-04:00,1.033015,GLD,0.018641,2023–Aug 2024,12
2023-04-05T00:00:00-04:00,1.032190,GLD,-0.000798,2023–Aug 2024,12
2023-04-06T00:00:00-04:00,1.024827,GLD,-0.007134,2023–Aug 2024,12
2023-04-10T00:00:00-04:00,1.017243,GLD,-0.007400,2023–Aug 2024,12
2023-04-11T00:00:00-04:00,1.023673,GLD,0.006321,2023–Aug 2024,12
2023-04-12T00:00:00-04:00,1.028673,GLD,0.004885,2023–Aug 2024,12
2023-04-13T00:00:00-04:00,1.042577,GLD,0.013516,2023–Aug 2024,12
2023-04-14T00:00:00-04:00,1.024112,GLD,-0.017710,2023–Aug 2024,12
2023-04-17T00:00:00-04:00,1.019551,GLD,-0.004454,2023–Aug 2024,12
2023-04-18T00:00:00-04:00,1.023508,GLD,0.003881,2023–Aug 2024,12
2023-04-19T00:00:00-04:00,1.018617,GLD,-0.004779,2023–Aug 2024,12
2023-04-20T00:00:00-04:00,1.022628,GLD,0.003938,2023–Aug 2024,12
2023-04-21T00:00:00-04:00,1.012517,GLD,-0.009888,2023–Aug 2024,12
2023-04-24T00:00:00-04:00,1.015594,GLD,0.003039,2023–Aug 2024,12
2023-04-25T00:00:00-04:00,1.020760,GLD,0.005086,2023–Aug 2024,12
2023-04-26T00:00:00-04:00,1.015210,GLD,-0.005437,2023–Aug 2024,12
2023-04-27T00:00:00-04:00,1.015265,GLD,0.000054,2023–Aug 2024,12
2023-04-28T00:00:00-04:00,1.015539,GLD,0.000271,2023–Aug 2024,12
2023-05-01T00:00:00-04:00,1.010978,GLD,-0.004491,2023–Aug 2024,12
2023-05-02T00:00:00-04:00,1.030487,GLD,0.019297,2023–Aug 2024,12
2023-05-03T00:00:00-04:00,1.039224,GLD,0.008479,2023–Aug 2024,12
2023-05-04T00:00:00-04:00,1.046533,GLD,0.007033,2023–Aug 2024,12
2023-05-05T00:00:00-04:00,1.030157,GLD,-0.015648,2023–Aug 2024,12
2023-05-08T00:00:00-04:00,1.031421,GLD,0.001227,2023–Aug 2024,12
2023-05-09T00:00:00-04:00,1.038730,GLD,0.007086,2023–Aug 2024,12
2023-05-10T00:00:00-04:00,1.037246,GLD,-0.001428,2023–Aug 2024,12
2023-05-11T00:00:00-04:00,1.028344,GLD,-0.008583,2023–Aug 2024,12
2023-05-12T00:00:00-04:00,1.026585,GLD,-0.001710,2023–Aug 2024,12
2023-05-15T00:00:00-04:00,1.028783,GLD,0.002141,2023–Aug 2024,12
2023-05-16T00:00:00-04:00,1.015924,GLD,-0.012499,2023–Aug 2024,12
2023-05-17T00:00:00-04:00,1.012407,GLD,-0.003462,2023–Aug 2024,12
2023-05-18T00:00:00-04:00,0.999273,GLD,-0.012973,2023–Aug 2024,12
2023-05-19T00:00:00-04:00,1.009165,GLD,0.009899,2023–Aug 2024,12
2023-05-22T00:00:00-04:00,1.006802,GLD,-0.002341,2023–Aug 2024,12
2023-05-23T00:00:00-04:00,1.008011,GLD,0.001201,2023–Aug 2024,12
2023-05-24T00:00:00-04:00,0.999878,GLD,-0.008068,2023–Aug 2024,12
2023-05-25T00:00:00-04:00,0.990261,GLD,-0.009618,2023–Aug 2024,12
2023-05-26T00:00:00-04:00,0.994217,GLD,0.003996,2023–Aug 2024,12
2023-05-30T00:00:00-04:00,1.000372,GLD,0.006191,2023–Aug 2024,12
2023-05-31T00:00:00-04:00,1.001911,GLD,0.001538,2023–Aug 2024,12
2023-06-01T00:00:00-04:00,1.012472,QQQ,0.011552,2023–Aug 2024,12
2023-06-02T00:00:00-04:00,1.020065,QQQ,0.007500,2023–Aug 2024,12
2023-06-05T00:00:00-04:00,1.020784,QQQ,0.000705,2023–Aug 2024,12
2023-06-06T00:00:00-04:00,1.020612,QQQ,-0.000169,2023–Aug 2024,12
2023-06-07T00:00:00-04:00,1.003296,QQQ,-0.016966,2023–Aug 2024,12
2023-06-08T00:00:00-04:00,1.015750,QQQ,0.012413,2023–Aug 2024,12
2023-06-09T00:00:00-04:00,1.019634,QQQ,0.003823,2023–Aug 2024,12
2023-06-12T00:00:00-04:00,1.036862,QQQ,0.016897,2023–Aug 2024,12
2023-06-13T00:00:00-04:00,1.044829,QQQ,0.007684,2023–Aug 2024,12
2023-06-14T00:00:00-04:00,1.052423,QQQ,0.007268,2023–Aug 2024,12
2023-06-15T00:00:00-04:00,1.064963,QQQ,0.011916,2023–Aug 2024,12
2023-06-16T00:00:00-04:00,1.058262,QQQ,-0.006293,2023–Aug 2024,12
2023-06-20T00:00:00-04:00,1.056747,QQQ,-0.001432,2023–Aug 2024,12
2023-06-21T00:00:00-04:00,1.042346,QQQ,-0.013627,2023–Aug 2024,12
2023-06-22T00:00:00-04:00,1.054644,QQQ,0.011799,2023–Aug 2024,12
2023-06-23T00:00:00-04:00,1.044189,QQQ,-0.009913,2023–Aug 2024,12
2023-06-26T00:00:00-04:00,1.030191,QQQ,-0.013406,2023–Aug 2024,12
2023-06-27T00:00:00-04:00,1.047905,QQQ,0.017194,2023–Aug 2024,12
2023-06-28T00:00:00-04:00,1.049950,QQQ,0.001951,2023–Aug 2024,12
2023-06-29T00:00:00-04:00,1.047847,QQQ,-0.002003,2023–Aug 2024,12
2023-06-30T00:00:00-04:00,1.064005,QQQ,0.015420,2023–Aug 2024,12
2023-07-03T00:00:00-04:00,1.066511,QQQ,0.002355,2023–Aug 2024,12
2023-07-05T00:00:00-04:00,1.066482,QQQ,-0.000027,2023–Aug 2024,12
2023-07-06T00:00:00-04:00,1.058360,QQQ,-0.007616,2023–Aug 2024,12
2023-07-07T00:00:00-04:00,1.054846,QQQ,-0.003320,2023–Aug 2024,12
2023-07-10T00:00:00-04:00,1.055191,QQQ,0.000328,2023–Aug 2024,12
2023-07-11T00:00:00-04:00,1.060405,QQQ,0.004940,2023–Aug 2024,12
2023-07-12T00:00:00-04:00,1.073797,QQQ,0.012630,2023–Aug 2024,12
2023-07-13T00:00:00-04:00,1.092029,QQQ,0.016979,2023–Aug 2024,12
2023-07-14T00:00:00-04:00,1.091799,QQQ,-0.000211,2023–Aug 2024,12
2023-07-17T00:00:00-04:00,1.101995,QQQ,0.009339,2023–Aug 2024,12
2023-07-18T00:00:00-04:00,1.111010,QQQ,0.008181,2023–Aug 2024,12
2023-07-19T00:00:00-04:00,1.110751,QQQ,-0.000233,2023–Aug 2024,12
2023-07-20T00:00:00-04:00,1.085146,QQQ,-0.023052,2023–Aug 2024,12
2023-07-21T00:00:00-04:00,1.081891,QQQ,-0.002999,2023–Aug 2024,12
2023-07-24T00:00:00-04:00,1.083619,QQQ,0.001597,2023–Aug 2024,12
2023-07-25T00:00:00-04:00,1.090963,QQQ,0.006778,2023–Aug 2024,12
2023-07-26T00:00:00-04:00,1.087334,QQQ,-0.003326,2023–Aug 2024,12
2023-07-27T00:00:00-04:00,1.084742,QQQ,-0.002384,2023–Aug 2024,12
2023-07-28T00:00:00-04:00,1.104500,QQQ,0.018215,2023–Aug 2024,12
2023-07-31T00:00:00-04:00,1.105077,QQQ,0.000522,2023–Aug 2024,12
2023-08-01T00:00:00-04:00,1.102513,QQQ,-0.002320,2023–Aug 2024,12
2023-08-02T00:00:00-04:00,1.078320,QQQ,-0.021944,2023–Aug 2024,12
2023-08-03T00:00:00-04:00,1.076591,QQQ,-0.001603,2023–Aug 2024,12
2023-08-04T00:00:00-04:00,1.071551,QQQ,-0.004682,2023–Aug 2024,12
2023-08-07T00:00:00-04:00,1.080624,QQQ,0.008467,2023–Aug 2024,12
2023-08-08T00:00:00-04:00,1.071436,QQQ,-0.008502,2023–Aug 2024,12
2023-08-09T00:00:00-04:00,1.059656,QQQ,-0.010995,2023–Aug 2024,12
2023-08-10T00:00:00-04:00,1.061614,QQQ,0.001848,2023–Aug 2024,12
2023-08-11T00:00:00-04:00,1.054846,QQQ,-0.006376,2023–Aug 2024,12
2023-08-14T00:00:00-04:00,1.066683,QQQ,0.011222,2023–Aug 2024,12
2023-08-15T00:00:00-04:00,1.055364,QQQ,-0.010611,2023–Aug 2024,12
2023-08-16T00:00:00-04:00,1.044189,QQQ,-0.010589,2023–Aug 2024,12
2023-08-17T00:00:00-04:00,1.032783,QQQ,-0.010923,2023–Aug 2024,12
2023-08-18T00:00:00-04:00,1.031487,QQQ,-0.001255,2023–Aug 2024,12
2023-08-21T00:00:00-04:00,1.048106,QQQ,0.016112,2023–Aug 2024,12
2023-08-22T00:00:00-04:00,1.046608,QQQ,-0.001429,2023–Aug 2024,12
2023-08-23T00:00:00-04:00,1.063112,QQQ,0.015768,2023–Aug 2024,12
2023-08-24T00:00:00-04:00,1.040387,QQQ,-0.021376,2023–Aug 2024,12
2023-08-25T00:00:00-04:00,1.048452,QQQ,0.007751,2023–Aug 2024,12
2023-08-28T00:00:00-04:00,1.056343,QQQ,0.007527,2023–Aug 2024,12
2023-08-29T00:00:00-04:00,1.079414,QQQ,0.021840,2023–Aug 2024,12
2023-08-30T00:00:00-04:00,1.085433,QQQ,0.005577,2023–Aug 2024,12
2023-08-31T00:00:00-04:00,1.088688,QQQ,0.002998,2023–Aug 2024,12
2023-09-01T00:00:00-04:00,1.087536,QQQ,-0.001058,2023–Aug 2024,12
2023-09-05T00:00:00-04:00,1.088919,QQQ,0.001271,2023–Aug 2024,12
2023-09-06T00:00:00-04:00,1.079327,QQQ,-0.008808,2023–Aug 2024,12
2023-09-07T00:00:00-04:00,1.071609,QQQ,-0.007152,2023–Aug 2024,12
2023-09-08T00:00:00-04:00,1.073106,QQQ,0.001398,2023–Aug 2024,12
2023-09-11T00:00:00-04:00,1.085750,QQQ,0.011783,2023–Aug 2024,12
2023-09-12T00:00:00-04:00,1.073711,QQQ,-0.011088,2023–Aug 2024,12
2023-09-13T00:00:00-04:00,1.077801,QQQ,0.003809,2023–Aug 2024,12
2023-09-14T00:00:00-04:00,1.086614,QQQ,0.008177,2023–Aug 2024,12
2023-09-15T00:00:00-04:00,1.068008,QQQ,-0.017123,2023–Aug 2024,12
2023-09-18T00:00:00-04:00,1.069122,QQQ,0.001042,2023–Aug 2024,12
2023-09-19T00:00:00-04:00,1.066843,QQQ,-0.002131,2023–Aug 2024,12
2023-09-20T00:00:00-04:00,1.051469,QQQ,-0.014411,2023–Aug 2024,12
2023-09-21T00:00:00-04:00,1.032202,QQQ,-0.018325,2023–Aug 2024,12
2023-09-22T00:00:00-04:00,1.032346,QQQ,0.000140,2023–Aug 2024,12
2023-09-25T00:00:00-04:00,1.037249,QQQ,0.004750,2023–Aug 2024,12
2023-09-26T00:00:00-04:00,1.021674,QQQ,-0.015016,2023–Aug 2024,12
2023-09-27T00:00:00-04:00,1.024068,QQQ,0.002343,2023–Aug 2024,12
2023-09-28T00:00:00-04:00,1.032635,QQQ,0.008365,2023–Aug 2024,12
2023-09-29T00:00:00-04:00,1.033384,QQQ,0.000726,2023–Aug 2024,12
2023-10-02T00:00:00-04:00,1.042009,QQQ,0.008346,2023–Aug 2024,12
2023-10-03T00:00:00-04:00,1.023722,QQQ,-0.017550,2023–Aug 2024,12
2023-10-04T00:00:00-04:00,1.037653,QQQ,0.013609,2023–Aug 2024,12
2023-10-05T00:00:00-04:00,1.034596,QQQ,-0.002946,2023–Aug 2024,12
2023-10-06T00:00:00-04:00,1.051931,QQQ,0.016755,2023–Aug 2024,12
2023-10-09T00:00:00-04:00,1.057296,QQQ,0.005100,2023–Aug 2024,12
2023-10-10T00:00:00-04:00,1.063151,QQQ,0.005538,2023–Aug 2024,12
2023-10-11T00:00:00-04:00,1.070737,QQQ,0.007135,2023–Aug 2024,12
2023-10-12T00:00:00-04:00,1.067016,QQQ,-0.003475,2023–Aug 2024,12
2023-10-13T00:00:00-04:00,1.053604,QQQ,-0.012570,2023–Aug 2024,12
2023-10-16T00:00:00-04:00,1.065516,QQQ,0.011306,2023–Aug 2024,12
2023-10-17T00:00:00-04:00,1.062026,QQQ,-0.003276,2023–Aug 2024,12
2023-10-18T00:00:00-04:00,1.048094,QQQ,-0.013118,2023–Aug 2024,12
2023-10-19T00:00:00-04:00,1.038288,QQQ,-0.009357,2023–Aug 2024,12
2023-10-20T00:00:00-04:00,1.022799,QQQ,-0.014918,2023–Aug 2024,12
2023-10-23T00:00:00-04:00,1.025885,QQQ,0.003018,2023–Aug 2024,12
2023-10-24T00:00:00-04:00,1.035865,QQQ,0.009728,2023–Aug 2024,12
2023-10-25T00:00:00-04:00,1.010511,QQQ,-0.024476,2023–Aug 2024,12
2023-10-26T00:00:00-04:00,0.991244,QQQ,-0.019067,2023–Aug 2024,12
2023-10-27T00:00:00-04:00,0.996003,QQQ,0.004801,2023–Aug 2024,12
2023-10-30T00:00:00-04:00,1.007223,QQQ,0.011265,2023–Aug 2024,12
2023-10-31T00:00:00-04:00,1.012040,QQQ,0.004782,2023–Aug 2024,12
2023-11-01T00:00:00-04:00,1.029606,QQQ,0.017357,2023–Aug 2024,12
2023-11-02T00:00:00-04:00,1.048296,QQQ,0.018153,2023–Aug 2024,12
2023-11-03T00:00:00-04:00,1.060613,QQQ,0.011749,2023–Aug 2024,12
2023-11-06T00:00:00-05:00,1.064939,QQQ,0.004079,2023–Aug 2024,12
2023-11-07T00:00:00-05:00,1.075006,QQQ,0.009453,2023–Aug 2024,12
2023-11-08T00:00:00-05:00,1.075698,QQQ,0.000644,2023–Aug 2024,12
2023-11-09T00:00:00-05:00,1.067420,QQQ,-0.007696,2023–Aug 2024,12
2023-11-10T00:00:00-05:00,1.091418,QQQ,0.022482,2023–Aug 2024,12
2023-11-13T00:00:00-05:00,1.088014,QQQ,-0.003118,2023–Aug 2024,12
2023-11-14T00:00:00-05:00,1.111435,QQQ,0.021526,2023–Aug 2024,12
2023-11-15T00:00:00-05:00,1.112272,QQQ,0.000753,2023–Aug 2024,12
2023-11-16T00:00:00-05:00,1.113224,QQQ,0.000856,2023–Aug 2024,12
2023-11-17T00:00:00-05:00,1.113483,QQQ,0.000233,2023–Aug 2024,12
2023-11-20T00:00:00-05:00,1.127040,QQQ,0.012175,2023–Aug 2024,12
2023-11-21T00:00:00-05:00,1.120492,QQQ,-0.005810,2023–Aug 2024,12
2023-11-22T00:00:00-05:00,1.125078,QQQ,0.004093,2023–Aug 2024,12
2023-11-24T00:00:00-05:00,1.123492,QQQ,-0.001410,2023–Aug 2024,12
2023-11-27T00:00:00-05:00,1.122511,QQQ,-0.000873,2023–Aug 2024,12
2023-11-28T00:00:00-05:00,1.125454,QQQ,0.002621,2023–Aug 2024,12
2023-11-29T00:00:00-05:00,1.124357,QQQ,-0.000974,2023–Aug 2024,12
2023-11-30T00:00:00-05:00,1.121531,QQQ,-0.002514,2023–Aug 2024,12
2023-12-01T00:00:00-05:00,1.124732,QQQ,0.002855,2023–Aug 2024,12
2023-12-04T00:00:00-05:00,1.114291,QQQ,-0.009284,2023–Aug 2024,12
2023-12-05T00:00:00-05:00,1.117089,QQQ,0.002511,2023–Aug 2024,12
2023-12-06T00:00:00-05:00,1.110628,QQQ,-0.005784,2023–Aug 2024,12
2023-12-07T00:00:00-05:00,1.126146,QQQ,0.013972,2023–Aug 2024,12
2023-12-08T00:00:00-05:00,1.131165,QQQ,0.004457,2023–Aug 2024,12
2023-12-11T00:00:00-05:00,1.140827,QQQ,0.008542,2023–Aug 2024,12
2023-12-12T00:00:00-05:00,1.149913,QQQ,0.007964,2023–Aug 2024,12
2023-12-13T00:00:00-05:00,1.164537,QQQ,0.012717,2023–Aug 2024,12
2023-12-14T00:00:00-05:00,1.163527,QQQ,-0.000867,2023–Aug 2024,12
2023-12-15T00:00:00-05:00,1.169152,QQQ,0.004834,2023–Aug 2024,12
2023-12-18T00:00:00-05:00,1.176516,QQQ,0.006299,2023–Aug 2024,12
2023-12-19T00:00:00-05:00,1.182527,QQQ,0.005109,2023–Aug 2024,12
2023-12-20T00:00:00-05:00,1.164955,QQQ,-0.014860,2023–Aug 2024,12
2023-12-21T00:00:00-05:00,1.178510,QQQ,0.011636,2023–Aug 2024,12
2023-12-22T00:00:00-05:00,1.180273,QQQ,0.001496,2023–Aug 2024,12
2023-12-26T00:00:00-05:00,1.187498,QQQ,0.006122,2023–Aug 2024,12
2023-12-27T00:00:00-05:00,1.189916,QQQ,0.002036,2023–Aug 2024,12
2023-12-28T00:00:00-05:00,1.189337,QQQ,-0.000486,2023–Aug 2024,12
2023-12-29T00:00:00-05:00,1.184190,QQQ,-0.004328,2023–Aug 2024,12
2024-01-02T00:00:00-05:00,1.164151,QQQ,-0.016922,2023–Aug 2024,12
2024-01-03T00:00:00-05:00,1.151833,QQQ,-0.010582,2023–Aug 2024,12
2024-01-04T00:00:00-05:00,1.145905,QQQ,-0.005146,2023–Aug 2024,12
2024-01-05T00:00:00-05:00,1.147264,QQQ,0.001186,2023–Aug 2024,12
2024-01-08T00:00:00-05:00,1.170976,QQQ,0.020668,2023–Aug 2024,12
2024-01-09T00:00:00-05:00,1.173289,QQQ,0.001975,2023–Aug 2024,12
2024-01-10T00:00:00-05:00,1.181241,QQQ,0.006778,2023–Aug 2024,12
2024-01-11T00:00:00-05:00,1.183699,QQQ,0.002081,2023–Aug 2024,12
2024-01-12T00:00:00-05:00,1.184306,QQQ,0.000513,2023–Aug 2024,12
2024-01-16T00:00:00-05:00,1.184190,QQQ,-0.000098,2023–Aug 2024,12
2024-01-17T00:00:00-05:00,1.177510,QQQ,-0.005641,2023–Aug 2024,12
2024-01-18T00:00:00-05:00,1.194224,QQQ,0.014194,2023–Aug 2024,12
2024-01-19T00:00:00-05:00,1.217907,QQQ,0.019831,2023–Aug 2024,12
2024-01-22T00:00:00-05:00,1.219497,QQQ,0.001306,2023–Aug 2024,12
2024-01-23T00:00:00-05:00,1.224558,QQQ,0.004150,2023–Aug 2024,12
2024-01-24T00:00:00-05:00,1.231353,QQQ,0.005549,2023–Aug 2024,12
2024-01-25T00:00:00-05:00,1.232857,QQQ,0.001221,2023–Aug 2024,12
2024-01-26T00:00:00-05:00,1.225512,QQQ,-0.005958,2023–Aug 2024,12
2024-01-29T00:00:00-05:00,1.238062,QQQ,0.010240,2023–Aug 2024,12
2024-01-30T00:00:00-05:00,1.229821,QQQ,-0.006657,2023–Aug 2024,12
2024-01-31T00:00:00-05:00,1.205733,QQQ,-0.019586,2023–Aug 2024,12
2024-02-01T00:00:00-05:00,1.219931,QQQ,0.011776,2023–Aug 2024,12
2024-02-02T00:00:00-05:00,1.240549,QQQ,0.016900,2023–Aug 2024,12
2024-02-05T00:00:00-05:00,1.238929,QQQ,-0.001305,2023–Aug 2024,12
2024-02-06T00:00:00-05:00,1.236442,QQQ,-0.002007,2023–Aug 2024,12
2024-02-07T00:00:00-05:00,1.249166,QQQ,0.010290,2023–Aug 2024,12
2024-02-08T00:00:00-05:00,1.251479,QQQ,0.001852,2023–Aug 2024,12
2024-02-09T00:00:00-05:00,1.263797,QQQ,0.009843,2023–Aug 2024,12
2024-02-12T00:00:00-05:00,1.258853,QQQ,-0.003912,2023–Aug 2024,12
2024-02-13T00:00:00-05:00,1.239218,QQQ,-0.015597,2023–Aug 2024,12
2024-02-14T00:00:00-05:00,1.252723,QQQ,0.010897,2023–Aug 2024,12
2024-02-15T00:00:00-05:00,1.256453,QQQ,0.002978,2023–Aug 2024,12
2024-02-16T00:00:00-05:00,1.245060,QQQ,-0.009068,2023–Aug 2024,12
2024-02-20T00:00:00-05:00,1.235662,QQQ,-0.007548,2023–Aug 2024,12
2024-02-21T00:00:00-05:00,1.230717,QQQ,-0.004002,2023–Aug 2024,12
2024-02-22T00:00:00-05:00,1.266747,QQQ,0.029276,2023–Aug 2024,12
2024-02-23T00:00:00-05:00,1.263017,QQQ,-0.002945,2023–Aug 2024,12
2024-02-26T00:00:00-05:00,1.262352,QQQ,-0.000527,2023–Aug 2024,12
2024-02-27T00:00:00-05:00,1.265388,QQQ,0.002405,2023–Aug 2024,12
2024-02-28T00:00:00-05:00,1.258650,QQQ,-0.005325,2023–Aug 2024,12
2024-02-29T00:00:00-05:00,1.269436,QQQ,0.008569,2023–Aug 2024,12
2024-03-01T00:00:00-05:00,1.288550,QQQ,0.015057,2023–Aug 2024,12
2024-03-04T00:00:00-05:00,1.283952,QQQ,-0.003568,2023–Aug 2024,12
2024-03-05T00:00:00-05:00,1.260906,QQQ,-0.017950,2023–Aug 2024,12
2024-03-06T00:00:00-05:00,1.268829,QQQ,0.006284,2023–Aug 2024,12
2024-03-07T00:00:00-05:00,1.288087,QQQ,0.015178,2023–Aug 2024,12
2024-03-08T00:00:00-05:00,1.269494,QQQ,-0.014435,2023–Aug 2024,12
2024-03-11T00:00:00-04:00,1.264781,QQQ,-0.003713,2023–Aug 2024,12
2024-03-12T00:00:00-04:00,1.282911,QQQ,0.014335,2023–Aug 2024,12
2024-03-13T00:00:00-04:00,1.273051,QQQ,-0.007686,2023–Aug 2024,12
2024-03-14T00:00:00-04:00,1.269841,QQQ,-0.002521,2023–Aug 2024,12
2024-03-15T00:00:00-04:00,1.254747,QQQ,-0.011887,2023–Aug 2024,12
2024-03-18T00:00:00-04:00,1.266714,QQQ,0.009537,2023–Aug 2024,12
2024-03-19T00:00:00-04:00,1.269870,QQQ,0.002492,2023–Aug 2024,12
2024-03-20T00:00:00-04:00,1.284926,QQQ,0.011857,2023–Aug 2024,12
2024-03-21T00:00:00-04:00,1.291007,QQQ,0.004732,2023–Aug 2024,12
2024-03-22T00:00:00-04:00,1.292483,QQQ,0.001144,2023–Aug 2024,12
2024-03-25T00:00:00-04:00,1.287793,QQQ,-0.003629,2023–Aug 2024,12
2024-03-26T00:00:00-04:00,1.283623,QQQ,-0.003238,2023–Aug 2024,12
2024-03-27T00:00:00-04:00,1.287995,QQQ,0.003406,2023–Aug 2024,12
2024-03-28T00:00:00-04:00,1.285621,QQQ,-0.001843,2023–Aug 2024,12
2024-04-01T00:00:00-04:00,1.288343,QQQ,0.002117,2023–Aug 2024,12
2024-04-02T00:00:00-04:00,1.277224,QQQ,-0.008630,2023–Aug 2024,12
2024-04-03T00:00:00-04:00,1.280091,QQQ,0.002245,2023–Aug 2024,12
2024-04-04T00:00:00-04:00,1.260517,QQQ,-0.015291,2023–Aug 2024,12
2024-04-05T00:00:00-04:00,1.275371,QQQ,0.011784,2023–Aug 2024,12
2024-04-08T00:00:00-04:00,1.275748,QQQ,0.000295,2023–Aug 2024,12
2024-04-09T00:00:00-04:00,1.280467,QQQ,0.003699,2023–Aug 2024,12
2024-04-10T00:00:00-04:00,1.269291,QQQ,-0.008729,2023–Aug 2024,12
2024-04-11T00:00:00-04:00,1.289559,QQQ,0.015968,2023–Aug 2024,12
2024-04-12T00:00:00-04:00,1.269001,QQQ,-0.015942,2023–Aug 2024,12
2024-04-15T00:00:00-04:00,1.248125,QQQ,-0.016451,2023–Aug 2024,12
2024-04-16T00:00:00-04:00,1.248240,QQQ,0.000093,2023–Aug 2024,12
2024-04-17T00:00:00-04:00,1.233010,QQQ,-0.012201,2023–Aug 2024,12
2024-04-18T00:00:00-04:00,1.225974,QQQ,-0.005706,2023–Aug 2024,12
2024-04-19T00:00:00-04:00,1.200610,QQQ,-0.020689,2023–Aug 2024,12
2024-04-22T00:00:00-04:00,1.212684,QQQ,0.010057,2023–Aug 2024,12
2024-04-23T00:00:00-04:00,1.230781,QQQ,0.014923,2023–Aug 2024,12
2024-04-24T00:00:00-04:00,1.234950,QQQ,0.003388,2023–Aug 2024,12
2024-04-25T00:00:00-04:00,1.228986,QQQ,-0.004830,2023–Aug 2024,12
2024-04-26T00:00:00-04:00,1.247951,QQQ,0.015432,2023–Aug 2024,12
2024-04-29T00:00:00-04:00,1.253018,QQQ,0.004060,2023–Aug 2024,12
2024-04-30T00:00:00-04:00,1.229391,QQQ,-0.018856,2023–Aug 2024,12
2024-05-01T00:00:00-04:00,1.220502,QQQ,-0.007231,2023–Aug 2024,12
2024-05-02T00:00:00-04:00,1.236080,QQQ,0.012763,2023–Aug 2024,12
2024-05-03T00:00:00-04:00,1.260923,QQQ,0.020098,2023–Aug 2024,12
2024-05-06T00:00:00-04:00,1.274734,QQQ,0.010953,2023–Aug 2024,12
2024-05-07T00:00:00-04:00,1.274937,QQQ,0.000159,2023–Aug 2024,12
2024-05-08T00:00:00-04:00,1.274184,QQQ,-0.000591,2023–Aug 2024,12
2024-05-09T00:00:00-04:00,1.276964,QQQ,0.002182,2023–Aug 2024,12
2024-05-10T00:00:00-04:00,1.279975,QQQ,0.002358,2023–Aug 2024,12
2024-05-13T00:00:00-04:00,1.282928,QQQ,0.002307,2023–Aug 2024,12
2024-05-14T00:00:00-04:00,1.291180,QQQ,0.006432,2023–Aug 2024,12
2024-05-15T00:00:00-04:00,1.311362,QQQ,0.015630,2023–Aug 2024,12
2024-05-16T00:00:00-04:00,1.308698,QQQ,-0.002031,2023–Aug 2024,12
2024-05-17T00:00:00-04:00,1.308061,QQQ,-0.000487,2023–Aug 2024,12
2024-05-20T00:00:00-04:00,1.317182,QQQ,0.006973,2023–Aug 2024,12
2024-05-21T00:00:00-04:00,1.319759,QQQ,0.001956,2023–Aug 2024,12
2024-05-22T00:00:00-04:00,1.319498,QQQ,-0.000197,2023–Aug 2024,12
2024-05-23T00:00:00-04:00,1.313563,QQQ,-0.004498,2023–Aug 2024,12
2024-05-24T00:00:00-04:00,1.325984,QQQ,0.009456,2023–Aug 2024,12
2024-05-28T00:00:00-04:00,1.330993,QQQ,0.003778,2023–Aug 2024,12
2024-05-29T00:00:00-04:00,1.321612,QQQ,-0.007048,2023–Aug 2024,12
2024-05-30T00:00:00-04:00,1.307453,QQQ,-0.010713,2023–Aug 2024,12
2024-05-31T00:00:00-04:00,1.305021,QQQ,-0.001860,2023–Aug 2024,12
2024-06-03T00:00:00-04:00,1.312028,QQQ,0.005369,2023–Aug 2024,12
2024-06-04T00:00:00-04:00,1.315618,QQQ,0.002736,2023–Aug 2024,12
2024-06-05T00:00:00-04:00,1.342141,QQQ,0.020160,2023–Aug 2024,12
2024-06-06T00:00:00-04:00,1.341678,QQQ,-0.000345,2023–Aug 2024,12
2024-06-07T00:00:00-04:00,1.340490,QQQ,-0.000885,2023–Aug 2024,12
2024-06-10T00:00:00-04:00,1.345905,QQQ,0.004039,2023–Aug 2024,12
2024-06-11T00:00:00-04:00,1.355142,QQQ,0.006863,2023–Aug 2024,12
2024-06-12T00:00:00-04:00,1.372891,QQQ,0.013098,2023–Aug 2024,12
2024-06-13T00:00:00-04:00,1.380332,QQQ,0.005420,2023–Aug 2024,12
2024-06-14T00:00:00-04:00,1.387484,QQQ,0.005181,2023–Aug 2024,12
2024-06-17T00:00:00-04:00,1.404480,QQQ,0.012250,2023–Aug 2024,12
2024-06-18T00:00:00-04:00,1.404915,QQQ,0.000309,2023–Aug 2024,12
2024-06-20T00:00:00-04:00,1.394086,QQQ,-0.007708,2023–Aug 2024,12
2024-06-21T00:00:00-04:00,1.390351,QQQ,-0.002679,2023–Aug 2024,12
2024-06-24T00:00:00-04:00,1.374522,QQQ,-0.011385,2023–Aug 2024,12
2024-06-25T00:00:00-04:00,1.390240,QQQ,0.011436,2023–Aug 2024,12
2024-06-26T00:00:00-04:00,1.393111,QQQ,0.002065,2023–Aug 2024,12
2024-06-27T00:00:00-04:00,1.396707,QQQ,0.002581,2023–Aug 2024,12
2024-06-28T00:00:00-04:00,1.389457,QQQ,-0.005191,2023–Aug 2024,12
2024-07-01T00:00:00-04:00,1.397607,QQQ,0.005865,2023–Aug 2024,12
2024-07-02T00:00:00-04:00,1.412281,QQQ,0.010500,2023–Aug 2024,12
2024-07-03T00:00:00-04:00,1.424055,QQQ,0.008337,2023–Aug 2024,12
2024-07-05T00:00:00-04:00,1.438904,QQQ,0.010427,2023–Aug 2024,12
2024-07-08T00:00:00-04:00,1.442326,QQQ,0.002378,2023–Aug 2024,12
2024-07-09T00:00:00-04:00,1.443573,QQQ,0.000864,2023–Aug 2024,12
2024-07-10T00:00:00-04:00,1.458624,QQQ,0.010427,2023–Aug 2024,12
2024-07-11T00:00:00-04:00,1.426636,QQQ,-0.021930,2023–Aug 2024,12
2024-07-12T00:00:00-04:00,1.435018,QQQ,0.005875,2023–Aug 2024,12
2024-07-15T00:00:00-04:00,1.438875,QQQ,0.002688,2023–Aug 2024,12
2024-07-16T00:00:00-04:00,1.439426,QQQ,0.000383,2023–Aug 2024,12
2024-07-17T00:00:00-04:00,1.397172,QQQ,-0.029355,2023–Aug 2024,12
2024-07-18T00:00:00-04:00,1.390559,QQQ,-0.004733,2023–Aug 2024,12
2024-07-19T00:00:00-04:00,1.378234,QQQ,-0.008863,2023–Aug 2024,12
2024-07-22T00:00:00-04:00,1.398767,QQQ,0.014898,2023–Aug 2024,12
2024-07-23T00:00:00-04:00,1.393837,QQQ,-0.003525,2023–Aug 2024,12
2024-07-24T00:00:00-04:00,1.343839,QQQ,-0.035870,2023–Aug 2024,12
2024-07-25T00:00:00-04:00,1.329020,QQQ,-0.011028,2023–Aug 2024,12
2024-07-26T00:00:00-04:00,1.342650,QQQ,0.010256,2023–Aug 2024,12
2024-07-29T00:00:00-04:00,1.345347,QQQ,0.002009,2023–Aug 2024,12
2024-07-30T00:00:00-04:00,1.326874,QQQ,-0.013731,2023–Aug 2024,12
2024-07-31T00:00:00-04:00,1.366141,QQQ,0.029594,2023–Aug 2024,12
2024-08-01T00:00:00-04:00,1.360076,GLD,-0.003443,2023–Aug 2024,12
2024-08-02T00:00:00-04:00,1.357485,GLD,-0.001905,2023–Aug 2024,12
2024-08-05T00:00:00-04:00,1.340256,GLD,-0.012692,2023–Aug 2024,12
2024-08-06T00:00:00-04:00,1.329533,GLD,-0.008001,2023–Aug 2024,12
2024-08-07T00:00:00-04:00,1.328630,GLD,-0.000680,2023–Aug 2024,12
2024-08-08T00:00:00-04:00,1.349473,GLD,0.015688,2023–Aug 2024,12
2024-08-09T00:00:00-04:00,1.352787,GLD,0.002455,2023–Aug 2024,12
2024-08-12T00:00:00-04:00,1.375980,GLD,0.017145,2023–Aug 2024,12
2024-08-13T00:00:00-04:00,1.373871,GLD,-0.001532,2023–Aug 2024,12
2024-08-14T00:00:00-04:00,1.362666,GLD,-0.008156,2023–Aug 2024,12
2024-08-15T00:00:00-04:00,1.366943,GLD,0.003139,2023–Aug 2024,12
2024-08-16T00:00:00-04:00,1.397546,GLD,0.022388,2023–Aug 2024,12
2024-08-19T00:00:00-04:00,1.395257,GLD,-0.001638,2023–Aug 2024,12
2024-08-20T00:00:00-04:00,1.400378,GLD,0.003670,2023–Aug 2024,12
2024-08-21T00:00:00-04:00,1.398510,GLD,-0.001334,2023–Aug 2024,12
2024-08-22T00:00:00-04:00,1.381763,GLD,-0.011975,2023–Aug 2024,12
2024-08-23T00:00:00-04:00,1.397727,GLD,0.011553,2023–Aug 2024,12
2024-08-26T00:00:00-04:00,1.402185,GLD,0.003189,2023–Aug 2024,12
2024-08-27T00:00:00-04:00,1.405980,GLD,0.002707,2023–Aug 2024,12
2024-08-28T00:00:00-04:00,1.396100,GLD,-0.007027,2023–Aug 2024,12
2024-08-29T00:00:00-04:00,1.403329,GLD,0.005178,2023–Aug 2024,12
2024-08-30T00:00:00-04:00,1.393329,GLD,-0.007126,2023–Aug 2024,12
2023-01-03T00:00:00-05:00,1.000000,GLD,0.008371,2023–Aug 2024,6
2023-01-04T00:00:00-05:00,1.009412,GLD,0.009412,2023–Aug 2024,6
2023-01-05T00:00:00-05:00,0.996843,GLD,-0.012451,2023–Aug 2024,6
2023-01-06T00:00:00-05:00,1.015492,GLD,0.018707,2023–Aug 2024,6
2023-01-09T00:00:00-05:00,1.017772,GLD,0.002245,2023–Aug 2024,6
2023-01-10T00:00:00-05:00,1.021513,GLD,0.003676,2023–Aug 2024,6
2023-01-11T00:00:00-05:00,1.020811,GLD,-0.000687,2023–Aug 2024,6
2023-01-12T00:00:00-05:00,1.032620,GLD,0.011568,2023–Aug 2024,6
2023-01-13T00:00:00-05:00,1.045013,GLD,0.012002,2023–Aug 2024,6
2023-01-17T00:00:00-05:00,1.038174,GLD,-0.006545,2023–Aug 2024,6
2023-01-18T00:00:00-05:00,1.035192,GLD,-0.002872,2023–Aug 2024,6
2023-01-19T00:00:00-05:00,1.051619,GLD,0.015869,2023–Aug 2024,6
2023-01-20T00:00:00-05:00,1.048112,GLD,-0.003335,2023–Aug 2024,6
2023-01-23T00:00:00-05:00,1.050099,GLD,0.001896,2023–Aug 2024,6
2023-01-24T00:00:00-05:00,1.053899,GLD,0.003619,2023–Aug 2024,6
2023-01-25T00:00:00-05:00,1.058751,GLD,0.004604,2023–Aug 2024,6
2023-01-26T00:00:00-05:00,1.049164,GLD,-0.009055,2023–Aug 2024,6
2023-01-27T00:00:00-05:00,1.047703,GLD,-0.001393,2023–Aug 2024,6
2023-01-30T00:00:00-05:00,1.045013,GLD,-0.002567,2023–Aug 2024,6
2023-01-31T00:00:00-05:00,1.048813,GLD,0.003636,2023–Aug 2024,6
2023-02-01T00:00:00-05:00,1.062025,GLD,0.012597,2023–Aug 2024,6
2023-02-02T00:00:00-05:00,1.039986,GLD,-0.020752,2023–Aug 2024,6
2023-02-03T00:00:00-05:00,1.014030,GLD,-0.024958,2023–Aug 2024,6
2023-02-06T00:00:00-05:00,1.016135,GLD,0.002075,2023–Aug 2024,6
2023-02-07T00:00:00-05:00,1.017070,GLD,0.000920,2023–Aug 2024,6
2023-02-08T00:00:00-05:00,1.019584,GLD,0.002472,2023–Aug 2024,6
2023-02-09T00:00:00-05:00,1.011516,GLD,-0.007912,2023–Aug 2024,6
2023-02-10T00:00:00-05:00,1.013446,GLD,0.001907,2023–Aug 2024,6
2023-02-13T00:00:00-05:00,1.008301,GLD,-0.005076,2023–Aug 2024,6
2023-02-14T00:00:00-05:00,1.009061,GLD,0.000754,2023–Aug 2024,6
2023-02-15T00:00:00-05:00,0.999006,GLD,-0.009965,2023–Aug 2024,6
2023-02-16T00:00:00-05:00,0.998188,GLD,-0.000819,2023–Aug 2024,6
2023-02-17T00:00:00-05:00,1.001169,GLD,0.002987,2023–Aug 2024,6
2023-02-21T00:00:00-05:00,0.997428,GLD,-0.003737,2023–Aug 2024,6
2023-02-22T00:00:00-05:00,0.991816,GLD,-0.005626,2023–Aug 2024,6
2023-02-23T00:00:00-05:00,0.991290,GLD,-0.000530,2023–Aug 2024,6
2023-02-24T00:00:00-05:00,0.984158,GLD,-0.007195,2023–Aug 2024,6
2023-02-27T00:00:00-05:00,0.988016,GLD,0.003920,2023–Aug 2024,6
2023-02-28T00:00:00-05:00,0.992517,GLD,0.004556,2023–Aug 2024,6
2023-03-01T00:00:00-05:00,0.998246,GLD,0.005772,2023–Aug 2024,6
2023-03-02T00:00:00-05:00,0.997662,GLD,-0.000586,2023–Aug 2024,6
2023-03-03T00:00:00-05:00,1.008360,GLD,0.010723,2023–Aug 2024,6
2023-03-06T00:00:00-05:00,1.003274,GLD,-0.005044,2023–Aug 2024,6
2023-03-07T00:00:00-05:00,0.985736,GLD,-0.017480,2023–Aug 2024,6
2023-03-08T00:00:00-05:00,0.985268,GLD,-0.000474,2023–Aug 2024,6
2023-03-09T00:00:00-05:00,0.994973,GLD,0.009849,2023–Aug 2024,6
2023-03-10T00:00:00-05:00,1.016427,GLD,0.021563,2023–Aug 2024,6
2023-03-13T00:00:00-04:00,1.039752,GLD,0.022948,2023–Aug 2024,6
2023-03-14T00:00:00-04:00,1.033731,GLD,-0.005791,2023–Aug 2024,6
2023-03-15T00:00:00-04:00,1.041798,GLD,0.007804,2023–Aug 2024,6
2023-03-16T00:00:00-04:00,1.043903,GLD,0.002020,2023–Aug 2024,6
2023-03-17T00:00:00-04:00,1.074301,GLD,0.029120,2023–Aug 2024,6
2023-03-20T00:00:00-04:00,1.074711,GLD,0.000381,2023–Aug 2024,6
2023-03-21T00:00:00-04:00,1.054425,GLD,-0.018875,2023–Aug 2024,6
2023-03-22T00:00:00-04:00,1.072372,GLD,0.017021,2023–Aug 2024,6
2023-03-23T00:00:00-04:00,1.085818,GLD,0.012538,2023–Aug 2024,6
2023-03-24T00:00:00-04:00,1.073600,GLD,-0.011252,2023–Aug 2024,6
2023-03-27T00:00:00-04:00,1.063662,GLD,-0.009257,2023–Aug 2024,6
2023-03-28T00:00:00-04:00,1.072372,GLD,0.008189,2023–Aug 2024,6
2023-03-29T00:00:00-04:00,1.067053,GLD,-0.004961,2023–Aug 2024,6
2023-03-30T00:00:00-04:00,1.076698,GLD,0.009040,2023–Aug 2024,6
2023-03-31T00:00:00-04:00,1.071086,GLD,-0.005212,2023–Aug 2024,6
2023-04-03T00:00:00-04:00,1.078803,GLD,0.007204,2023–Aug 2024,6
2023-04-04T00:00:00-04:00,1.098913,GLD,0.018641,2023–Aug 2024,6
2023-04-05T00:00:00-04:00,1.098036,GLD,-0.000798,2023–Aug 2024,6
2023-04-06T00:00:00-04:00,1.090202,GLD,-0.007134,2023–Aug 2024,6
2023-04-10T00:00:00-04:00,1.082135,GLD,-0.007400,2023–Aug 2024,6
2023-04-11T00:00:00-04:00,1.088975,GLD,0.006321,2023–Aug 2024,6
2023-04-12T00:00:00-04:00,1.094294,GLD,0.004885,2023–Aug 2024,6
2023-04-13T00:00:00-04:00,1.109085,GLD,0.013516,2023–Aug 2024,6
2023-04-14T00:00:00-04:00,1.089442,GLD,-0.017710,2023–Aug 2024,6
2023-04-17T00:00:00-04:00,1.084590,GLD,-0.004454,2023–Aug 2024,6
2023-04-18T00:00:00-04:00,1.088799,GLD,0.003881,2023–Aug 2024,6
2023-04-19T00:00:00-04:00,1.083596,GLD,-0.004779,2023–Aug 2024,6
2023-04-20T00:00:00-04:00,1.087864,GLD,0.003938,2023–Aug 2024,6
2023-04-21T00:00:00-04:00,1.077107,GLD,-0.009888,2023–Aug 2024,6
2023-04-24T00:00:00-04:00,1.080381,GLD,0.003039,2023–Aug 2024,6
2023-04-25T00:00:00-04:00,1.085876,GLD,0.005086,2023–Aug 2024,6
2023-04-26T00:00:00-04:00,1.079972,GLD,-0.005437,2023–Aug 2024,6
2023-04-27T00:00:00-04:00,1.080030,GLD,0.000054,2023–Aug 2024,6
2023-04-28T00:00:00-04:00,1.080323,GLD,0.000271,2023–Aug 2024,6
2023-05-01T00:00:00-04:00,1.075471,GLD,-0.004491,2023–Aug 2024,6
2023-05-02T00:00:00-04:00,1.096224,GLD,0.019297,2023–Aug 2024,6
2023-05-03T00:00:00-04:00,1.105519,GLD,0.008479,2023–Aug 2024,6
2023-05-04T00:00:00-04:00,1.113294,GLD,0.007033,2023–Aug 2024,6
2023-05-05T00:00:00-04:00,1.095873,GLD,-0.015648,2023–Aug 2024,6
2023-05-08T00:00:00-04:00,1.097217,GLD,0.001227,2023–Aug 2024,6
2023-05-09T00:00:00-04:00,1.104992,GLD,0.007086,2023–Aug 2024,6
2023-05-10T00:00:00-04:00,1.103414,GLD,-0.001428,2023–Aug 2024,6
2023-05-11T00:00:00-04:00,1.093944,GLD,-0.008583,2023–Aug 2024,6
2023-05-12T00:00:00-04:00,1.092073,GLD,-0.001710,2023–Aug 2024,6
2023-05-15T00:00:00-04:00,1.094411,GLD,0.002141,2023–Aug 2024,6
2023-05-16T00:00:00-04:00,1.080732,GLD,-0.012499,2023–Aug 2024,6
2023-05-17T00:00:00-04:00,1.076991,GLD,-0.003462,2023–Aug 2024,6
2023-05-18T00:00:00-04:00,1.063019,GLD,-0.012973,2023–Aug 2024,6
2023-05-19T00:00:00-04:00,1.073541,GLD,0.009899,2023–Aug 2024,6
2023-05-22T00:00:00-04:00,1.071028,GLD,-0.002341,2023–Aug 2024,6
2023-05-23T00:00:00-04:00,1.072314,GLD,0.001201,2023–Aug 2024,6
2023-05-24T00:00:00-04:00,1.063662,GLD,-0.008068,2023–Aug 2024,6
2023-05-25T00:00:00-04:00,1.053432,GLD,-0.009618,2023–Aug 2024,6
2023-05-26T00:00:00-04:00,1.057641,GLD,0.003996,2023–Aug 2024,6
2023-05-30T00:00:00-04:00,1.064188,GLD,0.006191,2023–Aug 2024,6
2023-05-31T00:00:00-04:00,1.065825,GLD,0.001538,2023–Aug 2024,6
2023-06-01T00:00:00-04:00,1.077059,QQQ,0.011552,2023–Aug 2024,6
2023-06-02T00:00:00-04:00,1.085137,QQQ,0.007500,2023–Aug 2024,6
2023-06-05T00:00:00-04:00,1.085902,QQQ,0.000705,2023–Aug 2024,6
2023-06-06T00:00:00-04:00,1.085718,QQQ,-0.000169,2023–Aug 2024,6
2023-06-07T00:00:00-04:00,1.067299,QQQ,-0.016966,2023–Aug 2024,6
2023-06-08T00:00:00-04:00,1.080547,QQQ,0.012413,2023–Aug 2024,6
2023-06-09T00:00:00-04:00,1.084678,QQQ,0.003823,2023–Aug 2024,6
2023-06-12T00:00:00-04:00,1.103006,QQQ,0.016897,2023–Aug 2024,6
2023-06-13T00:00:00-04:00,1.111481,QQQ,0.007684,2023–Aug 2024,6
2023-06-14T00:00:00-04:00,1.119559,QQQ,0.007268,2023–Aug 2024,6
2023-06-15T00:00:00-04:00,1.132900,QQQ,0.011916,2023–Aug 2024,6
2023-06-16T00:00:00-04:00,1.125770,QQQ,-0.006293,2023–Aug 2024,6
2023-06-20T00:00:00-04:00,1.124159,QQQ,-0.001432,2023–Aug 2024,6
2023-06-21T00:00:00-04:00,1.108839,QQQ,-0.013627,2023–Aug 2024,6
2023-06-22T00:00:00-04:00,1.121922,QQQ,0.011799,2023–Aug 2024,6
2023-06-23T00:00:00-04:00,1.110800,QQQ,-0.009913,2023–Aug 2024,6
2023-06-26T00:00:00-04:00,1.095909,QQQ,-0.013406,2023–Aug 2024,6
2023-06-27T00:00:00-04:00,1.114753,QQQ,0.017194,2023–Aug 2024,6
2023-06-28T00:00:00-04:00,1.116928,QQQ,0.001951,2023–Aug 2024,6
2023-06-29T00:00:00-04:00,1.114691,QQQ,-0.002003,2023–Aug 2024,6
2023-06-30T00:00:00-04:00,1.131880,QQQ,0.015420,2023–Aug 2024,6
2023-07-03T00:00:00-04:00,1.134545,QQQ,0.002355,2023–Aug 2024,6
2023-07-05T00:00:00-04:00,1.134515,QQQ,-0.000027,2023–Aug 2024,6
2023-07-06T00:00:00-04:00,1.125874,QQQ,-0.007616,2023–Aug 2024,6
2023-07-07T00:00:00-04:00,1.122136,QQQ,-0.003320,2023–Aug 2024,6
2023-07-10T00:00:00-04:00,1.122504,QQQ,0.000328,2023–Aug 2024,6
2023-07-11T00:00:00-04:00,1.128050,QQQ,0.004940,2023–Aug 2024,6
2023-07-12T00:00:00-04:00,1.142297,QQQ,0.012630,2023–Aug 2024,6
2023-07-13T00:00:00-04:00,1.161692,QQQ,0.016979,2023–Aug 2024,6
2023-07-14T00:00:00-04:00,1.161447,QQQ,-0.000211,2023–Aug 2024,6
2023-07-17T00:00:00-04:00,1.172293,QQQ,0.009339,2023–Aug 2024,6
2023-07-18T00:00:00-04:00,1.181883,QQQ,0.008181,2023–Aug 2024,6
2023-07-19T00:00:00-04:00,1.181608,QQQ,-0.000233,2023–Aug 2024,6
2023-07-20T00:00:00-04:00,1.154369,QQQ,-0.023052,2023–Aug 2024,6
2023-07-21T00:00:00-04:00,1.150907,QQQ,-0.002999,2023–Aug 2024,6
2023-07-24T00:00:00-04:00,1.152745,QQQ,0.001597,2023–Aug 2024,6
2023-07-25T00:00:00-04:00,1.160558,QQQ,0.006778,2023–Aug 2024,6
2023-07-26T00:00:00-04:00,1.156698,QQQ,-0.003326,2023–Aug 2024,6
2023-07-27T00:00:00-04:00,1.153940,QQQ,-0.002384,2023–Aug 2024,6
2023-07-28T00:00:00-04:00,1.174959,QQQ,0.018215,2023–Aug 2024,6
2023-07-31T00:00:00-04:00,1.175572,QQQ,0.000522,2023–Aug 2024,6
2023-08-01T00:00:00-04:00,1.172845,QQQ,-0.002320,2023–Aug 2024,6
2023-08-02T00:00:00-04:00,1.147108,QQQ,-0.021944,2023–Aug 2024,6
2023-08-03T00:00:00-04:00,1.145269,QQQ,-0.001603,2023–Aug 2024,6
2023-08-04T00:00:00-04:00,1.139908,QQQ,-0.004682,2023–Aug 2024,6
2023-08-07T00:00:00-04:00,1.149559,QQQ,0.008467,2023–Aug 2024,6
2023-08-08T00:00:00-04:00,1.139785,QQQ,-0.008502,2023–Aug 2024,6
2023-08-09T00:00:00-04:00,1.127253,QQQ,-0.010995,2023–Aug 2024,6
2023-08-10T00:00:00-04:00,1.129337,QQQ,0.001848,2023–Aug 2024,6
2023-08-11T00:00:00-04:00,1.122136,QQQ,-0.006376,2023–Aug 2024,6
2023-08-14T00:00:00-04:00,1.134729,QQQ,0.011222,2023–Aug 2024,6
2023-08-15T00:00:00-04:00,1.122688,QQQ,-0.010611,2023–Aug 2024,6
2023-08-16T00:00:00-04:00,1.110800,QQQ,-0.010589,2023–Aug 2024,6
2023-08-17T00:00:00-04:00,1.098667,QQQ,-0.010923,2023–Aug 2024,6
2023-08-18T00:00:00-04:00,1.097288,QQQ,-0.001255,2023–Aug 2024,6
2023-08-21T00:00:00-04:00,1.114967,QQQ,0.016112,2023–Aug 2024,6
2023-08-22T00:00:00-04:00,1.113374,QQQ,-0.001429,2023–Aug 2024,6
2023-08-23T00:00:00-04:00,1.130930,QQQ,0.015768,2023–Aug 2024,6
2023-08-24T00:00:00-04:00,1.106756,QQQ,-0.021376,2023–Aug 2024,6
2023-08-25T00:00:00-04:00,1.115334,QQQ,0.007751,2023–Aug 2024,6
2023-08-28T00:00:00-04:00,1.123730,QQQ,0.007527,2023–Aug 2024,6
2023-08-29T00:00:00-04:00,1.148272,QQQ,0.021840,2023–Aug 2024,6
2023-08-30T00:00:00-04:00,1.154675,QQQ,0.005577,2023–Aug 2024,6
2023-08-31T00:00:00-04:00,1.158138,QQQ,0.002998,2023–Aug 2024,6
2023-09-01T00:00:00-04:00,1.156912,QQQ,-0.001058,2023–Aug 2024,6
2023-09-05T00:00:00-04:00,1.158383,QQQ,0.001271,2023–Aug 2024,6
2023-09-06T00:00:00-04:00,1.148180,QQQ,-0.008808,2023–Aug 2024,6
2023-09-07T00:00:00-04:00,1.139969,QQQ,-0.007152,2023–Aug 2024,6
2023-09-08T00:00:00-04:00,1.141562,QQQ,0.001398,2023–Aug 2024,6
2023-09-11T00:00:00-04:00,1.155013,QQQ,0.011783,2023–Aug 2024,6
2023-09-12T00:00:00-04:00,1.142205,QQQ,-0.011088,2023–Aug 2024,6
2023-09-13T00:00:00-04:00,1.146556,QQQ,0.003809,2023–Aug 2024,6
2023-09-14T00:00:00-04:00,1.155932,QQQ,0.008177,2023–Aug 2024,6
2023-09-15T00:00:00-04:00,1.136139,QQQ,-0.017123,2023–Aug 2024,6
2023-09-18T00:00:00-04:00,1.137323,QQQ,0.001042,2023–Aug 2024,6
2023-09-19T00:00:00-04:00,1.134899,QQQ,-0.002131,2023–Aug 2024,6
2023-09-20T00:00:00-04:00,1.118545,QQQ,-0.014411,2023–Aug 2024,6
2023-09-21T00:00:00-04:00,1.098048,QQQ,-0.018325,2023–Aug 2024,6
2023-09-22T00:00:00-04:00,1.098201,QQQ,0.000140,2023–Aug 2024,6
2023-09-25T00:00:00-04:00,1.103417,QQQ,0.004750,2023–Aug 2024,6
2023-09-26T00:00:00-04:00,1.086848,QQQ,-0.015016,2023–Aug 2024,6
2023-09-27T00:00:00-04:00,1.089395,QQQ,0.002343,2023–Aug 2024,6
2023-09-28T00:00:00-04:00,1.098508,QQQ,0.008365,2023–Aug 2024,6
2023-09-29T00:00:00-04:00,1.099306,QQQ,0.000726,2023–Aug 2024,6
2023-10-02T00:00:00-04:00,1.108480,QQQ,0.008346,2023–Aug 2024,6
2023-10-03T00:00:00-04:00,1.089027,QQQ,-0.017550,2023–Aug 2024,6
2023-10-04T00:00:00-04:00,1.103847,QQQ,0.013609,2023–Aug 2024,6
2023-10-05T00:00:00-04:00,1.100595,QQQ,-0.002946,2023–Aug 2024,6
2023-10-06T00:00:00-04:00,1.119036,QQQ,0.016755,2023–Aug 2024,6
2023-10-09T00:00:00-04:00,1.124743,QQQ,0.005100,2023–Aug 2024,6
2023-10-10T00:00:00-04:00,1.130972,QQQ,0.005538,2023–Aug 2024,6
2023-10-11T00:00:00-04:00,1.139041,QQQ,0.007135,2023–Aug 2024,6
2023-10-12T00:00:00-04:00,1.135083,QQQ,-0.003475,2023–Aug 2024,6
2023-10-13T00:00:00-04:00,1.120815,QQQ,-0.012570,2023–Aug 2024,6
2023-10-16T00:00:00-04:00,1.133488,QQQ,0.011306,2023–Aug 2024,6
2023-10-17T00:00:00-04:00,1.129775,QQQ,-0.003276,2023–Aug 2024,6
2023-10-18T00:00:00-04:00,1.114954,QQQ,-0.013118,2023–Aug 2024,6
2023-10-19T00:00:00-04:00,1.104522,QQQ,-0.009357,2023–Aug 2024,6
2023-10-20T00:00:00-04:00,1.088045,QQQ,-0.014918,2023–Aug 2024,6
2023-10-23T00:00:00-04:00,1.091328,QQQ,0.003018,2023–Aug 2024,6
2023-10-24T00:00:00-04:00,1.101945,QQQ,0.009728,2023–Aug 2024,6
2023-10-25T00:00:00-04:00,1.074974,QQQ,-0.024476,2023–Aug 2024,6
2023-10-26T00:00:00-04:00,1.054477,QQQ,-0.019067,2023–Aug 2024,6
2023-10-27T00:00:00-04:00,1.059540,QQQ,0.004801,2023–Aug 2024,6
2023-10-30T00:00:00-04:00,1.071476,QQQ,0.011265,2023–Aug 2024,6
2023-10-31T00:00:00-04:00,1.076600,QQQ,0.004782,2023–Aug 2024,6
2023-11-01T00:00:00-04:00,1.095286,QQQ,0.017357,2023–Aug 2024,6
2023-11-02T00:00:00-04:00,1.115169,QQQ,0.018153,2023–Aug 2024,6
2023-11-03T00:00:00-04:00,1.128271,QQQ,0.011749,2023–Aug 2024,6
2023-11-06T00:00:00-05:00,1.132874,QQQ,0.004079,2023–Aug 2024,6
2023-11-07T00:00:00-05:00,1.143583,QQQ,0.009453,2023–Aug 2024,6
2023-11-08T00:00:00-05:00,1.144319,QQQ,0.000644,2023–Aug 2024,6
2023-11-09T00:00:00-05:00,1.135513,QQQ,-0.007696,2023–Aug 2024,6
2023-11-10T00:00:00-05:00,1.161042,QQQ,0.022482,2023–Aug 2024,6
2023-11-13T00:00:00-05:00,1.157421,QQQ,-0.003118,2023–Aug 2024,6
2023-11-14T00:00:00-05:00,1.182336,QQQ,0.021526,2023–Aug 2024,6
2023-11-15T00:00:00-05:00,1.183226,QQQ,0.000753,2023–Aug 2024,6
2023-11-16T00:00:00-05:00,1.184239,QQQ,0.000856,2023–Aug 2024,6
2023-11-17T00:00:00-05:00,1.184515,QQQ,0.000233,2023–Aug 2024,6
2023-11-20T00:00:00-05:00,1.198936,QQQ,0.012175,2023–Aug 2024,6
2023-11-21T00:00:00-05:00,1.191971,QQQ,-0.005810,2023–Aug 2024,6
2023-11-22T00:00:00-05:00,1.196849,QQQ,0.004093,2023–Aug 2024,6
2023-11-24T00:00:00-05:00,1.195162,QQQ,-0.001410,2023–Aug 2024,6
2023-11-27T00:00:00-05:00,1.194119,QQQ,-0.000873,2023–Aug 2024,6
2023-11-28T00:00:00-05:00,1.197249,QQQ,0.002621,2023–Aug 2024,6
2023-11-29T00:00:00-05:00,1.196082,QQQ,-0.000974,2023–Aug 2024,6
2023-11-30T00:00:00-05:00,1.193075,QQQ,-0.002514,2023–Aug 2024,6
2023-12-01T00:00:00-05:00,1.196481,QQQ,0.002855,2023–Aug 2024,6
2023-12-04T00:00:00-05:00,1.185374,QQQ,-0.009284,2023–Aug 2024,6
2023-12-05T00:00:00-05:00,1.188350,QQQ,0.002511,2023–Aug 2024,6
2023-12-06T00:00:00-05:00,1.181477,QQQ,-0.005784,2023–Aug 2024,6
2023-12-07T00:00:00-05:00,1.197985,QQQ,0.013972,2023–Aug 2024,6
2023-12-08T00:00:00-05:00,1.203324,QQQ,0.004457,2023–Aug 2024,6
2023-12-11T00:00:00-05:00,1.213603,QQQ,0.008542,2023–Aug 2024,6
2023-12-12T00:00:00-05:00,1.223268,QQQ,0.007964,2023–Aug 2024,6
2023-12-13T00:00:00-05:00,1.238825,QQQ,0.012717,2023–Aug 2024,6
2023-12-14T00:00:00-05:00,1.237751,QQQ,-0.000867,2023–Aug 2024,6
2023-12-15T00:00:00-05:00,1.243734,QQQ,0.004834,2023–Aug 2024,6
2023-12-18T00:00:00-05:00,1.251568,QQQ,0.006299,2023–Aug 2024,6
2023-12-19T00:00:00-05:00,1.257963,QQQ,0.005109,2023–Aug 2024,6
2023-12-20T00:00:00-05:00,1.239270,QQQ,-0.014860,2023–Aug 2024,6
2023-12-21T00:00:00-05:00,1.253690,QQQ,0.011636,2023–Aug 2024,6
2023-12-22T00:00:00-05:00,1.255565,QQQ,0.001496,2023–Aug 2024,6
2023-12-26T00:00:00-05:00,1.263251,QQQ,0.006122,2023–Aug 2024,6
2023-12-27T00:00:00-05:00,1.265823,QQQ,0.002036,2023–Aug 2024,6
2023-12-28T00:00:00-05:00,1.265208,QQQ,-0.000486,2023–Aug 2024,6
2023-12-29T00:00:00-05:00,1.259732,QQQ,-0.004328,2023–Aug 2024,6
2024-01-02T00:00:00-05:00,1.238415,QQQ,-0.016922,2023–Aug 2024,6
2024-01-03T00:00:00-05:00,1.225310,QQQ,-0.010582,2023–Aug 2024,6
2024-01-04T00:00:00-05:00,1.219004,QQQ,-0.005146,2023–Aug 2024,6
2024-01-05T00:00:00-05:00,1.220450,QQQ,0.001186,2023–Aug 2024,6
2024-01-08T00:00:00-05:00,1.245674,QQQ,0.020668,2023–Aug 2024,6
2024-01-09T00:00:00-05:00,1.248135,QQQ,0.001975,2023–Aug 2024,6
2024-01-10T00:00:00-05:00,1.256594,QQQ,0.006778,2023–Aug 2024,6
2024-01-11T00:00:00-05:00,1.259209,QQQ,0.002081,2023–Aug 2024,6
2024-01-12T00:00:00-05:00,1.259855,QQQ,0.000513,2023–Aug 2024,6
2024-01-16T00:00:00-05:00,1.259732,QQQ,-0.000098,2023–Aug 2024,6
2024-01-17T00:00:00-05:00,1.252626,QQQ,-0.005641,2023–Aug 2024,6
2024-01-18T00:00:00-05:00,1.270406,QQQ,0.014194,2023–Aug 2024,6
2024-01-19T00:00:00-05:00,1.295600,QQQ,0.019831,2023–Aug 2024,6
2024-01-22T00:00:00-05:00,1.297292,QQQ,0.001306,2023–Aug 2024,6
2024-01-23T00:00:00-05:00,1.302675,QQQ,0.004150,2023–Aug 2024,6
2024-01-24T00:00:00-05:00,1.309904,QQQ,0.005549,2023–Aug 2024,6
2024-01-25T00:00:00-05:00,1.311503,QQQ,0.001221,2023–Aug 2024,6
2024-01-26T00:00:00-05:00,1.303690,QQQ,-0.005958,2023–Aug 2024,6
2024-01-29T00:00:00-05:00,1.317040,QQQ,0.010240,2023–Aug 2024,6
2024-01-30T00:00:00-05:00,1.308273,QQQ,-0.006657,2023–Aug 2024,6
2024-01-31T00:00:00-05:00,1.282649,QQQ,-0.019586,2023–Aug 2024,6
2024-02-01T00:00:00-05:00,1.297753,QQQ,0.011776,2023–Aug 2024,6
2024-02-02T00:00:00-05:00,1.319686,QQQ,0.016900,2023–Aug 2024,6
2024-02-05T00:00:00-05:00,1.317963,QQQ,-0.001305,2023–Aug 2024,6
2024-02-06T00:00:00-05:00,1.315318,QQQ,-0.002007,2023–Aug 2024,6
2024-02-07T00:00:00-05:00,1.328853,QQQ,0.010290,2023–Aug 2024,6
2024-02-08T00:00:00-05:00,1.331313,QQQ,0.001852,2023–Aug 2024,6
2024-02-09T00:00:00-05:00,1.344418,QQQ,0.009843,2023–Aug 2024,6
2024-02-12T00:00:00-05:00,1.339158,QQQ,-0.003912,2023–Aug 2024,6
2024-02-13T00:00:00-05:00,1.318271,QQQ,-0.015597,2023–Aug 2024,6
2024-02-14T00:00:00-05:00,1.332636,QQQ,0.010897,2023–Aug 2024,6
2024-02-15T00:00:00-05:00,1.336604,QQQ,0.002978,2023–Aug 2024,6
2024-02-16T00:00:00-05:00,1.324484,QQQ,-0.009068,2023–Aug 2024,6
2024-02-20T00:00:00-05:00,1.314487,QQQ,-0.007548,2023–Aug 2024,6
2024-02-21T00:00:00-05:00,1.309227,QQQ,-0.004002,2023–Aug 2024,6
2024-02-22T00:00:00-05:00,1.347556,QQQ,0.029276,2023–Aug 2024,6
2024-02-23T00:00:00-05:00,1.343587,QQQ,-0.002945,2023–Aug 2024,6
2024-02-26T00:00:00-05:00,1.342880,QQQ,-0.000527,2023–Aug 2024,6
2024-02-27T00:00:00-05:00,1.346110,QQQ,0.002405,2023–Aug 2024,6
2024-02-28T00:00:00-05:00,1.338942,QQQ,-0.005325,2023–Aug 2024,6
2024-02-29T00:00:00-05:00,1.350416,QQQ,0.008569,2023–Aug 2024,6
2024-03-01T00:00:00-05:00,1.370749,QQQ,0.015057,2023–Aug 2024,6
2024-03-04T00:00:00-05:00,1.365858,QQQ,-0.003568,2023–Aug 2024,6
2024-03-05T00:00:00-05:00,1.341341,QQQ,-0.017950,2023–Aug 2024,6
2024-03-06T00:00:00-05:00,1.349770,QQQ,0.006284,2023–Aug 2024,6
2024-03-07T00:00:00-05:00,1.370257,QQQ,0.015178,2023–Aug 2024,6
2024-03-08T00:00:00-05:00,1.350478,QQQ,-0.014435,2023–Aug 2024,6
2024-03-11T00:00:00-04:00,1.345464,QQQ,-0.003713,2023–Aug 2024,6
2024-03-12T00:00:00-04:00,1.364751,QQQ,0.014335,2023–Aug 2024,6
2024-03-13T00:00:00-04:00,1.354261,QQQ,-0.007686,2023–Aug 2024,6
2024-03-14T00:00:00-04:00,1.350847,QQQ,-0.002521,2023–Aug 2024,6
2024-03-15T00:00:00-04:00,1.334790,QQQ,-0.011887,2023–Aug 2024,6
2024-03-18T00:00:00-04:00,1.347520,QQQ,0.009537,2023–Aug 2024,6
2024-03-19T00:00:00-04:00,1.350877,QQQ,0.002492,2023–Aug 2024,6
2024-03-20T00:00:00-04:00,1.366894,QQQ,0.011857,2023–Aug 2024,6
2024-03-21T00:00:00-04:00,1.373363,QQQ,0.004732,2023–Aug 2024,6
2024-03-22T00:00:00-04:00,1.374933,QQQ,0.001144,2023–Aug 2024,6
2024-03-25T00:00:00-04:00,1.369944,QQQ,-0.003629,2023–Aug 2024,6
2024-03-26T00:00:00-04:00,1.365508,QQQ,-0.003238,2023–Aug 2024,6
2024-03-27T00:00:00-04:00,1.370159,QQQ,0.003406,2023–Aug 2024,6
2024-03-28T00:00:00-04:00,1.367633,QQQ,-0.001843,2023–Aug 2024,6
2024-04-01T00:00:00-04:00,1.370529,QQQ,0.002117,2023–Aug 2024,6
2024-04-02T00:00:00-04:00,1.358701,QQQ,-0.008630,2023–Aug 2024,6
2024-04-03T00:00:00-04:00,1.361751,QQQ,0.002245,2023–Aug 2024,6
2024-04-04T00:00:00-04:00,1.340928,QQQ,-0.015291,2023–Aug 2024,6
2024-04-05T00:00:00-04:00,1.356730,QQQ,0.011784,2023–Aug 2024,6
2024-04-08T00:00:00-04:00,1.357130,QQQ,0.000295,2023–Aug 2024,6
2024-04-09T00:00:00-04:00,1.362151,QQQ,0.003699,2023–Aug 2024,6
2024-04-10T00:00:00-04:00,1.350261,QQQ,-0.008729,2023–Aug 2024,6
2024-04-11T00:00:00-04:00,1.371822,QQQ,0.015968,2023–Aug 2024,6
2024-04-12T00:00:00-04:00,1.349953,QQQ,-0.015942,2023–Aug 2024,6
2024-04-15T00:00:00-04:00,1.327745,QQQ,-0.016451,2023–Aug 2024,6
2024-04-16T00:00:00-04:00,1.327868,QQQ,0.000093,2023–Aug 2024,6
2024-04-17T00:00:00-04:00,1.311666,QQQ,-0.012201,2023–Aug 2024,6
2024-04-18T00:00:00-04:00,1.304182,QQQ,-0.005706,2023–Aug 2024,6
2024-04-19T00:00:00-04:00,1.277199,QQQ,-0.020689,2023–Aug 2024,6
2024-04-22T00:00:00-04:00,1.290044,QQQ,0.010057,2023–Aug 2024,6
2024-04-23T00:00:00-04:00,1.309295,QQQ,0.014923,2023–Aug 2024,6
2024-04-24T00:00:00-04:00,1.313730,QQQ,0.003388,2023–Aug 2024,6
2024-04-25T00:00:00-04:00,1.307385,QQQ,-0.004830,2023–Aug 2024,6
2024-04-26T00:00:00-04:00,1.327560,QQQ,0.015432,2023–Aug 2024,6
2024-04-29T00:00:00-04:00,1.332951,QQQ,0.004060,2023–Aug 2024,6
2024-04-30T00:00:00-04:00,1.307816,QQQ,-0.018856,2023–Aug 2024,6
2024-05-01T00:00:00-04:00,1.298360,QQQ,-0.007231,2023–Aug 2024,6
2024-05-02T00:00:00-04:00,1.314932,QQQ,0.012763,2023–Aug 2024,6
2024-05-03T00:00:00-04:00,1.341360,QQQ,0.020098,2023–Aug 2024,6
2024-05-06T00:00:00-04:00,1.356052,QQQ,0.010953,2023–Aug 2024,6
2024-05-07T00:00:00-04:00,1.356268,QQQ,0.000159,2023–Aug 2024,6
2024-05-08T00:00:00-04:00,1.355467,QQQ,-0.000591,2023–Aug 2024,6
2024-05-09T00:00:00-04:00,1.358424,QQQ,0.002182,2023–Aug 2024,6
2024-05-10T00:00:00-04:00,1.361627,QQQ,0.002358,2023–Aug 2024,6
2024-05-13T00:00:00-04:00,1.364769,QQQ,0.002307,2023–Aug 2024,6
2024-05-14T00:00:00-04:00,1.373547,QQQ,0.006432,2023–Aug 2024,6
2024-05-15T00:00:00-04:00,1.395016,QQQ,0.015630,2023–Aug 2024,6
2024-05-16T00:00:00-04:00,1.392183,QQQ,-0.002031,2023–Aug 2024,6
2024-05-17T00:00:00-04:00,1.391505,QQQ,-0.000487,2023–Aug 2024,6
2024-05-20T00:00:00-04:00,1.401208,QQQ,0.006973,2023–Aug 2024,6
2024-05-21T00:00:00-04:00,1.403949,QQQ,0.001956,2023–Aug 2024,6
2024-05-22T00:00:00-04:00,1.403672,QQQ,-0.000197,2023–Aug 2024,6
2024-05-23T00:00:00-04:00,1.397358,QQQ,-0.004498,2023–Aug 2024,6
2024-05-24T00:00:00-04:00,1.410571,QQQ,0.009456,2023–Aug 2024,6
2024-05-28T00:00:00-04:00,1.415900,QQQ,0.003778,2023–Aug 2024,6
2024-05-29T00:00:00-04:00,1.405920,QQQ,-0.007048,2023–Aug 2024,6
2024-05-30T00:00:00-04:00,1.390858,QQQ,-0.010713,2023–Aug 2024,6
2024-05-31T00:00:00-04:00,1.388271,QQQ,-0.001860,2023–Aug 2024,6
2024-06-03T00:00:00-04:00,1.395725,QQQ,0.005369,2023–Aug 2024,6
2024-06-04T00:00:00-04:00,1.399544,QQQ,0.002736,2023–Aug 2024,6
2024-06-05T00:00:00-04:00,1.427759,QQQ,0.020160,2023–Aug 2024,6
2024-06-06T00:00:00-04:00,1.427266,QQQ,-0.000345,2023–Aug 2024,6
2024-06-07T00:00:00-04:00,1.426003,QQQ,-0.000885,2023–Aug 2024,6
2024-06-10T00:00:00-04:00,1.431763,QQQ,0.004039,2023–Aug 2024,6
2024-06-11T00:00:00-04:00,1.441589,QQQ,0.006863,2023–Aug 2024,6
2024-06-12T00:00:00-04:00,1.460470,QQQ,0.013098,2023–Aug 2024,6
2024-06-13T00:00:00-04:00,1.468386,QQQ,0.005420,2023–Aug 2024,6
2024-06-14T00:00:00-04:00,1.475994,QQQ,0.005181,2023–Aug 2024,6
2024-06-17T00:00:00-04:00,1.494075,QQQ,0.012250,2023–Aug 2024,6
2024-06-18T00:00:00-04:00,1.494537,QQQ,0.000309,2023–Aug 2024,6
2024-06-20T00:00:00-04:00,1.483017,QQQ,-0.007708,2023–Aug 2024,6
2024-06-21T00:00:00-04:00,1.479044,QQQ,-0.002679,2023–Aug 2024,6
2024-06-24T00:00:00-04:00,1.462205,QQQ,-0.011385,2023–Aug 2024,6
2024-06-25T00:00:00-04:00,1.478927,QQQ,0.011436,2023–Aug 2024,6
2024-06-26T00:00:00-04:00,1.481981,QQQ,0.002065,2023–Aug 2024,6
2024-06-27T00:00:00-04:00,1.485806,QQQ,0.002581,2023–Aug 2024,6
2024-06-28T00:00:00-04:00,1.478093,QQQ,-0.005191,2023–Aug 2024,6
2024-07-01T00:00:00-04:00,1.486763,QQQ,0.005865,2023–Aug 2024,6
2024-07-02T00:00:00-04:00,1.502373,QQQ,0.010500,2023–Aug 2024,6
2024-07-03T00:00:00-04:00,1.514899,QQQ,0.008337,2023–Aug 2024,6
2024-07-05T00:00:00-04:00,1.530694,QQQ,0.010427,2023–Aug 2024,6
2024-07-08T00:00:00-04:00,1.534335,QQQ,0.002378,2023–Aug 2024,6
2024-07-09T00:00:00-04:00,1.535661,QQQ,0.000864,2023–Aug 2024,6
2024-07-10T00:00:00-04:00,1.551673,QQQ,0.010427,2023–Aug 2024,6
2024-07-11T00:00:00-04:00,1.517644,QQQ,-0.021930,2023–Aug 2024,6
2024-07-12T00:00:00-04:00,1.526560,QQQ,0.005875,2023–Aug 2024,6
2024-07-15T00:00:00-04:00,1.530664,QQQ,0.002688,2023–Aug 2024,6
2024-07-16T00:00:00-04:00,1.531250,QQQ,0.000383,2023–Aug 2024,6
2024-07-17T00:00:00-04:00,1.486300,QQQ,-0.029355,2023–Aug 2024,6
2024-07-18T00:00:00-04:00,1.479266,QQQ,-0.004733,2023–Aug 2024,6
2024-07-19T00:00:00-04:00,1.466154,QQQ,-0.008863,2023–Aug 2024,6
2024-07-22T00:00:00-04:00,1.487997,QQQ,0.014898,2023–Aug 2024,6
2024-07-23T00:00:00-04:00,1.482752,QQQ,-0.003525,2023–Aug 2024,6
2024-07-24T00:00:00-04:00,1.429565,QQQ,-0.035870,2023–Aug 2024,6
2024-07-25T00:00:00-04:00,1.413801,QQQ,-0.011028,2023–Aug 2024,6
2024-07-26T00:00:00-04:00,1.428300,QQQ,0.010256,2023–Aug 2024,6
2024-07-29T00:00:00-04:00,1.431169,QQQ,0.002009,2023–Aug 2024,6
2024-07-30T00:00:00-04:00,1.411518,QQQ,-0.013731,2023–Aug 2024,6
2024-07-31T00:00:00-04:00,1.453290,QQQ,0.029594,2023–Aug 2024,6
2024-08-01T00:00:00-04:00,1.446838,GLD,-0.003443,2023–Aug 2024,6
2024-08-02T00:00:00-04:00,1.444082,GLD,-0.001905,2023–Aug 2024,6
2024-08-05T00:00:00-04:00,1.425754,GLD,-0.012692,2023–Aug 2024,6
2024-08-06T00:00:00-04:00,1.414347,GLD,-0.008001,2023–Aug 2024,6
2024-08-07T00:00:00-04:00,1.413386,GLD,-0.000680,2023–Aug 2024,6
2024-08-08T00:00:00-04:00,1.435559,GLD,0.015688,2023–Aug 2024,6
2024-08-09T00:00:00-04:00,1.439084,GLD,0.002455,2023–Aug 2024,6
2024-08-12T00:00:00-04:00,1.463756,GLD,0.017145,2023–Aug 2024,6
2024-08-13T00:00:00-04:00,1.461513,GLD,-0.001532,2023–Aug 2024,6
2024-08-14T00:00:00-04:00,1.449593,GLD,-0.008156,2023–Aug 2024,6
2024-08-15T00:00:00-04:00,1.454144,GLD,0.003139,2023–Aug 2024,6
2024-08-16T00:00:00-04:00,1.486699,GLD,0.022388,2023–Aug 2024,6
2024-08-19T00:00:00-04:00,1.484263,GLD,-0.001638,2023–Aug 2024,6
2024-08-20T00:00:00-04:00,1.489710,GLD,0.003670,2023–Aug 2024,6
2024-08-21T00:00:00-04:00,1.487724,GLD,-0.001334,2023–Aug 2024,6
2024-08-22T00:00:00-04:00,1.469908,GLD,-0.011975,2023–Aug 2024,6
2024-08-23T00:00:00-04:00,1.486891,GLD,0.011553,2023–Aug 2024,6
2024-08-26T00:00:00-04:00,1.491633,GLD,0.003189,2023–Aug 2024,6
2024-08-27T00:00:00-04:00,1.495670,GLD,0.002707,2023–Aug 2024,6
2024-08-28T00:00:00-04:00,1.485160,GLD,-0.007027,2023–Aug 2024,6
2024-08-29T00:00:00-04:00,1.492851,GLD,0.005178,2023–Aug 2024,6
2024-08-30T00:00:00-04:00,1.482213,GLD,-0.007126,2023–Aug 2024,6
2024-08-01T00:00:00-04:00,1.000000,GLD,-0.003443,Aug 2024–Aug 2026,12
2024-08-02T00:00:00-04:00,0.998095,GLD,-0.001905,Aug 2024–Aug 2026,12
2024-08-05T00:00:00-04:00,0.985428,GLD,-0.012692,Aug 2024–Aug 2026,12
2024-08-06T00:00:00-04:00,0.977543,GLD,-0.008001,Aug 2024–Aug 2026,12
2024-08-07T00:00:00-04:00,0.976879,GLD,-0.000680,Aug 2024–Aug 2026,12
2024-08-08T00:00:00-04:00,0.992204,GLD,0.015688,Aug 2024–Aug 2026,12
2024-08-09T00:00:00-04:00,0.994641,GLD,0.002455,Aug 2024–Aug 2026,12
2024-08-12T00:00:00-04:00,1.011693,GLD,0.017145,Aug 2024–Aug 2026,12
2024-08-13T00:00:00-04:00,1.010143,GLD,-0.001532,Aug 2024–Aug 2026,12
2024-08-14T00:00:00-04:00,1.001905,GLD,-0.008156,Aug 2024–Aug 2026,12
2024-08-15T00:00:00-04:00,1.005049,GLD,0.003139,Aug 2024–Aug 2026,12
2024-08-16T00:00:00-04:00,1.027550,GLD,0.022388,Aug 2024–Aug 2026,12
2024-08-19T00:00:00-04:00,1.025867,GLD,-0.001638,Aug 2024–Aug 2026,12
2024-08-20T00:00:00-04:00,1.029632,GLD,0.003670,Aug 2024–Aug 2026,12
2024-08-21T00:00:00-04:00,1.028259,GLD,-0.001334,Aug 2024–Aug 2026,12
2024-08-22T00:00:00-04:00,1.015945,GLD,-0.011975,Aug 2024–Aug 2026,12
2024-08-23T00:00:00-04:00,1.027683,GLD,0.011553,Aug 2024–Aug 2026,12
2024-08-26T00:00:00-04:00,1.030961,GLD,0.003189,Aug 2024–Aug 2026,12
2024-08-27T00:00:00-04:00,1.033751,GLD,0.002707,Aug 2024–Aug 2026,12
2024-08-28T00:00:00-04:00,1.026487,GLD,-0.007027,Aug 2024–Aug 2026,12
2024-08-29T00:00:00-04:00,1.031802,GLD,0.005178,Aug 2024–Aug 2026,12
2024-08-30T00:00:00-04:00,1.024450,GLD,-0.007126,Aug 2024–Aug 2026,12
2024-09-03T00:00:00-04:00,0.992353,QQQ,-0.030361,Aug 2024–Aug 2026,12
2024-09-04T00:00:00-04:00,0.989774,QQQ,-0.002599,Aug 2024–Aug 2026,12
2024-09-05T00:00:00-04:00,0.990698,QQQ,0.000934,Aug 2024–Aug 2026,12
2024-09-06T00:00:00-04:00,0.964161,QQQ,-0.026787,Aug 2024–Aug 2026,12
2024-09-09T00:00:00-04:00,0.976559,QQQ,0.012860,Aug 2024–Aug 2026,12
2024-09-10T00:00:00-04:00,0.985584,QQQ,0.009242,Aug 2024–Aug 2026,12
2024-09-11T00:00:00-04:00,1.006987,QQQ,0.021715,Aug 2024–Aug 2026,12
2024-09-12T00:00:00-04:00,1.016871,QQQ,0.009816,Aug 2024–Aug 2026,12
2024-09-13T00:00:00-04:00,1.021427,QQQ,0.004480,Aug 2024–Aug 2026,12
2024-09-16T00:00:00-04:00,1.016914,QQQ,-0.004418,Aug 2024–Aug 2026,12
2024-09-17T00:00:00-04:00,1.017452,QQQ,0.000528,Aug 2024–Aug 2026,12
2024-09-18T00:00:00-04:00,1.013046,QQQ,-0.004330,Aug 2024–Aug 2026,12
2024-09-19T00:00:00-04:00,1.038660,QQQ,0.025284,Aug 2024–Aug 2026,12
2024-09-20T00:00:00-04:00,1.036684,QQQ,-0.001903,Aug 2024–Aug 2026,12
2024-09-23T00:00:00-04:00,1.039432,QQQ,0.002651,Aug 2024–Aug 2026,12
2024-09-24T00:00:00-04:00,1.044445,QQQ,0.004824,Aug 2024–Aug 2026,12
2024-09-25T00:00:00-04:00,1.045414,QQQ,0.000927,Aug 2024–Aug 2026,12
2024-09-26T00:00:00-04:00,1.053268,QQQ,0.007513,Aug 2024–Aug 2026,12
2024-09-27T00:00:00-04:00,1.047415,QQQ,-0.005557,Aug 2024–Aug 2026,12
2024-09-30T00:00:00-04:00,1.050255,QQQ,0.002712,Aug 2024–Aug 2026,12
2024-10-01T00:00:00-04:00,1.060212,GLD,0.010491,Aug 2024–Aug 2026,12
2024-10-02T00:00:00-04:00,1.060428,GLD,0.000204,Aug 2024–Aug 2026,12
2024-10-03T00:00:00-04:00,1.059694,GLD,-0.000692,Aug 2024–Aug 2026,12
2024-10-04T00:00:00-04:00,1.057579,GLD,-0.001996,Aug 2024–Aug 2026,12
2024-10-07T00:00:00-04:00,1.053996,GLD,-0.003388,Aug 2024–Aug 2026,12
2024-10-08T00:00:00-04:00,1.046226,GLD,-0.007372,Aug 2024–Aug 2026,12
2024-10-09T00:00:00-04:00,1.040529,GLD,-0.005446,Aug 2024–Aug 2026,12
2024-10-10T00:00:00-04:00,1.048169,GLD,0.007343,Aug 2024–Aug 2026,12
2024-10-11T00:00:00-04:00,1.059608,GLD,0.010913,Aug 2024–Aug 2026,12
2024-10-14T00:00:00-04:00,1.057881,GLD,-0.001630,Aug 2024–Aug 2026,12
2024-10-15T00:00:00-04:00,1.061551,GLD,0.003468,Aug 2024–Aug 2026,12
2024-10-16T00:00:00-04:00,1.066860,GLD,0.005002,Aug 2024–Aug 2026,12
2024-10-17T00:00:00-04:00,1.073249,GLD,0.005988,Aug 2024–Aug 2026,12
2024-10-18T00:00:00-04:00,1.084645,GLD,0.010618,Aug 2024–Aug 2026,12
2024-10-21T00:00:00-04:00,1.084429,GLD,-0.000199,Aug 2024–Aug 2026,12
2024-10-22T00:00:00-04:00,1.096127,GLD,0.010787,Aug 2024–Aug 2026,12
2024-10-23T00:00:00-04:00,1.082918,GLD,-0.012051,Aug 2024–Aug 2026,12
2024-10-24T00:00:00-04:00,1.091249,GLD,0.007693,Aug 2024–Aug 2026,12
2024-10-25T00:00:00-04:00,1.093494,GLD,0.002057,Aug 2024–Aug 2026,12
2024-10-28T00:00:00-04:00,1.093537,GLD,0.000039,Aug 2024–Aug 2026,12
2024-10-29T00:00:00-04:00,1.105451,GLD,0.010895,Aug 2024–Aug 2026,12
2024-10-30T00:00:00-04:00,1.111537,GLD,0.005506,Aug 2024–Aug 2026,12
2024-10-31T00:00:00-04:00,1.094314,GLD,-0.015495,Aug 2024–Aug 2026,12
2024-11-01T00:00:00-04:00,1.101308,QQQ,0.007399,Aug 2024–Aug 2026,12
2024-11-04T00:00:00-05:00,1.098100,QQQ,-0.002913,Aug 2024–Aug 2026,12
2024-11-05T00:00:00-05:00,1.112108,QQQ,0.012757,Aug 2024–Aug 2026,12
2024-11-06T00:00:00-05:00,1.142317,QQQ,0.027163,Aug 2024–Aug 2026,12
2024-11-07T00:00:00-05:00,1.160302,QQQ,0.015744,Aug 2024–Aug 2026,12
2024-11-08T00:00:00-05:00,1.161657,QQQ,0.001168,Aug 2024–Aug 2026,12
2024-11-11T00:00:00-05:00,1.160980,QQQ,-0.000583,Aug 2024–Aug 2026,12
2024-11-12T00:00:00-05:00,1.158878,QQQ,-0.001810,Aug 2024–Aug 2026,12
2024-11-13T00:00:00-05:00,1.157387,QQQ,-0.001287,Aug 2024–Aug 2026,12
2024-11-14T00:00:00-05:00,1.149344,QQQ,-0.006950,Aug 2024–Aug 2026,12
2024-11-15T00:00:00-05:00,1.121959,QQQ,-0.023826,Aug 2024–Aug 2026,12
2024-11-18T00:00:00-05:00,1.129754,QQQ,0.006948,Aug 2024–Aug 2026,12
2024-11-19T00:00:00-05:00,1.137527,QQQ,0.006880,Aug 2024–Aug 2026,12
2024-11-20T00:00:00-05:00,1.136872,QQQ,-0.000576,Aug 2024–Aug 2026,12
2024-11-21T00:00:00-05:00,1.140961,QQQ,0.003597,Aug 2024–Aug 2026,12
2024-11-22T00:00:00-05:00,1.142791,QQQ,0.001604,Aug 2024–Aug 2026,12
2024-11-25T00:00:00-05:00,1.144599,QQQ,0.001582,Aug 2024–Aug 2026,12
2024-11-26T00:00:00-05:00,1.150744,QQQ,0.005369,Aug 2024–Aug 2026,12
2024-11-27T00:00:00-05:00,1.141684,QQQ,-0.007873,Aug 2024–Aug 2026,12
2024-11-29T00:00:00-05:00,1.151716,QQQ,0.008787,Aug 2024–Aug 2026,12
2024-12-02T00:00:00-05:00,1.164256,QQQ,0.010888,Aug 2024–Aug 2026,12
2024-12-03T00:00:00-05:00,1.167826,QQQ,0.003066,Aug 2024–Aug 2026,12
2024-12-04T00:00:00-05:00,1.182263,QQQ,0.012363,Aug 2024–Aug 2026,12
2024-12-05T00:00:00-05:00,1.178987,QQQ,-0.002771,Aug 2024–Aug 2026,12
2024-12-06T00:00:00-05:00,1.189539,QQQ,0.008949,Aug 2024–Aug 2026,12
2024-12-09T00:00:00-05:00,1.180275,QQQ,-0.007787,Aug 2024–Aug 2026,12
2024-12-10T00:00:00-05:00,1.176253,QQQ,-0.003408,Aug 2024–Aug 2026,12
2024-12-11T00:00:00-05:00,1.197311,QQQ,0.017903,Aug 2024–Aug 2026,12
2024-12-12T00:00:00-05:00,1.189584,QQQ,-0.006454,Aug 2024–Aug 2026,12
2024-12-13T00:00:00-05:00,1.198689,QQQ,0.007654,Aug 2024–Aug 2026,12
2024-12-16T00:00:00-05:00,1.215951,QQQ,0.014400,Aug 2024–Aug 2026,12
2024-12-17T00:00:00-05:00,1.210596,QQQ,-0.004404,Aug 2024–Aug 2026,12
2024-12-18T00:00:00-05:00,1.166922,QQQ,-0.036077,Aug 2024–Aug 2026,12
2024-12-19T00:00:00-05:00,1.161725,QQQ,-0.004453,Aug 2024–Aug 2026,12
2024-12-20T00:00:00-05:00,1.171870,QQQ,0.008732,Aug 2024–Aug 2026,12
2024-12-23T00:00:00-05:00,1.183287,QQQ,0.009743,Aug 2024–Aug 2026,12
2024-12-24T00:00:00-05:00,1.199332,QQQ,0.013560,Aug 2024–Aug 2026,12
2024-12-26T00:00:00-05:00,1.198517,QQQ,-0.000679,Aug 2024–Aug 2026,12
2024-12-27T00:00:00-05:00,1.182586,QQQ,-0.013293,Aug 2024–Aug 2026,12
2024-12-30T00:00:00-05:00,1.166857,QQQ,-0.013300,Aug 2024–Aug 2026,12
2024-12-31T00:00:00-05:00,1.156945,QQQ,-0.008495,Aug 2024–Aug 2026,12
2025-01-02T00:00:00-05:00,1.171493,GLD,0.013588,Aug 2024–Aug 2026,12
2025-01-03T00:00:00-05:00,1.162280,GLD,-0.007864,Aug 2024–Aug 2026,12
2025-01-06T00:00:00-05:00,1.160848,GLD,-0.001232,Aug 2024–Aug 2026,12
2025-01-07T00:00:00-05:00,1.167388,GLD,0.005633,Aug 2024–Aug 2026,12
2025-01-08T00:00:00-05:00,1.173593,GLD,0.005316,Aug 2024–Aug 2026,12
2025-01-10T00:00:00-05:00,1.184811,GLD,0.009558,Aug 2024–Aug 2026,12
2025-01-13T00:00:00-05:00,1.173020,GLD,-0.009951,Aug 2024–Aug 2026,12
2025-01-14T00:00:00-05:00,1.179178,GLD,0.005249,Aug 2024–Aug 2026,12
2025-01-15T00:00:00-05:00,1.188009,GLD,0.007489,Aug 2024–Aug 2026,12
2025-01-16T00:00:00-05:00,1.196219,GLD,0.006911,Aug 2024–Aug 2026,12
2025-01-17T00:00:00-05:00,1.189870,GLD,-0.005307,Aug 2024–Aug 2026,12
2025-01-21T00:00:00-05:00,1.208296,GLD,0.015485,Aug 2024–Aug 2026,12
2025-01-22T00:00:00-05:00,1.214501,GLD,0.005136,Aug 2024–Aug 2026,12
2025-01-23T00:00:00-05:00,1.212783,GLD,-0.001415,Aug 2024–Aug 2026,12
2025-01-24T00:00:00-05:00,1.220325,GLD,0.006219,Aug 2024–Aug 2026,12
2025-01-27T00:00:00-05:00,1.207628,GLD,-0.010405,Aug 2024–Aug 2026,12
2025-01-28T00:00:00-05:00,1.218081,GLD,0.008656,Aug 2024–Aug 2026,12
2025-01-29T00:00:00-05:00,1.213403,GLD,-0.003840,Aug 2024–Aug 2026,12
2025-01-30T00:00:00-05:00,1.231781,GLD,0.015146,Aug 2024–Aug 2026,12
2025-01-31T00:00:00-05:00,1.234215,GLD,0.001976,Aug 2024–Aug 2026,12
2025-02-03T00:00:00-05:00,1.240803,GLD,0.005337,Aug 2024–Aug 2026,12
2025-02-04T00:00:00-05:00,1.253023,GLD,0.009848,Aug 2024–Aug 2026,12
2025-02-05T00:00:00-05:00,1.260803,GLD,0.006210,Aug 2024–Aug 2026,12
2025-02-06T00:00:00-05:00,1.257462,GLD,-0.002650,Aug 2024–Aug 2026,12
2025-02-07T00:00:00-05:00,1.259705,GLD,0.001784,Aug 2024–Aug 2026,12
2025-02-10T00:00:00-05:00,1.281043,GLD,0.016938,Aug 2024–Aug 2026,12
2025-02-11T00:00:00-05:00,1.276365,GLD,-0.003652,Aug 2024–Aug 2026,12
2025-02-12T00:00:00-05:00,1.277701,GLD,0.001047,Aug 2024–Aug 2026,12
2025-02-13T00:00:00-05:00,1.290303,GLD,0.009863,Aug 2024–Aug 2026,12
2025-02-14T00:00:00-05:00,1.271114,GLD,-0.014872,Aug 2024–Aug 2026,12
2025-02-18T00:00:00-05:00,1.292165,GLD,0.016561,Aug 2024–Aug 2026,12
2025-02-19T00:00:00-05:00,1.292881,GLD,0.000554,Aug 2024–Aug 2026,12
2025-02-20T00:00:00-05:00,1.293549,GLD,0.000517,Aug 2024–Aug 2026,12
2025-02-21T00:00:00-05:00,1.292356,GLD,-0.000923,Aug 2024–Aug 2026,12
2025-02-24T00:00:00-05:00,1.299373,GLD,0.005430,Aug 2024–Aug 2026,12
2025-02-25T00:00:00-05:00,1.282236,GLD,-0.013188,Aug 2024–Aug 2026,12
2025-02-26T00:00:00-05:00,1.284193,GLD,0.001526,Aug 2024–Aug 2026,12
2025-02-27T00:00:00-05:00,1.264622,GLD,-0.015240,Aug 2024–Aug 2026,12
2025-02-28T00:00:00-05:00,1.256698,GLD,-0.006266,Aug 2024–Aug 2026,12
2025-03-03T00:00:00-05:00,1.273262,GLD,0.013180,Aug 2024–Aug 2026,12
2025-03-04T00:00:00-05:00,1.284336,GLD,0.008698,Aug 2024–Aug 2026,12
2025-03-05T00:00:00-05:00,1.287009,GLD,0.002081,Aug 2024–Aug 2026,12
2025-03-06T00:00:00-05:00,1.280470,GLD,-0.005081,Aug 2024–Aug 2026,12
2025-03-07T00:00:00-05:00,1.281138,GLD,0.000522,Aug 2024–Aug 2026,12
2025-03-10T00:00:00-04:00,1.269921,GLD,-0.008756,Aug 2024–Aug 2026,12
2025-03-11T00:00:00-04:00,1.284814,GLD,0.011728,Aug 2024–Aug 2026,12
2025-03-12T00:00:00-04:00,1.290399,GLD,0.004347,Aug 2024–Aug 2026,12
2025-03-13T00:00:00-04:00,1.313311,GLD,0.017756,Aug 2024–Aug 2026,12
2025-03-14T00:00:00-04:00,1.313836,GLD,0.000400,Aug 2024–Aug 2026,12
2025-03-17T00:00:00-04:00,1.320949,GLD,0.005414,Aug 2024–Aug 2026,12
2025-03-18T00:00:00-04:00,1.336367,GLD,0.011672,Aug 2024–Aug 2026,12
2025-03-19T00:00:00-04:00,1.341856,GLD,0.004108,Aug 2024–Aug 2026,12
2025-03-20T00:00:00-04:00,1.340138,GLD,-0.001281,Aug 2024–Aug 2026,12
2025-03-21T00:00:00-04:00,1.329350,GLD,-0.008050,Aug 2024–Aug 2026,12
2025-03-24T00:00:00-04:00,1.323431,GLD,-0.004453,Aug 2024–Aug 2026,12
2025-03-25T00:00:00-04:00,1.329254,GLD,0.004400,Aug 2024–Aug 2026,12
2025-03-26T00:00:00-04:00,1.328156,GLD,-0.000826,Aug 2024–Aug 2026,12
2025-03-27T00:00:00-04:00,1.345961,GLD,0.013406,Aug 2024–Aug 2026,12
2025-03-28T00:00:00-04:00,1.355938,GLD,0.007412,Aug 2024–Aug 2026,12
2025-03-31T00:00:00-04:00,1.375413,GLD,0.014363,Aug 2024–Aug 2026,12
2025-04-01T00:00:00-04:00,1.372692,GLD,-0.001978,Aug 2024–Aug 2026,12
2025-04-02T00:00:00-04:00,1.375509,GLD,0.002052,Aug 2024–Aug 2026,12
2025-04-03T00:00:00-04:00,1.367203,GLD,-0.006038,Aug 2024–Aug 2026,12
2025-04-04T00:00:00-04:00,1.335221,GLD,-0.023392,Aug 2024–Aug 2026,12
2025-04-07T00:00:00-04:00,1.306533,GLD,-0.021486,Aug 2024–Aug 2026,12
2025-04-08T00:00:00-04:00,1.313645,GLD,0.005444,Aug 2024–Aug 2026,12
2025-04-09T00:00:00-04:00,1.362239,GLD,0.036991,Aug 2024–Aug 2026,12
2025-04-10T00:00:00-04:00,1.395509,GLD,0.024424,Aug 2024–Aug 2026,12
2025-04-11T00:00:00-04:00,1.422145,GLD,0.019087,Aug 2024–Aug 2026,12
2025-04-14T00:00:00-04:00,1.414030,GLD,-0.005706,Aug 2024–Aug 2026,12
2025-04-15T00:00:00-04:00,1.421429,GLD,0.005232,Aug 2024–Aug 2026,12
2025-04-16T00:00:00-04:00,1.467683,GLD,0.032541,Aug 2024–Aug 2026,12
2025-04-17T00:00:00-04:00,1.461239,GLD,-0.004391,Aug 2024–Aug 2026,12
2025-04-21T00:00:00-04:00,1.506444,GLD,0.030936,Aug 2024–Aug 2026,12
2025-04-22T00:00:00-04:00,1.485059,GLD,-0.014196,Aug 2024–Aug 2026,12
2025-04-23T00:00:00-04:00,1.449449,GLD,-0.023979,Aug 2024–Aug 2026,12
2025-04-24T00:00:00-04:00,1.470547,GLD,0.014556,Aug 2024–Aug 2026,12
2025-04-25T00:00:00-04:00,1.454604,GLD,-0.010842,Aug 2024–Aug 2026,12
2025-04-28T00:00:00-04:00,1.475321,GLD,0.014242,Aug 2024–Aug 2026,12
2025-04-29T00:00:00-04:00,1.460953,GLD,-0.009739,Aug 2024–Aug 2026,12
2025-04-30T00:00:00-04:00,1.450022,GLD,-0.007482,Aug 2024–Aug 2026,12
2025-05-01T00:00:00-04:00,1.419901,GLD,-0.020772,Aug 2024–Aug 2026,12
2025-05-02T00:00:00-04:00,1.422384,GLD,0.001748,Aug 2024–Aug 2026,12
2025-05-05T00:00:00-04:00,1.464867,GLD,0.029868,Aug 2024–Aug 2026,12
2025-05-06T00:00:00-04:00,1.505919,GLD,0.028024,Aug 2024–Aug 2026,12
2025-05-07T00:00:00-04:00,1.483340,GLD,-0.014993,Aug 2024–Aug 2026,12
2025-05-08T00:00:00-04:00,1.454127,GLD,-0.019694,Aug 2024–Aug 2026,12
2025-05-09T00:00:00-04:00,1.464676,GLD,0.007255,Aug 2024–Aug 2026,12
2025-05-12T00:00:00-04:00,1.423386,GLD,-0.028191,Aug 2024–Aug 2026,12
2025-05-13T00:00:00-04:00,1.429448,GLD,0.004259,Aug 2024–Aug 2026,12
2025-05-14T00:00:00-04:00,1.399376,GLD,-0.021038,Aug 2024–Aug 2026,12
2025-05-15T00:00:00-04:00,1.421715,GLD,0.015964,Aug 2024–Aug 2026,12
2025-05-16T00:00:00-04:00,1.404531,GLD,-0.012087,Aug 2024–Aug 2026,12
2025-05-19T00:00:00-04:00,1.422622,GLD,0.012881,Aug 2024–Aug 2026,12
2025-05-20T00:00:00-04:00,1.449115,GLD,0.018622,Aug 2024–Aug 2026,12
2025-05-21T00:00:00-04:00,1.459807,GLD,0.007379,Aug 2024–Aug 2026,12
2025-05-22T00:00:00-04:00,1.446871,GLD,-0.008861,Aug 2024–Aug 2026,12
2025-05-23T00:00:00-04:00,1.478567,GLD,0.021906,Aug 2024–Aug 2026,12
2025-05-27T00:00:00-04:00,1.453506,GLD,-0.016949,Aug 2024–Aug 2026,12
2025-05-28T00:00:00-04:00,1.450213,GLD,-0.002266,Aug 2024–Aug 2026,12
2025-05-29T00:00:00-04:00,1.458805,GLD,0.005925,Aug 2024–Aug 2026,12
2025-05-30T00:00:00-04:00,1.449210,GLD,-0.006577,Aug 2024–Aug 2026,12
2025-06-02T00:00:00-04:00,1.487732,GLD,0.026581,Aug 2024–Aug 2026,12
2025-06-03T00:00:00-04:00,1.474557,GLD,-0.008856,Aug 2024–Aug 2026,12
2025-06-04T00:00:00-04:00,1.484056,GLD,0.006442,Aug 2024–Aug 2026,12
2025-06-05T00:00:00-04:00,1.476562,GLD,-0.005050,Aug 2024–Aug 2026,12
2025-06-06T00:00:00-04:00,1.456752,GLD,-0.013416,Aug 2024–Aug 2026,12
2025-06-09T00:00:00-04:00,1.463626,GLD,0.004719,Aug 2024–Aug 2026,12
2025-06-10T00:00:00-04:00,1.464056,GLD,0.000294,Aug 2024–Aug 2026,12
2025-06-11T00:00:00-04:00,1.471979,GLD,0.005412,Aug 2024–Aug 2026,12
2025-06-12T00:00:00-04:00,1.490262,GLD,0.012420,Aug 2024–Aug 2026,12
2025-06-13T00:00:00-04:00,1.509785,GLD,0.013101,Aug 2024–Aug 2026,12
2025-06-16T00:00:00-04:00,1.488257,GLD,-0.014259,Aug 2024–Aug 2026,12
2025-06-17T00:00:00-04:00,1.489021,GLD,0.000513,Aug 2024–Aug 2026,12
2025-06-18T00:00:00-04:00,1.481001,GLD,-0.005386,Aug 2024–Aug 2026,12
2025-06-20T00:00:00-04:00,1.480381,GLD,-0.000419,Aug 2024–Aug 2026,12
2025-06-23T00:00:00-04:00,1.484915,GLD,0.003063,Aug 2024–Aug 2026,12
2025-06-24T00:00:00-04:00,1.461573,GLD,-0.015719,Aug 2024–Aug 2026,12
2025-06-25T00:00:00-04:00,1.466013,GLD,0.003037,Aug 2024–Aug 2026,12
2025-06-26T00:00:00-04:00,1.464390,GLD,-0.001107,Aug 2024–Aug 2026,12
2025-06-27T00:00:00-04:00,1.437850,GLD,-0.018124,Aug 2024–Aug 2026,12
2025-06-30T00:00:00-04:00,1.455082,GLD,0.011985,Aug 2024–Aug 2026,12
2025-07-01T00:00:00-04:00,1.468065,GLD,0.008923,Aug 2024–Aug 2026,12
2025-07-02T00:00:00-04:00,1.476180,GLD,0.005528,Aug 2024–Aug 2026,12
2025-07-03T00:00:00-04:00,1.466108,GLD,-0.006823,Aug 2024–Aug 2026,12
2025-07-07T00:00:00-04:00,1.467206,GLD,0.000749,Aug 2024–Aug 2026,12
2025-07-08T00:00:00-04:00,1.451883,GLD,-0.010443,Aug 2024–Aug 2026,12
2025-07-09T00:00:00-04:00,1.458375,GLD,0.004471,Aug 2024–Aug 2026,12
2025-07-10T00:00:00-04:00,1.461621,GLD,0.002226,Aug 2024–Aug 2026,12
2025-07-11T00:00:00-04:00,1.475655,GLD,0.009602,Aug 2024–Aug 2026,12
2025-07-14T00:00:00-04:00,1.470261,GLD,-0.003655,Aug 2024–Aug 2026,12
2025-07-15T00:00:00-04:00,1.464151,GLD,-0.004156,Aug 2024–Aug 2026,12
2025-07-16T00:00:00-04:00,1.471454,GLD,0.004988,Aug 2024–Aug 2026,12
2025-07-17T00:00:00-04:00,1.468256,GLD,-0.002174,Aug 2024–Aug 2026,12
2025-07-18T00:00:00-04:00,1.472075,GLD,0.002601,Aug 2024–Aug 2026,12
2025-07-21T00:00:00-04:00,1.494701,GLD,0.015370,Aug 2024–Aug 2026,12
2025-07-22T00:00:00-04:00,1.508878,GLD,0.009485,Aug 2024–Aug 2026,12
2025-07-23T00:00:00-04:00,1.490166,GLD,-0.012401,Aug 2024–Aug 2026,12
2025-07-24T00:00:00-04:00,1.481049,GLD,-0.006118,Aug 2024–Aug 2026,12
2025-07-25T00:00:00-04:00,1.467349,GLD,-0.009250,Aug 2024–Aug 2026,12
2025-07-28T00:00:00-04:00,1.457850,GLD,-0.006474,Aug 2024–Aug 2026,12
2025-07-29T00:00:00-04:00,1.461860,GLD,0.002750,Aug 2024–Aug 2026,12
2025-07-30T00:00:00-04:00,1.436608,GLD,-0.017273,Aug 2024–Aug 2026,12
2025-07-31T00:00:00-04:00,1.446155,GLD,0.006645,Aug 2024–Aug 2026,12
2025-08-01T00:00:00-04:00,1.475512,GLD,0.020300,Aug 2024–Aug 2026,12
2025-08-04T00:00:00-04:00,1.484104,GLD,0.005823,Aug 2024–Aug 2026,12
2025-08-05T00:00:00-04:00,1.485297,GLD,0.000804,Aug 2024–Aug 2026,12
2025-08-06T00:00:00-04:00,1.482147,GLD,-0.002121,Aug 2024–Aug 2026,12
2025-08-07T00:00:00-04:00,1.494653,GLD,0.008438,Aug 2024–Aug 2026,12
2025-08-08T00:00:00-04:00,1.494319,GLD,-0.000224,Aug 2024–Aug 2026,12
2025-08-11T00:00:00-04:00,1.472839,GLD,-0.014375,Aug 2024–Aug 2026,12
2025-08-12T00:00:00-04:00,1.471502,GLD,-0.000907,Aug 2024–Aug 2026,12
2025-08-13T00:00:00-04:00,1.475989,GLD,0.003049,Aug 2024–Aug 2026,12
2025-08-14T00:00:00-04:00,1.466633,GLD,-0.006339,Aug 2024–Aug 2026,12
2025-08-15T00:00:00-04:00,1.467492,GLD,0.000586,Aug 2024–Aug 2026,12
2025-08-18T00:00:00-04:00,1.465201,GLD,-0.001561,Aug 2024–Aug 2026,12
2025-08-19T00:00:00-04:00,1.457182,GLD,-0.005473,Aug 2024–Aug 2026,12
2025-08-20T00:00:00-04:00,1.471932,GLD,0.010122,Aug 2024–Aug 2026,12
2025-08-21T00:00:00-04:00,1.466824,GLD,-0.003470,Aug 2024–Aug 2026,12
2025-08-22T00:00:00-04:00,1.482529,GLD,0.010706,Aug 2024–Aug 2026,12
2025-08-25T00:00:00-04:00,1.478949,GLD,-0.002415,Aug 2024–Aug 2026,12
2025-08-26T00:00:00-04:00,1.489689,GLD,0.007262,Aug 2024–Aug 2026,12
2025-08-27T00:00:00-04:00,1.492696,GLD,0.002019,Aug 2024–Aug 2026,12
2025-08-28T00:00:00-04:00,1.503770,GLD,0.007419,Aug 2024–Aug 2026,12
2025-08-29T00:00:00-04:00,1.518282,GLD,0.009650,Aug 2024–Aug 2026,12
2025-09-02T00:00:00-04:00,1.554178,GLD,0.023643,Aug 2024–Aug 2026,12
2025-09-03T00:00:00-04:00,1.566350,GLD,0.007832,Aug 2024–Aug 2026,12
2025-09-04T00:00:00-04:00,1.559429,GLD,-0.004419,Aug 2024–Aug 2026,12
2025-09-05T00:00:00-04:00,1.580241,GLD,0.013346,Aug 2024–Aug 2026,12
2025-09-08T00:00:00-04:00,1.598236,GLD,0.011388,Aug 2024–Aug 2026,12
2025-09-09T00:00:00-04:00,1.594609,GLD,-0.002270,Aug 2024–Aug 2026,12
2025-09-10T00:00:00-04:00,1.600337,GLD,0.003592,Aug 2024–Aug 2026,12
2025-09-11T00:00:00-04:00,1.597950,GLD,-0.001491,Aug 2024–Aug 2026,12
2025-09-12T00:00:00-04:00,1.601101,GLD,0.001972,Aug 2024–Aug 2026,12
2025-09-15T00:00:00-04:00,1.617760,GLD,0.010405,Aug 2024–Aug 2026,12
2025-09-16T00:00:00-04:00,1.621006,GLD,0.002006,Aug 2024–Aug 2026,12
2025-09-17T00:00:00-04:00,1.608499,GLD,-0.007715,Aug 2024–Aug 2026,12
2025-09-18T00:00:00-04:00,1.602055,GLD,-0.004006,Aug 2024–Aug 2026,12
2025-09-19T00:00:00-04:00,1.619049,GLD,0.010607,Aug 2024–Aug 2026,12
2025-09-22T00:00:00-04:00,1.647068,GLD,0.017306,Aug 2024–Aug 2026,12
2025-09-23T00:00:00-04:00,1.653799,GLD,0.004086,Aug 2024–Aug 2026,12
2025-09-24T00:00:00-04:00,1.638811,GLD,-0.009063,Aug 2024–Aug 2026,12
2025-09-25T00:00:00-04:00,1.645636,GLD,0.004165,Aug 2024–Aug 2026,12
2025-09-26T00:00:00-04:00,1.655136,GLD,0.005772,Aug 2024–Aug 2026,12
2025-09-29T00:00:00-04:00,1.682440,GLD,0.016497,Aug 2024–Aug 2026,12
2025-09-30T00:00:00-04:00,1.696808,GLD,0.008540,Aug 2024–Aug 2026,12
2025-10-01T00:00:00-04:00,1.699481,GLD,0.001575,Aug 2024–Aug 2026,12
2025-10-02T00:00:00-04:00,1.693562,GLD,-0.003483,Aug 2024–Aug 2026,12
2025-10-03T00:00:00-04:00,1.707166,GLD,0.008033,Aug 2024–Aug 2026,12
2025-10-06T00:00:00-04:00,1.739339,GLD,0.018846,Aug 2024–Aug 2026,12
2025-10-07T00:00:00-04:00,1.748313,GLD,0.005159,Aug 2024–Aug 2026,12
2025-10-08T00:00:00-04:00,1.777144,GLD,0.016491,Aug 2024–Aug 2026,12
2025-10-09T00:00:00-04:00,1.744351,GLD,-0.018453,Aug 2024–Aug 2026,12
2025-10-10T00:00:00-04:00,1.761965,GLD,0.010098,Aug 2024–Aug 2026,12
2025-10-13T00:00:00-04:00,1.804782,GLD,0.024301,Aug 2024–Aug 2026,12
2025-10-14T00:00:00-04:00,1.817671,GLD,0.007141,Aug 2024–Aug 2026,12
2025-10-15T00:00:00-04:00,1.849175,GLD,0.017332,Aug 2024–Aug 2026,12
2025-10-16T00:00:00-04:00,1.892422,GLD,0.023387,Aug 2024–Aug 2026,12
2025-10-17T00:00:00-04:00,1.856813,GLD,-0.018817,Aug 2024–Aug 2026,12
2025-10-20T00:00:00-04:00,1.924404,GLD,0.036402,Aug 2024–Aug 2026,12
2025-10-21T00:00:00-04:00,1.800725,GLD,-0.064269,Aug 2024–Aug 2026,12
2025-10-22T00:00:00-04:00,1.800916,GLD,0.000106,Aug 2024–Aug 2026,12
2025-10-23T00:00:00-04:00,1.808124,GLD,0.004002,Aug 2024–Aug 2026,12
2025-10-24T00:00:00-04:00,1.802061,GLD,-0.003353,Aug 2024–Aug 2026,12
2025-10-27T00:00:00-04:00,1.751893,GLD,-0.027840,Aug 2024–Aug 2026,12
2025-10-28T00:00:00-04:00,1.739339,GLD,-0.007166,Aug 2024–Aug 2026,12
2025-10-29T00:00:00-04:00,1.732751,GLD,-0.003787,Aug 2024–Aug 2026,12
2025-10-30T00:00:00-04:00,1.766786,GLD,0.019642,Aug 2024–Aug 2026,12
2025-10-31T00:00:00-04:00,1.757191,GLD,-0.005431,Aug 2024–Aug 2026,12
2025-11-03T00:00:00-05:00,1.760342,GLD,0.001793,Aug 2024–Aug 2026,12
2025-11-04T00:00:00-05:00,1.729506,GLD,-0.017517,Aug 2024–Aug 2026,12
2025-11-05T00:00:00-05:00,1.749506,GLD,0.011564,Aug 2024–Aug 2026,12
2025-11-06T00:00:00-05:00,1.747406,GLD,-0.001201,Aug 2024–Aug 2026,12
2025-11-07T00:00:00-05:00,1.758098,GLD,0.006119,Aug 2024–Aug 2026,12
2025-11-10T00:00:00-05:00,1.806167,GLD,0.027341,Aug 2024–Aug 2026,12
2025-11-11T00:00:00-05:00,1.813279,GLD,0.003938,Aug 2024–Aug 2026,12
2025-11-12T00:00:00-05:00,1.842492,GLD,0.016111,Aug 2024–Aug 2026,12
2025-11-13T00:00:00-05:00,1.827599,GLD,-0.008083,Aug 2024–Aug 2026,12
2025-11-14T00:00:00-05:00,1.794615,GLD,-0.018048,Aug 2024–Aug 2026,12
2025-11-17T00:00:00-05:00,1.774041,GLD,-0.011464,Aug 2024–Aug 2026,12
2025-11-18T00:00:00-05:00,1.786930,GLD,0.007265,Aug 2024–Aug 2026,12
2025-11-19T00:00:00-05:00,1.789841,GLD,0.001629,Aug 2024–Aug 2026,12
2025-11-20T00:00:00-05:00,1.789316,GLD,-0.000293,Aug 2024–Aug 2026,12
2025-11-21T00:00:00-05:00,1.786548,GLD,-0.001547,Aug 2024–Aug 2026,12
2025-11-24T00:00:00-05:00,1.814854,GLD,0.015844,Aug 2024–Aug 2026,12
2025-11-25T00:00:00-05:00,1.814281,GLD,-0.000316,Aug 2024–Aug 2026,12
2025-11-26T00:00:00-05:00,1.828793,GLD,0.007998,Aug 2024–Aug 2026,12
2025-11-28T00:00:00-05:00,1.851514,GLD,0.012424,Aug 2024–Aug 2026,12
2025-12-01T00:00:00-05:00,1.860440,GLD,0.004821,Aug 2024–Aug 2026,12
2025-12-02T00:00:00-05:00,1.848459,GLD,-0.006440,Aug 2024–Aug 2026,12
2025-12-03T00:00:00-05:00,1.846741,GLD,-0.000930,Aug 2024–Aug 2026,12
2025-12-04T00:00:00-05:00,1.847934,GLD,0.000646,Aug 2024–Aug 2026,12
2025-12-05T00:00:00-05:00,1.844640,GLD,-0.001782,Aug 2024–Aug 2026,12
2025-12-08T00:00:00-05:00,1.839772,GLD,-0.002639,Aug 2024–Aug 2026,12
2025-12-09T00:00:00-05:00,1.849223,GLD,0.005137,Aug 2024–Aug 2026,12
2025-12-10T00:00:00-05:00,1.857099,GLD,0.004259,Aug 2024–Aug 2026,12
2025-12-11T00:00:00-05:00,1.877100,GLD,0.010770,Aug 2024–Aug 2026,12
2025-12-12T00:00:00-05:00,1.887601,GLD,0.005595,Aug 2024–Aug 2026,12
2025-12-15T00:00:00-05:00,1.889320,GLD,0.000910,Aug 2024–Aug 2026,12
2025-12-16T00:00:00-05:00,1.889749,GLD,0.000227,Aug 2024–Aug 2026,12
2025-12-17T00:00:00-05:00,1.905979,GLD,0.008588,Aug 2024–Aug 2026,12
2025-12-18T00:00:00-05:00,1.902542,GLD,-0.001803,Aug 2024–Aug 2026,12
2025-12-19T00:00:00-05:00,1.904690,GLD,0.001129,Aug 2024–Aug 2026,12
2025-12-22T00:00:00-05:00,1.948653,GLD,0.023082,Aug 2024–Aug 2026,12
2025-12-23T00:00:00-05:00,1.974477,GLD,0.013252,Aug 2024–Aug 2026,12
2025-12-24T00:00:00-05:00,1.966315,GLD,-0.004134,Aug 2024–Aug 2026,12
2025-12-26T00:00:00-05:00,1.989275,GLD,0.011677,Aug 2024–Aug 2026,12
2025-12-29T00:00:00-05:00,1.902685,GLD,-0.043528,Aug 2024–Aug 2026,12
2025-12-30T00:00:00-05:00,1.904070,GLD,0.000728,Aug 2024–Aug 2026,12
2025-12-31T00:00:00-05:00,1.891754,GLD,-0.006468,Aug 2024–Aug 2026,12
2026-01-02T00:00:00-05:00,1.901158,GLD,0.004971,Aug 2024–Aug 2026,12
2026-01-05T00:00:00-05:00,1.951183,GLD,0.026313,Aug 2024–Aug 2026,12
2026-01-06T00:00:00-05:00,1.972282,GLD,0.010813,Aug 2024–Aug 2026,12
2026-01-07T00:00:00-05:00,1.953427,GLD,-0.009560,Aug 2024–Aug 2026,12
2026-01-08T00:00:00-05:00,1.964214,GLD,0.005523,Aug 2024–Aug 2026,12
2026-01-09T00:00:00-05:00,1.978439,GLD,0.007242,Aug 2024–Aug 2026,12
2026-01-12T00:00:00-05:00,2.015481,GLD,0.018723,Aug 2024–Aug 2026,12
2026-01-13T00:00:00-05:00,2.012617,GLD,-0.001421,Aug 2024–Aug 2026,12
2026-01-14T00:00:00-05:00,2.033190,GLD,0.010222,Aug 2024–Aug 2026,12
2026-01-15T00:00:00-05:00,2.020732,GLD,-0.006128,Aug 2024–Aug 2026,12
2026-01-16T00:00:00-05:00,2.010994,GLD,-0.004819,Aug 2024–Aug 2026,12
2026-01-20T00:00:00-05:00,2.087082,GLD,0.037836,Aug 2024–Aug 2026,12
2026-01-21T00:00:00-05:00,2.117489,GLD,0.014569,Aug 2024–Aug 2026,12
2026-01-22T00:00:00-05:00,2.156583,GLD,0.018463,Aug 2024–Aug 2026,12
2026-01-23T00:00:00-05:00,2.186226,GLD,0.013745,Aug 2024–Aug 2026,12
2026-01-26T00:00:00-05:00,2.218208,GLD,0.014629,Aug 2024–Aug 2026,12
2026-01-27T00:00:00-05:00,2.272625,GLD,0.024532,Aug 2024–Aug 2026,12
2026-01-28T00:00:00-05:00,2.360743,GLD,0.038773,Aug 2024–Aug 2026,12
2026-01-29T00:00:00-05:00,2.367139,GLD,0.002709,Aug 2024–Aug 2026,12
2026-01-30T00:00:00-05:00,2.123933,GLD,-0.102742,Aug 2024–Aug 2026,12
2026-02-02T00:00:00-05:00,2.038871,GLD,-0.040049,Aug 2024–Aug 2026,12
2026-02-03T00:00:00-05:00,2.168517,GLD,0.063587,Aug 2024–Aug 2026,12
2026-02-04T00:00:00-05:00,2.166989,GLD,-0.000704,Aug 2024–Aug 2026,12
2026-02-05T00:00:00-05:00,2.109279,GLD,-0.026632,Aug 2024–Aug 2026,12
2026-02-06T00:00:00-05:00,2.174102,GLD,0.030732,Aug 2024–Aug 2026,12
2026-02-09T00:00:00-05:00,2.229330,GLD,0.025403,Aug 2024–Aug 2026,12
2026-02-10T00:00:00-05:00,2.207229,GLD,-0.009914,Aug 2024–Aug 2026,12
2026-02-11T00:00:00-05:00,2.232194,GLD,0.011311,Aug 2024–Aug 2026,12
2026-02-12T00:00:00-05:00,2.154674,GLD,-0.034728,Aug 2024–Aug 2026,12
2026-02-13T00:00:00-05:00,2.208279,GLD,0.024879,Aug 2024–Aug 2026,12
2026-02-17T00:00:00-05:00,2.139447,GLD,-0.031170,Aug 2024–Aug 2026,12
2026-02-18T00:00:00-05:00,2.187563,GLD,0.022490,Aug 2024–Aug 2026,12
2026-02-19T00:00:00-05:00,2.193673,GLD,0.002793,Aug 2024–Aug 2026,12
2026-02-20T00:00:00-05:00,2.236920,GLD,0.019715,Aug 2024–Aug 2026,12
2026-02-23T00:00:00-05:00,2.297351,GLD,0.027016,Aug 2024–Aug 2026,12
2026-02-24T00:00:00-05:00,2.265513,GLD,-0.013859,Aug 2024–Aug 2026,12
2026-02-25T00:00:00-05:00,2.259832,GLD,-0.002507,Aug 2024–Aug 2026,12
2026-02-26T00:00:00-05:00,2.279213,GLD,0.008576,Aug 2024–Aug 2026,12
2026-02-27T00:00:00-05:00,2.309142,GLD,0.013131,Aug 2024–Aug 2026,12
2026-03-02T00:00:00-05:00,2.338976,GLD,0.012920,Aug 2024–Aug 2026,12
2026-03-03T00:00:00-05:00,2.234629,GLD,-0.044612,Aug 2024–Aug 2026,12
2026-03-04T00:00:00-05:00,2.252099,GLD,0.007818,Aug 2024–Aug 2026,12
2026-03-05T00:00:00-05:00,2.225034,GLD,-0.012018,Aug 2024–Aug 2026,12
2026-03-06T00:00:00-05:00,2.260262,GLD,0.015833,Aug 2024–Aug 2026,12
2026-03-09T00:00:00-04:00,2.255584,GLD,-0.002070,Aug 2024–Aug 2026,12
2026-03-10T00:00:00-04:00,2.281026,GLD,0.011280,Aug 2024–Aug 2026,12
2026-03-11T00:00:00-04:00,2.273293,GLD,-0.003390,Aug 2024–Aug 2026,12
2026-03-12T00:00:00-04:00,2.228614,GLD,-0.019654,Aug 2024–Aug 2026,12
2026-03-13T00:00:00-04:00,2.199783,GLD,-0.012937,Aug 2024–Aug 2026,12
2026-03-16T00:00:00-04:00,2.197826,GLD,-0.000890,Aug 2024–Aug 2026,12
2026-03-17T00:00:00-04:00,2.192288,GLD,-0.002519,Aug 2024–Aug 2026,12
2026-03-18T00:00:00-04:00,2.122931,GLD,-0.031637,Aug 2024–Aug 2026,12
2026-03-19T00:00:00-04:00,2.035434,GLD,-0.041215,Aug 2024–Aug 2026,12
2026-03-20T00:00:00-04:00,1.973236,GLD,-0.030557,Aug 2024–Aug 2026,12
2026-03-23T00:00:00-04:00,1.928653,GLD,-0.022594,Aug 2024–Aug 2026,12
2026-03-24T00:00:00-04:00,1.929082,GLD,0.000223,Aug 2024–Aug 2026,12
2026-03-25T00:00:00-04:00,1.987127,GLD,0.030089,Aug 2024–Aug 2026,12
2026-03-26T00:00:00-04:00,1.912423,GLD,-0.037594,Aug 2024–Aug 2026,12
2026-03-27T00:00:00-04:00,1.979537,GLD,0.035094,Aug 2024–Aug 2026,12
2026-03-30T00:00:00-04:00,1.978964,GLD,-0.000289,Aug 2024–Aug 2026,12
2026-03-31T00:00:00-04:00,2.053955,GLD,0.037894,Aug 2024–Aug 2026,12
2026-04-01T00:00:00-04:00,2.089899,GLD,0.017500,Aug 2024–Aug 2026,12
2026-04-02T00:00:00-04:00,2.049754,GLD,-0.019209,Aug 2024–Aug 2026,12
2026-04-06T00:00:00-04:00,2.041353,GLD,-0.004099,Aug 2024–Aug 2026,12
2026-04-07T00:00:00-04:00,2.061210,GLD,0.009728,Aug 2024–Aug 2026,12
2026-04-08T00:00:00-04:00,2.074194,GLD,0.006299,Aug 2024–Aug 2026,12
2026-04-09T00:00:00-04:00,2.090328,GLD,0.007779,Aug 2024–Aug 2026,12
2026-04-10T00:00:00-04:00,2.086605,GLD,-0.001781,Aug 2024–Aug 2026,12
2026-04-13T00:00:00-04:00,2.078156,GLD,-0.004049,Aug 2024–Aug 2026,12
2026-04-14T00:00:00-04:00,2.124601,GLD,0.022349,Aug 2024–Aug 2026,12
2026-04-15T00:00:00-04:00,2.102500,GLD,-0.010402,Aug 2024–Aug 2026,12
2026-04-16T00:00:00-04:00,2.100687,GLD,-0.000863,Aug 2024–Aug 2026,12
2026-04-17T00:00:00-04:00,2.128611,GLD,0.013293,Aug 2024–Aug 2026,12
2026-04-20T00:00:00-04:00,2.110281,GLD,-0.008611,Aug 2024–Aug 2026,12
2026-04-21T00:00:00-04:00,2.050518,GLD,-0.028320,Aug 2024–Aug 2026,12
2026-04-22T00:00:00-04:00,2.077679,GLD,0.013246,Aug 2024–Aug 2026,12
2026-04-23T00:00:00-04:00,2.057535,GLD,-0.009695,Aug 2024–Aug 2026,12
2026-04-24T00:00:00-04:00,2.068084,GLD,0.005127,Aug 2024–Aug 2026,12
2026-04-27T00:00:00-04:00,2.052046,GLD,-0.007755,Aug 2024–Aug 2026,12
2026-04-28T00:00:00-04:00,2.013954,GLD,-0.018563,Aug 2024–Aug 2026,12
2026-04-29T00:00:00-04:00,1.992473,GLD,-0.010666,Aug 2024–Aug 2026,12
2026-04-30T00:00:00-04:00,2.022307,GLD,0.014973,Aug 2024–Aug 2026,12
2026-05-01T00:00:00-04:00,2.039679,QQQ,0.009600,Aug 2024–Aug 2026,12
2026-05-04T00:00:00-04:00,2.035836,QQQ,-0.001884,Aug 2024–Aug 2026,12
2026-05-05T00:00:00-04:00,2.062249,QQQ,0.012974,Aug 2024–Aug 2026,12
2026-05-06T00:00:00-04:00,2.105091,QQQ,0.020774,Aug 2024–Aug 2026,12
2026-05-07T00:00:00-04:00,2.102580,QQQ,-0.001193,Aug 2024–Aug 2026,12
2026-05-08T00:00:00-04:00,2.151866,QQQ,0.023441,Aug 2024–Aug 2026,12
2026-05-11T00:00:00-04:00,2.158099,QQQ,0.002896,Aug 2024–Aug 2026,12
2026-05-12T00:00:00-04:00,2.139794,QQQ,-0.008482,Aug 2024–Aug 2026,12
2026-05-13T00:00:00-04:00,2.162395,QQQ,0.010562,Aug 2024–Aug 2026,12
2026-05-14T00:00:00-04:00,2.177765,QQQ,0.007108,Aug 2024–Aug 2026,12
2026-05-15T00:00:00-04:00,2.144908,QQQ,-0.015088,Aug 2024–Aug 2026,12
2026-05-18T00:00:00-04:00,2.135680,QQQ,-0.004302,Aug 2024–Aug 2026,12
2026-05-19T00:00:00-04:00,2.122519,QQQ,-0.006162,Aug 2024–Aug 2026,12
2026-05-20T00:00:00-04:00,2.157675,QQQ,0.016564,Aug 2024–Aug 2026,12
2026-05-21T00:00:00-04:00,2.161790,QQQ,0.001907,Aug 2024–Aug 2026,12
2026-05-22T00:00:00-04:00,2.170958,QQQ,0.004241,Aug 2024–Aug 2026,12
2026-05-26T00:00:00-04:00,2.209503,QQQ,0.017755,Aug 2024–Aug 2026,12
2026-05-27T00:00:00-04:00,2.206992,QQQ,-0.001137,Aug 2024–Aug 2026,12
2026-05-28T00:00:00-04:00,2.225599,QQQ,0.008431,Aug 2024–Aug 2026,12
2026-05-29T00:00:00-04:00,2.233798,QQQ,0.003684,Aug 2024–Aug 2026,12
2026-06-01T00:00:00-04:00,2.247202,QQQ,0.006000,Aug 2024–Aug 2026,12
2026-06-02T00:00:00-04:00,2.257549,QQQ,0.004605,Aug 2024–Aug 2026,12
2026-06-03T00:00:00-04:00,2.251649,QQQ,-0.002613,Aug 2024–Aug 2026,12
2026-06-04T00:00:00-04:00,2.240757,QQQ,-0.004837,Aug 2024–Aug 2026,12
2026-06-05T00:00:00-04:00,2.133199,QQQ,-0.048001,Aug 2024–Aug 2026,12
2026-06-08T00:00:00-04:00,2.166510,QQQ,0.015616,Aug 2024–Aug 2026,12
2026-06-09T00:00:00-04:00,2.141579,QQQ,-0.011507,Aug 2024–Aug 2026,12
2026-06-10T00:00:00-04:00,2.098798,QQQ,-0.019977,Aug 2024–Aug 2026,12
2026-06-11T00:00:00-04:00,2.169687,QQQ,0.033776,Aug 2024–Aug 2026,12
2026-06-12T00:00:00-04:00,2.182455,QQQ,0.005885,Aug 2024–Aug 2026,12
2026-06-15T00:00:00-04:00,2.251014,QQQ,0.031414,Aug 2024–Aug 2026,12
2026-06-16T00:00:00-04:00,2.208232,QQQ,-0.019005,Aug 2024–Aug 2026,12
2026-06-17T00:00:00-04:00,2.185995,QQQ,-0.010070,Aug 2024–Aug 2026,12
2026-06-18T00:00:00-04:00,2.240787,QQQ,0.025065,Aug 2024–Aug 2026,12
2026-06-22T00:00:00-04:00,2.235163,QQQ,-0.002510,Aug 2024–Aug 2026,12
2026-06-23T00:00:00-04:00,2.161561,QQQ,-0.032929,Aug 2024–Aug 2026,12
2026-06-24T00:00:00-04:00,2.152383,QQQ,-0.004246,Aug 2024–Aug 2026,12
2026-06-25T00:00:00-04:00,2.169830,QQQ,0.008106,Aug 2024–Aug 2026,12
2026-06-26T00:00:00-04:00,2.139965,QQQ,-0.013764,Aug 2024–Aug 2026,12
2026-06-29T00:00:00-04:00,2.193152,QQQ,0.024854,Aug 2024–Aug 2026,12
2026-06-30T00:00:00-04:00,2.230468,QQQ,0.017015,Aug 2024–Aug 2026,12
2026-07-01T00:00:00-04:00,2.196454,QQQ,-0.015250,Aug 2024–Aug 2026,12
2026-07-02T00:00:00-04:00,2.158381,QQQ,-0.017334,Aug 2024–Aug 2026,12
2026-07-06T00:00:00-04:00,2.189336,QQQ,0.014342,Aug 2024–Aug 2026,12
2026-07-07T00:00:00-04:00,2.148779,QQQ,-0.018525,Aug 2024–Aug 2026,12
2026-07-08T00:00:00-04:00,2.154867,QQQ,0.002833,Aug 2024–Aug 2026,12
2026-07-09T00:00:00-04:00,2.190729,QQQ,0.016642,Aug 2024–Aug 2026,12
2026-07-10T00:00:00-04:00,2.197484,QQQ,0.003083,Aug 2024–Aug 2026,12
2026-07-13T00:00:00-04:00,2.155776,QQQ,-0.018980,Aug 2024–Aug 2026,12
2026-07-14T00:00:00-04:00,2.179855,QQQ,0.011170,Aug 2024–Aug 2026,12
2026-07-15T00:00:00-04:00,2.173949,QQQ,-0.002710,Aug 2024–Aug 2026,12
2026-07-16T00:00:00-04:00,2.138208,QQQ,-0.016440,Aug 2024–Aug 2026,12
2026-07-17T00:00:00-04:00,2.106072,QQQ,-0.015030,Aug 2024–Aug 2026,12
2026-07-20T00:00:00-04:00,2.108283,QQQ,0.001050,Aug 2024–Aug 2026,12
2026-07-21T00:00:00-04:00,2.147386,QQQ,0.018547,Aug 2024–Aug 2026,12
2026-07-22T00:00:00-04:00,2.136421,QQQ,-0.005106,Aug 2024–Aug 2026,12
2026-07-23T00:00:00-04:00,2.095865,QQQ,-0.018983,Aug 2024–Aug 2026,12
2026-07-24T00:00:00-04:00,2.072451,QQQ,-0.011171,Aug 2024–Aug 2026,12
2026-07-27T00:00:00-04:00,2.066060,QQQ,-0.003084,Aug 2024–Aug 2026,12
2026-07-28T00:00:00-04:00,2.045979,QQQ,-0.009720,Aug 2024–Aug 2026,12
2026-07-29T00:00:00-04:00,2.004301,QQQ,-0.020370,Aug 2024–Aug 2026,12
2026-07-30T00:00:00-04:00,2.070392,QQQ,0.032974,Aug 2024–Aug 2026,12
2026-07-31T00:00:00-04:00,2.083840,QQQ,0.006496,Aug 2024–Aug 2026,12
2026-08-03T00:00:00-04:00,2.120429,QQQ,0.017558,Aug 2024–Aug 2026,12
2026-08-04T00:00:00-04:00,2.192455,QQQ,0.033968,Aug 2024–Aug 2026,12
2026-08-05T00:00:00-04:00,2.172616,QQQ,-0.009049,Aug 2024–Aug 2026,12
2026-08-06T00:00:00-04:00,2.164590,QQQ,-0.003694,Aug 2024–Aug 2026,12
2026-08-07T00:00:00-04:00,2.189972,QQQ,0.011726,Aug 2024–Aug 2026,12
2026-08-10T00:00:00-04:00,2.183429,QQQ,-0.002987,Aug 2024–Aug 2026,12
2026-08-11T00:00:00-04:00,2.176100,QQQ,-0.003357,Aug 2024–Aug 2026,12
2026-08-12T00:00:00-04:00,2.192001,QQQ,0.007307,Aug 2024–Aug 2026,12
2026-08-13T00:00:00-04:00,2.217353,QQQ,0.011566,Aug 2024–Aug 2026,12
2026-08-14T00:00:00-04:00,2.214324,QQQ,-0.001366,Aug 2024–Aug 2026,12
2026-08-17T00:00:00-04:00,2.210689,QQQ,-0.001641,Aug 2024–Aug 2026,12
2026-08-18T00:00:00-04:00,2.173252,QQQ,-0.016935,Aug 2024–Aug 2026,12
2026-08-19T00:00:00-04:00,2.168921,QQQ,-0.001993,Aug 2024–Aug 2026,12
2026-08-20T00:00:00-04:00,2.153322,QQQ,-0.007192,Aug 2024–Aug 2026,12
2026-08-21T00:00:00-04:00,2.193129,GLD,0.019506,Aug 2024–Aug 2026,12
2024-08-01T00:00:00-04:00,1.000000,GLD,-0.003443,Aug 2024–Aug 2026,6
2024-08-02T00:00:00-04:00,0.998095,GLD,-0.001905,Aug 2024–Aug 2026,6
2024-08-05T00:00:00-04:00,0.985428,GLD,-0.012692,Aug 2024–Aug 2026,6
2024-08-06T00:00:00-04:00,0.977543,GLD,-0.008001,Aug 2024–Aug 2026,6
2024-08-07T00:00:00-04:00,0.976879,GLD,-0.000680,Aug 2024–Aug 2026,6
2024-08-08T00:00:00-04:00,0.992204,GLD,0.015688,Aug 2024–Aug 2026,6
2024-08-09T00:00:00-04:00,0.994641,GLD,0.002455,Aug 2024–Aug 2026,6
2024-08-12T00:00:00-04:00,1.011693,GLD,0.017145,Aug 2024–Aug 2026,6
2024-08-13T00:00:00-04:00,1.010143,GLD,-0.001532,Aug 2024–Aug 2026,6
2024-08-14T00:00:00-04:00,1.001905,GLD,-0.008156,Aug 2024–Aug 2026,6
2024-08-15T00:00:00-04:00,1.005049,GLD,0.003139,Aug 2024–Aug 2026,6
2024-08-16T00:00:00-04:00,1.027550,GLD,0.022388,Aug 2024–Aug 2026,6
2024-08-19T00:00:00-04:00,1.025867,GLD,-0.001638,Aug 2024–Aug 2026,6
2024-08-20T00:00:00-04:00,1.029632,GLD,0.003670,Aug 2024–Aug 2026,6
2024-08-21T00:00:00-04:00,1.028259,GLD,-0.001334,Aug 2024–Aug 2026,6
2024-08-22T00:00:00-04:00,1.015945,GLD,-0.011975,Aug 2024–Aug 2026,6
2024-08-23T00:00:00-04:00,1.027683,GLD,0.011553,Aug 2024–Aug 2026,6
2024-08-26T00:00:00-04:00,1.030961,GLD,0.003189,Aug 2024–Aug 2026,6
2024-08-27T00:00:00-04:00,1.033751,GLD,0.002707,Aug 2024–Aug 2026,6
2024-08-28T00:00:00-04:00,1.026487,GLD,-0.007027,Aug 2024–Aug 2026,6
2024-08-29T00:00:00-04:00,1.031802,GLD,0.005178,Aug 2024–Aug 2026,6
2024-08-30T00:00:00-04:00,1.024450,GLD,-0.007126,Aug 2024–Aug 2026,6
2024-09-03T00:00:00-04:00,1.020020,GLD,-0.004324,Aug 2024–Aug 2026,6
2024-09-04T00:00:00-04:00,1.020640,GLD,0.000608,Aug 2024–Aug 2026,6
2024-09-05T00:00:00-04:00,1.029145,GLD,0.008332,Aug 2024–Aug 2026,6
2024-09-06T00:00:00-04:00,1.021526,GLD,-0.007403,Aug 2024–Aug 2026,6
2024-09-09T00:00:00-04:00,1.025823,GLD,0.004206,Aug 2024–Aug 2026,6
2024-09-10T00:00:00-04:00,1.030341,GLD,0.004404,Aug 2024–Aug 2026,6
2024-09-11T00:00:00-04:00,1.028702,GLD,-0.001591,Aug 2024–Aug 2026,6
2024-09-12T00:00:00-04:00,1.046773,GLD,0.017567,Aug 2024–Aug 2026,6
2024-09-13T00:00:00-04:00,1.057182,GLD,0.009944,Aug 2024–Aug 2026,6
2024-09-16T00:00:00-04:00,1.057093,GLD,-0.000084,Aug 2024–Aug 2026,6
2024-09-17T00:00:00-04:00,1.051247,GLD,-0.005531,Aug 2024–Aug 2026,6
2024-09-18T00:00:00-04:00,1.043141,GLD,-0.007710,Aug 2024–Aug 2026,6
2024-09-19T00:00:00-04:00,1.059352,GLD,0.015541,Aug 2024–Aug 2026,6
2024-09-20T00:00:00-04:00,1.072817,GLD,0.012711,Aug 2024–Aug 2026,6
2024-09-23T00:00:00-04:00,1.074899,GLD,0.001940,Aug 2024–Aug 2026,6
2024-09-24T00:00:00-04:00,1.089915,GLD,0.013969,Aug 2024–Aug 2026,6
2024-09-25T00:00:00-04:00,1.088409,GLD,-0.001382,Aug 2024–Aug 2026,6
2024-09-26T00:00:00-04:00,1.093945,GLD,0.005087,Aug 2024–Aug 2026,6
2024-09-27T00:00:00-04:00,1.085264,GLD,-0.007936,Aug 2024–Aug 2026,6
2024-09-30T00:00:00-04:00,1.076582,GLD,-0.007999,Aug 2024–Aug 2026,6
2024-10-01T00:00:00-04:00,1.087877,GLD,0.010491,Aug 2024–Aug 2026,6
2024-10-02T00:00:00-04:00,1.088099,GLD,0.000204,Aug 2024–Aug 2026,6
2024-10-03T00:00:00-04:00,1.087346,GLD,-0.000692,Aug 2024–Aug 2026,6
2024-10-04T00:00:00-04:00,1.085175,GLD,-0.001996,Aug 2024–Aug 2026,6
2024-10-07T00:00:00-04:00,1.081499,GLD,-0.003388,Aug 2024–Aug 2026,6
2024-10-08T00:00:00-04:00,1.073526,GLD,-0.007372,Aug 2024–Aug 2026,6
2024-10-09T00:00:00-04:00,1.067679,GLD,-0.005446,Aug 2024–Aug 2026,6
2024-10-10T00:00:00-04:00,1.075519,GLD,0.007343,Aug 2024–Aug 2026,6
2024-10-11T00:00:00-04:00,1.087257,GLD,0.010913,Aug 2024–Aug 2026,6
2024-10-14T00:00:00-04:00,1.085485,GLD,-0.001630,Aug 2024–Aug 2026,6
2024-10-15T00:00:00-04:00,1.089250,GLD,0.003468,Aug 2024–Aug 2026,6
2024-10-16T00:00:00-04:00,1.094698,GLD,0.005002,Aug 2024–Aug 2026,6
2024-10-17T00:00:00-04:00,1.101253,GLD,0.005988,Aug 2024–Aug 2026,6
2024-10-18T00:00:00-04:00,1.112947,GLD,0.010618,Aug 2024–Aug 2026,6
2024-10-21T00:00:00-04:00,1.112725,GLD,-0.000199,Aug 2024–Aug 2026,6
2024-10-22T00:00:00-04:00,1.124729,GLD,0.010787,Aug 2024–Aug 2026,6
2024-10-23T00:00:00-04:00,1.111175,GLD,-0.012051,Aug 2024–Aug 2026,6
2024-10-24T00:00:00-04:00,1.119724,GLD,0.007693,Aug 2024–Aug 2026,6
2024-10-25T00:00:00-04:00,1.122027,GLD,0.002057,Aug 2024–Aug 2026,6
2024-10-28T00:00:00-04:00,1.122071,GLD,0.000039,Aug 2024–Aug 2026,6
2024-10-29T00:00:00-04:00,1.134296,GLD,0.010895,Aug 2024–Aug 2026,6
2024-10-30T00:00:00-04:00,1.140541,GLD,0.005506,Aug 2024–Aug 2026,6
2024-10-31T00:00:00-04:00,1.122868,GLD,-0.015495,Aug 2024–Aug 2026,6
2024-11-01T00:00:00-04:00,1.118262,GLD,-0.004102,Aug 2024–Aug 2026,6
2024-11-04T00:00:00-05:00,1.119856,GLD,0.001426,Aug 2024–Aug 2026,6
2024-11-05T00:00:00-05:00,1.122381,GLD,0.002254,Aug 2024–Aug 2026,6
2024-11-06T00:00:00-05:00,1.088276,GLD,-0.030387,Aug 2024–Aug 2026,6
2024-11-07T00:00:00-05:00,1.105771,GLD,0.016077,Aug 2024–Aug 2026,6
2024-11-08T00:00:00-05:00,1.098286,GLD,-0.006769,Aug 2024–Aug 2026,6
2024-11-11T00:00:00-05:00,1.072507,GLD,-0.023472,Aug 2024–Aug 2026,6
2024-11-12T00:00:00-05:00,1.063250,GLD,-0.008631,Aug 2024–Aug 2026,6
2024-11-13T00:00:00-05:00,1.052531,GLD,-0.010081,Aug 2024–Aug 2026,6
2024-11-14T00:00:00-05:00,1.049785,GLD,-0.002609,Aug 2024–Aug 2026,6
2024-11-15T00:00:00-05:00,1.047925,GLD,-0.001772,Aug 2024–Aug 2026,6
2024-11-18T00:00:00-05:00,1.067857,GLD,0.019020,Aug 2024–Aug 2026,6
2024-11-19T00:00:00-05:00,1.077424,GLD,0.008959,Aug 2024–Aug 2026,6
2024-11-20T00:00:00-05:00,1.083492,GLD,0.005632,Aug 2024–Aug 2026,6
2024-11-21T00:00:00-05:00,1.092528,GLD,0.008340,Aug 2024–Aug 2026,6
2024-11-22T00:00:00-05:00,1.106613,GLD,0.012892,Aug 2024–Aug 2026,6
2024-11-25T00:00:00-05:00,1.074013,GLD,-0.029459,Aug 2024–Aug 2026,6
2024-11-26T00:00:00-05:00,1.076095,GLD,0.001938,Aug 2024–Aug 2026,6
2024-11-27T00:00:00-05:00,1.078487,GLD,0.002223,Aug 2024–Aug 2026,6
2024-11-29T00:00:00-05:00,1.087788,GLD,0.008625,Aug 2024–Aug 2026,6
2024-12-02T00:00:00-05:00,1.078265,GLD,-0.008754,Aug 2024–Aug 2026,6
2024-12-03T00:00:00-05:00,1.080436,GLD,0.002013,Aug 2024–Aug 2026,6
2024-12-04T00:00:00-05:00,1.083713,GLD,0.003034,Aug 2024–Aug 2026,6
2024-12-05T00:00:00-05:00,1.075696,GLD,-0.007398,Aug 2024–Aug 2026,6
2024-12-06T00:00:00-05:00,1.076095,GLD,0.000371,Aug 2024–Aug 2026,6
2024-12-09T00:00:00-05:00,1.086770,GLD,0.009920,Aug 2024–Aug 2026,6
2024-12-10T00:00:00-05:00,1.101076,GLD,0.013164,Aug 2024–Aug 2026,6
2024-12-11T00:00:00-05:00,1.111574,GLD,0.009534,Aug 2024–Aug 2026,6
2024-12-12T00:00:00-05:00,1.095274,GLD,-0.014664,Aug 2024–Aug 2026,6
2024-12-13T00:00:00-05:00,1.082030,GLD,-0.012092,Aug 2024–Aug 2026,6
2024-12-16T00:00:00-05:00,1.084644,GLD,0.002415,Aug 2024–Aug 2026,6
2024-12-17T00:00:00-05:00,1.080480,GLD,-0.003839,Aug 2024–Aug 2026,6
2024-12-18T00:00:00-05:00,1.059751,GLD,-0.019185,Aug 2024–Aug 2026,6
2024-12-19T00:00:00-05:00,1.061257,GLD,0.001421,Aug 2024–Aug 2026,6
2024-12-20T00:00:00-05:00,1.072330,GLD,0.010434,Aug 2024–Aug 2026,6
2024-12-23T00:00:00-05:00,1.067281,GLD,-0.004709,Aug 2024–Aug 2026,6
2024-12-24T00:00:00-05:00,1.069407,GLD,0.001992,Aug 2024–Aug 2026,6
2024-12-26T00:00:00-05:00,1.076627,GLD,0.006751,Aug 2024–Aug 2026,6
2024-12-27T00:00:00-05:00,1.069230,GLD,-0.006871,Aug 2024–Aug 2026,6
2024-12-30T00:00:00-05:00,1.065819,GLD,-0.003190,Aug 2024–Aug 2026,6
2024-12-31T00:00:00-05:00,1.072463,GLD,0.006234,Aug 2024–Aug 2026,6
2025-01-02T00:00:00-05:00,1.087035,GLD,0.013588,Aug 2024–Aug 2026,6
2025-01-03T00:00:00-05:00,1.078487,GLD,-0.007864,Aug 2024–Aug 2026,6
2025-01-06T00:00:00-05:00,1.077158,GLD,-0.001232,Aug 2024–Aug 2026,6
2025-01-07T00:00:00-05:00,1.083226,GLD,0.005633,Aug 2024–Aug 2026,6
2025-01-08T00:00:00-05:00,1.088984,GLD,0.005316,Aug 2024–Aug 2026,6
2025-01-10T00:00:00-05:00,1.099393,GLD,0.009558,Aug 2024–Aug 2026,6
2025-01-13T00:00:00-05:00,1.088453,GLD,-0.009951,Aug 2024–Aug 2026,6
2025-01-14T00:00:00-05:00,1.094167,GLD,0.005249,Aug 2024–Aug 2026,6
2025-01-15T00:00:00-05:00,1.102361,GLD,0.007489,Aug 2024–Aug 2026,6
2025-01-16T00:00:00-05:00,1.109979,GLD,0.006911,Aug 2024–Aug 2026,6
2025-01-17T00:00:00-05:00,1.104088,GLD,-0.005307,Aug 2024–Aug 2026,6
2025-01-21T00:00:00-05:00,1.121185,GLD,0.015485,Aug 2024–Aug 2026,6
2025-01-22T00:00:00-05:00,1.126943,GLD,0.005136,Aug 2024–Aug 2026,6
2025-01-23T00:00:00-05:00,1.125349,GLD,-0.001415,Aug 2024–Aug 2026,6
2025-01-24T00:00:00-05:00,1.132347,GLD,0.006219,Aug 2024–Aug 2026,6
2025-01-27T00:00:00-05:00,1.120565,GLD,-0.010405,Aug 2024–Aug 2026,6
2025-01-28T00:00:00-05:00,1.130265,GLD,0.008656,Aug 2024–Aug 2026,6
2025-01-29T00:00:00-05:00,1.125925,GLD,-0.003840,Aug 2024–Aug 2026,6
2025-01-30T00:00:00-05:00,1.142977,GLD,0.015146,Aug 2024–Aug 2026,6
2025-01-31T00:00:00-05:00,1.145236,GLD,0.001976,Aug 2024–Aug 2026,6
2025-02-03T00:00:00-05:00,1.151349,GLD,0.005337,Aug 2024–Aug 2026,6
2025-02-04T00:00:00-05:00,1.162688,GLD,0.009848,Aug 2024–Aug 2026,6
2025-02-05T00:00:00-05:00,1.169907,GLD,0.006210,Aug 2024–Aug 2026,6
2025-02-06T00:00:00-05:00,1.166807,GLD,-0.002650,Aug 2024–Aug 2026,6
2025-02-07T00:00:00-05:00,1.168889,GLD,0.001784,Aug 2024–Aug 2026,6
2025-02-10T00:00:00-05:00,1.188688,GLD,0.016938,Aug 2024–Aug 2026,6
2025-02-11T00:00:00-05:00,1.184347,GLD,-0.003652,Aug 2024–Aug 2026,6
2025-02-12T00:00:00-05:00,1.185587,GLD,0.001047,Aug 2024–Aug 2026,6
2025-02-13T00:00:00-05:00,1.197280,GLD,0.009863,Aug 2024–Aug 2026,6
2025-02-14T00:00:00-05:00,1.179475,GLD,-0.014872,Aug 2024–Aug 2026,6
2025-02-18T00:00:00-05:00,1.199008,GLD,0.016561,Aug 2024–Aug 2026,6
2025-02-19T00:00:00-05:00,1.199672,GLD,0.000554,Aug 2024–Aug 2026,6
2025-02-20T00:00:00-05:00,1.200292,GLD,0.000517,Aug 2024–Aug 2026,6
2025-02-21T00:00:00-05:00,1.199185,GLD,-0.000923,Aug 2024–Aug 2026,6
2025-02-24T00:00:00-05:00,1.205696,GLD,0.005430,Aug 2024–Aug 2026,6
2025-02-25T00:00:00-05:00,1.189795,GLD,-0.013188,Aug 2024–Aug 2026,6
2025-02-26T00:00:00-05:00,1.191611,GLD,0.001526,Aug 2024–Aug 2026,6
2025-02-27T00:00:00-05:00,1.173451,GLD,-0.015240,Aug 2024–Aug 2026,6
2025-02-28T00:00:00-05:00,1.166098,GLD,-0.006266,Aug 2024–Aug 2026,6
2025-03-03T00:00:00-05:00,1.181468,GLD,0.013180,Aug 2024–Aug 2026,6
2025-03-04T00:00:00-05:00,1.191744,GLD,0.008698,Aug 2024–Aug 2026,6
2025-03-05T00:00:00-05:00,1.194224,GLD,0.002081,Aug 2024–Aug 2026,6
2025-03-06T00:00:00-05:00,1.188156,GLD,-0.005081,Aug 2024–Aug 2026,6
2025-03-07T00:00:00-05:00,1.188776,GLD,0.000522,Aug 2024–Aug 2026,6
2025-03-10T00:00:00-04:00,1.178367,GLD,-0.008756,Aug 2024–Aug 2026,6
2025-03-11T00:00:00-04:00,1.192187,GLD,0.011728,Aug 2024–Aug 2026,6
2025-03-12T00:00:00-04:00,1.197369,GLD,0.004347,Aug 2024–Aug 2026,6
2025-03-13T00:00:00-04:00,1.218630,GLD,0.017756,Aug 2024–Aug 2026,6
2025-03-14T00:00:00-04:00,1.219117,GLD,0.000400,Aug 2024–Aug 2026,6
2025-03-17T00:00:00-04:00,1.225716,GLD,0.005414,Aug 2024–Aug 2026,6
2025-03-18T00:00:00-04:00,1.240023,GLD,0.011672,Aug 2024–Aug 2026,6
2025-03-19T00:00:00-04:00,1.245117,GLD,0.004108,Aug 2024–Aug 2026,6
2025-03-20T00:00:00-04:00,1.243522,GLD,-0.001281,Aug 2024–Aug 2026,6
2025-03-21T00:00:00-04:00,1.233512,GLD,-0.008050,Aug 2024–Aug 2026,6
2025-03-24T00:00:00-04:00,1.228020,GLD,-0.004453,Aug 2024–Aug 2026,6
2025-03-25T00:00:00-04:00,1.233423,GLD,0.004400,Aug 2024–Aug 2026,6
2025-03-26T00:00:00-04:00,1.232405,GLD,-0.000826,Aug 2024–Aug 2026,6
2025-03-27T00:00:00-04:00,1.248926,GLD,0.013406,Aug 2024–Aug 2026,6
2025-03-28T00:00:00-04:00,1.258183,GLD,0.007412,Aug 2024–Aug 2026,6
2025-03-31T00:00:00-04:00,1.276255,GLD,0.014363,Aug 2024–Aug 2026,6
2025-04-01T00:00:00-04:00,1.273730,GLD,-0.001978,Aug 2024–Aug 2026,6
2025-04-02T00:00:00-04:00,1.276343,GLD,0.002052,Aug 2024–Aug 2026,6
2025-04-03T00:00:00-04:00,1.268636,GLD,-0.006038,Aug 2024–Aug 2026,6
2025-04-04T00:00:00-04:00,1.238960,GLD,-0.023392,Aug 2024–Aug 2026,6
2025-04-07T00:00:00-04:00,1.212340,GLD,-0.021486,Aug 2024–Aug 2026,6
2025-04-08T00:00:00-04:00,1.218940,GLD,0.005444,Aug 2024–Aug 2026,6
2025-04-09T00:00:00-04:00,1.264030,GLD,0.036991,Aug 2024–Aug 2026,6
2025-04-10T00:00:00-04:00,1.294902,GLD,0.024424,Aug 2024–Aug 2026,6
2025-04-11T00:00:00-04:00,1.319617,GLD,0.019087,Aug 2024–Aug 2026,6
2025-04-14T00:00:00-04:00,1.312088,GLD,-0.005706,Aug 2024–Aug 2026,6
2025-04-15T00:00:00-04:00,1.318953,GLD,0.005232,Aug 2024–Aug 2026,6
2025-04-16T00:00:00-04:00,1.361873,GLD,0.032541,Aug 2024–Aug 2026,6
2025-04-17T00:00:00-04:00,1.355893,GLD,-0.004391,Aug 2024–Aug 2026,6
2025-04-21T00:00:00-04:00,1.397838,GLD,0.030936,Aug 2024–Aug 2026,6
2025-04-22T00:00:00-04:00,1.377995,GLD,-0.014196,Aug 2024–Aug 2026,6
2025-04-23T00:00:00-04:00,1.344953,GLD,-0.023979,Aug 2024–Aug 2026,6
2025-04-24T00:00:00-04:00,1.364530,GLD,0.014556,Aug 2024–Aug 2026,6
2025-04-25T00:00:00-04:00,1.349736,GLD,-0.010842,Aug 2024–Aug 2026,6
2025-04-28T00:00:00-04:00,1.368960,GLD,0.014242,Aug 2024–Aug 2026,6
2025-04-29T00:00:00-04:00,1.355627,GLD,-0.009739,Aug 2024–Aug 2026,6
2025-04-30T00:00:00-04:00,1.345484,GLD,-0.007482,Aug 2024–Aug 2026,6
2025-05-01T00:00:00-04:00,1.317535,GLD,-0.020772,Aug 2024–Aug 2026,6
2025-05-02T00:00:00-04:00,1.319839,GLD,0.001748,Aug 2024–Aug 2026,6
2025-05-05T00:00:00-04:00,1.359259,GLD,0.029868,Aug 2024–Aug 2026,6
2025-05-06T00:00:00-04:00,1.397351,GLD,0.028024,Aug 2024–Aug 2026,6
2025-05-07T00:00:00-04:00,1.376401,GLD,-0.014993,Aug 2024–Aug 2026,6
2025-05-08T00:00:00-04:00,1.349294,GLD,-0.019694,Aug 2024–Aug 2026,6
2025-05-09T00:00:00-04:00,1.359082,GLD,0.007255,Aug 2024–Aug 2026,6
2025-05-12T00:00:00-04:00,1.320769,GLD,-0.028191,Aug 2024–Aug 2026,6
2025-05-13T00:00:00-04:00,1.326394,GLD,0.004259,Aug 2024–Aug 2026,6
2025-05-14T00:00:00-04:00,1.298490,GLD,-0.021038,Aug 2024–Aug 2026,6
2025-05-15T00:00:00-04:00,1.319219,GLD,0.015964,Aug 2024–Aug 2026,6
2025-05-16T00:00:00-04:00,1.303273,GLD,-0.012087,Aug 2024–Aug 2026,6
2025-05-19T00:00:00-04:00,1.320060,GLD,0.012881,Aug 2024–Aug 2026,6
2025-05-20T00:00:00-04:00,1.344643,GLD,0.018622,Aug 2024–Aug 2026,6
2025-05-21T00:00:00-04:00,1.354564,GLD,0.007379,Aug 2024–Aug 2026,6
2025-05-22T00:00:00-04:00,1.342561,GLD,-0.008861,Aug 2024–Aug 2026,6
2025-05-23T00:00:00-04:00,1.371971,GLD,0.021906,Aug 2024–Aug 2026,6
2025-05-27T00:00:00-04:00,1.348718,GLD,-0.016949,Aug 2024–Aug 2026,6
2025-05-28T00:00:00-04:00,1.345661,GLD,-0.002266,Aug 2024–Aug 2026,6
2025-05-29T00:00:00-04:00,1.353634,GLD,0.005925,Aug 2024–Aug 2026,6
2025-05-30T00:00:00-04:00,1.344731,GLD,-0.006577,Aug 2024–Aug 2026,6
2025-06-02T00:00:00-04:00,1.380476,GLD,0.026581,Aug 2024–Aug 2026,6
2025-06-03T00:00:00-04:00,1.368251,GLD,-0.008856,Aug 2024–Aug 2026,6
2025-06-04T00:00:00-04:00,1.377065,GLD,0.006442,Aug 2024–Aug 2026,6
2025-06-05T00:00:00-04:00,1.370111,GLD,-0.005050,Aug 2024–Aug 2026,6
2025-06-06T00:00:00-04:00,1.351730,GLD,-0.013416,Aug 2024–Aug 2026,6
2025-06-09T00:00:00-04:00,1.358108,GLD,0.004719,Aug 2024–Aug 2026,6
2025-06-10T00:00:00-04:00,1.358506,GLD,0.000294,Aug 2024–Aug 2026,6
2025-06-11T00:00:00-04:00,1.365859,GLD,0.005412,Aug 2024–Aug 2026,6
2025-06-12T00:00:00-04:00,1.382823,GLD,0.012420,Aug 2024–Aug 2026,6
2025-06-13T00:00:00-04:00,1.400939,GLD,0.013101,Aug 2024–Aug 2026,6
2025-06-16T00:00:00-04:00,1.380963,GLD,-0.014259,Aug 2024–Aug 2026,6
2025-06-17T00:00:00-04:00,1.381672,GLD,0.000513,Aug 2024–Aug 2026,6
2025-06-18T00:00:00-04:00,1.374230,GLD,-0.005386,Aug 2024–Aug 2026,6
2025-06-20T00:00:00-04:00,1.373655,GLD,-0.000419,Aug 2024–Aug 2026,6
2025-06-23T00:00:00-04:00,1.377862,GLD,0.003063,Aug 2024–Aug 2026,6
2025-06-24T00:00:00-04:00,1.356203,GLD,-0.015719,Aug 2024–Aug 2026,6
2025-06-25T00:00:00-04:00,1.360322,GLD,0.003037,Aug 2024–Aug 2026,6
2025-06-26T00:00:00-04:00,1.358816,GLD,-0.001107,Aug 2024–Aug 2026,6
2025-06-27T00:00:00-04:00,1.334190,GLD,-0.018124,Aug 2024–Aug 2026,6
2025-06-30T00:00:00-04:00,1.350179,GLD,0.011985,Aug 2024–Aug 2026,6
2025-07-01T00:00:00-04:00,1.362227,GLD,0.008923,Aug 2024–Aug 2026,6
2025-07-02T00:00:00-04:00,1.369757,GLD,0.005528,Aug 2024–Aug 2026,6
2025-07-03T00:00:00-04:00,1.360411,GLD,-0.006823,Aug 2024–Aug 2026,6
2025-07-07T00:00:00-04:00,1.361430,GLD,0.000749,Aug 2024–Aug 2026,6
2025-07-08T00:00:00-04:00,1.347212,GLD,-0.010443,Aug 2024–Aug 2026,6
2025-07-09T00:00:00-04:00,1.353236,GLD,0.004471,Aug 2024–Aug 2026,6
2025-07-10T00:00:00-04:00,1.356248,GLD,0.002226,Aug 2024–Aug 2026,6
2025-07-11T00:00:00-04:00,1.369270,GLD,0.009602,Aug 2024–Aug 2026,6
2025-07-14T00:00:00-04:00,1.364265,GLD,-0.003655,Aug 2024–Aug 2026,6
2025-07-15T00:00:00-04:00,1.358595,GLD,-0.004156,Aug 2024–Aug 2026,6
2025-07-16T00:00:00-04:00,1.365372,GLD,0.004988,Aug 2024–Aug 2026,6
2025-07-17T00:00:00-04:00,1.362404,GLD,-0.002174,Aug 2024–Aug 2026,6
2025-07-18T00:00:00-04:00,1.365948,GLD,0.002601,Aug 2024–Aug 2026,6
2025-07-21T00:00:00-04:00,1.386942,GLD,0.015370,Aug 2024–Aug 2026,6
2025-07-22T00:00:00-04:00,1.400097,GLD,0.009485,Aug 2024–Aug 2026,6
2025-07-23T00:00:00-04:00,1.382735,GLD,-0.012401,Aug 2024–Aug 2026,6
2025-07-24T00:00:00-04:00,1.374275,GLD,-0.006118,Aug 2024–Aug 2026,6
2025-07-25T00:00:00-04:00,1.361563,GLD,-0.009250,Aug 2024–Aug 2026,6
2025-07-28T00:00:00-04:00,1.352748,GLD,-0.006474,Aug 2024–Aug 2026,6
2025-07-29T00:00:00-04:00,1.356469,GLD,0.002750,Aug 2024–Aug 2026,6
2025-07-30T00:00:00-04:00,1.333038,GLD,-0.017273,Aug 2024–Aug 2026,6
2025-07-31T00:00:00-04:00,1.341897,GLD,0.006645,Aug 2024–Aug 2026,6
2025-08-01T00:00:00-04:00,1.369137,GLD,0.020300,Aug 2024–Aug 2026,6
2025-08-04T00:00:00-04:00,1.377109,GLD,0.005823,Aug 2024–Aug 2026,6
2025-08-05T00:00:00-04:00,1.378217,GLD,0.000804,Aug 2024–Aug 2026,6
2025-08-06T00:00:00-04:00,1.375293,GLD,-0.002121,Aug 2024–Aug 2026,6
2025-08-07T00:00:00-04:00,1.386898,GLD,0.008438,Aug 2024–Aug 2026,6
2025-08-08T00:00:00-04:00,1.386588,GLD,-0.000224,Aug 2024–Aug 2026,6
2025-08-11T00:00:00-04:00,1.366656,GLD,-0.014375,Aug 2024–Aug 2026,6
2025-08-12T00:00:00-04:00,1.365416,GLD,-0.000907,Aug 2024–Aug 2026,6
2025-08-13T00:00:00-04:00,1.369580,GLD,0.003049,Aug 2024–Aug 2026,6
2025-08-14T00:00:00-04:00,1.360898,GLD,-0.006339,Aug 2024–Aug 2026,6
2025-08-15T00:00:00-04:00,1.361695,GLD,0.000586,Aug 2024–Aug 2026,6
2025-08-18T00:00:00-04:00,1.359570,GLD,-0.001561,Aug 2024–Aug 2026,6
2025-08-19T00:00:00-04:00,1.352128,GLD,-0.005473,Aug 2024–Aug 2026,6
2025-08-20T00:00:00-04:00,1.365815,GLD,0.010122,Aug 2024–Aug 2026,6
2025-08-21T00:00:00-04:00,1.361075,GLD,-0.003470,Aug 2024–Aug 2026,6
2025-08-22T00:00:00-04:00,1.375648,GLD,0.010706,Aug 2024–Aug 2026,6
2025-08-25T00:00:00-04:00,1.372326,GLD,-0.002415,Aug 2024–Aug 2026,6
2025-08-26T00:00:00-04:00,1.382292,GLD,0.007262,Aug 2024–Aug 2026,6
2025-08-27T00:00:00-04:00,1.385082,GLD,0.002019,Aug 2024–Aug 2026,6
2025-08-28T00:00:00-04:00,1.395358,GLD,0.007419,Aug 2024–Aug 2026,6
2025-08-29T00:00:00-04:00,1.408823,GLD,0.009650,Aug 2024–Aug 2026,6
2025-09-02T00:00:00-04:00,1.442131,GLD,0.023643,Aug 2024–Aug 2026,6
2025-09-03T00:00:00-04:00,1.453426,GLD,0.007832,Aug 2024–Aug 2026,6
2025-09-04T00:00:00-04:00,1.447004,GLD,-0.004419,Aug 2024–Aug 2026,6
2025-09-05T00:00:00-04:00,1.466315,GLD,0.013346,Aug 2024–Aug 2026,6
2025-09-08T00:00:00-04:00,1.483014,GLD,0.011388,Aug 2024–Aug 2026,6
2025-09-09T00:00:00-04:00,1.479647,GLD,-0.002270,Aug 2024–Aug 2026,6
2025-09-10T00:00:00-04:00,1.484963,GLD,0.003592,Aug 2024–Aug 2026,6
2025-09-11T00:00:00-04:00,1.482748,GLD,-0.001491,Aug 2024–Aug 2026,6
2025-09-12T00:00:00-04:00,1.485671,GLD,0.001972,Aug 2024–Aug 2026,6
2025-09-15T00:00:00-04:00,1.501129,GLD,0.010405,Aug 2024–Aug 2026,6
2025-09-16T00:00:00-04:00,1.504141,GLD,0.002006,Aug 2024–Aug 2026,6
2025-09-17T00:00:00-04:00,1.492537,GLD,-0.007715,Aug 2024–Aug 2026,6
2025-09-18T00:00:00-04:00,1.486557,GLD,-0.004006,Aug 2024–Aug 2026,6
2025-09-19T00:00:00-04:00,1.502325,GLD,0.010607,Aug 2024–Aug 2026,6
2025-09-22T00:00:00-04:00,1.528325,GLD,0.017306,Aug 2024–Aug 2026,6
2025-09-23T00:00:00-04:00,1.534571,GLD,0.004086,Aug 2024–Aug 2026,6
2025-09-24T00:00:00-04:00,1.520663,GLD,-0.009063,Aug 2024–Aug 2026,6
2025-09-25T00:00:00-04:00,1.526996,GLD,0.004165,Aug 2024–Aug 2026,6
2025-09-26T00:00:00-04:00,1.535811,GLD,0.005772,Aug 2024–Aug 2026,6
2025-09-29T00:00:00-04:00,1.561146,GLD,0.016497,Aug 2024–Aug 2026,6
2025-09-30T00:00:00-04:00,1.574478,GLD,0.008540,Aug 2024–Aug 2026,6
2025-10-01T00:00:00-04:00,1.580449,QQQ,0.004797,Aug 2024–Aug 2026,6
2025-10-02T00:00:00-04:00,1.586947,QQQ,0.004111,Aug 2024–Aug 2026,6
2025-10-03T00:00:00-04:00,1.580266,QQQ,-0.004210,Aug 2024–Aug 2026,6
2025-10-06T00:00:00-04:00,1.592134,QQQ,0.007510,Aug 2024–Aug 2026,6
2025-10-07T00:00:00-04:00,1.583750,QQQ,-0.005266,Aug 2024–Aug 2026,6
2025-10-08T00:00:00-04:00,1.601906,QQQ,0.011464,Aug 2024–Aug 2026,6
2025-10-09T00:00:00-04:00,1.599967,QQQ,-0.001210,Aug 2024–Aug 2026,6
2025-10-10T00:00:00-04:00,1.544426,QQQ,-0.034714,Aug 2024–Aug 2026,6
2025-10-13T00:00:00-04:00,1.577201,QQQ,0.021221,Aug 2024–Aug 2026,6
2025-10-14T00:00:00-04:00,1.566695,QQQ,-0.006661,Aug 2024–Aug 2026,6
2025-10-15T00:00:00-04:00,1.577751,QQQ,0.007057,Aug 2024–Aug 2026,6
2025-10-16T00:00:00-04:00,1.571908,QQQ,-0.003703,Aug 2024–Aug 2026,6
2025-10-17T00:00:00-04:00,1.582231,QQQ,0.006567,Aug 2024–Aug 2026,6
2025-10-20T00:00:00-04:00,1.602168,QQQ,0.012601,Aug 2024–Aug 2026,6
2025-10-21T00:00:00-04:00,1.601749,QQQ,-0.000261,Aug 2024–Aug 2026,6
2025-10-22T00:00:00-04:00,1.586318,QQQ,-0.009634,Aug 2024–Aug 2026,6
2025-10-23T00:00:00-04:00,1.599653,QQQ,0.008407,Aug 2024–Aug 2026,6
2025-10-24T00:00:00-04:00,1.616735,QQQ,0.010678,Aug 2024–Aug 2026,6
2025-10-27T00:00:00-04:00,1.645528,QQQ,0.017809,Aug 2024–Aug 2026,6
2025-10-28T00:00:00-04:00,1.658181,QQQ,0.007690,Aug 2024–Aug 2026,6
2025-10-29T00:00:00-04:00,1.665648,QQQ,0.004503,Aug 2024–Aug 2026,6
2025-10-30T00:00:00-04:00,1.640183,QQQ,-0.015289,Aug 2024–Aug 2026,6
2025-10-31T00:00:00-04:00,1.648095,QQQ,0.004824,Aug 2024–Aug 2026,6
2025-11-03T00:00:00-05:00,1.655981,QQQ,0.004785,Aug 2024–Aug 2026,6
2025-11-04T00:00:00-05:00,1.622368,QQQ,-0.020298,Aug 2024–Aug 2026,6
2025-11-05T00:00:00-05:00,1.632926,QQQ,0.006508,Aug 2024–Aug 2026,6
2025-11-06T00:00:00-05:00,1.602509,QQQ,-0.018627,Aug 2024–Aug 2026,6
2025-11-07T00:00:00-05:00,1.597452,QQQ,-0.003155,Aug 2024–Aug 2026,6
2025-11-10T00:00:00-05:00,1.632795,QQQ,0.022124,Aug 2024–Aug 2026,6
2025-11-11T00:00:00-05:00,1.628446,QQQ,-0.002663,Aug 2024–Aug 2026,6
2025-11-12T00:00:00-05:00,1.627162,QQQ,-0.000788,Aug 2024–Aug 2026,6
2025-11-13T00:00:00-05:00,1.593942,QQQ,-0.020416,Aug 2024–Aug 2026,6
2025-11-14T00:00:00-05:00,1.595147,QQQ,0.000756,Aug 2024–Aug 2026,6
2025-11-17T00:00:00-05:00,1.581523,QQQ,-0.008541,Aug 2024–Aug 2026,6
2025-11-18T00:00:00-05:00,1.562267,QQQ,-0.012176,Aug 2024–Aug 2026,6
2025-11-19T00:00:00-05:00,1.571594,QQQ,0.005970,Aug 2024–Aug 2026,6
2025-11-20T00:00:00-05:00,1.534392,QQQ,-0.023672,Aug 2024–Aug 2026,6
2025-11-21T00:00:00-05:00,1.545919,QQQ,0.007513,Aug 2024–Aug 2026,6
2025-11-24T00:00:00-05:00,1.585453,QQQ,0.025573,Aug 2024–Aug 2026,6
2025-11-25T00:00:00-05:00,1.595225,QQQ,0.006164,Aug 2024–Aug 2026,6
2025-11-26T00:00:00-05:00,1.609320,QQQ,0.008836,Aug 2024–Aug 2026,6
2025-11-28T00:00:00-05:00,1.622368,QQQ,0.008107,Aug 2024–Aug 2026,6
2025-12-01T00:00:00-05:00,1.628559,GLD,0.004821,Aug 2024–Aug 2026,6
2025-12-02T00:00:00-05:00,1.618071,GLD,-0.006440,Aug 2024–Aug 2026,6
2025-12-03T00:00:00-05:00,1.616567,GLD,-0.000930,Aug 2024–Aug 2026,6
2025-12-04T00:00:00-05:00,1.617611,GLD,0.000646,Aug 2024–Aug 2026,6
2025-12-05T00:00:00-05:00,1.614728,GLD,-0.001782,Aug 2024–Aug 2026,6
2025-12-08T00:00:00-05:00,1.610466,GLD,-0.002639,Aug 2024–Aug 2026,6
2025-12-09T00:00:00-05:00,1.618740,GLD,0.005137,Aug 2024–Aug 2026,6
2025-12-10T00:00:00-05:00,1.625634,GLD,0.004259,Aug 2024–Aug 2026,6
2025-12-11T00:00:00-05:00,1.643142,GLD,0.010770,Aug 2024–Aug 2026,6
2025-12-12T00:00:00-05:00,1.652334,GLD,0.005595,Aug 2024–Aug 2026,6
2025-12-15T00:00:00-05:00,1.653839,GLD,0.000910,Aug 2024–Aug 2026,6
2025-12-16T00:00:00-05:00,1.654215,GLD,0.000227,Aug 2024–Aug 2026,6
2025-12-17T00:00:00-05:00,1.668422,GLD,0.008588,Aug 2024–Aug 2026,6
2025-12-18T00:00:00-05:00,1.665413,GLD,-0.001803,Aug 2024–Aug 2026,6
2025-12-19T00:00:00-05:00,1.667293,GLD,0.001129,Aug 2024–Aug 2026,6
2025-12-22T00:00:00-05:00,1.705777,GLD,0.023082,Aug 2024–Aug 2026,6
2025-12-23T00:00:00-05:00,1.728383,GLD,0.013252,Aug 2024–Aug 2026,6
2025-12-24T00:00:00-05:00,1.721237,GLD,-0.004134,Aug 2024–Aug 2026,6
2025-12-26T00:00:00-05:00,1.741336,GLD,0.011677,Aug 2024–Aug 2026,6
2025-12-29T00:00:00-05:00,1.665538,GLD,-0.043528,Aug 2024–Aug 2026,6
2025-12-30T00:00:00-05:00,1.666750,GLD,0.000728,Aug 2024–Aug 2026,6
2025-12-31T00:00:00-05:00,1.655970,GLD,-0.006468,Aug 2024–Aug 2026,6
2026-01-02T00:00:00-05:00,1.664201,GLD,0.004971,Aug 2024–Aug 2026,6
2026-01-05T00:00:00-05:00,1.707992,GLD,0.026313,Aug 2024–Aug 2026,6
2026-01-06T00:00:00-05:00,1.726461,GLD,0.010813,Aug 2024–Aug 2026,6
2026-01-07T00:00:00-05:00,1.709956,GLD,-0.009560,Aug 2024–Aug 2026,6
2026-01-08T00:00:00-05:00,1.719399,GLD,0.005523,Aug 2024–Aug 2026,6
2026-01-09T00:00:00-05:00,1.731851,GLD,0.007242,Aug 2024–Aug 2026,6
2026-01-12T00:00:00-05:00,1.764276,GLD,0.018723,Aug 2024–Aug 2026,6
2026-01-13T00:00:00-05:00,1.761769,GLD,-0.001421,Aug 2024–Aug 2026,6
2026-01-14T00:00:00-05:00,1.779778,GLD,0.010222,Aug 2024–Aug 2026,6
2026-01-15T00:00:00-05:00,1.768872,GLD,-0.006128,Aug 2024–Aug 2026,6
2026-01-16T00:00:00-05:00,1.760348,GLD,-0.004819,Aug 2024–Aug 2026,6
2026-01-20T00:00:00-05:00,1.826953,GLD,0.037836,Aug 2024–Aug 2026,6
2026-01-21T00:00:00-05:00,1.853570,GLD,0.014569,Aug 2024–Aug 2026,6
2026-01-22T00:00:00-05:00,1.887791,GLD,0.018463,Aug 2024–Aug 2026,6
2026-01-23T00:00:00-05:00,1.913740,GLD,0.013745,Aug 2024–Aug 2026,6
2026-01-26T00:00:00-05:00,1.941735,GLD,0.014629,Aug 2024–Aug 2026,6
2026-01-27T00:00:00-05:00,1.989370,GLD,0.024532,Aug 2024–Aug 2026,6
2026-01-28T00:00:00-05:00,2.066504,GLD,0.038773,Aug 2024–Aug 2026,6
2026-01-29T00:00:00-05:00,2.072104,GLD,0.002709,Aug 2024–Aug 2026,6
2026-01-30T00:00:00-05:00,1.859211,GLD,-0.102742,Aug 2024–Aug 2026,6
2026-02-02T00:00:00-05:00,1.784750,GLD,-0.040049,Aug 2024–Aug 2026,6
2026-02-03T00:00:00-05:00,1.898238,GLD,0.063587,Aug 2024–Aug 2026,6
2026-02-04T00:00:00-05:00,1.896900,GLD,-0.000704,Aug 2024–Aug 2026,6
2026-02-05T00:00:00-05:00,1.846383,GLD,-0.026632,Aug 2024–Aug 2026,6
2026-02-06T00:00:00-05:00,1.903126,GLD,0.030732,Aug 2024–Aug 2026,6
2026-02-09T00:00:00-05:00,1.951471,GLD,0.025403,Aug 2024–Aug 2026,6
2026-02-10T00:00:00-05:00,1.932125,GLD,-0.009914,Aug 2024–Aug 2026,6
2026-02-11T00:00:00-05:00,1.953978,GLD,0.011311,Aug 2024–Aug 2026,6
2026-02-12T00:00:00-05:00,1.886120,GLD,-0.034728,Aug 2024–Aug 2026,6
2026-02-13T00:00:00-05:00,1.933044,GLD,0.024879,Aug 2024–Aug 2026,6
2026-02-17T00:00:00-05:00,1.872791,GLD,-0.031170,Aug 2024–Aug 2026,6
2026-02-18T00:00:00-05:00,1.914910,GLD,0.022490,Aug 2024–Aug 2026,6
2026-02-19T00:00:00-05:00,1.920258,GLD,0.002793,Aug 2024–Aug 2026,6
2026-02-20T00:00:00-05:00,1.958115,GLD,0.019715,Aug 2024–Aug 2026,6
2026-02-23T00:00:00-05:00,2.011014,GLD,0.027016,Aug 2024–Aug 2026,6
2026-02-24T00:00:00-05:00,1.983144,GLD,-0.013859,Aug 2024–Aug 2026,6
2026-02-25T00:00:00-05:00,1.978172,GLD,-0.002507,Aug 2024–Aug 2026,6
2026-02-26T00:00:00-05:00,1.995136,GLD,0.008576,Aug 2024–Aug 2026,6
2026-02-27T00:00:00-05:00,2.021335,GLD,0.013131,Aug 2024–Aug 2026,6
2026-03-02T00:00:00-05:00,2.047451,GLD,0.012920,Aug 2024–Aug 2026,6
2026-03-03T00:00:00-05:00,1.956109,GLD,-0.044612,Aug 2024–Aug 2026,6
2026-03-04T00:00:00-05:00,1.971402,GLD,0.007818,Aug 2024–Aug 2026,6
2026-03-05T00:00:00-05:00,1.947711,GLD,-0.012018,Aug 2024–Aug 2026,6
2026-03-06T00:00:00-05:00,1.978548,GLD,0.015833,Aug 2024–Aug 2026,6
2026-03-09T00:00:00-04:00,1.974453,GLD,-0.002070,Aug 2024–Aug 2026,6
2026-03-10T00:00:00-04:00,1.996724,GLD,0.011280,Aug 2024–Aug 2026,6
2026-03-11T00:00:00-04:00,1.989955,GLD,-0.003390,Aug 2024–Aug 2026,6
2026-03-12T00:00:00-04:00,1.950844,GLD,-0.019654,Aug 2024–Aug 2026,6
2026-03-13T00:00:00-04:00,1.925606,GLD,-0.012937,Aug 2024–Aug 2026,6
2026-03-16T00:00:00-04:00,1.923893,GLD,-0.000890,Aug 2024–Aug 2026,6
2026-03-17T00:00:00-04:00,1.919046,GLD,-0.002519,Aug 2024–Aug 2026,6
2026-03-18T00:00:00-04:00,1.858333,GLD,-0.031637,Aug 2024–Aug 2026,6
2026-03-19T00:00:00-04:00,1.781742,GLD,-0.041215,Aug 2024–Aug 2026,6
2026-03-20T00:00:00-04:00,1.727296,GLD,-0.030557,Aug 2024–Aug 2026,6
2026-03-23T00:00:00-04:00,1.688269,GLD,-0.022594,Aug 2024–Aug 2026,6
2026-03-24T00:00:00-04:00,1.688645,GLD,0.000223,Aug 2024–Aug 2026,6
2026-03-25T00:00:00-04:00,1.739456,GLD,0.030089,Aug 2024–Aug 2026,6
2026-03-26T00:00:00-04:00,1.674063,GLD,-0.037594,Aug 2024–Aug 2026,6
2026-03-27T00:00:00-04:00,1.732812,GLD,0.035094,Aug 2024–Aug 2026,6
2026-03-30T00:00:00-04:00,1.732310,GLD,-0.000289,Aug 2024–Aug 2026,6
2026-03-31T00:00:00-04:00,1.797954,GLD,0.037894,Aug 2024–Aug 2026,6
2026-04-01T00:00:00-04:00,1.829418,GLD,0.017500,Aug 2024–Aug 2026,6
2026-04-02T00:00:00-04:00,1.794277,GLD,-0.019209,Aug 2024–Aug 2026,6
2026-04-06T00:00:00-04:00,1.786923,GLD,-0.004099,Aug 2024–Aug 2026,6
2026-04-07T00:00:00-04:00,1.804305,GLD,0.009728,Aug 2024–Aug 2026,6
2026-04-08T00:00:00-04:00,1.815671,GLD,0.006299,Aug 2024–Aug 2026,6
2026-04-09T00:00:00-04:00,1.829794,GLD,0.007779,Aug 2024–Aug 2026,6
2026-04-10T00:00:00-04:00,1.826535,GLD,-0.001781,Aug 2024–Aug 2026,6
2026-04-13T00:00:00-04:00,1.819139,GLD,-0.004049,Aug 2024–Aug 2026,6
2026-04-14T00:00:00-04:00,1.859796,GLD,0.022349,Aug 2024–Aug 2026,6
2026-04-15T00:00:00-04:00,1.840449,GLD,-0.010402,Aug 2024–Aug 2026,6
2026-04-16T00:00:00-04:00,1.838861,GLD,-0.000863,Aug 2024–Aug 2026,6
2026-04-17T00:00:00-04:00,1.863305,GLD,0.013293,Aug 2024–Aug 2026,6
2026-04-20T00:00:00-04:00,1.847260,GLD,-0.008611,Aug 2024–Aug 2026,6
2026-04-21T00:00:00-04:00,1.794946,GLD,-0.028320,Aug 2024–Aug 2026,6
2026-04-22T00:00:00-04:00,1.818721,GLD,0.013246,Aug 2024–Aug 2026,6
2026-04-23T00:00:00-04:00,1.801088,GLD,-0.009695,Aug 2024–Aug 2026,6
2026-04-24T00:00:00-04:00,1.810322,GLD,0.005127,Aug 2024–Aug 2026,6
2026-04-27T00:00:00-04:00,1.796283,GLD,-0.007755,Aug 2024–Aug 2026,6
2026-04-28T00:00:00-04:00,1.762939,GLD,-0.018563,Aug 2024–Aug 2026,6
2026-04-29T00:00:00-04:00,1.744135,GLD,-0.010666,Aug 2024–Aug 2026,6
2026-04-30T00:00:00-04:00,1.770251,GLD,0.014973,Aug 2024–Aug 2026,6
2026-05-01T00:00:00-04:00,1.768245,GLD,-0.001133,Aug 2024–Aug 2026,6
2026-05-04T00:00:00-04:00,1.732854,GLD,-0.020015,Aug 2024–Aug 2026,6
2026-05-05T00:00:00-04:00,1.747729,GLD,0.008584,Aug 2024–Aug 2026,6
2026-05-06T00:00:00-04:00,1.800754,GLD,0.030339,Aug 2024–Aug 2026,6
2026-05-07T00:00:00-04:00,1.803762,GLD,0.001671,Aug 2024–Aug 2026,6
2026-05-08T00:00:00-04:00,1.812495,GLD,0.004842,Aug 2024–Aug 2026,6
2026-05-11T00:00:00-04:00,1.816172,GLD,0.002029,Aug 2024–Aug 2026,6
2026-05-12T00:00:00-04:00,1.808985,GLD,-0.003957,Aug 2024–Aug 2026,6
2026-05-13T00:00:00-04:00,1.798832,GLD,-0.005613,Aug 2024–Aug 2026,6
2026-05-14T00:00:00-04:00,1.785084,GLD,-0.007642,Aug 2024–Aug 2026,6
2026-05-15T00:00:00-04:00,1.743634,GLD,-0.023220,Aug 2024–Aug 2026,6
2026-05-18T00:00:00-04:00,1.748397,GLD,0.002732,Aug 2024–Aug 2026,6
2026-05-19T00:00:00-04:00,1.719441,GLD,-0.016562,Aug 2024–Aug 2026,6
2026-05-20T00:00:00-04:00,1.744094,GLD,0.014338,Aug 2024–Aug 2026,6
2026-05-21T00:00:00-04:00,1.742380,GLD,-0.000982,Aug 2024–Aug 2026,6
2026-05-22T00:00:00-04:00,1.729135,GLD,-0.007602,Aug 2024–Aug 2026,6
2026-05-26T00:00:00-04:00,1.729887,GLD,0.000435,Aug 2024–Aug 2026,6
2026-05-27T00:00:00-04:00,1.706863,GLD,-0.013309,Aug 2024–Aug 2026,6
2026-05-28T00:00:00-04:00,1.724747,GLD,0.010478,Aug 2024–Aug 2026,6
2026-05-29T00:00:00-04:00,1.742924,GLD,0.010539,Aug 2024–Aug 2026,6
2026-06-01T00:00:00-04:00,1.751628,QQQ,0.006000,Aug 2024–Aug 2026,6
2026-06-02T00:00:00-04:00,1.759694,QQQ,0.004605,Aug 2024–Aug 2026,6
2026-06-03T00:00:00-04:00,1.755095,QQQ,-0.002613,Aug 2024–Aug 2026,6
2026-06-04T00:00:00-04:00,1.746605,QQQ,-0.004837,Aug 2024–Aug 2026,6
2026-06-05T00:00:00-04:00,1.662766,QQQ,-0.048001,Aug 2024–Aug 2026,6
2026-06-08T00:00:00-04:00,1.688731,QQQ,0.015616,Aug 2024–Aug 2026,6
2026-06-09T00:00:00-04:00,1.669299,QQQ,-0.011507,Aug 2024–Aug 2026,6
2026-06-10T00:00:00-04:00,1.635952,QQQ,-0.019977,Aug 2024–Aug 2026,6
2026-06-11T00:00:00-04:00,1.691208,QQQ,0.033776,Aug 2024–Aug 2026,6
2026-06-12T00:00:00-04:00,1.701160,QQQ,0.005885,Aug 2024–Aug 2026,6
2026-06-15T00:00:00-04:00,1.754600,QQQ,0.031414,Aug 2024–Aug 2026,6
2026-06-16T00:00:00-04:00,1.721253,QQQ,-0.019005,Aug 2024–Aug 2026,6
2026-06-17T00:00:00-04:00,1.703919,QQQ,-0.010070,Aug 2024–Aug 2026,6
2026-06-18T00:00:00-04:00,1.746629,QQQ,0.025065,Aug 2024–Aug 2026,6
2026-06-22T00:00:00-04:00,1.742244,QQQ,-0.002510,Aug 2024–Aug 2026,6
2026-06-23T00:00:00-04:00,1.684874,QQQ,-0.032929,Aug 2024–Aug 2026,6
2026-06-24T00:00:00-04:00,1.677720,QQQ,-0.004246,Aug 2024–Aug 2026,6
2026-06-25T00:00:00-04:00,1.691319,QQQ,0.008106,Aug 2024–Aug 2026,6
2026-06-26T00:00:00-04:00,1.668041,QQQ,-0.013764,Aug 2024–Aug 2026,6
2026-06-29T00:00:00-04:00,1.709498,QQQ,0.024854,Aug 2024–Aug 2026,6
2026-06-30T00:00:00-04:00,1.738585,QQQ,0.017015,Aug 2024–Aug 2026,6
2026-07-01T00:00:00-04:00,1.712072,QQQ,-0.015250,Aug 2024–Aug 2026,6
2026-07-02T00:00:00-04:00,1.682395,QQQ,-0.017334,Aug 2024–Aug 2026,6
2026-07-06T00:00:00-04:00,1.706524,QQQ,0.014342,Aug 2024–Aug 2026,6
2026-07-07T00:00:00-04:00,1.674911,QQQ,-0.018525,Aug 2024–Aug 2026,6
2026-07-08T00:00:00-04:00,1.679656,QQQ,0.002833,Aug 2024–Aug 2026,6
2026-07-09T00:00:00-04:00,1.707610,QQQ,0.016642,Aug 2024–Aug 2026,6
2026-07-10T00:00:00-04:00,1.712874,QQQ,0.003083,Aug 2024–Aug 2026,6
2026-07-13T00:00:00-04:00,1.680364,QQQ,-0.018980,Aug 2024–Aug 2026,6
2026-07-14T00:00:00-04:00,1.699134,QQQ,0.011170,Aug 2024–Aug 2026,6
2026-07-15T00:00:00-04:00,1.694530,QQQ,-0.002710,Aug 2024–Aug 2026,6
2026-07-16T00:00:00-04:00,1.666671,QQQ,-0.016440,Aug 2024–Aug 2026,6
2026-07-17T00:00:00-04:00,1.641622,QQQ,-0.015030,Aug 2024–Aug 2026,6
2026-07-20T00:00:00-04:00,1.643345,QQQ,0.001050,Aug 2024–Aug 2026,6
2026-07-21T00:00:00-04:00,1.673825,QQQ,0.018547,Aug 2024–Aug 2026,6
2026-07-22T00:00:00-04:00,1.665278,QQQ,-0.005106,Aug 2024–Aug 2026,6
2026-07-23T00:00:00-04:00,1.633665,QQQ,-0.018983,Aug 2024–Aug 2026,6
2026-07-24T00:00:00-04:00,1.615415,QQQ,-0.011171,Aug 2024–Aug 2026,6
2026-07-27T00:00:00-04:00,1.610434,QQQ,-0.003084,Aug 2024–Aug 2026,6
2026-07-28T00:00:00-04:00,1.594781,QQQ,-0.009720,Aug 2024–Aug 2026,6
2026-07-29T00:00:00-04:00,1.562295,QQQ,-0.020370,Aug 2024–Aug 2026,6
2026-07-30T00:00:00-04:00,1.613810,QQQ,0.032974,Aug 2024–Aug 2026,6
2026-07-31T00:00:00-04:00,1.624293,QQQ,0.006496,Aug 2024–Aug 2026,6
2026-08-03T00:00:00-04:00,1.652813,QQQ,0.017558,Aug 2024–Aug 2026,6
2026-08-04T00:00:00-04:00,1.708955,QQQ,0.033968,Aug 2024–Aug 2026,6
2026-08-05T00:00:00-04:00,1.693491,QQQ,-0.009049,Aug 2024–Aug 2026,6
2026-08-06T00:00:00-04:00,1.687235,QQQ,-0.003694,Aug 2024–Aug 2026,6
2026-08-07T00:00:00-04:00,1.707019,QQQ,0.011726,Aug 2024–Aug 2026,6
2026-08-10T00:00:00-04:00,1.701920,QQQ,-0.002987,Aug 2024–Aug 2026,6
2026-08-11T00:00:00-04:00,1.696206,QQQ,-0.003357,Aug 2024–Aug 2026,6
2026-08-12T00:00:00-04:00,1.708601,QQQ,0.007307,Aug 2024–Aug 2026,6
2026-08-13T00:00:00-04:00,1.728362,QQQ,0.011566,Aug 2024–Aug 2026,6
2026-08-14T00:00:00-04:00,1.726001,QQQ,-0.001366,Aug 2024–Aug 2026,6
2026-08-17T00:00:00-04:00,1.723168,QQQ,-0.001641,Aug 2024–Aug 2026,6
2026-08-18T00:00:00-04:00,1.693987,QQQ,-0.016935,Aug 2024–Aug 2026,6
2026-08-19T00:00:00-04:00,1.690611,QQQ,-0.001993,Aug 2024–Aug 2026,6
2026-08-20T00:00:00-04:00,1.678452,QQQ,-0.007192,Aug 2024–Aug 2026,6
2026-08-21T00:00:00-04:00,1.684378,QQQ,0.003531,Aug 2024–Aug 2026,6
