variant,window,date,equity,effective_exposure,target_exposure,base_exposure,overlay,crisis_brake,drawdown_20d_high,realized_vol,qqq_close,shy_close
tv10%_lb20d_ovly,2022 bear,2022-01-03,1.000000,0.0000,0.0000,0.0000,0.0000,0,0.0000,0.0000,390.7567,74.2173
tv10%_lb20d_ovly,2022 bear,2022-01-04,1.000585,0.0000,0.0000,0.0000,0.0000,0,0.0000,0.0000,385.6885,74.2608
tv10%_lb20d_ovly,2022 bear,2022-01-05,0.999297,0.0000,0.0000,0.0000,0.0000,0,0.0000,0.0000,373.8396,74.1652
tv10%_lb20d_ovly,2022 bear,2022-01-06,0.998478,0.0000,0.0000,0.0000,0.0000,0,0.0000,0.0000,373.5770,74.1044
tv10%_lb20d_ovly,2022 bear,2022-01-07,0.998244,0.0000,0.0000,0.0000,0.0000,0,0.0000,0.0000,369.5301,74.0870
tv10%_lb20d_ovly,2022 bear,2022-01-10,0.997659,0.0000,0.0000,0.0000,0.0000,0,0.0000,0.0000,369.7733,74.0436
tv10%_lb20d_ovly,2022 bear,2022-01-11,0.998010,0.0000,0.0000,0.0000,0.0000,0,0.0000,0.0000,375.3281,74.0696
tv10%_lb20d_ovly,2022 bear,2022-01-12,0.997659,0.0000,0.0000,0.0000,0.0000,0,0.0000,0.0000,376.8165,74.0436
tv10%_lb20d_ovly,2022 bear,2022-01-13,0.998127,0.0000,0.0000,0.0000,0.0000,0,0.0000,0.0000,367.3900,74.0784
tv10%_lb20d_ovly,2022 bear,2022-01-14,0.996840,0.0000,0.0000,0.0000,0.0000,0,0.0000,0.0000,369.6761,73.9828
tv10%_lb20d_ovly,2022 bear,2022-01-18,0.995318,0.0000,0.0000,0.0000,0.0000,0,0.0000,0.0000,360.4733,73.8699
tv10%_lb20d_ovly,2022 bear,2022-01-19,0.995787,0.0000,0.0000,0.0000,0.0000,0,0.0000,0.0000,356.5141,73.9046
tv10%_lb20d_ovly,2022 bear,2022-01-20,0.995553,0.0000,0.0000,0.0000,0.0000,0,0.0000,0.0000,351.8836,73.8873
tv10%_lb20d_ovly,2022 bear,2022-01-21,0.996372,0.0000,0.0000,0.0000,0.0000,0,0.0000,0.0000,342.1262,73.9481
tv10%_lb20d_ovly,2022 bear,2022-01-24,0.996957,0.0000,0.0000,0.0000,0.0000,0,0.0000,0.0000,343.6924,73.9915
tv10%_lb20d_ovly,2022 bear,2022-01-25,0.996489,0.0000,0.0000,0.0000,0.0000,0,0.0000,0.0000,335.7251,73.9567
tv10%_lb20d_ovly,2022 bear,2022-01-26,0.994733,0.0000,0.0000,0.0000,0.0000,0,0.0000,0.0000,335.1998,73.8265
tv10%_lb20d_ovly,2022 bear,2022-01-27,0.993914,0.0000,0.0000,0.0000,0.0000,0,0.0000,0.0000,331.8242,73.7657
tv10%_lb20d_ovly,2022 bear,2022-01-28,0.994265,0.0000,0.0000,0.0000,0.0000,0,0.0000,0.0000,342.2333,73.7917
tv10%_lb20d_ovly,2022 bear,2022-01-31,0.994265,0.0000,0.0000,0.0000,0.0000,0,-0.0582,0.0000,353.1772,73.7917
tv10%_lb20d_ovly,2022 bear,2022-02-01,0.994183,0.0000,0.0000,0.5339,0.0000,0,-0.0515,0.1873,355.5801,73.7856
tv10%_lb20d_ovly,2022 bear,2022-02-02,0.994417,0.0000,0.0000,0.5201,0.0000,0,-0.0290,0.1923,358.4693,73.8030
tv10%_lb20d_ovly,2022 bear,2022-02-03,0.993597,0.0000,0.0000,0.5050,0.0000,0,-0.0518,0.1980,343.9356,73.7422
tv10%_lb20d_ovly,2022 bear,2022-02-04,0.991607,0.0000,0.0000,0.5011,0.0000,0,-0.0474,0.1996,348.2744,73.5945
tv10%_lb20d_ovly,2022 bear,2022-02-07,0.991842,0.0000,0.0000,0.5012,0.0000,0,-0.0504,0.1995,345.4727,73.6119
tv10%_lb20d_ovly,2022 bear,2022-02-08,0.990788,0.0000,0.0000,0.4931,0.0000,0,-0.0426,0.2028,349.3542,73.5336
tv10%_lb20d_ovly,2022 bear,2022-02-09,0.990671,0.0000,0.0000,0.4820,0.0000,0,-0.0286,0.2075,356.7572,73.5250
tv10%_lb20d_ovly,2022 bear,2022-02-10,0.985637,0.0000,0.0000,0.4648,0.0000,0,-0.0331,0.2152,348.6829,73.1513
tv10%_lb20d_ovly,2022 bear,2022-02-11,0.988681,0.0000,0.0000,0.4536,0.0000,0,-0.0522,0.2205,337.6221,73.3773
tv10%_lb20d_ovly,2022 bear,2022-02-14,0.986573,0.0000,0.0000,0.4542,0.0000,0,-0.0405,0.2202,338.0404,73.2209
tv10%_lb20d_ovly,2022 bear,2022-02-15,0.986924,0.0000,0.0000,0.4498,0.0000,0,-0.0250,0.2223,346.4455,73.2469
tv10%_lb20d_ovly,2022 bear,2022-02-16,0.988213,0.0000,0.0000,0.4552,0.0000,0,-0.0239,0.2197,346.3579,73.3425
tv10%_lb20d_ovly,2022 bear,2022-02-17,0.988798,0.0000,0.0000,0.4361,0.0000,0,-0.0448,0.2293,336.0560,73.3859
tv10%_lb20d_ovly,2022 bear,2022-02-18,0.988915,0.0000,0.0000,0.4555,0.0000,0,-0.0509,0.2195,332.2231,73.3946
tv10%_lb20d_ovly,2022 bear,2022-02-22,0.987978,0.0000,0.0000,0.4510,0.0000,0,-0.0611,0.2218,328.8863,73.3251
tv10%_lb20d_ovly,2022 bear,2022-02-23,0.987393,0.0000,0.0000,0.4418,0.0000,0,-0.0778,0.2263,320.4619,73.2817
tv10%_lb20d_ovly,2022 bear,2022-02-24,0.988213,0.0000,0.0000,0.4281,0.0000,0,-0.0639,0.2336,331.2308,73.3425
tv10%_lb20d_ovly,2022 bear,2022-02-25,0.988213,0.0000,0.0000,0.4065,0.0000,0,-0.0433,0.2460,336.3672,73.3425
tv10%_lb20d_ovly,2022 bear,2022-02-28,0.989969,0.0000,0.0000,0.4357,0.0000,0,-0.0457,0.2295,337.3692,73.4728
tv10%_lb20d_ovly,2022 bear,2022-03-01,0.992252,0.0000,0.0000,0.4459,0.0000,0,-0.0602,0.2243,332.2036,73.6423
tv10%_lb20d_ovly,2022 bear,2022-03-02,0.988973,0.0000,0.0000,0.4275,0.0000,0,-0.0429,0.2339,337.7777,73.3989
tv10%_lb20d_ovly,2022 bear,2022-03-03,0.988973,0.0000,0.0000,0.4344,0.0000,0,-0.0477,0.2302,332.9526,73.3989
tv10%_lb20d_ovly,2022 bear,2022-03-04,0.990027,0.0000,0.0000,0.4602,0.0000,0,-0.0554,0.2173,328.1275,73.4772
tv10%_lb20d_ovly,2022 bear,2022-03-07,0.988739,0.0000,0.0000,0.4207,0.0000,0,-0.0833,0.2377,316.0258,73.3816
tv10%_lb20d_ovly,2022 bear,2022-03-08,0.987450,0.0000,0.0000,0.4199,0.0000,0,-0.0902,0.2382,314.5569,73.2859
tv10%_lb20d_ovly,2022 bear,2022-03-09,0.986865,0.0000,0.0000,0.3874,0.0000,0,-0.0659,0.2581,325.8804,73.2425
tv10%_lb20d_ovly,2022 bear,2022-03-10,0.986045,0.0000,0.0000,0.3999,0.0000,0,-0.0531,0.2500,322.2615,73.1817
tv10%_lb20d_ovly,2022 bear,2022-03-11,0.985694,0.0000,0.0000,0.4055,0.0000,0,-0.0594,0.2466,315.5783,73.1556
tv10%_lb20d_ovly,2022 bear,2022-03-14,0.983118,0.0000,0.0000,0.4178,0.0000,0,-0.0663,0.2394,309.5176,72.9644
tv10%_lb20d_ovly,2022 bear,2022-03-15,0.983469,0.0000,0.0000,0.3927,0.0000,0,-0.0457,0.2546,319.2263,72.9904
tv10%_lb20d_ovly,2022 bear,2022-03-16,0.982532,0.0000,0.0000,0.3834,0.0000,0,-0.0246,0.2608,331.0655,72.9209
tv10%_lb20d_ovly,2022 bear,2022-03-17,0.982181,0.0000,0.0000,0.3771,0.0000,0,0.0000,0.2652,335.0734,72.8949
tv10%_lb20d_ovly,2022 bear,2022-03-18,0.981947,0.0000,0.0000,0.3906,0.0000,0,0.0000,0.2560,341.9316,72.8775
tv10%_lb20d_ovly,2022 bear,2022-03-21,0.978667,0.0000,0.0000,0.3928,0.0000,0,-0.0003,0.2546,340.9810,72.6341
tv10%_lb20d_ovly,2022 bear,2022-03-22,0.977965,0.0000,0.0000,0.3954,0.0000,0,0.0000,0.2529,347.6823,72.5819
tv10%_lb20d_ovly,2022 bear,2022-03-23,0.978784,0.0000,0.0000,0.4029,0.0000,0,-0.0129,0.2482,342.6855,72.6428
tv10%_lb20d_ovly,2022 bear,2022-03-24,0.978550,0.0000,0.0000,0.4029,0.0000,0,0.0000,0.2482,350.3023,72.6254
tv10%_lb20d_ovly,2022 bear,2022-03-25,0.975857,0.0000,0.0000,0.4203,0.0000,0,0.0000,0.2379,350.0102,72.4255
tv10%_lb20d_ovly,2022 bear,2022-03-28,0.974920,0.0000,0.0000,0.4201,0.0000,0,0.0000,0.2380,355.4256,72.3560
tv10%_lb20d_ovly,2022 bear,2022-03-29,0.975388,0.0000,0.0000,0.4330,0.0000,0,0.0000,0.2309,361.5423,72.3907
tv10%_lb20d_ovly,2022 bear,2022-03-30,0.976091,0.0000,0.4409,0.4409,0.0000,0,-0.0062,0.2268,357.5489,72.4429
tv10%_lb20d_ovly,2022 bear,2022-03-31,0.975661,0.4409,0.4267,0.4267,0.0000,0,-0.0215,0.2343,353.1172,72.4429
tv10%_lb20d_ovly,2022 bear,2022-04-01,0.973703,0.4409,0.4324,0.4324,0.0000,0,-0.0187,0.2313,352.4451,72.2916
tv10%_lb20d_ovly,2022 bear,2022-04-04,0.982869,0.4409,0.5060,0.5060,0.0000,0,-0.0103,0.1976,359.7014,72.3350
tv10%_lb20d_ovly,2022 bear,2022-04-05,0.972193,0.5060,0.4938,0.4938,0.0000,0,-0.0228,0.2025,351.7147,72.2047
tv10%_lb20d_ovly,2022 bear,2022-04-06,0.961858,0.5060,0.5255,0.5255,0.0000,0,-0.0326,0.1903,344.0783,72.2568
tv10%_lb20d_ovly,2022 bear,2022-04-07,0.963359,0.5060,0.5298,0.5298,0.0000,0,-0.0277,0.1887,344.8965,72.3090
tv10%_lb20d_ovly,2022 bear,2022-04-08,0.955972,0.5060,0.5528,0.5528,0.0000,0,-0.0303,0.1809,340.0752,72.2220
tv10%_lb20d_ovly,2022 bear,2022-04-11,0.944641,0.5060,0.5216,0.5216,0.0000,0,-0.0469,0.1917,332.0299,72.2394
tv10%_lb20d_ovly,2022 bear,2022-04-12,0.943801,0.5060,0.5577,0.5577,0.0000,0,-0.0504,0.1793,330.6273,72.4220
tv10%_lb20d_ovly,2022 bear,2022-04-13,0.953684,0.5577,0.5992,0.5992,0.0000,0,-0.0395,0.1669,337.3480,72.4568
tv10%_lb20d_ovly,2022 bear,2022-04-14,0.940762,0.5577,0.5960,0.5960,0.0000,0,-0.0515,0.1678,329.6338,72.3263
tv10%_lb20d_ovly,2022 bear,2022-04-18,0.941165,0.5577,0.6149,0.6149,0.0000,0,-0.0511,0.1626,329.8871,72.3263
tv10%_lb20d_ovly,2022 bear,2022-04-19,0.951892,0.6149,0.5774,0.5774,0.0000,0,-0.0358,0.1732,337.2603,72.1612
tv10%_lb20d_ovly,2022 bear,2022-04-20,0.943576,0.6149,0.5963,0.5963,0.0000,0,-0.0365,0.1677,332.3416,72.2047
tv10%_lb20d_ovly,2022 bear,2022-04-21,0.930958,0.6149,0.5885,0.5885,0.0000,0,-0.0509,0.1699,325.4651,72.0829
tv10%_lb20d_ovly,2022 bear,2022-04-22,0.915882,0.6149,0.5406,0.5406,0.0000,0,-0.0769,0.1850,316.9425,72.0655
tv10%_lb20d_ovly,2022 bear,2022-04-25,0.923601,0.5406,0.5390,0.5390,0.0000,0,-0.0716,0.1855,321.0138,72.1785
tv10%_lb20d_ovly,2022 bear,2022-04-26,0.905522,0.5406,0.4899,0.4899,0.0000,0,-0.0985,0.2041,308.8972,72.3090
tv10%_lb20d_ovly,2022 bear,2022-04-27,0.904690,0.4899,0.5093,0.5093,0.0000,0,-0.0903,0.1964,308.5270,72.2742
tv10%_lb20d_ovly,2022 bear,2022-04-28,0.920098,0.4899,0.4480,0.4480,0.0000,0,-0.0635,0.2232,319.4846,72.2220
tv10%_lb20d_ovly,2022 bear,2022-04-29,0.898910,0.4899,0.3982,0.3982,0.0000,0,-0.0981,0.2511,305.1083,72.0829
tv10%_lb20d_ovly,2022 bear,2022-05-02,0.906147,0.3982,0.3958,0.3958,0.0000,0,-0.0926,0.2526,310.2024,72.0777
tv10%_lb20d_ovly,2022 bear,2022-05-03,0.906268,0.3982,0.3995,0.3995,0.0000,0,-0.0768,0.2503,310.5335,72.0429
tv10%_lb20d_ovly,2022 bear,2022-05-04,0.919919,0.3982,0.3616,0.3616,0.0000,0,-0.0439,0.2766,321.0333,72.2343
tv10%_lb20d_ovly,2022 bear,2022-05-05,0.900537,0.3982,0.3327,0.3327,0.0000,0,-0.0779,0.3006,304.8647,72.1125
tv10%_lb20d_ovly,2022 bear,2022-05-06,0.896116,0.3327,0.3347,0.3347,0.0000,0,-0.0809,0.2988,301.2122,72.1038
tv10%_lb20d_ovly,2022 bear,2022-05-09,0.885966,0.3327,0.3175,0.3175,0.0000,0,-0.1053,0.3149,289.4268,72.2865
tv10%_lb20d_ovly,2022 bear,2022-05-10,0.889191,0.3327,0.8193,0.3193,0.5000,0,-0.1032,0.3132,292.9429,72.2430
tv10%_lb20d_ovly,2022 bear,2022-05-11,0.880060,0.8193,0.8168,0.3168,0.5000,0,-0.1175,0.3156,284.2548,72.2517
tv10%_lb20d_ovly,2022 bear,2022-05-12,0.878585,0.8193,0.8227,0.3227,0.5000,0,-0.1184,0.3099,283.5827,72.3560
tv10%_lb20d_ovly,2022 bear,2022-05-13,0.905204,0.8193,0.5567,0.3067,0.2500,0,-0.0973,0.3261,294.0923,72.3300
tv10%_lb20d_ovly,2022 bear,2022-05-16,0.896470,0.5567,0.8071,0.3071,0.5000,0,-0.1010,0.3256,290.6832,72.3735
tv10%_lb20d_ovly,2022 bear,2022-05-17,0.908309,0.8071,0.5534,0.3034,0.2500,0,-0.0818,0.3296,298.2123,72.2169
tv10%_lb20d_ovly,2022 bear,2022-05-18,0.872182,0.5534,0.7824,0.2824,0.5000,0,-0.1055,0.3541,283.5729,72.2517
tv10%_lb20d_ovly,2022 bear,2022-05-19,0.869959,0.7824,0.5336,0.2836,0.2500,0,-0.0923,0.3526,282.0535,72.3560
tv10%_lb20d_ovly,2022 bear,2022-05-20,0.867765,0.5336,0.5412,0.2912,0.2500,0,-0.0919,0.3434,281.1768,72.4083
tv10%_lb20d_ovly,2022 bear,2022-05-23,0.875270,0.5336,0.5346,0.2846,0.2500,0,-0.0749,0.3513,285.8521,72.3735
tv10%_lb20d_ovly,2022 bear,2022-05-24,0.866271,0.5336,0.5453,0.2953,0.2500,0,-0.0820,0.3386,279.7743,72.5388
tv10%_lb20d_ovly,2022 bear,2022-05-25,0.873031,0.5336,0.5436,0.2936,0.2500,0,-0.0739,0.3406,283.6898,72.5910
tv10%_lb20d_ovly,2022 bear,2022-05-26,0.886037,0.5336,0.5480,0.2980,0.2500,0,-0.0554,0.3355,291.5501,72.6084
tv10%_lb20d_ovly,2022 bear,2022-05-27,0.901569,0.5336,0.3109,0.3109,0.0000,0,-0.0322,0.3217,301.0661,72.6258
tv10%_lb20d_ovly,2022 bear,2022-05-31,0.899437,0.3109,0.3109,0.3109,0.0000,0,-0.0376,0.3216,300.2675,72.5127
tv10%_lb20d_ovly,2022 bear,2022-06-01,0.896216,0.3109,0.3103,0.3103,0.0000,0,-0.0454,0.3223,298.0467,72.3777
tv10%_lb20d_ovly,2022 bear,2022-06-02,0.903995,0.3109,0.3222,0.3222,0.0000,0,0.0000,0.3104,306.2089,72.3951
tv10%_lb20d_ovly,2022 bear,2022-06-03,0.896457,0.3109,0.3470,0.3470,0.0000,0,-0.0164,0.2882,298.2415,72.3690
tv10%_lb20d_ovly,2022 bear,2022-06-06,0.896568,0.3109,0.3477,0.3477,0.0000,0,-0.0134,0.2876,299.2350,72.2733
tv10%_lb20d_ovly,2022 bear,2022-06-07,0.899047,0.3109,0.3816,0.3816,0.0000,0,-0.0040,0.2620,301.8161,72.2820
tv10%_lb20d_ovly,2022 bear,2022-06-08,0.896524,0.3816,0.3758,0.3758,0.0000,0,-0.0148,0.2661,299.6442,72.2297
tv10%_lb20d_ovly,2022 bear,2022-06-09,0.886959,0.3816,0.3642,0.3642,0.0000,0,-0.0382,0.2746,291.6182,72.1775
tv10%_lb20d_ovly,2022 bear,2022-06-10,0.872705,0.3816,0.5888,0.3388,0.2500,0,-0.0661,0.2952,281.3327,71.8728
tv10%_lb20d_ovly,2022 bear,2022-06-13,0.854297,0.5888,0.3219,0.3219,0.0000,0,-0.1016,0.3106,268.2517,71.5071
tv10%_lb20d_ovly,2022 bear,2022-06-14,0.854298,0.3219,0.2500,0.3219,0.5000,1,-0.1043,0.3106,268.7388,71.3678
tv10%_lb20d_ovly,2022 bear,2022-06-15,0.863365,0.2500,0.5778,0.3278,0.2500,0,-0.0915,0.3051,275.4497,71.6464
tv10%_lb20d_ovly,2022 bear,2022-06-16,0.855241,0.5778,0.2500,0.3403,0.5000,1,-0.1216,0.2938,264.3363,71.7421
tv10%_lb20d_ovly,2022 bear,2022-06-17,0.860880,0.2500,0.2500,0.3399,0.5000,1,-0.1197,0.2942,267.5504,71.7247
tv10%_lb20d_ovly,2022 bear,2022-06-21,0.866075,0.2500,0.2500,0.3223,0.2500,1,-0.0975,0.3103,274.3007,71.6986
tv10%_lb20d_ovly,2022 bear,2022-06-22,0.867652,0.2500,0.2500,0.3323,0.2500,1,-0.0991,0.3009,273.9005,71.9076
tv10%_lb20d_ovly,2022 bear,2022-06-23,0.871434,0.2500,0.2500,0.3295,0.2500,1,-0.0903,0.3035,277.9797,71.9685
tv10%_lb20d_ovly,2022 bear,2022-06-24,0.878741,0.2500,0.2500,0.3089,0.2500,1,-0.0614,0.3238,287.5043,71.9511
tv10%_lb20d_ovly,2022 bear,2022-06-27,0.876412,0.2500,0.5678,0.3178,0.2500,0,-0.0650,0.3147,285.3965,71.8728
tv10%_lb20d_ovly,2022 bear,2022-06-28,0.869301,0.5678,0.2500,0.3274,0.2500,1,-0.0841,0.3054,276.7013,71.8553
tv10%_lb20d_ovly,2022 bear,2022-06-29,0.869932,0.2500,0.2500,0.3273,0.2500,1,-0.0848,0.3056,276.9550,71.9424
tv10%_lb20d_ovly,2022 bear,2022-06-30,0.868498,0.2500,0.2500,0.3272,0.2500,1,-0.0923,0.3056,273.5199,72.0817
tv10%_lb20d_ovly,2022 bear,2022-07-01,0.871892,0.2500,0.2500,0.3348,0.2500,1,-0.0790,0.2987,275.3253,72.2987
tv10%_lb20d_ovly,2022 bear,2022-07-05,0.875545,0.2500,0.5880,0.3380,0.2500,0,-0.0773,0.2958,280.0388,72.2900
tv10%_lb20d_ovly,2022 bear,2022-07-06,0.874832,0.5880,0.5879,0.3379,0.2500,0,-0.0742,0.2959,281.8345,72.0896
tv10%_lb20d_ovly,2022 bear,2022-07-07,0.885579,0.5880,0.3338,0.3338,0.0000,0,-0.0500,0.2996,287.8654,72.0373
tv10%_lb20d_ovly,2022 bear,2022-07-08,0.885566,0.3338,0.3353,0.3353,0.0000,0,-0.0276,0.2982,288.2265,71.9501
tv10%_lb20d_ovly,2022 bear,2022-07-11,0.879465,0.3338,0.3455,0.3455,0.0000,0,-0.0150,0.2894,282.0687,71.9763
tv10%_lb20d_ovly,2022 bear,2022-07-12,0.876905,0.3338,0.3673,0.3673,0.0000,0,-0.0237,0.2723,279.3362,72.0111
tv10%_lb20d_ovly,2022 bear,2022-07-13,0.875665,0.3338,0.4274,0.4274,0.0000,0,-0.0288,0.2339,278.7604,71.9327
tv10%_lb20d_ovly,2022 bear,2022-07-14,0.876415,0.4274,0.4277,0.4277,0.0000,0,-0.0312,0.2338,279.7559,71.9065
tv10%_lb20d_ovly,2022 bear,2022-07-15,0.883575,0.4274,0.4201,0.4201,0.0000,0,-0.0127,0.2380,284.8304,71.9588
tv10%_lb20d_ovly,2022 bear,2022-07-18,0.880073,0.4274,0.4911,0.4911,0.0000,0,-0.0208,0.2036,282.4200,71.9153
tv10%_lb20d_ovly,2022 bear,2022-07-19,0.891035,0.4911,0.4520,0.4520,0.0000,0,0.0000,0.2213,291.1053,71.8368
tv10%_lb20d_ovly,2022 bear,2022-07-20,0.897919,0.4911,0.4835,0.4835,0.0000,0,0.0000,0.2068,295.7213,71.8281
tv10%_lb20d_ovly,2022 bear,2022-07-21,0.905525,0.4911,0.4812,0.4812,0.0000,0,0.0000,0.2078,299.9663,72.0285
tv10%_lb20d_ovly,2022 bear,2022-07-22,0.898897,0.4911,0.4744,0.4744,0.0000,0,-0.0093,0.2108,294.7063,72.2115
tv10%_lb20d_ovly,2022 bear,2022-07-25,0.895996,0.4911,0.5537,0.5537,0.0000,0,-0.0081,0.1806,293.0278,72.1505
tv10%_lb20d_ovly,2022 bear,2022-07-26,0.887073,0.5537,0.5391,0.5391,0.0000,0,-0.0198,0.1855,287.2701,72.1157
tv10%_lb20d_ovly,2022 bear,2022-07-27,0.908453,0.5537,0.5293,0.5293,0.0000,0,0.0000,0.1889,299.4101,72.2290
tv10%_lb20d_ovly,2022 bear,2022-07-28,0.914251,0.5537,0.5220,0.5220,0.0000,0,0.0000,0.1916,302.3377,72.3858
tv10%_lb20d_ovly,2022 bear,2022-07-29,0.923434,0.5537,0.5249,0.5249,0.0000,0,0.0000,0.1905,307.8514,72.3772
tv10%_lb20d_ovly,2022 bear,2022-08-01,0.923116,0.5537,0.5241,0.5241,0.0000,0,-0.0030,0.1908,307.6660,72.3754
tv10%_lb20d_ovly,2022 bear,2022-08-02,0.920152,0.5537,0.5148,0.5148,0.0000,0,-0.0095,0.1942,306.7487,72.1224
tv10%_lb20d_ovly,2022 bear,2022-08-03,0.934176,0.5537,0.5024,0.5024,0.0000,0,0.0000,0.1990,315.1023,72.1486
tv10%_lb20d_ovly,2022 bear,2022-08-04,0.937101,0.5024,0.5120,0.5120,0.0000,0,-0.0007,0.1953,316.5759,72.2445
tv10%_lb20d_ovly,2022 bear,2022-08-05,0.931340,0.5024,0.5114,0.5114,0.0000,0,-0.0024,0.1956,313.9897,71.9479
tv10%_lb20d_ovly,2022 bear,2022-08-08,0.930277,0.5024,0.5301,0.5301,0.0000,0,-0.0035,0.1887,312.9749,72.0177
tv10%_lb20d_ovly,2022 bear,2022-08-09,0.924538,0.5024,0.5402,0.5402,0.0000,0,-0.0075,0.1851,309.4324,71.9479
tv10%_lb20d_ovly,2022 bear,2022-08-10,0.937950,0.5024,0.5233,0.5233,0.0000,0,0.0000,0.1911,318.0690,72.0177
tv10%_lb20d_ovly,2022 bear,2022-08-11,0.935105,0.5024,0.5263,0.5263,0.0000,0,0.0000,0.1900,316.2635,71.9915
tv10%_lb20d_ovly,2022 bear,2022-08-12,0.944366,0.5024,0.5316,0.5316,0.0000,0,0.0000,0.1881,322.4214,72.0090
tv10%_lb20d_ovly,2022 bear,2022-08-15,0.948599,0.5024,0.5514,0.5514,0.0000,0,0.0000,0.1814,325.0269,72.0700
tv10%_lb20d_ovly,2022 bear,2022-08-16,0.947083,0.5024,0.6096,0.6096,0.0000,0,0.0000,0.1640,324.2658,72.0090
tv10%_lb20d_ovly,2022 bear,2022-08-17,0.941155,0.6096,0.5918,0.5918,0.0000,0,-0.0071,0.1690,320.5672,71.9479
tv10%_lb20d_ovly,2022 bear,2022-08-18,0.943069,0.6096,0.5974,0.5974,0.0000,0,-0.0042,0.1674,321.3382,72.0526
tv10%_lb20d_ovly,2022 bear,2022-08-19,0.931593,0.6096,0.5805,0.5805,0.0000,0,-0.0176,0.1723,315.0730,72.0003
tv10%_lb20d_ovly,2022 bear,2022-08-22,0.916157,0.6096,0.5188,0.5188,0.0000,0,-0.0380,0.1927,306.7780,71.9043
tv10%_lb20d_ovly,2022 bear,2022-08-23,0.915785,0.5188,0.5365,0.5365,0.0000,0,-0.0404,0.1864,306.5242,71.9392
tv10%_lb20d_ovly,2022 bear,2022-08-24,0.916681,0.5188,0.6040,0.6040,0.0000,0,-0.0373,0.1656,307.4124,71.8607
tv10%_lb20d_ovly,2022 bear,2022-08-25,0.925279,0.6040,0.5987,0.5987,0.0000,0,-0.0237,0.1670,312.8479,71.9043
tv10%_lb20d_ovly,2022 bear,2022-08-26,0.902285,0.6040,0.7417,0.4917,0.2500,0,-0.0568,0.2034,300.0249,71.8868
tv10%_lb20d_ovly,2022 bear,2022-08-29,0.896530,0.7417,0.7394,0.4894,0.2500,0,-0.0630,0.2043,297.0679,71.8345
tv10%_lb20d_ovly,2022 bear,2022-08-30,0.889013,0.7417,0.7342,0.4842,0.2500,0,-0.0733,0.2065,293.7597,71.7996
tv10%_lb20d_ovly,2022 bear,2022-08-31,0.885152,0.7417,0.7556,0.5056,0.2500,0,-0.0803,0.1978,292.0519,71.7909
tv10%_lb20d_ovly,2022 bear,2022-09-01,0.885270,0.7417,0.7533,0.5033,0.2500,0,-0.0774,0.1987,292.1789,71.7385
tv10%_lb20d_ovly,2022 bear,2022-09-02,0.876495,0.7417,0.7478,0.4978,0.2500,0,-0.0872,0.2009,288.0508,71.8957
tv10%_lb20d_ovly,2022 bear,2022-09-06,0.871331,0.7417,0.4979,0.4979,0.0000,0,-0.0906,0.2008,285.9819,71.7385
tv10%_lb20d_ovly,2022 bear,2022-09-07,0.884499,0.4979,0.4682,0.4682,0.0000,0,-0.0743,0.2136,291.7592,71.8433
tv10%_lb20d_ovly,2022 bear,2022-09-08,0.886242,0.4979,0.5020,0.5020,0.0000,0,-0.0682,0.1992,293.2718,71.7559
tv10%_lb20d_ovly,2022 bear,2022-09-09,0.895510,0.4979,0.4786,0.4786,0.0000,0,-0.0538,0.2089,299.6833,71.6948
tv10%_lb20d_ovly,2022 bear,2022-09-12,0.900755,0.4979,0.4930,0.4930,0.0000,0,-0.0436,0.2028,303.2454,71.6861
tv10%_lb20d_ovly,2022 bear,2022-09-13,0.874619,0.4979,0.3981,0.3981,0.0000,0,-0.0852,0.2512,286.6163,71.4415
tv10%_lb20d_ovly,2022 bear,2022-09-14,0.877610,0.3981,0.6470,0.3970,0.2500,0,-0.0778,0.2519,288.8900,71.3803
tv10%_lb20d_ovly,2022 bear,2022-09-15,0.870992,0.6470,0.6453,0.3953,0.2500,0,-0.0883,0.2530,284.0790,71.3017
tv10%_lb20d_ovly,2022 bear,2022-09-16,0.867697,0.6470,0.3973,0.3973,0.0000,0,-0.0829,0.2517,282.3420,71.3367
tv10%_lb20d_ovly,2022 bear,2022-09-19,0.871514,0.3973,0.3946,0.3946,0.0000,0,-0.0700,0.2534,284.5406,71.2581
tv10%_lb20d_ovly,2022 bear,2022-09-20,0.868496,0.3973,0.4047,0.4047,0.0000,0,-0.0807,0.2471,282.2725,71.2231
tv10%_lb20d_ovly,2022 bear,2022-09-21,0.861867,0.3973,0.6467,0.3967,0.2500,0,-0.0967,0.2521,277.2180,71.1620
tv10%_lb20d_ovly,2022 bear,2022-09-22,0.856482,0.6467,0.3986,0.3986,0.0000,0,-0.1043,0.2509,273.8062,71.0310
tv10%_lb20d_ovly,2022 bear,2022-09-23,0.846882,0.3986,0.4098,0.4098,0.0000,0,-0.1010,0.2440,269.3482,70.9436
tv10%_lb20d_ovly,2022 bear,2022-09-26,0.844356,0.3986,0.4524,0.4524,0.0000,0,-0.1099,0.2211,268.2336,70.7864
tv10%_lb20d_ovly,2022 bear,2022-09-27,0.844445,0.4524,0.4522,0.4522,0.0000,0,-0.1122,0.2212,268.3413,70.7864
tv10%_lb20d_ovly,2022 bear,2022-09-28,0.854042,0.4524,0.4237,0.4237,0.0000,0,-0.0947,0.2360,273.6791,71.0921
tv10%_lb20d_ovly,2022 bear,2022-09-29,0.842272,0.4524,0.4099,0.4099,0.0000,0,-0.1136,0.2439,265.7896,70.9960
tv10%_lb20d_ovly,2022 bear,2022-09-30,0.835414,0.4524,0.4071,0.4071,0.0000,0,-0.1273,0.2456,261.2827,70.9349
tv10%_lb20d_ovly,2022 bear,2022-10-03,0.845284,0.4524,0.8731,0.3731,0.5000,0,-0.1043,0.2680,267.4124,71.0906
tv10%_lb20d_ovly,2022 bear,2022-10-04,0.857117,0.8731,0.3408,0.3408,0.0000,0,-0.0765,0.2934,275.8202,71.1168
tv10%_lb20d_ovly,2022 bear,2022-10-05,0.856156,0.3408,0.3515,0.3515,0.0000,0,-0.0787,0.2845,275.6735,71.0468
tv10%_lb20d_ovly,2022 bear,2022-10-06,0.853164,0.3408,0.3525,0.3525,0.0000,0,-0.0882,0.2837,273.5032,70.9594
tv10%_lb20d_ovly,2022 bear,2022-10-07,0.841392,0.3408,0.3474,0.3474,0.0000,0,-0.1136,0.2878,263.0815,70.8719
tv10%_lb20d_ovly,2022 bear,2022-10-10,0.838320,0.3408,0.3553,0.3553,0.0000,0,-0.0839,0.2815,260.4517,70.8457
tv10%_lb20d_ovly,2022 bear,2022-10-11,0.834668,0.3408,0.4115,0.4115,0.0000,0,-0.0897,0.2430,256.8736,70.8806
tv10%_lb20d_ovly,2022 bear,2022-10-12,0.835055,0.4115,0.4148,0.4148,0.0000,0,-0.0823,0.2411,256.7856,70.9506
tv10%_lb20d_ovly,2022 bear,2022-10-13,0.841660,0.4115,0.3799,0.3799,0.0000,0,-0.0581,0.2632,262.8078,70.7407
tv10%_lb20d_ovly,2022 bear,2022-10-14,0.831005,0.4115,0.3671,0.3671,0.0000,0,-0.0796,0.2724,254.9085,70.7057
tv10%_lb20d_ovly,2022 bear,2022-10-17,0.842841,0.4115,0.3461,0.3461,0.0000,0,-0.0450,0.2889,263.3259,70.7844
tv10%_lb20d_ovly,2022 bear,2022-10-18,0.845774,0.3461,0.3431,0.3431,0.0000,0,-0.0181,0.2915,265.4084,70.8195
tv10%_lb20d_ovly,2022 bear,2022-10-19,0.843682,0.3461,0.3494,0.3494,0.0000,0,-0.0251,0.2862,264.4405,70.6882
tv10%_lb20d_ovly,2022 bear,2022-10-20,0.841578,0.3461,0.3494,0.3494,0.0000,0,-0.0332,0.2862,263.0913,70.6095
tv10%_lb20d_ovly,2022 bear,2022-10-21,0.849838,0.3461,0.3411,0.3411,0.0000,0,-0.0097,0.2932,269.2603,70.7932
tv10%_lb20d_ovly,2022 bear,2022-10-24,0.852937,0.3461,0.3414,0.3414,0.0000,0,0.0000,0.2929,272.2224,70.7757
tv10%_lb20d_ovly,2022 bear,2022-10-25,0.859594,0.3461,0.3374,0.3374,0.0000,0,0.0000,0.2964,277.8536,70.8457
tv10%_lb20d_ovly,2022 bear,2022-10-26,0.853507,0.3461,0.3427,0.3427,0.0000,0,-0.0075,0.2918,271.7141,70.9069
tv10%_lb20d_ovly,2022 bear,2022-10-27,0.849299,0.3461,0.3562,0.3562,0.0000,0,-0.0128,0.2807,266.7672,71.0556
tv10%_lb20d_ovly,2022 bear,2022-10-28,0.857473,0.3461,0.3546,0.3546,0.0000,0,0.0000,0.2820,274.9305,70.9506
tv10%_lb20d_ovly,2022 bear,2022-10-31,0.853193,0.3461,0.3670,0.3670,0.0000,0,-0.0072,0.2725,271.7336,70.8457
tv10%_lb20d_ovly,2022 bear,2022-11-01,0.849631,0.3461,0.3961,0.3961,0.0000,0,-0.0116,0.2525,268.9571,70.7764
tv10%_lb20d_ovly,2022 bear,2022-11-02,0.839277,0.3461,0.3716,0.3716,0.0000,0,-0.0364,0.2691,259.7381,70.7414
tv10%_lb20d_ovly,2022 bear,2022-11-03,0.832583,0.3461,0.3716,0.3716,0.0000,0,-0.0463,0.2691,254.6641,70.6100
tv10%_lb20d_ovly,2022 bear,2022-11-04,0.837826,0.3461,0.3964,0.3964,0.0000,0,-0.0326,0.2523,258.7604,70.6888
tv10%_lb20d_ovly,2022 bear,2022-11-07,0.840496,0.3964,0.3983,0.3983,0.0000,0,-0.0233,0.2510,261.6053,70.6275
tv10%_lb20d_ovly,2022 bear,2022-11-08,0.843428,0.3964,0.4018,0.4018,0.0000,0,-0.0180,0.2489,263.5117,70.6976
tv10%_lb20d_ovly,2022 bear,2022-11-09,0.836532,0.3964,0.3811,0.3811,0.0000,0,-0.0383,0.2624,257.4308,70.8115
tv10%_lb20d_ovly,2022 bear,2022-11-10,0.863751,0.3964,0.3235,0.3235,0.0000,0,0.0000,0.3091,276.4262,71.1970
tv10%_lb20d_ovly,2022 bear,2022-11-11,0.869869,0.3235,0.3415,0.3415,0.0000,0,0.0000,0.2929,281.5197,71.1795
tv10%_lb20d_ovly,2022 bear,2022-11-14,0.866900,0.3235,0.3486,0.3486,0.0000,0,-0.0085,0.2869,279.0561,71.1182
tv10%_lb20d_ovly,2022 bear,2022-11-15,0.871358,0.3235,0.3497,0.3497,0.0000,0,-0.0001,0.2859,282.9178,71.1882
tv10%_lb20d_ovly,2022 bear,2022-11-16,0.867583,0.3235,0.3494,0.3494,0.0000,0,-0.0077,0.2862,279.0561,71.1970
tv10%_lb20d_ovly,2022 bear,2022-11-17,0.866242,0.3235,0.3523,0.3523,0.0000,0,-0.0107,0.2839,278.4402,71.1094
tv10%_lb20d_ovly,2022 bear,2022-11-18,0.865601,0.3235,0.3653,0.3653,0.0000,0,-0.0062,0.2737,278.4500,71.0305
tv10%_lb20d_ovly,2022 bear,2022-11-21,0.862576,0.3235,0.3672,0.3672,0.0000,0,-0.0098,0.2723,275.5855,71.0130
tv10%_lb20d_ovly,2022 bear,2022-11-22,0.867027,0.3235,0.3693,0.3693,0.0000,0,0.0000,0.2708,279.5547,71.0656
tv10%_lb20d_ovly,2022 bear,2022-11-23,0.870349,0.3235,0.3720,0.3720,0.0000,0,0.0000,0.2688,282.3606,71.1269
tv10%_lb20d_ovly,2022 bear,2022-11-25,0.868569,0.3235,0.3740,0.3740,0.0000,0,-0.0002,0.2674,280.5030,71.1357
tv10%_lb20d_ovly,2022 bear,2022-11-28,0.864547,0.3740,0.3791,0.3791,0.0000,0,-0.0162,0.2638,276.3872,71.1532
tv10%_lb20d_ovly,2022 bear,2022-11-29,0.861900,0.3740,0.3814,0.3814,0.0000,0,-0.0179,0.2622,274.2950,71.1269
tv10%_lb20d_ovly,2022 bear,2022-11-30,0.878189,0.3740,0.3550,0.3550,0.0000,0,0.0000,0.2817,286.7990,71.3372
tv10%_lb20d_ovly,2022 bear,2022-12-01,0.879776,0.3740,0.3822,0.3822,0.0000,0,-0.0007,0.2617,287.1509,71.4908
tv10%_lb20d_ovly,2022 bear,2022-12-02,0.878330,0.3740,0.3893,0.3893,0.0000,0,-0.0019,0.2569,286.0070,71.4733
tv10%_lb20d_ovly,2022 bear,2022-12-05,0.871263,0.3740,0.3755,0.3755,0.0000,0,-0.0198,0.2663,281.2069,71.2713
tv10%_lb20d_ovly,2022 bear,2022-12-06,0.865117,0.3740,0.3675,0.3675,0.0000,0,-0.0340,0.2721,275.3802,71.3503
tv10%_lb20d_ovly,2022 bear,2022-12-07,0.864929,0.3740,0.3676,0.3676,0.0000,0,-0.0356,0.2721,274.2559,71.4996
tv10%_lb20d_ovly,2022 bear,2022-12-08,0.868225,0.3740,0.3851,0.3851,0.0000,0,-0.0281,0.2597,277.5016,71.4294
tv10%_lb20d_ovly,2022 bear,2022-12-09,0.865888,0.3740,0.5555,0.5555,0.0000,0,-0.0353,0.1800,275.7321,71.3942
tv10%_lb20d_ovly,2022 bear,2022-12-12,0.869461,0.5555,0.5431,0.5431,0.0000,0,-0.0214,0.1841,279.1930,71.3503
tv10%_lb20d_ovly,2022 bear,2022-12-13,0.875794,0.5555,0.5464,0.5464,0.0000,0,-0.0140,0.1830,282.1943,71.5611
tv10%_lb20d_ovly,2022 bear,2022-12-14,0.872235,0.5555,0.5482,0.5482,0.0000,0,-0.0203,0.1824,280.1021,71.5698
tv10%_lb20d_ovly,2022 bear,2022-12-15,0.856018,0.5555,0.4970,0.4970,0.0000,0,-0.0443,0.2012,270.6974,71.5795
tv10%_lb20d_ovly,2022 bear,2022-12-16,0.851808,0.4970,0.7379,0.4879,0.2500,0,-0.0556,0.2050,268.1164,71.6499
tv10%_lb20d_ovly,2022 bear,2022-12-19,0.845129,0.7379,0.7369,0.4869,0.2500,0,-0.0636,0.2054,264.3484,71.5619
tv10%_lb20d_ovly,2022 bear,2022-12-20,0.844644,0.7379,0.7365,0.4865,0.2500,0,-0.0623,0.2056,264.1426,71.5619
tv10%_lb20d_ovly,2022 bear,2022-12-21,0.853903,0.7379,0.4830,0.4830,0.0000,0,-0.0483,0.2070,267.9743,71.6323
tv10%_lb20d_ovly,2022 bear,2022-12-22,0.838136,0.4830,0.7269,0.4769,0.2500,0,-0.0618,0.2097,261.4182,71.5883
tv10%_lb20d_ovly,2022 bear,2022-12-23,0.838629,0.7269,0.7225,0.4725,0.2500,0,-0.0564,0.2116,262.0062,71.5532
tv10%_lb20d_ovly,2022 bear,2022-12-27,0.829700,0.7269,0.7369,0.4869,0.2500,0,-0.0602,0.2054,258.3019,71.4564
tv10%_lb20d_ovly,2022 bear,2022-12-28,0.821738,0.7269,0.7285,0.4785,0.2500,0,-0.0718,0.2090,254.8916,71.4564
tv10%_lb20d_ovly,2022 bear,2022-12-29,0.836463,0.7269,0.7903,0.5403,0.2500,0,-0.0544,0.1851,261.1046,71.5091
tv10%_lb20d_ovly,2022 bear,2022-12-30,0.835764,0.7903,0.7907,0.5407,0.2500,0,-0.0558,0.1849,260.9479,71.4212
tv10%_lb20d_ovly,2023–Aug 2024,2023-01-03,1.000000,0.0000,0.0000,0.0000,0.0000,0,0.0000,0.0000,259.1840,71.4827
tv10%_lb20d_ovly,2023–Aug 2024,2023-01-04,1.000985,0.0000,0.0000,0.0000,0.0000,0,0.0000,0.0000,260.4186,71.5531
tv10%_lb20d_ovly,2023–Aug 2024,2023-01-05,0.999631,0.0000,0.0000,0.0000,0.0000,0,0.0000,0.0000,256.3419,71.4564
tv10%_lb20d_ovly,2023–Aug 2024,2023-01-06,1.003447,0.0000,0.0000,0.0000,0.0000,0,0.0000,0.0000,263.4174,71.7291
tv10%_lb20d_ovly,2023–Aug 2024,2023-01-09,1.004431,0.0000,0.0000,0.0000,0.0000,0,0.0000,0.0000,265.1226,71.7995
tv10%_lb20d_ovly,2023–Aug 2024,2023-01-10,1.003570,0.0000,0.0000,0.0000,0.0000,0,0.0000,0.0000,267.3667,71.7379
tv10%_lb20d_ovly,2023–Aug 2024,2023-01-11,1.004431,0.0000,0.0000,0.0000,0.0000,0,0.0000,0.0000,271.9921,71.7995
tv10%_lb20d_ovly,2023–Aug 2024,2023-01-12,1.006647,0.0000,0.0000,0.0000,0.0000,0,0.0000,0.0000,273.4621,71.9579
tv10%_lb20d_ovly,2023–Aug 2024,2023-01-13,1.004923,0.0000,0.0000,0.0000,0.0000,0,0.0000,0.0000,275.3437,71.8347
tv10%_lb20d_ovly,2023–Aug 2024,2023-01-17,1.005539,0.0000,0.0000,0.0000,0.0000,0,0.0000,0.0000,275.9023,71.8787
tv10%_lb20d_ovly,2023–Aug 2024,2023-01-18,1.007755,0.0000,0.0000,0.0000,0.0000,0,0.0000,0.0000,272.3156,72.0371
tv10%_lb20d_ovly,2023–Aug 2024,2023-01-19,1.007509,0.0000,0.0000,0.0000,0.0000,0,0.0000,0.0000,269.6403,72.0195
tv10%_lb20d_ovly,2023–Aug 2024,2023-01-20,1.006647,0.0000,0.0000,0.0000,0.0000,0,0.0000,0.0000,277.0195,71.9579
tv10%_lb20d_ovly,2023–Aug 2024,2023-01-23,1.005662,0.0000,0.0000,0.0000,0.0000,0,0.0000,0.0000,283.1736,71.8875
tv10%_lb20d_ovly,2023–Aug 2024,2023-01-24,1.006031,0.0000,0.0000,0.0000,0.0000,0,0.0000,0.0000,282.5956,71.9139
tv10%_lb20d_ovly,2023–Aug 2024,2023-01-25,1.006647,0.0000,0.0000,0.0000,0.0000,0,0.0000,0.0000,281.9684,71.9579
tv10%_lb20d_ovly,2023–Aug 2024,2023-01-26,1.006031,0.0000,0.0000,0.0000,0.0000,0,0.0000,0.0000,287.4660,71.9139
tv10%_lb20d_ovly,2023–Aug 2024,2023-01-27,1.006031,0.0000,0.0000,0.0000,0.0000,0,0.0000,0.0000,290.3275,71.9139
tv10%_lb20d_ovly,2023–Aug 2024,2023-01-30,1.005047,0.0000,0.0000,0.0000,0.0000,0,0.0000,0.0000,284.4576,71.8435
tv10%_lb20d_ovly,2023–Aug 2024,2023-01-31,1.006893,0.0000,0.0000,0.0000,0.0000,0,0.0000,0.0000,288.7204,71.9755
tv10%_lb20d_ovly,2023–Aug 2024,2023-02-01,1.008644,0.0000,0.0000,0.6055,0.0000,0,0.0000,0.1651,294.8942,72.1006
tv10%_lb20d_ovly,2023–Aug 2024,2023-02-02,1.008768,0.0000,0.0000,0.5918,0.0000,0,0.0000,0.1690,305.4780,72.1095
tv10%_lb20d_ovly,2023–Aug 2024,2023-02-03,1.005068,0.0000,0.0000,0.5952,0.0000,0,-0.0106,0.1680,300.0489,71.8450
tv10%_lb20d_ovly,2023–Aug 2024,2023-02-06,1.002232,0.0000,0.0000,0.6383,0.0000,0,-0.0167,0.1567,297.5108,71.6423
tv10%_lb20d_ovly,2023–Aug 2024,2023-02-07,1.002725,0.0000,0.0000,0.6241,0.0000,0,-0.0038,0.1602,303.6748,71.6775
tv10%_lb20d_ovly,2023–Aug 2024,2023-02-08,1.003095,0.0000,0.0000,0.5972,0.0000,0,-0.0147,0.1675,298.2751,71.7040
tv10%_lb20d_ovly,2023–Aug 2024,2023-02-09,1.002355,0.0000,0.0000,0.5969,0.0000,0,-0.0232,0.1675,295.6390,71.6511
tv10%_lb20d_ovly,2023–Aug 2024,2023-02-10,1.001862,0.0000,0.0000,0.5975,0.0000,0,-0.0210,0.1674,293.6986,71.6158
tv10%_lb20d_ovly,2023–Aug 2024,2023-02-13,1.002108,0.0000,0.0000,0.5843,0.0000,0,-0.0095,0.1712,298.4026,71.6334
tv10%_lb20d_ovly,2023–Aug 2024,2023-02-14,1.000012,0.0000,0.0000,0.5853,0.0000,0,-0.0099,0.1708,300.6075,71.4836
tv10%_lb20d_ovly,2023–Aug 2024,2023-02-15,1.000135,0.0000,0.0000,0.6351,0.0000,0,-0.0067,0.1575,302.9104,71.4924
tv10%_lb20d_ovly,2023–Aug 2024,2023-02-16,1.000259,0.0000,0.0000,0.6076,0.0000,0,-0.0204,0.1646,297.2266,71.5012
tv10%_lb20d_ovly,2023–Aug 2024,2023-02-17,1.001122,0.0000,0.0000,0.6491,0.0000,0,-0.0228,0.1541,295.1294,71.5629
tv10%_lb20d_ovly,2023–Aug 2024,2023-02-21,0.999149,0.0000,0.0000,0.5996,0.0000,0,-0.0424,0.1668,288.1422,71.4219
tv10%_lb20d_ovly,2023–Aug 2024,2023-02-22,0.999642,0.0000,0.0000,0.5995,0.0000,0,-0.0438,0.1668,288.3578,71.4571
tv10%_lb20d_ovly,2023–Aug 2024,2023-02-23,1.000259,0.0000,0.0000,0.5954,0.0000,0,-0.0387,0.1679,290.8763,71.5012
tv10%_lb20d_ovly,2023–Aug 2024,2023-02-24,0.998162,0.0000,0.0000,0.5991,0.0000,0,-0.0489,0.1669,286.0059,71.3513
tv10%_lb20d_ovly,2023–Aug 2024,2023-02-27,0.999025,0.0000,0.0000,0.5979,0.0000,0,-0.0457,0.1673,288.0540,71.4131
tv10%_lb20d_ovly,2023–Aug 2024,2023-02-28,0.998779,0.0000,0.0000,0.6175,0.0000,0,-0.0492,0.1619,287.6816,71.3954
tv10%_lb20d_ovly,2023–Aug 2024,2023-03-01,0.996950,0.0000,0.0000,0.6579,0.0000,0,-0.0529,0.1520,285.3688,71.2647
tv10%_lb20d_ovly,2023–Aug 2024,2023-03-02,0.997321,0.0000,0.0000,0.6696,0.0000,0,-0.0455,0.1493,287.7306,71.2912
tv10%_lb20d_ovly,2023–Aug 2024,2023-03-03,0.997938,0.0000,0.0000,0.6601,0.0000,0,-0.0265,0.1515,293.6790,71.3354
tv10%_lb20d_ovly,2023–Aug 2024,2023-03-06,0.997444,0.0000,0.0000,0.6770,0.0000,0,-0.0258,0.1477,294.0122,71.3000
tv10%_lb20d_ovly,2023–Aug 2024,2023-03-07,0.995343,0.0000,0.0000,0.6430,0.0000,0,-0.0408,0.1555,290.4059,71.1499
tv10%_lb20d_ovly,2023–Aug 2024,2023-03-08,0.994849,0.0000,0.0000,0.6825,0.0000,0,-0.0364,0.1465,291.8563,71.1145
tv10%_lb20d_ovly,2023–Aug 2024,2023-03-09,0.998062,0.0000,0.0000,0.6452,0.0000,0,-0.0542,0.1550,286.7996,71.3442
tv10%_lb20d_ovly,2023–Aug 2024,2023-03-10,1.003499,0.0000,0.0000,0.6271,0.0000,0,-0.0678,0.1595,282.7719,71.7328
tv10%_lb20d_ovly,2023–Aug 2024,2023-03-13,1.013508,0.0000,0.0000,0.6311,0.0000,0,-0.0691,0.1585,284.8690,72.4483
tv10%_lb20d_ovly,2023–Aug 2024,2023-03-14,1.009677,0.0000,0.0000,0.6062,0.0000,0,-0.0537,0.1650,291.4153,72.1745
tv10%_lb20d_ovly,2023–Aug 2024,2023-03-15,1.015609,0.0000,0.0000,0.6052,0.0000,0,-0.0597,0.1652,292.9441,72.5985
tv10%_lb20d_ovly,2023–Aug 2024,2023-03-16,1.011531,0.0000,0.0000,0.5578,0.0000,0,-0.0298,0.1793,300.6663,72.3070
tv10%_lb20d_ovly,2023–Aug 2024,2023-03-17,1.016597,0.0000,0.0000,0.5631,0.0000,0,-0.0388,0.1776,299.2452,72.6691
tv10%_lb20d_ovly,2023–Aug 2024,2023-03-20,1.015362,0.0000,0.0000,0.5484,0.0000,0,-0.0228,0.1823,300.3073,72.5808
tv10%_lb20d_ovly,2023–Aug 2024,2023-03-21,1.011531,0.0000,0.0000,0.5712,0.0000,0,-0.0100,0.1751,304.5964,72.3070
tv10%_lb20d_ovly,2023–Aug 2024,2023-03-22,1.016226,0.0000,0.0000,0.5388,0.0000,0,-0.0269,0.1856,300.4544,72.6426
tv10%_lb20d_ovly,2023–Aug 2024,2023-03-23,1.019192,0.0000,0.0000,0.5414,0.0000,0,-0.0242,0.1847,304.0174,72.8546
tv10%_lb20d_ovly,2023–Aug 2024,2023-03-24,1.019686,0.0000,0.0000,0.5479,0.0000,0,-0.0178,0.1825,305.1363,72.8900
tv10%_lb20d_ovly,2023–Aug 2024,2023-03-27,1.015362,0.0000,0.0000,0.5488,0.0000,0,-0.0160,0.1822,303.0457,72.5808
tv10%_lb20d_ovly,2023–Aug 2024,2023-03-28,1.014249,0.0000,0.0000,0.5498,0.0000,0,-0.0182,0.1819,301.4359,72.5013
tv10%_lb20d_ovly,2023–Aug 2024,2023-03-29,1.013879,0.0000,0.0000,0.5317,0.0000,0,-0.0039,0.1881,306.9324,72.4748
tv10%_lb20d_ovly,2023–Aug 2024,2023-03-30,1.014002,0.0000,0.5339,0.5339,0.0000,0,0.0000,0.1873,309.8376,72.4837
tv10%_lb20d_ovly,2023–Aug 2024,2023-03-31,1.014696,0.5339,0.5394,0.5394,0.0000,0,0.0000,0.1854,314.9904,72.5720
tv10%_lb20d_ovly,2023–Aug 2024,2023-04-03,1.013956,0.5339,0.5385,0.5385,0.0000,0,0.0000,0.1857,314.2248,72.6605
tv10%_lb20d_ovly,2023–Aug 2024,2023-04-04,1.013224,0.5339,0.5643,0.5643,0.0000,0,-0.0055,0.1772,313.1649,72.8287
tv10%_lb20d_ovly,2023–Aug 2024,2023-04-05,1.008515,0.5339,0.5624,0.5624,0.0000,0,-0.0082,0.1778,310.0732,72.9261
tv10%_lb20d_ovly,2023–Aug 2024,2023-04-06,1.011974,0.5339,0.6187,0.6187,0.0000,0,-0.0043,0.1616,312.1637,72.8995
tv10%_lb20d_ovly,2023–Aug 2024,2023-04-10,1.009921,0.6187,0.6714,0.6714,0.0000,0,-0.0033,0.1489,311.9871,72.6428
tv10%_lb20d_ovly,2023–Aug 2024,2023-04-11,1.005811,0.6714,0.6740,0.6740,0.0000,0,-0.0030,0.1484,309.9848,72.6339
tv10%_lb20d_ovly,2023–Aug 2024,2023-04-12,1.000208,0.6714,0.7043,0.7043,0.0000,0,-0.0071,0.1420,307.2464,72.7136
tv10%_lb20d_ovly,2023–Aug 2024,2023-04-13,1.013559,0.6714,0.6977,0.6977,0.0000,0,0.0000,0.1433,313.2630,72.7579
tv10%_lb20d_ovly,2023–Aug 2024,2023-04-14,1.011509,0.6714,0.7446,0.7446,0.0000,0,-0.0024,0.1343,312.6740,72.5897
tv10%_lb20d_ovly,2023–Aug 2024,2023-04-17,1.011524,0.7446,0.8080,0.8080,0.0000,0,0.0000,0.1238,312.9391,72.4835
tv10%_lb20d_ovly,2023–Aug 2024,2023-04-18,1.011444,0.8080,0.8231,0.8231,0.0000,0,0.0000,0.1215,312.9587,72.4658
tv10%_lb20d_ovly,2023–Aug 2024,2023-04-19,1.010894,0.8080,0.8679,0.8679,0.0000,0,-0.0002,0.1152,312.8115,72.4038
tv10%_lb20d_ovly,2023–Aug 2024,2023-04-20,1.005080,0.8679,1.0000,1.0000,0.0000,0,-0.0056,0.0953,310.4265,72.5809
tv10%_lb20d_ovly,2023–Aug 2024,2023-04-21,1.005776,1.0000,1.0000,1.0000,0.0000,0,-0.0049,0.0955,310.7503,72.5366
tv10%_lb20d_ovly,2023–Aug 2024,2023-04-24,1.003680,1.0000,1.0000,1.0000,0.0000,0,-0.0038,0.0943,310.1025,72.6163
tv10%_lb20d_ovly,2023–Aug 2024,2023-04-25,0.984747,1.0000,0.8767,0.8767,0.0000,0,-0.0196,0.1141,304.2529,72.8995
tv10%_lb20d_ovly,2023–Aug 2024,2023-04-26,0.990597,0.8767,0.8689,0.8689,0.0000,0,-0.0238,0.1151,306.0981,72.8110
tv10%_lb20d_ovly,2023–Aug 2024,2023-04-27,1.013972,0.8767,0.8042,0.8042,0.0000,0,-0.0043,0.1244,314.4211,72.6694
tv10%_lb20d_ovly,2023–Aug 2024,2023-04-28,1.020168,0.8042,0.7938,0.7938,0.0000,0,0.0000,0.1260,316.5903,72.7490
tv10%_lb20d_ovly,2023–Aug 2024,2023-05-01,1.018791,0.8042,0.8534,0.8534,0.0000,0,-0.0010,0.1172,316.2271,72.5902
tv10%_lb20d_ovly,2023–Aug 2024,2023-05-02,1.012304,0.8042,0.8064,0.8064,0.0000,0,-0.0122,0.1240,313.4691,72.8298
tv10%_lb20d_ovly,2023–Aug 2024,2023-05-03,1.007460,0.8042,0.8008,0.8008,0.0000,0,-0.0190,0.1249,311.4178,73.0072
tv10%_lb20d_ovly,2023–Aug 2024,2023-05-04,1.004912,0.8042,0.7869,0.7869,0.0000,0,-0.0260,0.1271,310.3186,73.1226
tv10%_lb20d_ovly,2023–Aug 2024,2023-05-05,1.021610,0.8042,0.7003,0.7003,0.0000,0,-0.0079,0.1428,316.9142,72.9451
tv10%_lb20d_ovly,2023–Aug 2024,2023-05-08,1.023223,0.7003,0.7004,0.7004,0.0000,0,-0.0077,0.1428,317.6993,72.8298
tv10%_lb20d_ovly,2023–Aug 2024,2023-05-09,1.018610,0.7003,0.6955,0.6955,0.0000,0,-0.0120,0.1438,315.6873,72.8120
tv10%_lb20d_ovly,2023–Aug 2024,2023-05-10,1.027116,0.7003,0.6958,0.6958,0.0000,0,-0.0074,0.1437,319.1225,72.9895
tv10%_lb20d_ovly,2023–Aug 2024,2023-05-11,1.029648,0.7003,0.7358,0.7358,0.0000,0,-0.0091,0.1359,320.1629,73.0339
tv10%_lb20d_ovly,2023–Aug 2024,2023-05-12,1.026537,0.7003,0.7368,0.7368,0.0000,0,-0.0104,0.1357,319.0145,72.9096
tv10%_lb20d_ovly,2023–Aug 2024,2023-05-15,1.030467,0.7003,0.7371,0.7371,0.0000,0,-0.0070,0.1357,320.7419,72.9185
tv10%_lb20d_ovly,2023–Aug 2024,2023-05-16,1.030909,0.7003,0.7267,0.7267,0.0000,0,-0.0137,0.1376,321.1051,72.8298
tv10%_lb20d_ovly,2023–Aug 2024,2023-05-17,1.039308,0.7003,0.6913,0.6913,0.0000,0,-0.0017,0.1447,324.9918,72.7499
tv10%_lb20d_ovly,2023–Aug 2024,2023-05-18,1.052256,0.7003,0.6813,0.6813,0.0000,0,0.0000,0.1468,331.0280,72.6168
tv10%_lb20d_ovly,2023–Aug 2024,2023-05-19,1.050365,0.7003,0.6802,0.6802,0.0000,0,-0.0015,0.1470,330.2821,72.5636
tv10%_lb20d_ovly,2023–Aug 2024,2023-05-22,1.052720,0.7003,0.6802,0.6802,0.0000,0,-0.0010,0.1470,331.3912,72.5370
tv10%_lb20d_ovly,2023–Aug 2024,2023-05-23,1.043336,0.7003,0.7107,0.7107,0.0000,0,-0.0123,0.1407,327.1903,72.5281
tv10%_lb20d_ovly,2023–Aug 2024,2023-05-24,1.039205,0.7003,0.7013,0.7013,0.0000,0,-0.0194,0.1426,325.5120,72.4393
tv10%_lb20d_ovly,2023–Aug 2024,2023-05-25,1.056227,0.7003,0.7826,0.7826,0.0000,0,-0.0109,0.1278,333.4326,72.2797
tv10%_lb20d_ovly,2023–Aug 2024,2023-05-26,1.074960,0.7826,0.7555,0.7555,0.0000,0,0.0000,0.1324,341.9520,72.2619
tv10%_lb20d_ovly,2023–Aug 2024,2023-05-30,1.079234,0.7826,0.7561,0.7561,0.0000,0,0.0000,0.1323,343.5028,72.4039
tv10%_lb20d_ovly,2023–Aug 2024,2023-05-31,1.074661,0.7826,0.7881,0.7881,0.0000,0,-0.0055,0.1269,341.5496,72.4748
tv10%_lb20d_ovly,2023–Aug 2024,2023-06-01,1.084741,0.7826,0.7878,0.7878,0.0000,0,0.0000,0.1269,345.4952,72.5878
tv10%_lb20d_ovly,2023–Aug 2024,2023-06-02,1.090443,0.7826,0.7687,0.7687,0.0000,0,0.0000,0.1301,348.0863,72.3832
tv10%_lb20d_ovly,2023–Aug 2024,2023-06-05,1.091103,0.7826,0.8541,0.8541,0.0000,0,-0.0019,0.1171,348.3317,72.4010
tv10%_lb20d_ovly,2023–Aug 2024,2023-06-06,1.090764,0.8541,0.8550,0.8550,0.0000,0,0.0000,0.1170,348.2728,72.3655
tv10%_lb20d_ovly,2023–Aug 2024,2023-06-07,1.074841,0.8541,0.8595,0.8595,0.0000,0,-0.0035,0.1164,342.3642,72.3121
tv10%_lb20d_ovly,2023–Aug 2024,2023-06-08,1.086488,0.8541,0.8555,0.8555,0.0000,0,0.0000,0.1169,346.6141,72.4277
tv10%_lb20d_ovly,2023–Aug 2024,2023-06-09,1.089743,0.8541,0.8614,0.8614,0.0000,0,0.0000,0.1161,347.9391,72.2943
tv10%_lb20d_ovly,2023–Aug 2024,2023-06-12,1.105607,0.8541,0.8487,0.8487,0.0000,0,0.0000,0.1178,353.8182,72.3566
tv10%_lb20d_ovly,2023–Aug 2024,2023-06-13,1.112566,0.8541,0.8429,0.8429,0.0000,0,0.0000,0.1186,356.5370,72.2231
tv10%_lb20d_ovly,2023–Aug 2024,2023-06-14,1.119371,0.8541,0.8814,0.8814,0.0000,0,0.0000,0.1135,359.1282,72.1787
tv10%_lb20d_ovly,2023–Aug 2024,2023-06-15,1.131106,0.8541,0.8793,0.8793,0.0000,0,0.0000,0.1137,363.4074,72.3299
tv10%_lb20d_ovly,2023–Aug 2024,2023-06-16,1.124803,0.8541,0.8819,0.8819,0.0000,0,-0.0034,0.1134,361.1206,72.2320
tv10%_lb20d_ovly,2023–Aug 2024,2023-06-20,1.123488,0.8541,0.8628,0.8628,0.0000,0,-0.0086,0.1159,360.6036,72.2587
tv10%_lb20d_ovly,2023–Aug 2024,2023-06-21,1.110412,0.8541,0.8420,0.8420,0.0000,0,-0.0137,0.1188,355.6894,72.2587
tv10%_lb20d_ovly,2023–Aug 2024,2023-06-22,1.121422,0.8541,0.9276,0.9276,0.0000,0,-0.0101,0.1078,359.8861,72.1787
tv10%_lb20d_ovly,2023–Aug 2024,2023-06-23,1.111987,0.9276,0.9242,0.9242,0.0000,0,-0.0176,0.1082,356.3184,72.2409
tv10%_lb20d_ovly,2023–Aug 2024,2023-06-26,1.098218,0.9276,0.9212,0.9212,0.0000,0,-0.0216,0.1085,351.5418,72.2943
tv10%_lb20d_ovly,2023–Aug 2024,2023-06-27,1.115617,0.9276,0.9418,0.9418,0.0000,0,-0.0109,0.1062,357.5863,72.1876
tv10%_lb20d_ovly,2023–Aug 2024,2023-06-28,1.117726,0.9276,0.9420,0.9420,0.0000,0,-0.0104,0.1062,358.2841,72.2676
tv10%_lb20d_ovly,2023–Aug 2024,2023-06-29,1.115451,0.9276,0.9768,0.9768,0.0000,0,-0.0065,0.1024,357.5667,72.0897
tv10%_lb20d_ovly,2023–Aug 2024,2023-06-30,1.131436,0.9276,0.9551,0.9551,0.0000,0,0.0000,0.1047,363.0803,72.1164
tv10%_lb20d_ovly,2023–Aug 2024,2023-07-03,1.133813,0.9276,1.0000,1.0000,0.0000,0,0.0000,0.0952,363.9355,72.0326
tv10%_lb20d_ovly,2023–Aug 2024,2023-07-05,1.133682,1.0000,1.0000,1.0000,0.0000,0,-0.0015,0.0950,363.9256,72.0147
tv10%_lb20d_ovly,2023–Aug 2024,2023-07-06,1.125048,1.0000,0.9876,0.9876,0.0000,0,-0.0093,0.1013,361.1540,71.9702
tv10%_lb20d_ovly,2023–Aug 2024,2023-07-07,1.121313,1.0000,0.9931,0.9931,0.0000,0,-0.0118,0.1007,359.9548,72.0504
tv10%_lb20d_ovly,2023–Aug 2024,2023-07-10,1.121680,1.0000,1.0000,1.0000,0.0000,0,-0.0093,0.0994,360.0728,72.1574
tv10%_lb20d_ovly,2023–Aug 2024,2023-07-11,1.127222,1.0000,0.9907,0.9907,0.0000,0,-0.0030,0.1009,361.8517,72.1485
tv10%_lb20d_ovly,2023–Aug 2024,2023-07-12,1.141459,1.0000,0.9999,0.9999,0.0000,0,0.0000,0.1000,366.4220,72.3625
tv10%_lb20d_ovly,2023–Aug 2024,2023-07-13,1.160839,1.0000,0.9901,0.9901,0.0000,0,0.0000,0.1010,372.6434,72.5676
tv10%_lb20d_ovly,2023–Aug 2024,2023-07-14,1.160594,1.0000,0.9870,0.9870,0.0000,0,-0.0006,0.1013,372.5647,72.3803
tv10%_lb20d_ovly,2023–Aug 2024,2023-07-17,1.171432,1.0000,1.0000,1.0000,0.0000,0,0.0000,0.0934,376.0439,72.4071
tv10%_lb20d_ovly,2023–Aug 2024,2023-07-18,1.181016,1.0000,1.0000,1.0000,0.0000,0,0.0000,0.0943,379.1203,72.4071
tv10%_lb20d_ovly,2023–Aug 2024,2023-07-19,1.180740,1.0000,1.0000,1.0000,0.0000,0,0.0000,0.0908,379.0318,72.4339
tv10%_lb20d_ovly,2023–Aug 2024,2023-07-20,1.153522,1.0000,1.0000,1.0000,0.0000,0,-0.0066,0.0925,370.2944,72.3447
tv10%_lb20d_ovly,2023–Aug 2024,2023-07-21,1.150062,1.0000,1.0000,1.0000,0.0000,0,-0.0066,0.0926,369.1838,72.3536
tv10%_lb20d_ovly,2023–Aug 2024,2023-07-24,1.151899,1.0000,1.0000,1.0000,0.0000,0,-0.0022,0.0861,369.7735,72.2644
tv10%_lb20d_ovly,2023–Aug 2024,2023-07-25,1.159706,1.0000,1.0000,1.0000,0.0000,0,0.0000,0.0826,372.2797,72.2555
tv10%_lb20d_ovly,2023–Aug 2024,2023-07-26,1.155848,1.0000,1.0000,1.0000,0.0000,0,0.0000,0.0771,371.0413,72.3269
tv10%_lb20d_ovly,2023–Aug 2024,2023-07-27,1.153093,1.0000,1.0000,1.0000,0.0000,0,-0.0066,0.0831,370.1568,72.2198
tv10%_lb20d_ovly,2023–Aug 2024,2023-07-28,1.174096,1.0000,1.0000,1.0000,0.0000,0,0.0000,0.0875,376.8990,72.3179
tv10%_lb20d_ovly,2023–Aug 2024,2023-07-31,1.174709,1.0000,1.0000,1.0000,0.0000,0,0.0000,0.0798,377.0956,72.3358
tv10%_lb20d_ovly,2023–Aug 2024,2023-08-01,1.171984,1.0000,1.0000,1.0000,0.0000,0,-0.0029,0.0813,376.2209,72.2750
tv10%_lb20d_ovly,2023–Aug 2024,2023-08-02,1.146265,1.0000,1.0000,1.0000,0.0000,0,-0.0167,0.0977,367.9650,72.3107
tv10%_lb20d_ovly,2023–Aug 2024,2023-08-03,1.144429,1.0000,1.0000,1.0000,0.0000,0,-0.0196,0.0934,367.3754,72.3376
tv10%_lb20d_ovly,2023–Aug 2024,2023-08-04,1.139071,1.0000,1.0000,1.0000,0.0000,0,-0.0240,0.0947,365.6554,72.4806
tv10%_lb20d_ovly,2023–Aug 2024,2023-08-07,1.148715,1.0000,1.0000,1.0000,0.0000,0,-0.0155,0.0985,368.7513,72.5074
tv10%_lb20d_ovly,2023–Aug 2024,2023-08-08,1.138948,1.0000,1.0000,1.0000,0.0000,0,-0.0197,0.0985,365.6160,72.5432
tv10%_lb20d_ovly,2023–Aug 2024,2023-08-09,1.126426,1.0000,1.0000,1.0000,0.0000,0,-0.0263,0.0978,361.5963,72.4985
tv10%_lb20d_ovly,2023–Aug 2024,2023-08-10,1.128508,1.0000,1.0000,1.0000,0.0000,0,-0.0260,0.0933,362.2646,72.4627
tv10%_lb20d_ovly,2023–Aug 2024,2023-08-11,1.121313,1.0000,1.0000,1.0000,0.0000,0,-0.0265,0.0933,359.9548,72.3912
tv10%_lb20d_ovly,2023–Aug 2024,2023-08-14,1.133896,1.0000,1.0000,1.0000,0.0000,0,-0.0211,0.0947,363.9944,72.3286
tv10%_lb20d_ovly,2023–Aug 2024,2023-08-15,1.121864,1.0000,1.0000,1.0000,0.0000,0,-0.0325,0.0983,360.1318,72.3555
tv10%_lb20d_ovly,2023–Aug 2024,2023-08-16,1.109985,1.0000,1.0000,1.0000,0.0000,0,-0.0396,0.0997,356.3184,72.3197
tv10%_lb20d_ovly,2023–Aug 2024,2023-08-17,1.097860,1.0000,0.9962,0.9962,0.0000,0,-0.0470,0.1004,352.4264,72.4001
tv10%_lb20d_ovly,2023–Aug 2024,2023-08-18,1.096482,1.0000,0.9950,0.9950,0.0000,0,-0.0465,0.1005,351.9840,72.4270
tv10%_lb20d_ovly,2023–Aug 2024,2023-08-21,1.114148,1.0000,0.9764,0.9764,0.0000,0,-0.0403,0.1024,357.6551,72.3465
tv10%_lb20d_ovly,2023–Aug 2024,2023-08-22,1.112556,1.0000,0.9888,0.9888,0.0000,0,-0.0429,0.1011,357.1440,72.3107
tv10%_lb20d_ovly,2023–Aug 2024,2023-08-23,1.130100,1.0000,0.9004,0.9004,0.0000,0,-0.0322,0.1111,362.7756,72.4448
tv10%_lb20d_ovly,2023–Aug 2024,2023-08-24,1.105833,0.9004,0.8443,0.8443,0.0000,0,-0.0457,0.1184,355.0211,72.4001
tv10%_lb20d_ovly,2023–Aug 2024,2023-08-25,1.113420,0.8443,0.8674,0.8674,0.0000,0,-0.0389,0.1153,357.7730,72.3555
tv10%_lb20d_ovly,2023–Aug 2024,2023-08-28,1.120603,0.8443,0.8457,0.8457,0.0000,0,-0.0301,0.1182,360.4660,72.4001
tv10%_lb20d_ovly,2023–Aug 2024,2023-08-29,1.141655,0.8443,0.7631,0.7631,0.0000,0,-0.0034,0.1310,368.3385,72.5611
tv10%_lb20d_ovly,2023–Aug 2024,2023-08-30,1.146937,0.7631,0.8175,0.8175,0.0000,0,0.0000,0.1223,370.3927,72.5611
tv10%_lb20d_ovly,2023–Aug 2024,2023-08-31,1.149767,0.8175,0.8198,0.8198,0.0000,0,-0.0015,0.1220,371.5032,72.6326
tv10%_lb20d_ovly,2023–Aug 2024,2023-09-01,1.148658,0.8175,0.8277,0.8277,0.0000,0,0.0000,0.1208,371.1101,72.5931
tv10%_lb20d_ovly,2023–Aug 2024,2023-09-05,1.149593,0.8175,0.8482,0.8482,0.0000,0,-0.0043,0.1179,371.5819,72.5035
tv10%_lb20d_ovly,2023–Aug 2024,2023-09-06,1.141082,0.8175,0.8381,0.8381,0.0000,0,-0.0110,0.1193,368.3090,72.4229
tv10%_lb20d_ovly,2023–Aug 2024,2023-09-07,1.134797,0.8175,0.8518,0.8518,0.0000,0,-0.0141,0.1174,365.6750,72.5573
tv10%_lb20d_ovly,2023–Aug 2024,2023-09-08,1.135992,0.8175,0.8508,0.8508,0.0000,0,-0.0126,0.1175,366.1861,72.5215
tv10%_lb20d_ovly,2023–Aug 2024,2023-09-11,1.146985,0.8175,0.8347,0.8347,0.0000,0,-0.0061,0.1198,370.5008,72.5394
tv10%_lb20d_ovly,2023–Aug 2024,2023-09-12,1.136485,0.8175,0.8344,0.8344,0.0000,0,-0.0115,0.1199,366.3925,72.5035
tv10%_lb20d_ovly,2023–Aug 2024,2023-09-13,1.140203,0.8175,0.8933,0.8933,0.0000,0,-0.0104,0.1119,367.7881,72.5663
tv10%_lb20d_ovly,2023–Aug 2024,2023-09-14,1.147687,0.8933,0.8962,0.8962,0.0000,0,-0.0018,0.1116,370.7957,72.5484
tv10%_lb20d_ovly,2023–Aug 2024,2023-09-15,1.130072,0.8933,0.8528,0.8528,0.0000,0,-0.0139,0.1173,364.4465,72.5125
tv10%_lb20d_ovly,2023–Aug 2024,2023-09-18,1.131109,0.8933,0.8528,0.8528,0.0000,0,-0.0133,0.1173,364.8264,72.5035
tv10%_lb20d_ovly,2023–Aug 2024,2023-09-19,1.128866,0.8933,0.8631,0.8631,0.0000,0,-0.0153,0.1159,364.0488,72.4497
tv10%_lb20d_ovly,2023–Aug 2024,2023-09-20,1.114260,0.8933,0.8297,0.8297,0.0000,0,-0.0244,0.1205,358.8027,72.4050
tv10%_lb20d_ovly,2023–Aug 2024,2023-09-21,1.096010,0.8297,0.7846,0.7846,0.0000,0,-0.0405,0.1275,352.2278,72.4408
tv10%_lb20d_ovly,2023–Aug 2024,2023-09-22,1.096322,0.8297,0.8453,0.8453,0.0000,0,-0.0427,0.1183,352.2771,72.5125
tv10%_lb20d_ovly,2023–Aug 2024,2023-09-25,1.100573,0.8297,0.8598,0.8598,0.0000,0,-0.0386,0.1163,353.9503,72.4856
tv10%_lb20d_ovly,2023–Aug 2024,2023-09-26,1.086884,0.8297,0.8109,0.8109,0.0000,0,-0.0528,0.1233,348.6353,72.4946
tv10%_lb20d_ovly,2023–Aug 2024,2023-09-27,1.088860,0.8297,0.9247,0.9247,0.0000,0,-0.0524,0.1081,349.4522,72.4408
tv10%_lb20d_ovly,2023–Aug 2024,2023-09-28,1.096634,0.9247,0.9120,0.9120,0.0000,0,-0.0469,0.1096,352.3755,72.5663
tv10%_lb20d_ovly,2023–Aug 2024,2023-09-29,1.097381,0.9247,0.9125,0.9125,0.0000,0,-0.0492,0.1096,352.6314,72.5752
tv10%_lb20d_ovly,2023–Aug 2024,2023-10-02,1.105767,0.9247,0.9199,0.9199,0.0000,0,-0.0478,0.1087,355.5744,72.5024
tv10%_lb20d_ovly,2023–Aug 2024,2023-10-03,1.087761,0.9247,0.8670,0.8670,0.0000,0,-0.0606,0.1153,349.3341,72.4485
tv10%_lb20d_ovly,2023–Aug 2024,2023-10-04,1.101568,0.8670,0.8338,0.8338,0.0000,0,-0.0537,0.1199,354.0881,72.6103
tv10%_lb20d_ovly,2023–Aug 2024,2023-10-05,1.098899,0.8670,0.8328,0.8328,0.0000,0,-0.0541,0.1201,353.0447,72.6822
tv10%_lb20d_ovly,2023–Aug 2024,2023-10-06,1.114736,0.8670,0.7725,0.7725,0.0000,0,-0.0429,0.1295,358.9603,72.6193
tv10%_lb20d_ovly,2023–Aug 2024,2023-10-09,1.119999,0.7725,0.7733,0.7733,0.0000,0,-0.0367,0.1293,360.7909,72.8349
tv10%_lb20d_ovly,2023–Aug 2024,2023-10-10,1.124633,0.7725,0.7653,0.7653,0.0000,0,-0.0317,0.1307,362.7890,72.7900
tv10%_lb20d_ovly,2023–Aug 2024,2023-10-11,1.130769,0.7725,0.7590,0.7590,0.0000,0,-0.0278,0.1317,365.3776,72.7720
tv10%_lb20d_ovly,2023–Aug 2024,2023-10-12,1.127415,0.7725,0.7820,0.7820,0.0000,0,-0.0225,0.1279,364.1078,72.6822
tv10%_lb20d_ovly,2023–Aug 2024,2023-10-13,1.116627,0.7725,0.8159,0.8159,0.0000,0,-0.0273,0.1226,359.5311,72.7271
tv10%_lb20d_ovly,2023–Aug 2024,2023-10-16,1.126223,0.7725,0.7724,0.7724,0.0000,0,-0.0151,0.1295,363.5961,72.6822
tv10%_lb20d_ovly,2023–Aug 2024,2023-10-17,1.122803,0.7725,0.7727,0.7727,0.0000,0,-0.0060,0.1294,362.4052,72.5204
tv10%_lb20d_ovly,2023–Aug 2024,2023-10-18,1.111425,0.7725,0.7473,0.7473,0.0000,0,-0.0140,0.1338,357.6511,72.5204
tv10%_lb20d_ovly,2023–Aug 2024,2023-10-19,1.103737,0.7725,0.8054,0.8054,0.0000,0,-0.0227,0.1242,354.3047,72.6193
tv10%_lb20d_ovly,2023–Aug 2024,2023-10-20,1.091421,0.7725,0.7635,0.7635,0.0000,0,-0.0347,0.1310,349.0191,72.7361
tv10%_lb20d_ovly,2023–Aug 2024,2023-10-23,1.094119,0.7725,0.7723,0.7723,0.0000,0,-0.0363,0.1295,350.0723,72.7810
tv10%_lb20d_ovly,2023–Aug 2024,2023-10-24,1.102279,0.7725,0.8138,0.8138,0.0000,0,-0.0291,0.1229,353.4779,72.7631
tv10%_lb20d_ovly,2023–Aug 2024,2023-10-25,1.081160,0.7725,0.7534,0.7534,0.0000,0,-0.0430,0.1327,344.8263,72.6822
tv10%_lb20d_ovly,2023–Aug 2024,2023-10-26,1.065722,0.7725,0.7370,0.7370,0.0000,0,-0.0545,0.1357,338.2513,72.8260
tv10%_lb20d_ovly,2023–Aug 2024,2023-10-27,1.069825,0.7725,0.7353,0.7353,0.0000,0,-0.0588,0.1360,339.8754,72.8709
tv10%_lb20d_ovly,2023–Aug 2024,2023-10-30,1.079044,0.7725,0.6914,0.6914,0.0000,0,-0.0475,0.1446,343.7041,72.8439
tv10%_lb20d_ovly,2023–Aug 2024,2023-10-31,1.082852,0.6914,0.7161,0.7161,0.0000,0,-0.0415,0.1397,345.3478,72.8169
tv10%_lb20d_ovly,2023–Aug 2024,2023-11-01,1.096590,0.6914,0.7014,0.7014,0.0000,0,-0.0313,0.1426,351.3420,72.9792
tv10%_lb20d_ovly,2023–Aug 2024,2023-11-02,1.110395,0.6914,0.6328,0.6328,0.0000,0,-0.0127,0.1580,357.7200,72.9882
tv10%_lb20d_ovly,2023–Aug 2024,2023-11-03,1.120279,0.6328,0.6419,0.6419,0.0000,0,-0.0037,0.1558,361.9228,73.1865
tv10%_lb20d_ovly,2023–Aug 2024,2023-11-06,1.122411,0.6328,0.6475,0.6475,0.0000,0,-0.0014,0.1544,363.3992,73.0513
tv10%_lb20d_ovly,2023–Aug 2024,2023-11-07,1.129430,0.6328,0.6506,0.6506,0.0000,0,0.0000,0.1537,366.8344,73.1054
tv10%_lb20d_ovly,2023–Aug 2024,2023-11-08,1.129788,0.6328,0.6534,0.6534,0.0000,0,0.0000,0.1531,367.0705,73.0873
tv10%_lb20d_ovly,2023–Aug 2024,2023-11-09,1.123672,0.6328,0.6489,0.6489,0.0000,0,-0.0078,0.1541,364.2457,72.9792
tv10%_lb20d_ovly,2023–Aug 2024,2023-11-10,1.139760,0.6328,0.6166,0.6166,0.0000,0,0.0000,0.1622,372.4348,72.9972
tv10%_lb20d_ovly,2023–Aug 2024,2023-11-13,1.137665,0.6328,0.6313,0.6313,0.0000,0,-0.0010,0.1584,371.2733,73.0242
tv10%_lb20d_ovly,2023–Aug 2024,2023-11-14,1.154812,0.6328,0.5822,0.5822,0.0000,0,0.0000,0.1718,379.2655,73.3126
tv10%_lb20d_ovly,2023–Aug 2024,2023-11-15,1.154521,0.5822,0.6152,0.6152,0.0000,0,0.0000,0.1626,379.5510,73.1774
tv10%_lb20d_ovly,2023–Aug 2024,2023-11-16,1.155928,0.5822,0.6356,0.6356,0.0000,0,0.0000,0.1573,379.8758,73.3036
tv10%_lb20d_ovly,2023–Aug 2024,2023-11-17,1.155667,0.6356,0.6797,0.6797,0.0000,0,0.0000,0.1471,379.9643,73.2495
tv10%_lb20d_ovly,2023–Aug 2024,2023-11-20,1.164662,0.6356,0.6823,0.6823,0.0000,0,0.0000,0.1466,384.5903,73.2586
tv10%_lb20d_ovly,2023–Aug 2024,2023-11-21,1.160622,0.6356,0.6784,0.6784,0.0000,0,-0.0022,0.1474,382.3561,73.3036
tv10%_lb20d_ovly,2023–Aug 2024,2023-11-22,1.163694,0.6356,0.7606,0.7606,0.0000,0,0.0000,0.1315,383.9210,73.3126
tv10%_lb20d_ovly,2023–Aug 2024,2023-11-24,1.162193,0.7606,0.8507,0.8507,0.0000,0,0.0000,0.1175,383.3797,73.2586
tv10%_lb20d_ovly,2023–Aug 2024,2023-11-27,1.161659,0.8507,0.8696,0.8696,0.0000,0,-0.0018,0.1150,383.0451,73.3487
tv10%_lb20d_ovly,2023–Aug 2024,2023-11-28,1.164568,0.8507,0.8857,0.8857,0.0000,0,-0.0008,0.1129,384.0490,73.4838
tv10%_lb20d_ovly,2023–Aug 2024,2023-11-29,1.163945,0.8507,0.8758,0.8758,0.0000,0,-0.0015,0.1142,383.6750,73.6281
tv10%_lb20d_ovly,2023–Aug 2024,2023-11-30,1.161349,0.8507,0.8959,0.8959,0.0000,0,0.0000,0.1116,382.7104,73.5830
tv10%_lb20d_ovly,2023–Aug 2024,2023-12-01,1.164674,0.8507,1.0000,1.0000,0.0000,0,0.0000,0.0968,383.8029,73.7972
tv10%_lb20d_ovly,2023–Aug 2024,2023-12-04,1.155048,1.0000,1.0000,1.0000,0.0000,0,-0.0052,0.0985,380.2399,73.6887
tv10%_lb20d_ovly,2023–Aug 2024,2023-12-05,1.157948,1.0000,1.0000,1.0000,0.0000,0,-0.0054,0.0990,381.1947,73.7791
tv10%_lb20d_ovly,2023–Aug 2024,2023-12-06,1.151251,1.0000,0.9850,0.9850,0.0000,0,-0.0095,0.1015,378.9899,73.7611
tv10%_lb20d_ovly,2023–Aug 2024,2023-12-07,1.167336,1.0000,0.9681,0.9681,0.0000,0,-0.0019,0.1033,384.2853,73.8153
tv10%_lb20d_ovly,2023–Aug 2024,2023-12-08,1.172539,1.0000,1.0000,1.0000,0.0000,0,0.0000,0.0962,385.9979,73.6526
tv10%_lb20d_ovly,2023–Aug 2024,2023-12-11,1.182555,1.0000,1.0000,1.0000,0.0000,0,0.0000,0.0842,389.2951,73.6707
tv10%_lb20d_ovly,2023–Aug 2024,2023-12-12,1.191973,1.0000,1.0000,1.0000,0.0000,0,0.0000,0.0836,392.3956,73.6797
tv10%_lb20d_ovly,2023–Aug 2024,2023-12-13,1.207131,1.0000,1.0000,1.0000,0.0000,0,0.0000,0.0703,397.3858,74.0503
tv10%_lb20d_ovly,2023–Aug 2024,2023-12-14,1.206085,1.0000,1.0000,1.0000,0.0000,0,0.0000,0.0704,397.0413,74.1773
tv10%_lb20d_ovly,2023–Aug 2024,2023-12-15,1.211915,1.0000,1.0000,1.0000,0.0000,0,-0.0016,0.0717,398.9606,74.0956
tv10%_lb20d_ovly,2023–Aug 2024,2023-12-18,1.219549,1.0000,1.0000,1.0000,0.0000,0,0.0000,0.0726,401.4735,74.0866
tv10%_lb20d_ovly,2023–Aug 2024,2023-12-19,1.225780,1.0000,1.0000,1.0000,0.0000,0,0.0000,0.0713,403.5248,74.1138
tv10%_lb20d_ovly,2023–Aug 2024,2023-12-20,1.207565,1.0000,1.0000,1.0000,0.0000,0,-0.0139,0.0909,397.5286,74.2135
tv10%_lb20d_ovly,2023–Aug 2024,2023-12-21,1.221616,1.0000,1.0000,1.0000,0.0000,0,-0.0045,0.0946,402.1540,74.2861
tv10%_lb20d_ovly,2023–Aug 2024,2023-12-22,1.223443,1.0000,1.0000,1.0000,0.0000,0,-0.0025,0.0945,402.7556,74.3133
tv10%_lb20d_ovly,2023–Aug 2024,2023-12-26,1.230933,1.0000,1.0000,1.0000,0.0000,0,0.0000,0.0935,405.2212,74.2770
tv10%_lb20d_ovly,2023–Aug 2024,2023-12-27,1.233439,1.0000,1.0000,1.0000,0.0000,0,0.0000,0.0934,406.0461,74.3677
tv10%_lb20d_ovly,2023–Aug 2024,2023-12-28,1.232839,1.0000,1.0000,1.0000,0.0000,0,0.0000,0.0930,405.8488,74.3586
tv10%_lb20d_ovly,2023–Aug 2024,2023-12-29,1.227504,1.0000,1.0000,1.0000,0.0000,0,-0.0029,0.0948,404.0923,74.3949
tv10%_lb20d_ovly,2023–Aug 2024,2024-01-02,1.206732,1.0000,1.0000,1.0000,0.0000,0,-0.0085,0.0976,397.2542,74.3043
tv10%_lb20d_ovly,2023–Aug 2024,2024-01-03,1.193962,1.0000,0.9910,0.9910,0.0000,0,-0.0166,0.1009,393.0506,74.3224
tv10%_lb20d_ovly,2023–Aug 2024,2024-01-04,1.187818,1.0000,0.9790,0.9790,0.0000,0,-0.0197,0.1021,391.0278,74.2770
tv10%_lb20d_ovly,2023–Aug 2024,2024-01-05,1.189227,1.0000,0.9986,0.9986,0.0000,0,-0.0184,0.1001,391.4916,74.2589
tv10%_lb20d_ovly,2023–Aug 2024,2024-01-08,1.213806,1.0000,0.9279,0.9279,0.0000,0,-0.0044,0.1078,399.5829,74.3224
tv10%_lb20d_ovly,2023–Aug 2024,2024-01-09,1.216116,0.9279,0.9253,0.9253,0.0000,0,-0.0059,0.1081,400.3723,74.3405
tv10%_lb20d_ovly,2023–Aug 2024,2024-01-10,1.223764,0.9279,0.9197,0.9197,0.0000,0,-0.0003,0.1087,403.0859,74.3405
tv10%_lb20d_ovly,2023–Aug 2024,2024-01-11,1.226331,0.9279,0.9219,0.9219,0.0000,0,-0.0007,0.1085,403.9246,74.5128
tv10%_lb20d_ovly,2023–Aug 2024,2024-01-12,1.227098,0.9279,1.0000,1.0000,0.0000,0,-0.0000,0.0984,404.1318,74.6669
tv10%_lb20d_ovly,2023–Aug 2024,2024-01-16,1.226758,1.0000,1.0000,1.0000,0.0000,0,-0.0037,0.0993,404.0923,74.5491
tv10%_lb20d_ovly,2023–Aug 2024,2024-01-17,1.219838,1.0000,0.9864,0.9864,0.0000,0,-0.0092,0.1014,401.8130,74.4040
tv10%_lb20d_ovly,2023–Aug 2024,2024-01-18,1.237153,1.0000,0.9593,0.9593,0.0000,0,-0.0004,0.1042,407.5164,74.4402
tv10%_lb20d_ovly,2023–Aug 2024,2024-01-19,1.261687,1.0000,0.9014,0.9014,0.0000,0,0.0000,0.1109,415.5978,74.3858
tv10%_lb20d_ovly,2023–Aug 2024,2024-01-22,1.263210,0.9014,1.0000,1.0000,0.0000,0,0.0000,0.0963,416.1406,74.4221
tv10%_lb20d_ovly,2023–Aug 2024,2024-01-23,1.267794,1.0000,1.0000,1.0000,0.0000,0,0.0000,0.0920,417.8673,74.4130
tv10%_lb20d_ovly,2023–Aug 2024,2024-01-24,1.274830,1.0000,1.0000,1.0000,0.0000,0,0.0000,0.0919,420.1862,74.3768
tv10%_lb20d_ovly,2023–Aug 2024,2024-01-25,1.276387,1.0000,1.0000,1.0000,0.0000,0,0.0000,0.0925,420.6993,74.5128
tv10%_lb20d_ovly,2023–Aug 2024,2024-01-26,1.268783,1.0000,1.0000,1.0000,0.0000,0,-0.0013,0.0929,418.1930,74.4675
tv10%_lb20d_ovly,2023–Aug 2024,2024-01-29,1.281775,1.0000,1.0000,1.0000,0.0000,0,0.0000,0.0959,422.4754,74.5400
tv10%_lb20d_ovly,2023–Aug 2024,2024-01-30,1.273243,1.0000,1.0000,1.0000,0.0000,0,-0.0008,0.0949,419.6632,74.4947
tv10%_lb20d_ovly,2023–Aug 2024,2024-01-31,1.248305,1.0000,0.8921,0.8921,0.0000,0,-0.0171,0.1121,411.4436,74.6307
tv10%_lb20d_ovly,2023–Aug 2024,2024-02-01,1.262868,0.8921,0.8765,0.8765,0.0000,0,-0.0042,0.1141,416.2885,74.7417
tv10%_lb20d_ovly,2023–Aug 2024,2024-02-02,1.281477,0.8921,0.8628,0.8628,0.0000,0,0.0000,0.1159,423.3240,74.5052
tv10%_lb20d_ovly,2023–Aug 2024,2024-02-05,1.279714,0.8921,0.8468,0.8468,0.0000,0,-0.0036,0.1181,422.7715,74.3597
tv10%_lb20d_ovly,2023–Aug 2024,2024-02-06,1.277642,0.8921,0.9101,0.9101,0.0000,0,-0.0007,0.1099,421.9228,74.4779
tv10%_lb20d_ovly,2023–Aug 2024,2024-02-07,1.289320,0.8921,0.8990,0.8990,0.0000,0,0.0000,0.1112,426.2646,74.4506
tv10%_lb20d_ovly,2023–Aug 2024,2024-02-08,1.291416,0.8921,0.9024,0.9024,0.0000,0,0.0000,0.1108,427.0539,74.4324
tv10%_lb20d_ovly,2023–Aug 2024,2024-02-09,1.302705,0.8921,0.9008,0.9008,0.0000,0,0.0000,0.1110,431.2575,74.4051
tv10%_lb20d_ovly,2023–Aug 2024,2024-02-12,1.298175,0.8921,0.8982,0.8982,0.0000,0,-0.0004,0.1113,429.5701,74.4142
tv10%_lb20d_ovly,2023–Aug 2024,2024-02-13,1.279668,0.8921,0.8066,0.8066,0.0000,0,-0.0142,0.1240,422.8701,74.1778
tv10%_lb20d_ovly,2023–Aug 2024,2024-02-14,1.292200,0.8066,0.8128,0.8128,0.0000,0,-0.0052,0.1230,427.4782,74.2869
tv10%_lb20d_ovly,2023–Aug 2024,2024-02-15,1.295548,0.8066,0.8203,0.8203,0.0000,0,0.0000,0.1219,428.7512,74.3597
tv10%_lb20d_ovly,2023–Aug 2024,2024-02-16,1.285766,0.8066,0.8404,0.8404,0.0000,0,-0.0050,0.1190,424.8634,74.2687
tv10%_lb20d_ovly,2023–Aug 2024,2024-02-20,1.278090,0.8066,0.8215,0.8215,0.0000,0,-0.0105,0.1217,421.6564,74.3142
tv10%_lb20d_ovly,2023–Aug 2024,2024-02-21,1.273753,0.8066,0.8224,0.8224,0.0000,0,-0.0096,0.1216,419.9691,74.2505
tv10%_lb20d_ovly,2023–Aug 2024,2024-02-22,1.303801,0.8066,0.7172,0.7172,0.0000,0,0.0000,0.1394,432.2639,74.2414
tv10%_lb20d_ovly,2023–Aug 2024,2024-02-23,1.300712,0.7172,0.7194,0.7194,0.0000,0,0.0000,0.1390,430.9911,74.2778
tv10%_lb20d_ovly,2023–Aug 2024,2024-02-26,1.299950,0.7172,0.7143,0.7143,0.0000,0,-0.0037,0.1400,430.7641,74.2232
tv10%_lb20d_ovly,2023–Aug 2024,2024-02-27,1.302193,0.7172,0.7237,0.7237,0.0000,0,-0.0018,0.1382,431.8001,74.2232
tv10%_lb20d_ovly,2023–Aug 2024,2024-02-28,1.297581,0.7172,0.7229,0.7229,0.0000,0,-0.0031,0.1383,429.5011,74.2960
tv10%_lb20d_ovly,2023–Aug 2024,2024-02-29,1.305781,0.7172,0.8268,0.8268,0.0000,0,0.0000,0.1209,433.1816,74.3415
tv10%_lb20d_ovly,2023–Aug 2024,2024-03-01,1.320462,0.8268,0.8518,0.8518,0.0000,0,0.0000,0.1174,439.7040,74.4874
tv10%_lb20d_ovly,2023–Aug 2024,2024-03-04,1.316343,0.8268,0.8778,0.8778,0.0000,0,-0.0011,0.1139,438.1351,74.4144
tv10%_lb20d_ovly,2023–Aug 2024,2024-03-05,1.296909,0.8778,0.8329,0.8329,0.0000,0,-0.0111,0.1201,430.2707,74.4692
tv10%_lb20d_ovly,2023–Aug 2024,2024-03-06,1.304102,0.8778,0.8289,0.8289,0.0000,0,-0.0060,0.1206,432.9745,74.4874
tv10%_lb20d_ovly,2023–Aug 2024,2024-03-07,1.321672,0.8778,0.8201,0.8201,0.0000,0,0.0000,0.1219,439.5462,74.5786
tv10%_lb20d_ovly,2023–Aug 2024,2024-03-08,1.304929,0.8201,0.8006,0.8006,0.0000,0,-0.0060,0.1249,433.2014,74.6151
tv10%_lb20d_ovly,2023–Aug 2024,2024-03-11,1.300754,0.8201,0.8065,0.8065,0.0000,0,-0.0069,0.1240,431.5929,74.5513
tv10%_lb20d_ovly,2023–Aug 2024,2024-03-12,1.315818,0.8201,0.7782,0.7782,0.0000,0,0.0000,0.1285,437.7799,74.4783
tv10%_lb20d_ovly,2023–Aug 2024,2024-03-13,1.307407,0.8201,0.8643,0.8643,0.0000,0,-0.0016,0.1157,434.4151,74.4418
tv10%_lb20d_ovly,2023–Aug 2024,2024-03-14,1.304502,0.8201,0.8802,0.8802,0.0000,0,-0.0035,0.1136,433.3198,74.3779
tv10%_lb20d_ovly,2023–Aug 2024,2024-03-15,1.291563,0.8802,0.8647,0.8647,0.0000,0,-0.0104,0.1156,428.1690,74.3324
tv10%_lb20d_ovly,2023–Aug 2024,2024-03-18,1.302425,0.8802,0.8716,0.8716,0.0000,0,-0.0045,0.1147,432.2526,74.3415
tv10%_lb20d_ovly,2023–Aug 2024,2024-03-19,1.305415,0.8802,0.8891,0.8891,0.0000,0,0.0000,0.1125,433.3295,74.4053
tv10%_lb20d_ovly,2023–Aug 2024,2024-03-20,1.319288,0.8802,0.8680,0.8680,0.0000,0,0.0000,0.1152,438.4674,74.5239
tv10%_lb20d_ovly,2023–Aug 2024,2024-03-21,1.324783,0.8802,1.0000,1.0000,0.0000,0,0.0000,0.0936,440.5423,74.5239
tv10%_lb20d_ovly,2023–Aug 2024,2024-03-22,1.326074,1.0000,1.0000,1.0000,0.0000,0,-0.0019,0.0944,441.0462,74.5786
tv10%_lb20d_ovly,2023–Aug 2024,2024-03-25,1.321262,1.0000,1.0000,1.0000,0.0000,0,-0.0047,0.0938,439.4456,74.5421
tv10%_lb20d_ovly,2023–Aug 2024,2024-03-26,1.316984,1.0000,1.0000,1.0000,0.0000,0,-0.0065,0.0946,438.0228,74.5604
tv10%_lb20d_ovly,2023–Aug 2024,2024-03-27,1.321470,1.0000,1.0000,1.0000,0.0000,0,0.0000,0.0972,439.5147,74.6425
tv10%_lb20d_ovly,2023–Aug 2024,2024-03-28,1.319034,1.0000,1.0000,1.0000,0.0000,0,-0.0002,0.0972,438.7046,74.5969
tv10%_lb20d_ovly,2023–Aug 2024,2024-04-01,1.321826,1.0000,1.0000,1.0000,0.0000,0,-0.0019,0.0934,439.6334,74.4413
tv10%_lb20d_ovly,2023–Aug 2024,2024-04-02,1.310419,1.0000,1.0000,1.0000,0.0000,0,-0.0083,0.0968,435.8392,74.4779
tv10%_lb20d_ovly,2023–Aug 2024,2024-04-03,1.313360,1.0000,1.0000,1.0000,0.0000,0,-0.0072,0.0880,436.8174,74.5328
tv10%_lb20d_ovly,2023–Aug 2024,2024-04-04,1.293277,1.0000,1.0000,1.0000,0.0000,0,-0.0193,0.0991,430.1381,74.6060
tv10%_lb20d_ovly,2023–Aug 2024,2024-04-05,1.308517,1.0000,1.0000,1.0000,0.0000,0,-0.0091,0.0997,435.2068,74.4870
tv10%_lb20d_ovly,2023–Aug 2024,2024-04-08,1.308904,1.0000,1.0000,1.0000,0.0000,0,-0.0085,0.0967,435.3353,74.4138
tv10%_lb20d_ovly,2023–Aug 2024,2024-04-09,1.313746,1.0000,1.0000,1.0000,0.0000,0,-0.0074,0.0965,436.9458,74.4870
tv10%_lb20d_ovly,2023–Aug 2024,2024-04-10,1.302279,1.0000,1.0000,1.0000,0.0000,0,-0.0173,0.0968,433.1319,74.1851
tv10%_lb20d_ovly,2023–Aug 2024,2024-04-11,1.323074,1.0000,0.9971,0.9971,0.0000,0,-0.0099,0.1003,440.0483,74.2766
tv10%_lb20d_ovly,2023–Aug 2024,2024-04-12,1.301982,1.0000,0.8914,0.8914,0.0000,0,-0.0235,0.1122,433.0331,74.3223
tv10%_lb20d_ovly,2023–Aug 2024,2024-04-15,1.280424,0.8914,0.8450,0.8450,0.0000,0,-0.0358,0.1183,425.9093,74.2949
tv10%_lb20d_ovly,2023–Aug 2024,2024-04-16,1.280444,0.8914,0.8628,0.8628,0.0000,0,-0.0375,0.1159,425.9488,74.2491
tv10%_lb20d_ovly,2023–Aug 2024,2024-04-17,1.266620,0.8914,0.8728,0.8728,0.0000,0,-0.0432,0.1146,420.7516,74.3040
tv10%_lb20d_ovly,2023–Aug 2024,2024-04-18,1.260110,0.8914,0.9313,0.9313,0.0000,0,-0.0452,0.1074,418.3507,74.2674
tv10%_lb20d_ovly,2023–Aug 2024,2024-04-19,1.236905,0.8914,0.9265,0.9265,0.0000,0,-0.0535,0.1079,409.6954,74.2857
tv10%_lb20d_ovly,2023–Aug 2024,2024-04-22,1.248059,0.8914,0.8633,0.8633,0.0000,0,-0.0448,0.1158,413.8155,74.3223
tv10%_lb20d_ovly,2023–Aug 2024,2024-04-23,1.264778,0.8914,0.7947,0.7947,0.0000,0,-0.0335,0.1258,419.9909,74.3864
tv10%_lb20d_ovly,2023–Aug 2024,2024-04-24,1.268424,0.7947,0.7946,0.7946,0.0000,0,-0.0339,0.1259,421.4137,74.3589
tv10%_lb20d_ovly,2023–Aug 2024,2024-04-25,1.263363,0.7947,0.8281,0.8281,0.0000,0,-0.0374,0.1208,419.3783,74.3040
tv10%_lb20d_ovly,2023–Aug 2024,2024-04-26,1.278920,0.7947,0.7859,0.7859,0.0000,0,-0.0266,0.1272,425.8501,74.3223
tv10%_lb20d_ovly,2023–Aug 2024,2024-04-29,1.283176,0.7947,0.7786,0.7786,0.0000,0,-0.0180,0.1284,427.5791,74.3589
tv10%_lb20d_ovly,2023–Aug 2024,2024-04-30,1.263623,0.7947,0.7259,0.7259,0.0000,0,-0.0336,0.1378,419.5166,74.2674
tv10%_lb20d_ovly,2023–Aug 2024,2024-05-01,1.256795,0.7259,0.7274,0.7274,0.0000,0,-0.0365,0.1375,416.4832,74.4161
tv10%_lb20d_ovly,2023–Aug 2024,2024-05-02,1.268949,0.7259,0.7291,0.7291,0.0000,0,-0.0275,0.1372,421.7990,74.5263
tv10%_lb20d_ovly,2023–Aug 2024,2024-05-03,1.288018,0.7259,0.7174,0.7174,0.0000,0,-0.0155,0.1394,430.2765,74.6457
tv10%_lb20d_ovly,2023–Aug 2024,2024-05-06,1.298215,0.7259,0.6910,0.6910,0.0000,0,-0.0053,0.1447,434.9895,74.6365
tv10%_lb20d_ovly,2023–Aug 2024,2024-05-07,1.298409,0.7259,0.6911,0.6911,0.0000,0,-0.0017,0.1447,435.0587,74.6457
tv10%_lb20d_ovly,2023–Aug 2024,2024-05-08,1.297765,0.7259,0.7146,0.7146,0.0000,0,-0.0016,0.1399,434.8017,74.6273
tv10%_lb20d_ovly,2023–Aug 2024,2024-05-09,1.300126,0.7259,0.7201,0.7201,0.0000,0,0.0000,0.1389,435.7502,74.6916
tv10%_lb20d_ovly,2023–Aug 2024,2024-05-10,1.302045,0.7259,0.7783,0.7783,0.0000,0,0.0000,0.1285,436.7779,74.6273
tv10%_lb20d_ovly,2023–Aug 2024,2024-05-13,1.304245,0.7783,0.8462,0.8462,0.0000,0,0.0000,0.1182,437.7856,74.6457
tv10%_lb20d_ovly,2023–Aug 2024,2024-05-14,1.310970,0.8462,0.8482,0.8482,0.0000,0,0.0000,0.1179,440.6016,74.7191
tv10%_lb20d_ovly,2023–Aug 2024,2024-05-15,1.328681,0.8462,0.8366,0.8366,0.0000,0,0.0000,0.1195,447.4883,74.8568
tv10%_lb20d_ovly,2023–Aug 2024,2024-05-16,1.326247,0.8462,0.8366,0.8366,0.0000,0,-0.0021,0.1195,446.5793,74.8018
tv10%_lb20d_ovly,2023–Aug 2024,2024-05-17,1.325576,0.8462,0.8959,0.8959,0.0000,0,-0.0006,0.1116,446.3620,74.7558
tv10%_lb20d_ovly,2023–Aug 2024,2024-05-20,1.333347,0.8462,0.9117,0.9117,0.0000,0,0.0000,0.1097,449.4743,74.7375
tv10%_lb20d_ovly,2023–Aug 2024,2024-05-21,1.335568,0.9117,0.9562,0.9562,0.0000,0,0.0000,0.1046,450.3536,74.7742
tv10%_lb20d_ovly,2023–Aug 2024,2024-05-22,1.335240,0.9117,0.9449,0.9449,0.0000,0,-0.0029,0.1058,450.2647,74.7191
tv10%_lb20d_ovly,2023–Aug 2024,2024-05-23,1.329706,0.9117,0.9155,0.9155,0.0000,0,-0.0102,0.1092,448.2392,74.6824
tv10%_lb20d_ovly,2023–Aug 2024,2024-05-24,1.341214,0.9117,0.9330,0.9330,0.0000,0,-0.0036,0.1072,452.4780,74.7100
tv10%_lb20d_ovly,2023–Aug 2024,2024-05-28,1.345731,0.9117,0.9334,0.9334,0.0000,0,-0.0029,0.1071,454.1873,74.6457
tv10%_lb20d_ovly,2023–Aug 2024,2024-05-29,1.337039,0.9117,1.0000,1.0000,0.0000,0,-0.0099,0.0908,450.9860,74.6181
tv10%_lb20d_ovly,2023–Aug 2024,2024-05-30,1.323994,1.0000,1.0000,1.0000,0.0000,0,-0.0165,0.0943,446.1544,74.7008
tv10%_lb20d_ovly,2023–Aug 2024,2024-05-31,1.321531,1.0000,1.0000,1.0000,0.0000,0,-0.0075,0.0941,445.3245,74.8018
tv10%_lb20d_ovly,2023–Aug 2024,2024-06-03,1.328627,1.0000,1.0000,1.0000,0.0000,0,-0.0067,0.0862,447.7156,74.8865
tv10%_lb20d_ovly,2023–Aug 2024,2024-06-04,1.332263,1.0000,1.0000,1.0000,0.0000,0,-0.0056,0.0798,448.9408,74.9602
tv10%_lb20d_ovly,2023–Aug 2024,2024-06-05,1.359121,1.0000,1.0000,1.0000,0.0000,0,0.0000,0.0884,457.9913,75.0339
tv10%_lb20d_ovly,2023–Aug 2024,2024-06-06,1.358652,1.0000,1.0000,1.0000,0.0000,0,-0.0000,0.0884,457.8332,75.0431
tv10%_lb20d_ovly,2023–Aug 2024,2024-06-07,1.357449,1.0000,1.0000,1.0000,0.0000,0,-0.0012,0.0876,457.4281,74.8497
tv10%_lb20d_ovly,2023–Aug 2024,2024-06-10,1.362932,1.0000,1.0000,1.0000,0.0000,0,0.0000,0.0878,459.2757,74.8589
tv10%_lb20d_ovly,2023–Aug 2024,2024-06-11,1.372286,1.0000,1.0000,1.0000,0.0000,0,0.0000,0.0877,462.4277,74.9418
tv10%_lb20d_ovly,2023–Aug 2024,2024-06-12,1.390260,1.0000,1.0000,1.0000,0.0000,0,0.0000,0.0903,468.4844,75.0431
tv10%_lb20d_ovly,2023–Aug 2024,2024-06-13,1.397795,1.0000,1.0000,1.0000,0.0000,0,0.0000,0.0812,471.0237,75.1628
tv10%_lb20d_ovly,2023–Aug 2024,2024-06-14,1.405038,1.0000,1.0000,1.0000,0.0000,0,0.0000,0.0803,473.4642,75.1721
tv10%_lb20d_ovly,2023–Aug 2024,2024-06-17,1.422249,1.0000,1.0000,1.0000,0.0000,0,0.0000,0.0837,479.2640,75.0984
tv10%_lb20d_ovly,2023–Aug 2024,2024-06-18,1.422689,1.0000,1.0000,1.0000,0.0000,0,0.0000,0.0837,479.4123,75.1997
tv10%_lb20d_ovly,2023–Aug 2024,2024-06-20,1.411723,1.0000,1.0000,1.0000,0.0000,0,-0.0027,0.0851,475.7169,75.1721
tv10%_lb20d_ovly,2023–Aug 2024,2024-06-21,1.407940,1.0000,1.0000,1.0000,0.0000,0,-0.0041,0.0842,474.4424,75.1997
tv10%_lb20d_ovly,2023–Aug 2024,2024-06-24,1.391911,1.0000,1.0000,1.0000,0.0000,0,-0.0073,0.0797,469.0410,75.2089
tv10%_lb20d_ovly,2023–Aug 2024,2024-06-25,1.407829,1.0000,1.0000,1.0000,0.0000,0,-0.0035,0.0780,474.4048,75.2181
tv10%_lb20d_ovly,2023–Aug 2024,2024-06-26,1.410736,1.0000,1.0000,1.0000,0.0000,0,-0.0022,0.0780,475.3845,75.1444
tv10%_lb20d_ovly,2023–Aug 2024,2024-06-27,1.414378,1.0000,1.0000,1.0000,0.0000,0,-0.0007,0.0710,476.6116,75.1997
tv10%_lb20d_ovly,2023–Aug 2024,2024-06-28,1.407036,1.0000,1.0000,1.0000,0.0000,0,-0.0046,0.0671,474.1375,75.2089
tv10%_lb20d_ovly,2023–Aug 2024,2024-07-01,1.415288,1.0000,1.0000,1.0000,0.0000,0,-0.0025,0.0620,476.9184,75.1442
tv10%_lb20d_ovly,2023–Aug 2024,2024-07-02,1.430148,1.0000,1.0000,1.0000,0.0000,0,0.0000,0.0642,481.9259,75.2089
tv10%_lb20d_ovly,2023–Aug 2024,2024-07-03,1.442071,1.0000,1.0000,1.0000,0.0000,0,0.0000,0.0646,485.9437,75.3198
tv10%_lb20d_ovly,2023–Aug 2024,2024-07-05,1.457108,1.0000,1.0000,1.0000,0.0000,0,0.0000,0.0557,491.0106,75.4584
tv10%_lb20d_ovly,2023–Aug 2024,2024-07-08,1.460573,1.0000,1.0000,1.0000,0.0000,0,0.0000,0.0553,492.1784,75.4492
tv10%_lb20d_ovly,2023–Aug 2024,2024-07-09,1.461836,1.0000,1.0000,1.0000,0.0000,0,0.0000,0.0541,492.6039,75.4307
tv10%_lb20d_ovly,2023–Aug 2024,2024-07-10,1.477078,1.0000,1.0000,1.0000,0.0000,0,0.0000,0.0606,497.7400,75.4584
tv10%_lb20d_ovly,2023–Aug 2024,2024-07-11,1.444685,1.0000,1.0000,1.0000,0.0000,0,-0.0086,0.0724,486.8245,75.6340
tv10%_lb20d_ovly,2023–Aug 2024,2024-07-12,1.453172,1.0000,1.0000,1.0000,0.0000,0,-0.0024,0.0705,489.6845,75.7449
tv10%_lb20d_ovly,2023–Aug 2024,2024-07-15,1.457078,1.0000,1.0000,1.0000,0.0000,0,0.0000,0.0706,491.0007,75.7449
tv10%_lb20d_ovly,2023–Aug 2024,2024-07-16,1.457636,1.0000,1.0000,1.0000,0.0000,0,0.0000,0.0718,491.1888,75.7726
tv10%_lb20d_ovly,2023–Aug 2024,2024-07-17,1.414848,1.0000,1.0000,1.0000,0.0000,0,-0.0140,0.0889,476.7700,75.7819
tv10%_lb20d_ovly,2023–Aug 2024,2024-07-18,1.408152,1.0000,1.0000,1.0000,0.0000,0,-0.0216,0.0940,474.5136,75.7449
tv10%_lb20d_ovly,2023–Aug 2024,2024-07-19,1.395670,1.0000,1.0000,1.0000,0.0000,0,-0.0281,0.0968,470.3077,75.7080
tv10%_lb20d_ovly,2023–Aug 2024,2024-07-22,1.416463,1.0000,0.9740,0.9740,0.0000,0,-0.0181,0.1027,477.3143,75.7172
tv10%_lb20d_ovly,2023–Aug 2024,2024-07-23,1.411470,1.0000,0.9810,0.9810,0.0000,0,-0.0196,0.1019,475.6319,75.7542
tv10%_lb20d_ovly,2023–Aug 2024,2024-07-24,1.360840,1.0000,0.7580,0.7580,0.0000,0,-0.0418,0.1319,458.5708,75.7911
tv10%_lb20d_ovly,2023–Aug 2024,2024-07-25,1.345508,0.7580,0.7525,0.7525,0.0000,0,-0.0468,0.1329,453.5139,75.8004
tv10%_lb20d_ovly,2023–Aug 2024,2024-07-26,1.356405,0.7580,0.7184,0.7184,0.0000,0,-0.0362,0.1392,458.1650,75.9020
tv10%_lb20d_ovly,2023–Aug 2024,2024-07-29,1.358510,0.7580,0.7220,0.7220,0.0000,0,-0.0356,0.1385,459.0854,75.9113
tv10%_lb20d_ovly,2023–Aug 2024,2024-07-30,1.344490,0.7580,0.7171,0.7171,0.0000,0,-0.0405,0.1394,452.7815,75.9390
tv10%_lb20d_ovly,2023–Aug 2024,2024-07-31,1.375323,0.7580,0.6694,0.6694,0.0000,0,-0.0249,0.1494,466.1810,76.0961
tv10%_lb20d_ovly,2023–Aug 2024,2024-08-01,1.350528,0.6694,0.6376,0.6376,0.0000,0,-0.0387,0.1568,454.8894,76.2278
tv10%_lb20d_ovly,2023–Aug 2024,2024-08-02,1.331568,0.6694,0.5982,0.5982,0.0000,0,-0.0566,0.1672,444.0927,76.6543
tv10%_lb20d_ovly,2023–Aug 2024,2024-08-05,1.304792,0.5982,0.5181,0.5181,0.0000,0,-0.0841,0.1930,430.8515,76.6357
tv10%_lb20d_ovly,2023–Aug 2024,2024-08-06,1.311511,0.5181,0.5058,0.5058,0.0000,0,-0.0756,0.1977,434.9684,76.5431
tv10%_lb20d_ovly,2023–Aug 2024,2024-08-07,1.303769,0.5181,0.7710,0.5210,0.2500,0,-0.0818,0.1919,430.2577,76.4967
tv10%_lb20d_ovly,2023–Aug 2024,2024-08-08,1.323792,0.7710,0.7192,0.4692,0.2500,0,-0.0606,0.2131,443.4197,76.4596
tv10%_lb20d_ovly,2023–Aug 2024,2024-08-09,1.329127,0.7192,0.7212,0.4712,0.2500,0,-0.0564,0.2122,445.7355,76.4781
tv10%_lb20d_ovly,2023–Aug 2024,2024-08-12,1.331412,0.7192,0.7225,0.4725,0.2500,0,-0.0559,0.2116,446.6954,76.5245
tv10%_lb20d_ovly,2023–Aug 2024,2024-08-13,1.355760,0.7192,0.4541,0.4541,0.0000,0,-0.0268,0.2202,457.7791,76.6450
tv10%_lb20d_ovly,2023–Aug 2024,2024-08-14,1.355671,0.4541,0.4626,0.4626,0.0000,0,-0.0197,0.2162,457.9276,76.6357
tv10%_lb20d_ovly,2023–Aug 2024,2024-08-15,1.369432,0.4541,0.4465,0.4465,0.0000,0,-0.0028,0.2239,469.4962,76.4503
tv10%_lb20d_ovly,2023–Aug 2024,2024-08-16,1.371048,0.4541,0.4492,0.4492,0.0000,0,-0.0006,0.2226,470.0999,76.5338
tv10%_lb20d_ovly,2023–Aug 2024,2024-08-19,1.379046,0.4541,0.4500,0.4500,0.0000,0,0.0000,0.2222,476.2752,76.5152
tv10%_lb20d_ovly,2023–Aug 2024,2024-08-20,1.378826,0.4541,0.4500,0.4500,0.0000,0,-0.0016,0.2222,475.2757,76.6265
tv10%_lb20d_ovly,2023–Aug 2024,2024-08-21,1.382566,0.4541,0.4891,0.4891,0.0000,0,0.0000,0.2045,477.4923,76.7100
tv10%_lb20d_ovly,2023–Aug 2024,2024-08-22,1.371608,0.4541,0.4857,0.4857,0.0000,0,-0.0078,0.2059,469.9218,76.6079
tv10%_lb20d_ovly,2023–Aug 2024,2024-08-23,1.380085,0.4541,0.4865,0.4865,0.0000,0,0.0000,0.2055,475.0184,76.7841
tv10%_lb20d_ovly,2023–Aug 2024,2024-08-26,1.373637,0.4541,0.4854,0.4854,0.0000,0,-0.0024,0.2060,470.4067,76.7470
tv10%_lb20d_ovly,2023–Aug 2024,2024-08-27,1.375954,0.4541,0.4889,0.4889,0.0000,0,-0.0010,0.2046,471.8120,76.7934
tv10%_lb20d_ovly,2023–Aug 2024,2024-08-28,1.368773,0.4541,0.5028,0.5028,0.0000,0,-0.0068,0.1989,466.4581,76.7841
tv10%_lb20d_ovly,2023–Aug 2024,2024-08-29,1.367773,0.4541,0.5237,0.5237,0.0000,0,-0.0067,0.1910,465.7753,76.7748
tv10%_lb20d_ovly,2023–Aug 2024,2024-08-30,1.375080,0.5237,0.5643,0.5643,0.0000,0,0.0000,0.1772,471.3270,76.7748
tv10%_lb20d_ovly,Aug 2024–Aug 2026,2024-08-01,1.000000,0.0000,0.0000,0.0000,0.0000,0,0.0000,0.0000,454.8895,76.2278
tv10%_lb20d_ovly,Aug 2024–Aug 2026,2024-08-02,1.005595,0.0000,0.0000,0.0000,0.0000,0,0.0000,0.0000,444.0927,76.6543
tv10%_lb20d_ovly,Aug 2024–Aug 2026,2024-08-05,1.005352,0.0000,0.0000,0.0000,0.0000,0,0.0000,0.0000,430.8515,76.6358
tv10%_lb20d_ovly,Aug 2024–Aug 2026,2024-08-06,1.004136,0.0000,0.0000,0.0000,0.0000,0,0.0000,0.0000,434.9684,76.5430
tv10%_lb20d_ovly,Aug 2024–Aug 2026,2024-08-07,1.003527,0.0000,0.0000,0.0000,0.0000,0,0.0000,0.0000,430.2577,76.4967
tv10%_lb20d_ovly,Aug 2024–Aug 2026,2024-08-08,1.003041,0.0000,0.0000,0.0000,0.0000,0,0.0000,0.0000,443.4197,76.4596
tv10%_lb20d_ovly,Aug 2024–Aug 2026,2024-08-09,1.003284,0.0000,0.0000,0.0000,0.0000,0,0.0000,0.0000,445.7354,76.4781
tv10%_lb20d_ovly,Aug 2024–Aug 2026,2024-08-12,1.003892,0.0000,0.0000,0.0000,0.0000,0,0.0000,0.0000,446.6953,76.5245
tv10%_lb20d_ovly,Aug 2024–Aug 2026,2024-08-13,1.005473,0.0000,0.0000,0.0000,0.0000,0,0.0000,0.0000,457.7791,76.6450
tv10%_lb20d_ovly,Aug 2024–Aug 2026,2024-08-14,1.005352,0.0000,0.0000,0.0000,0.0000,0,0.0000,0.0000,457.9276,76.6358
tv10%_lb20d_ovly,Aug 2024–Aug 2026,2024-08-15,1.002919,0.0000,0.0000,0.0000,0.0000,0,0.0000,0.0000,469.4962,76.4503
tv10%_lb20d_ovly,Aug 2024–Aug 2026,2024-08-16,1.004014,0.0000,0.0000,0.0000,0.0000,0,0.0000,0.0000,470.0999,76.5338
tv10%_lb20d_ovly,Aug 2024–Aug 2026,2024-08-19,1.003771,0.0000,0.0000,0.0000,0.0000,0,0.0000,0.0000,476.2751,76.5152
tv10%_lb20d_ovly,Aug 2024–Aug 2026,2024-08-20,1.005230,0.0000,0.0000,0.0000,0.0000,0,0.0000,0.0000,475.2756,76.6265
tv10%_lb20d_ovly,Aug 2024–Aug 2026,2024-08-21,1.006325,0.0000,0.0000,0.0000,0.0000,0,0.0000,0.0000,477.4924,76.7099
tv10%_lb20d_ovly,Aug 2024–Aug 2026,2024-08-22,1.004987,0.0000,0.0000,0.0000,0.0000,0,0.0000,0.0000,469.9218,76.6079
tv10%_lb20d_ovly,Aug 2024–Aug 2026,2024-08-23,1.007298,0.0000,0.0000,0.0000,0.0000,0,0.0000,0.0000,475.0183,76.7841
tv10%_lb20d_ovly,Aug 2024–Aug 2026,2024-08-26,1.006811,0.0000,0.0000,0.0000,0.0000,0,0.0000,0.0000,470.4067,76.7470
tv10%_lb20d_ovly,Aug 2024–Aug 2026,2024-08-27,1.007420,0.0000,0.0000,0.0000,0.0000,0,0.0000,0.0000,471.8120,76.7934
tv10%_lb20d_ovly,Aug 2024–Aug 2026,2024-08-28,1.007298,0.0000,0.0000,0.0000,0.0000,0,-0.0068,0.0000,466.4581,76.7841
tv10%_lb20d_ovly,Aug 2024–Aug 2026,2024-08-29,1.007176,0.0000,0.0000,0.5237,0.0000,0,-0.0067,0.1910,465.7753,76.7748
tv10%_lb20d_ovly,Aug 2024–Aug 2026,2024-08-30,1.007176,0.0000,0.0000,0.5643,0.0000,0,0.0000,0.1772,471.3270,76.7748
tv10%_lb20d_ovly,Aug 2024–Aug 2026,2024-09-03,1.008251,0.0000,0.0000,0.6344,0.0000,0,-0.0206,0.1576,457.0171,76.8567
tv10%_lb20d_ovly,Aug 2024–Aug 2026,2024-09-04,1.010448,0.0000,0.0000,0.6367,0.0000,0,-0.0226,0.1571,455.8296,77.0242
tv10%_lb20d_ovly,Aug 2024–Aug 2026,2024-09-05,1.010814,0.0000,0.0000,0.6478,0.0000,0,-0.0250,0.1544,456.2551,77.0521
tv10%_lb20d_ovly,Aug 2024–Aug 2026,2024-09-06,1.012645,0.0000,0.0000,0.6632,0.0000,0,-0.0414,0.1508,444.0333,77.1917
tv10%_lb20d_ovly,Aug 2024–Aug 2026,2024-09-09,1.012767,0.0000,0.0000,0.6464,0.0000,0,-0.0306,0.1547,449.7434,77.2010
tv10%_lb20d_ovly,Aug 2024–Aug 2026,2024-09-10,1.014232,0.0000,0.0000,0.6449,0.0000,0,-0.0264,0.1551,453.8998,77.3126
tv10%_lb20d_ovly,Aug 2024–Aug 2026,2024-09-11,1.013377,0.0000,0.0000,0.6726,0.0000,0,-0.0164,0.1487,463.7564,77.2475
tv10%_lb20d_ovly,Aug 2024–Aug 2026,2024-09-12,1.013499,0.0000,0.0000,0.6633,0.0000,0,-0.0081,0.1508,468.3087,77.2568
tv10%_lb20d_ovly,Aug 2024–Aug 2026,2024-09-13,1.014964,0.0000,0.0000,0.7143,0.0000,0,-0.0030,0.1400,470.4067,77.3685
tv10%_lb20d_ovly,Aug 2024–Aug 2026,2024-09-16,1.015574,0.0000,0.0000,0.7147,0.0000,0,-0.0015,0.1399,468.3284,77.4150
tv10%_lb20d_ovly,Aug 2024–Aug 2026,2024-09-17,1.014842,0.0000,0.0000,0.7350,0.0000,0,-0.0011,0.1360,468.5759,77.3592
tv10%_lb20d_ovly,Aug 2024–Aug 2026,2024-09-18,1.014476,0.0000,0.0000,0.7332,0.0000,0,-0.0040,0.1364,466.5472,77.3312
tv10%_lb20d_ovly,Aug 2024–Aug 2026,2024-09-19,1.015330,0.0000,0.0000,0.6737,0.0000,0,0.0000,0.1484,478.3434,77.3964
tv10%_lb20d_ovly,Aug 2024–Aug 2026,2024-09-20,1.015697,0.0000,0.0000,0.6888,0.0000,0,-0.0017,0.1452,477.4330,77.4243
tv10%_lb20d_ovly,Aug 2024–Aug 2026,2024-09-23,1.015697,0.0000,0.0000,0.7089,0.0000,0,0.0000,0.1411,478.6985,77.4243
tv10%_lb20d_ovly,Aug 2024–Aug 2026,2024-09-24,1.016673,0.0000,0.0000,0.7107,0.0000,0,0.0000,0.1407,481.0076,77.4987
tv10%_lb20d_ovly,Aug 2024–Aug 2026,2024-09-25,1.015819,0.0000,0.0000,0.7083,0.0000,0,-0.0022,0.1412,481.4536,77.4336
tv10%_lb20d_ovly,Aug 2024–Aug 2026,2024-09-26,1.014842,0.0000,0.0000,0.7181,0.0000,0,0.0000,0.1393,485.0707,77.3592
tv10%_lb20d_ovly,Aug 2024–Aug 2026,2024-09-27,1.016429,0.0000,0.0000,0.7166,0.0000,0,-0.0015,0.1396,482.3752,77.4801
tv10%_lb20d_ovly,Aug 2024–Aug 2026,2024-09-30,1.014964,0.0000,0.0000,0.7320,0.0000,0,0.0000,0.1366,483.6833,77.3685
tv10%_lb20d_ovly,Aug 2024–Aug 2026,2024-10-01,1.015613,0.0000,0.0000,0.8580,0.0000,0,-0.0090,0.1165,476.9444,77.4179
tv10%_lb20d_ovly,Aug 2024–Aug 2026,2024-10-02,1.015368,0.0000,0.0000,0.8633,0.0000,0,-0.0085,0.1158,477.6183,77.3993
tv10%_lb20d_ovly,Aug 2024–Aug 2026,2024-10-03,1.014021,0.0000,0.0000,0.8653,0.0000,0,-0.0104,0.1156,477.2615,77.2966
tv10%_lb20d_ovly,Aug 2024–Aug 2026,2024-10-04,1.010592,0.0000,0.0000,1.0000,0.0000,0,-0.0014,0.0946,482.9401,77.0352
tv10%_lb20d_ovly,Aug 2024–Aug 2026,2024-10-07,1.009245,0.0000,0.0000,1.0000,0.0000,0,-0.0104,0.0989,477.7670,76.9325
tv10%_lb20d_ovly,Aug 2024–Aug 2026,2024-10-08,1.010102,0.0000,0.0000,0.9804,0.0000,0,-0.0010,0.1020,484.9023,76.9979
tv10%_lb20d_ovly,Aug 2024–Aug 2026,2024-10-09,1.009122,0.0000,0.0000,1.0000,0.0000,0,0.0000,0.0992,488.7177,76.9232
tv10%_lb20d_ovly,Aug 2024–Aug 2026,2024-10-10,1.009980,0.0000,0.0000,1.0000,0.0000,0,-0.0018,0.0973,488.1627,76.9885
tv10%_lb20d_ovly,Aug 2024–Aug 2026,2024-10-11,1.010837,0.0000,0.0000,1.0000,0.0000,0,0.0000,0.0977,488.9258,77.0539
tv10%_lb20d_ovly,Aug 2024–Aug 2026,2024-10-14,1.010347,0.0000,0.0000,0.9964,0.0000,0,0.0000,0.1004,493.0286,77.0165
tv10%_lb20d_ovly,Aug 2024–Aug 2026,2024-10-15,1.010837,0.0000,0.0000,0.9419,0.0000,0,-0.0078,0.1062,486.4383,77.0539
tv10%_lb20d_ovly,Aug 2024–Aug 2026,2024-10-16,1.011449,0.0000,0.0000,0.9510,0.0000,0,-0.0035,0.1052,486.4978,77.1005
tv10%_lb20d_ovly,Aug 2024–Aug 2026,2024-10-17,1.010592,0.0000,0.0000,1.0000,0.0000,0,-0.0034,0.0892,486.8347,77.0352
tv10%_lb20d_ovly,Aug 2024–Aug 2026,2024-10-18,1.011449,0.0000,0.0000,1.0000,0.0000,0,0.0000,0.0890,490.0258,77.1005
tv10%_lb20d_ovly,Aug 2024–Aug 2026,2024-10-21,1.009980,0.0000,0.0000,1.0000,0.0000,0,-0.0016,0.0896,490.9673,76.9885
tv10%_lb20d_ovly,Aug 2024–Aug 2026,2024-10-22,1.009858,0.0000,0.0000,1.0000,0.0000,0,-0.0022,0.0895,491.5024,76.9792
tv10%_lb20d_ovly,Aug 2024–Aug 2026,2024-10-23,1.009245,0.0000,0.0000,1.0000,0.0000,0,-0.0113,0.0961,483.9707,76.9325
tv10%_lb20d_ovly,Aug 2024–Aug 2026,2024-10-24,1.009735,0.0000,0.0000,1.0000,0.0000,0,-0.0092,0.0955,487.8951,76.9699
tv10%_lb20d_ovly,Aug 2024–Aug 2026,2024-10-25,1.009368,0.0000,1.0000,1.0000,0.0000,0,-0.0095,0.0952,490.8682,76.9419
tv10%_lb20d_ovly,Aug 2024–Aug 2026,2024-10-28,1.007869,1.0000,1.0000,1.0000,0.0000,0,-0.0064,0.0949,490.9474,76.9045
tv10%_lb20d_ovly,Aug 2024–Aug 2026,2024-10-29,1.017553,1.0000,1.0000,1.0000,0.0000,0,-0.0048,0.0878,495.6647,76.9325
tv10%_lb20d_ovly,Aug 2024–Aug 2026,2024-10-30,1.009863,1.0000,1.0000,1.0000,0.0000,0,-0.0078,0.0891,491.9187,76.8672
tv10%_lb20d_ovly,Aug 2024–Aug 2026,2024-10-31,0.984371,1.0000,0.8661,0.8661,0.0000,0,-0.0273,0.1155,479.5013,76.8858
tv10%_lb20d_ovly,Aug 2024–Aug 2026,2024-11-01,0.991521,0.8661,0.8953,0.8953,0.0000,0,-0.0232,0.1117,483.0490,76.8606
tv10%_lb20d_ovly,Aug 2024–Aug 2026,2024-11-04,0.989117,0.8661,0.9348,0.9348,0.0000,0,-0.0253,0.1070,481.6418,76.9167
tv10%_lb20d_ovly,Aug 2024–Aug 2026,2024-11-05,0.999944,0.9348,0.9066,0.9066,0.0000,0,-0.0135,0.1103,487.7861,76.8980
tv10%_lb20d_ovly,Aug 2024–Aug 2026,2024-11-06,1.025256,0.9348,0.7220,0.7220,0.0000,0,0.0000,0.1385,501.0359,76.8043
tv10%_lb20d_ovly,Aug 2024–Aug 2026,2024-11-07,1.040238,0.7220,0.7148,0.7148,0.0000,0,0.0000,0.1399,508.9243,76.9355
tv10%_lb20d_ovly,Aug 2024–Aug 2026,2024-11-08,1.040904,0.7220,0.7176,0.7176,0.0000,0,0.0000,0.1394,509.5190,76.8793
tv10%_lb20d_ovly,Aug 2024–Aug 2026,2024-11-11,1.040254,0.7220,0.7289,0.7289,0.0000,0,0.0000,0.1372,509.2217,76.8231
tv10%_lb20d_ovly,Aug 2024–Aug 2026,2024-11-12,1.038613,0.7220,0.7459,0.7459,0.0000,0,-0.0031,0.1341,508.3000,76.7481
tv10%_lb20d_ovly,Aug 2024–Aug 2026,2024-11-13,1.038071,0.7220,0.7481,0.7481,0.0000,0,-0.0026,0.1337,507.6460,76.8606
tv10%_lb20d_ovly,Aug 2024–Aug 2026,2024-11-14,1.032440,0.7220,0.7331,0.7331,0.0000,0,-0.0090,0.1364,504.1180,76.7481
tv10%_lb20d_ovly,Aug 2024–Aug 2026,2024-11-15,1.014996,0.7220,0.6926,0.6926,0.0000,0,-0.0217,0.1444,492.1069,76.8324
tv10%_lb20d_ovly,Aug 2024–Aug 2026,2024-11-18,1.020294,0.7220,0.6901,0.6901,0.0000,0,-0.0177,0.1449,495.5259,76.8887
tv10%_lb20d_ovly,Aug 2024–Aug 2026,2024-11-19,1.025362,0.7220,0.6882,0.6882,0.0000,0,-0.0141,0.1453,498.9350,76.8887
tv10%_lb20d_ovly,Aug 2024–Aug 2026,2024-11-20,1.024796,0.7220,0.7109,0.7109,0.0000,0,-0.0138,0.1407,498.6476,76.8512
tv10%_lb20d_ovly,Aug 2024–Aug 2026,2024-11-21,1.027388,0.7220,0.7069,0.7069,0.0000,0,-0.0085,0.1415,500.4413,76.8324
tv10%_lb20d_ovly,Aug 2024–Aug 2026,2024-11-22,1.028543,0.7220,0.7068,0.7068,0.0000,0,-0.0054,0.1415,501.2441,76.8231
tv10%_lb20d_ovly,Aug 2024–Aug 2026,2024-11-25,1.030276,0.7220,0.7066,0.7066,0.0000,0,-0.0021,0.1415,502.0369,76.9730
tv10%_lb20d_ovly,Aug 2024–Aug 2026,2024-11-26,1.034269,0.7220,0.7034,0.7034,0.0000,0,0.0000,0.1422,504.7324,76.9730
tv10%_lb20d_ovly,Aug 2024–Aug 2026,2024-11-27,1.028565,0.7220,0.7034,0.7034,0.0000,0,-0.0030,0.1422,500.7584,77.0198
tv10%_lb20d_ovly,Aug 2024–Aug 2026,2024-11-29,1.035438,0.7220,0.8460,0.8460,0.0000,0,0.0000,0.1182,505.1585,77.1135
tv10%_lb20d_ovly,Aug 2024–Aug 2026,2024-12-02,1.043430,0.8460,0.8463,0.8463,0.0000,0,0.0000,0.1182,510.6586,77.1088
tv10%_lb20d_ovly,Aug 2024–Aug 2026,2024-12-03,1.046157,0.8460,0.8542,0.8542,0.0000,0,0.0000,0.1171,512.2245,77.1182
tv10%_lb20d_ovly,Aug 2024–Aug 2026,2024-12-04,1.057274,0.8460,0.8865,0.8865,0.0000,0,0.0000,0.1128,518.5570,77.2028
tv10%_lb20d_ovly,Aug 2024–Aug 2026,2024-12-05,1.054796,0.8460,1.0000,1.0000,0.0000,0,-0.0016,0.0782,517.1201,77.2028
tv10%_lb20d_ovly,Aug 2024–Aug 2026,2024-12-06,1.062776,1.0000,1.0000,1.0000,0.0000,0,0.0000,0.0746,521.7481,77.2779
tv10%_lb20d_ovly,Aug 2024–Aug 2026,2024-12-09,1.054500,1.0000,1.0000,1.0000,0.0000,0,-0.0051,0.0766,517.6849,77.2497
tv10%_lb20d_ovly,Aug 2024–Aug 2026,2024-12-10,1.050907,1.0000,1.0000,1.0000,0.0000,0,-0.0082,0.0776,515.9209,77.2403
tv10%_lb20d_ovly,Aug 2024–Aug 2026,2024-12-11,1.069720,1.0000,1.0000,1.0000,0.0000,0,-0.0006,0.0807,525.1571,77.2215
tv10%_lb20d_ovly,Aug 2024–Aug 2026,2024-12-12,1.062817,1.0000,1.0000,1.0000,0.0000,0,-0.0057,0.0835,521.7679,77.1839
tv10%_lb20d_ovly,Aug 2024–Aug 2026,2024-12-13,1.070952,1.0000,1.0000,1.0000,0.0000,0,-0.0059,0.0793,525.7617,77.1464
tv10%_lb20d_ovly,Aug 2024–Aug 2026,2024-12-16,1.086374,1.0000,1.0000,1.0000,0.0000,0,-0.0017,0.0610,533.3330,77.1557
tv10%_lb20d_ovly,Aug 2024–Aug 2026,2024-12-17,1.081590,1.0000,1.0000,1.0000,0.0000,0,-0.0058,0.0638,530.9844,77.1651
tv10%_lb20d_ovly,Aug 2024–Aug 2026,2024-12-18,1.042570,1.0000,0.7787,0.7787,0.0000,0,-0.0354,0.1284,511.8280,77.0237
tv10%_lb20d_ovly,Aug 2024–Aug 2026,2024-12-19,1.037697,0.7787,0.7789,0.7789,0.0000,0,-0.0357,0.1284,509.5487,77.1086
tv10%_lb20d_ovly,Aug 2024–Aug 2026,2024-12-20,1.044782,0.7787,0.7447,0.7447,0.0000,0,-0.0241,0.1343,513.9984,77.1180
tv10%_lb20d_ovly,Aug 2024–Aug 2026,2024-12-23,1.052568,0.7787,0.7377,0.7377,0.0000,0,-0.0183,0.1356,519.0061,77.0709
tv10%_lb20d_ovly,Aug 2024–Aug 2026,2024-12-24,1.063796,0.7787,0.7110,0.7110,0.0000,0,-0.0074,0.1407,526.0437,77.1086
tv10%_lb20d_ovly,Aug 2024–Aug 2026,2024-12-26,1.063219,0.7110,0.7166,0.7166,0.0000,0,-0.0073,0.1395,525.6863,77.1274
tv10%_lb20d_ovly,Aug 2024–Aug 2026,2024-12-27,1.053246,0.7110,0.6927,0.6927,0.0000,0,-0.0178,0.1444,518.6984,77.1463
tv10%_lb20d_ovly,Aug 2024–Aug 2026,2024-12-30,1.043733,0.7110,0.6772,0.6772,0.0000,0,-0.0290,0.1477,511.7998,77.2595
tv10%_lb20d_ovly,Aug 2024–Aug 2026,2024-12-31,1.037613,0.7110,0.6778,0.6778,0.0000,0,-0.0325,0.1475,507.4521,77.3066
tv10%_lb20d_ovly,Aug 2024–Aug 2026,2025-01-02,1.036097,0.7110,0.6783,0.6783,0.0000,0,-0.0349,0.1474,506.4595,77.2878
tv10%_lb20d_ovly,Aug 2024–Aug 2026,2025-01-03,1.048152,0.7110,0.6524,0.6524,0.0000,0,-0.0228,0.1533,514.7477,77.2878
tv10%_lb20d_ovly,Aug 2024–Aug 2026,2025-01-06,1.056729,0.6524,0.6444,0.6444,0.0000,0,-0.0172,0.1552,520.6638,77.3066
tv10%_lb20d_ovly,Aug 2024–Aug 2026,2025-01-07,1.044202,0.6524,0.6280,0.6280,0.0000,0,-0.0277,0.1592,511.3729,77.2595
tv10%_lb20d_ovly,Aug 2024–Aug 2026,2025-01-08,1.044543,0.6524,0.6292,0.6292,0.0000,0,-0.0263,0.1589,511.4623,77.3066
tv10%_lb20d_ovly,Aug 2024–Aug 2026,2025-01-10,1.033192,0.6524,0.5997,0.5997,0.0000,0,-0.0412,0.1668,503.4420,77.1651
tv10%_lb20d_ovly,Aug 2024–Aug 2026,2025-01-13,1.031059,0.5997,0.6114,0.6114,0.0000,0,-0.0386,0.1635,501.8240,77.1840
tv10%_lb20d_ovly,Aug 2024–Aug 2026,2025-01-14,1.030572,0.5997,0.6115,0.6115,0.0000,0,-0.0373,0.1635,501.3476,77.2029
tv10%_lb20d_ovly,Aug 2024–Aug 2026,2025-01-15,1.045698,0.5997,0.5621,0.5621,0.0000,0,-0.0198,0.1779,512.8817,77.3726
tv10%_lb20d_ovly,Aug 2024–Aug 2026,2025-01-16,1.041559,0.5997,0.5652,0.5652,0.0000,0,-0.0176,0.1769,509.2885,77.4198
tv10%_lb20d_ovly,Aug 2024–Aug 2026,2025-01-17,1.052000,0.5997,0.5531,0.5531,0.0000,0,-0.0063,0.1808,517.8845,77.4009
tv10%_lb20d_ovly,Aug 2024–Aug 2026,2025-01-21,1.055854,0.5997,0.6897,0.6897,0.0000,0,0.0000,0.1450,520.9218,77.4292
tv10%_lb20d_ovly,Aug 2024–Aug 2026,2025-01-22,1.063750,0.6897,0.6873,0.6873,0.0000,0,0.0000,0.1455,527.5822,77.4103
tv10%_lb20d_ovly,Aug 2024–Aug 2026,2025-01-23,1.065310,0.6897,0.7078,0.7078,0.0000,0,0.0000,0.1413,528.7040,77.4103
tv10%_lb20d_ovly,Aug 2024–Aug 2026,2025-01-24,1.061359,0.6897,0.7086,0.7086,0.0000,0,-0.0029,0.1411,525.7162,77.4575
tv10%_lb20d_ovly,Aug 2024–Aug 2026,2025-01-27,1.040528,0.6897,0.6851,0.6851,0.0000,0,-0.0170,0.1460,510.4101,77.5706
tv10%_lb20d_ovly,Aug 2024–Aug 2026,2025-01-28,1.051213,0.6897,0.6702,0.6702,0.0000,0,-0.0086,0.1492,517.9539,77.5895
tv10%_lb20d_ovly,Aug 2024–Aug 2026,2025-01-29,1.049653,0.6897,0.6904,0.6904,0.0000,0,-0.0130,0.1448,516.9812,77.5424
tv10%_lb20d_ovly,Aug 2024–Aug 2026,2025-01-30,1.052937,0.6897,0.7222,0.7222,0.0000,0,-0.0077,0.1385,519.1848,77.5895
tv10%_lb20d_ovly,Aug 2024–Aug 2026,2025-01-31,1.051922,0.6897,0.7173,0.7173,0.0000,0,-0.0130,0.1394,518.4304,77.5989
tv10%_lb20d_ovly,Aug 2024–Aug 2026,2025-02-03,1.045888,0.6897,0.7054,0.7054,0.0000,0,-0.0196,0.1418,514.2812,77.5450
tv10%_lb20d_ovly,Aug 2024–Aug 2026,2025-02-04,1.055060,0.6897,0.7295,0.7295,0.0000,0,-0.0131,0.1371,520.5942,77.6207
tv10%_lb20d_ovly,Aug 2024–Aug 2026,2025-02-05,1.058562,0.6897,0.7332,0.7332,0.0000,0,-0.0091,0.1364,522.9567,77.6680
tv10%_lb20d_ovly,Aug 2024–Aug 2026,2025-02-06,1.062253,0.6897,0.7759,0.7759,0.0000,0,-0.0056,0.1289,525.6863,77.6396
tv10%_lb20d_ovly,Aug 2024–Aug 2026,2025-02-07,1.052559,0.7759,0.7443,0.7443,0.0000,0,-0.0147,0.1343,519.0557,77.5545
tv10%_lb20d_ovly,Aug 2024–Aug 2026,2025-02-10,1.062560,0.7759,0.8266,0.8266,0.0000,0,-0.0080,0.1210,525.3389,77.5923
tv10%_lb20d_ovly,Aug 2024–Aug 2026,2025-02-11,1.060485,0.8266,0.8261,0.8261,0.0000,0,-0.0073,0.1211,524.0883,77.5734
tv10%_lb20d_ovly,Aug 2024–Aug 2026,2025-02-12,1.060753,0.8266,0.8165,0.8165,0.0000,0,-0.0105,0.1225,524.3960,77.4693
tv10%_lb20d_ovly,Aug 2024–Aug 2026,2025-02-13,1.073614,0.8266,0.8955,0.8955,0.0000,0,-0.0000,0.1117,531.9398,77.5734
tv10%_lb20d_ovly,Aug 2024–Aug 2026,2025-02-14,1.077516,0.8955,0.8999,0.8999,0.0000,0,-0.0001,0.1111,534.1732,77.6775
tv10%_lb20d_ovly,Aug 2024–Aug 2026,2025-02-18,1.079607,0.8955,0.9371,0.9371,0.0000,0,0.0000,0.1067,535.3842,77.6112
tv10%_lb20d_ovly,Aug 2024–Aug 2026,2025-02-19,1.079959,0.8955,0.9742,0.9742,0.0000,0,0.0000,0.1026,535.5331,77.6680
tv10%_lb20d_ovly,Aug 2024–Aug 2026,2025-02-20,1.075783,0.9742,0.9760,0.9760,0.0000,0,-0.0042,0.1025,533.2599,77.6775
tv10%_lb20d_ovly,Aug 2024–Aug 2026,2025-02-21,1.054078,0.9742,0.8480,0.8480,0.0000,0,-0.0212,0.1179,522.1923,77.8099
tv10%_lb20d_ovly,Aug 2024–Aug 2026,2025-02-24,1.041844,0.8480,0.8442,0.8442,0.0000,0,-0.0256,0.1184,516.0283,77.8667
tv10%_lb20d_ovly,Aug 2024–Aug 2026,2025-02-25,1.030924,0.8480,0.9194,0.9194,0.0000,0,-0.0305,0.1088,509.5267,77.9708
tv10%_lb20d_ovly,Aug 2024–Aug 2026,2025-02-26,1.033019,0.9194,0.9655,0.9655,0.0000,0,-0.0300,0.1036,510.7575,77.9992
tv10%_lb20d_ovly,Aug 2024–Aug 2026,2025-02-27,1.006674,0.9194,0.8591,0.8591,0.0000,0,-0.0455,0.1164,496.5731,78.0275
tv10%_lb20d_ovly,Aug 2024–Aug 2026,2025-02-28,1.021375,0.8591,0.7747,0.7747,0.0000,0,-0.0306,0.1291,504.4147,78.1695
tv10%_lb20d_ovly,Aug 2024–Aug 2026,2025-03-03,1.002182,0.7747,0.7066,0.7066,0.0000,0,-0.0476,0.1415,493.3769,78.2197
tv10%_lb20d_ovly,Aug 2024–Aug 2026,2025-03-04,0.999798,0.7066,0.6888,0.6888,0.0000,0,-0.0588,0.1452,491.8880,78.2292
tv10%_lb20d_ovly,Aug 2024–Aug 2026,2025-03-05,1.008687,0.7066,0.6714,0.6714,0.0000,0,-0.0487,0.1489,498.3003,78.1438
tv10%_lb20d_ovly,Aug 2024–Aug 2026,2025-03-06,0.989260,0.7066,0.6327,0.6327,0.0000,0,-0.0656,0.1580,484.5923,78.1913
tv10%_lb20d_ovly,Aug 2024–Aug 2026,2025-03-07,0.994292,0.6327,0.8777,0.6277,0.2500,0,-0.0604,0.1593,488.1558,78.1818
tv10%_lb20d_ovly,Aug 2024–Aug 2026,2025-03-10,0.970337,0.8777,0.5547,0.5547,0.0000,0,-0.0854,0.1803,469.2367,78.3241
tv10%_lb20d_ovly,Aug 2024–Aug 2026,2025-03-11,0.967916,0.5547,0.5654,0.5654,0.0000,0,-0.0930,0.1769,468.1150,78.2767
tv10%_lb20d_ovly,Aug 2024–Aug 2026,2025-03-12,0.973659,0.5547,0.8078,0.5578,0.2500,0,-0.0882,0.1793,473.3957,78.2197
tv10%_lb20d_ovly,Aug 2024–Aug 2026,2025-03-13,0.964015,0.8078,1.0000,0.5485,0.5000,0,-0.1004,0.1823,464.8791,78.2767
tv10%_lb20d_ovly,Aug 2024–Aug 2026,2025-03-14,0.982514,1.0000,0.7600,0.5100,0.2500,0,-0.0818,0.1961,476.1154,78.2197
tv10%_lb20d_ovly,Aug 2024–Aug 2026,2025-03-17,0.988647,0.7600,0.7500,0.5000,0.2500,0,-0.0747,0.2000,479.2024,78.1913
tv10%_lb20d_ovly,Aug 2024–Aug 2026,2025-03-18,0.975838,0.7600,0.7500,0.5000,0.2500,0,-0.0847,0.2000,471.0333,78.1913
tv10%_lb20d_ovly,Aug 2024–Aug 2026,2025-03-19,0.986103,0.7600,0.7356,0.4856,0.2500,0,-0.0709,0.2059,477.3364,78.3052
tv10%_lb20d_ovly,Aug 2024–Aug 2026,2025-03-20,0.983620,0.7600,0.7355,0.4855,0.2500,0,-0.0574,0.2060,475.7184,78.3241
tv10%_lb20d_ovly,Aug 2024–Aug 2026,2025-03-21,0.986228,0.7600,0.7497,0.4997,0.2500,0,-0.0528,0.2001,477.2867,78.3716
tv10%_lb20d_ovly,Aug 2024–Aug 2026,2025-03-24,1.002362,0.7600,0.4695,0.4695,0.0000,0,-0.0315,0.2130,487.7604,78.2672
tv10%_lb20d_ovly,Aug 2024–Aug 2026,2025-03-25,1.006504,0.4695,0.4692,0.4692,0.0000,0,-0.0292,0.2131,490.5439,78.2957
tv10%_lb20d_ovly,Aug 2024–Aug 2026,2025-03-26,0.997679,0.4695,0.4625,0.4625,0.0000,0,-0.0402,0.2162,481.5175,78.2767
tv10%_lb20d_ovly,Aug 2024–Aug 2026,2025-03-27,0.995267,0.4695,0.4765,0.4765,0.0000,0,-0.0427,0.2098,478.7739,78.3146
tv10%_lb20d_ovly,Aug 2024–Aug 2026,2025-03-28,0.983924,0.4695,0.4759,0.4759,0.0000,0,-0.0453,0.2101,466.1688,78.4570
tv10%_lb20d_ovly,Aug 2024–Aug 2026,2025-03-31,0.984283,0.4695,0.4863,0.4863,0.0000,0,-0.0377,0.2056,466.1489,78.5139
tv10%_lb20d_ovly,Aug 2024–Aug 2026,2025-04-01,0.988198,0.4695,0.4930,0.4930,0.0000,0,-0.0350,0.2028,469.9066,78.5425
tv10%_lb20d_ovly,Aug 2024–Aug 2026,2025-04-02,0.991203,0.4695,0.5001,0.5001,0.0000,0,-0.0190,0.2000,473.3362,78.4854
tv10%_lb20d_ovly,Aug 2024–Aug 2026,2025-04-03,0.968268,0.4695,0.3845,0.3845,0.0000,0,-0.0674,0.2601,447.9968,78.7806
tv10%_lb20d_ovly,Aug 2024–Aug 2026,2025-04-04,0.939642,0.3845,0.3054,0.3054,0.0000,0,-0.1220,0.3274,420.1722,78.7330
tv10%_lb20d_ovly,Aug 2024–Aug 2026,2025-04-07,0.940510,0.3054,0.3140,0.3140,0.0000,0,-0.1235,0.3185,421.1862,78.7425
tv10%_lb20d_ovly,Aug 2024–Aug 2026,2025-04-08,0.934941,0.3054,0.3120,0.3120,0.0000,0,-0.1372,0.3206,413.6012,78.6949
tv10%_lb20d_ovly,Aug 2024–Aug 2026,2025-04-09,0.968825,0.3054,0.2031,0.2031,0.0000,0,-0.0466,0.4925,463.2461,78.6473
tv10%_lb20d_ovly,Aug 2024–Aug 2026,2025-04-10,0.956060,0.2031,0.1941,0.1941,0.0000,0,-0.0884,0.5152,443.5433,78.6377
tv10%_lb20d_ovly,Aug 2024–Aug 2026,2025-04-11,0.958252,0.2031,0.4447,0.1947,0.2500,0,-0.0722,0.5137,451.7147,78.4949
tv10%_lb20d_ovly,Aug 2024–Aug 2026,2025-04-14,0.961006,0.4447,0.4444,0.1944,0.2500,0,-0.0631,0.5143,454.7765,78.6663
tv10%_lb20d_ovly,Aug 2024–Aug 2026,2025-04-15,0.961483,0.4447,0.4448,0.1948,0.2500,0,-0.0658,0.5133,455.2835,78.6663
tv10%_lb20d_ovly,Aug 2024–Aug 2026,2025-04-16,0.949302,0.4447,0.4438,0.1938,0.2500,0,-0.0865,0.5159,441.5551,78.7711
tv10%_lb20d_ovly,Aug 2024–Aug 2026,2025-04-17,0.949417,0.4447,0.4437,0.1937,0.2500,0,-0.0852,0.5162,441.4756,78.7996
tv10%_lb20d_ovly,Aug 2024–Aug 2026,2025-04-21,0.938651,0.4447,0.2500,0.1919,0.5000,1,-0.1070,0.5211,430.5504,78.7520
tv10%_lb20d_ovly,Aug 2024–Aug 2026,2025-04-22,0.949613,0.2500,0.4400,0.1900,0.2500,0,-0.0838,0.5264,441.8533,78.7806
tv10%_lb20d_ovly,Aug 2024–Aug 2026,2025-04-23,0.954299,0.4400,0.4385,0.1885,0.2500,0,-0.0583,0.5305,451.8737,78.7234
tv10%_lb20d_ovly,Aug 2024–Aug 2026,2025-04-24,0.966759,0.4400,0.1864,0.1864,0.0000,0,-0.0360,0.5364,464.5882,78.8187
tv10%_lb20d_ovly,Aug 2024–Aug 2026,2025-04-25,0.971713,0.1864,0.1861,0.1861,0.0000,0,-0.0246,0.5374,469.7674,78.8853
tv10%_lb20d_ovly,Aug 2024–Aug 2026,2025-04-28,0.972800,0.1864,0.1877,0.1877,0.0000,0,-0.0242,0.5327,469.6183,78.9996
tv10%_lb20d_ovly,Aug 2024–Aug 2026,2025-04-29,0.974475,0.1864,0.1877,0.1877,0.0000,0,-0.0181,0.5327,472.7198,79.0472
tv10%_lb20d_ovly,Aug 2024–Aug 2026,2025-04-30,0.975503,0.1864,0.1878,0.1878,0.0000,0,-0.0177,0.5325,472.6602,79.1520
tv10%_lb20d_ovly,Aug 2024–Aug 2026,2025-05-01,0.976240,0.1864,0.1877,0.1877,0.0000,0,0.0000,0.5327,478.8335,78.9886
tv10%_lb20d_ovly,Aug 2024–Aug 2026,2025-05-02,0.977405,0.1864,0.1997,0.1997,0.0000,0,0.0000,0.5009,485.9412,78.8358
tv10%_lb20d_ovly,Aug 2024–Aug 2026,2025-05-05,0.976227,0.1864,0.2252,0.2252,0.0000,0,-0.0057,0.4440,483.0583,78.8262
tv10%_lb20d_ovly,Aug 2024–Aug 2026,2025-05-06,0.975208,0.1864,0.2242,0.2242,0.0000,0,-0.0140,0.4460,478.5650,78.8931
tv10%_lb20d_ovly,Aug 2024–Aug 2026,2025-05-07,0.976210,0.1864,0.2277,0.2277,0.0000,0,-0.0099,0.4392,480.4439,78.9217
tv10%_lb20d_ovly,Aug 2024–Aug 2026,2025-05-08,0.976455,0.1864,0.3763,0.3763,0.0000,0,-0.0030,0.2657,485.4044,78.7594
tv10%_lb20d_ovly,Aug 2024–Aug 2026,2025-05-09,0.976536,0.3763,0.4936,0.4936,0.0000,0,-0.0043,0.2026,485.0863,78.7976
tv10%_lb20d_ovly,Aug 2024–Aug 2026,2025-05-12,0.990284,0.4936,0.4502,0.4502,0.0000,0,0.0000,0.2221,504.8488,78.6543
tv10%_lb20d_ovly,Aug 2024–Aug 2026,2025-05-13,0.997612,0.4936,0.4517,0.4517,0.0000,0,0.0000,0.2214,512.5431,78.6352
tv10%_lb20d_ovly,Aug 2024–Aug 2026,2025-05-14,1.000196,0.4936,0.4542,0.4542,0.0000,0,0.0000,0.2202,515.6148,78.5779
tv10%_lb20d_ovly,Aug 2024–Aug 2026,2025-05-15,1.001723,0.4936,0.5106,0.5106,0.0000,0,0.0000,0.1959,516.1815,78.7307
tv10%_lb20d_ovly,Aug 2024–Aug 2026,2025-05-16,1.003752,0.4936,0.5124,0.5124,0.0000,0,0.0000,0.1952,518.4281,78.7116
tv10%_lb20d_ovly,Aug 2024–Aug 2026,2025-05-19,1.004412,0.4936,0.6209,0.6209,0.0000,0,0.0000,0.1611,518.9252,78.7402
tv10%_lb20d_ovly,Aug 2024–Aug 2026,2025-05-20,1.002694,0.6209,0.6678,0.6678,0.0000,0,-0.0034,0.1497,517.1954,78.7498
tv10%_lb20d_ovly,Aug 2024–Aug 2026,2025-05-21,0.993812,0.6209,0.6035,0.6035,0.0000,0,-0.0202,0.1657,510.0081,78.7020
tv10%_lb20d_ovly,Aug 2024–Aug 2026,2025-05-22,0.995195,0.6209,0.6492,0.6492,0.0000,0,-0.0198,0.1540,510.9624,78.7498
tv10%_lb20d_ovly,Aug 2024–Aug 2026,2025-05-23,0.989702,0.6209,0.6359,0.6359,0.0000,0,-0.0265,0.1573,506.2306,78.7976
tv10%_lb20d_ovly,Aug 2024–Aug 2026,2025-05-27,1.004294,0.6209,0.5900,0.5900,0.0000,0,-0.0062,0.1695,518.1398,78.8262
tv10%_lb20d_ovly,Aug 2024–Aug 2026,2025-05-28,1.001254,0.6209,0.5804,0.5804,0.0000,0,-0.0120,0.1723,515.8434,78.7689
tv10%_lb20d_ovly,Aug 2024–Aug 2026,2025-05-29,1.002890,0.6209,0.5812,0.5812,0.0000,0,-0.0081,0.1721,516.8574,78.8549
tv10%_lb20d_ovly,Aug 2024–Aug 2026,2025-05-30,1.002369,0.6209,0.5814,0.5814,0.0000,0,-0.0092,0.1720,516.0423,78.9504
tv10%_lb20d_ovly,Aug 2024–Aug 2026,2025-06-02,1.006971,0.6209,0.6006,0.6006,0.0000,0,-0.0036,0.1665,520.1182,78.8852
tv10%_lb20d_ovly,Aug 2024–Aug 2026,2025-06-03,1.011765,0.6209,0.6092,0.6092,0.0000,0,0.0000,0.1642,524.1838,78.8661
tv10%_lb20d_ovly,Aug 2024–Aug 2026,2025-06-04,1.014215,0.6209,0.6279,0.6279,0.0000,0,-0.0003,0.1593,525.6452,79.0098
tv10%_lb20d_ovly,Aug 2024–Aug 2026,2025-06-05,1.009056,0.6209,0.6183,0.6183,0.0000,0,-0.0051,0.1617,521.6887,78.9236
tv10%_lb20d_ovly,Aug 2024–Aug 2026,2025-06-06,1.014529,0.6209,0.6125,0.6125,0.0000,0,0.0000,0.1633,526.7883,78.7894
tv10%_lb20d_ovly,Aug 2024–Aug 2026,2025-06-09,1.015737,0.6209,0.6146,0.6146,0.0000,0,0.0000,0.1627,527.5638,78.8469
tv10%_lb20d_ovly,Aug 2024–Aug 2026,2025-06-10,1.019908,0.6209,0.8286,0.8286,0.0000,0,0.0000,0.1207,531.0531,78.8469
tv10%_lb20d_ovly,Aug 2024–Aug 2026,2025-06-11,1.018174,0.8286,0.8315,0.8315,0.0000,0,-0.0029,0.1203,529.2637,78.9715
tv10%_lb20d_ovly,Aug 2024–Aug 2026,2025-06-12,1.020303,0.8286,0.8288,0.8288,0.0000,0,0.0000,0.1207,530.5062,79.0386
tv10%_lb20d_ovly,Aug 2024–Aug 2026,2025-06-13,1.009561,0.8286,0.7826,0.7826,0.0000,0,-0.0112,0.1278,523.8459,78.9811
tv10%_lb20d_ovly,Aug 2024–Aug 2026,2025-06-16,1.021177,0.8286,0.7685,0.7685,0.0000,0,-0.0018,0.1301,531.1325,78.9715
tv10%_lb20d_ovly,Aug 2024–Aug 2026,2025-06-17,1.012949,0.7685,0.7450,0.7450,0.0000,0,-0.0103,0.1342,525.9534,79.0098
tv10%_lb20d_ovly,Aug 2024–Aug 2026,2025-06-18,1.012931,0.7685,0.7487,0.7487,0.0000,0,-0.0105,0.1336,525.8639,79.0482
tv10%_lb20d_ovly,Aug 2024–Aug 2026,2025-06-20,1.009923,0.7685,0.8516,0.8516,0.0000,0,-0.0128,0.1174,523.7167,79.1057
tv10%_lb20d_ovly,Aug 2024–Aug 2026,2025-06-23,1.018130,0.8516,0.8239,0.8239,0.0000,0,-0.0030,0.1214,529.1017,79.2111
tv10%_lb20d_ovly,Aug 2024–Aug 2026,2025-06-24,1.031517,0.8516,0.8235,0.8235,0.0000,0,0.0000,0.1214,537.1929,79.2782
tv10%_lb20d_ovly,Aug 2024–Aug 2026,2025-06-25,1.033781,0.8516,0.9908,0.9908,0.0000,0,0.0000,0.1009,538.5661,79.2878
tv10%_lb20d_ovly,Aug 2024–Aug 2026,2025-06-26,1.042053,0.9908,1.0000,1.0000,0.0000,0,0.0000,0.0994,543.6019,79.3836
tv10%_lb20d_ovly,Aug 2024–Aug 2026,2025-06-27,1.045584,0.9908,1.0000,1.0000,0.0000,0,0.0000,0.0997,545.4630,79.3548
tv10%_lb20d_ovly,Aug 2024–Aug 2026,2025-06-30,1.052301,0.9908,1.0000,1.0000,0.0000,0,0.0000,0.0993,548.9959,79.4124
tv10%_lb20d_ovly,Aug 2024–Aug 2026,2025-07-01,1.043502,0.9908,1.0000,1.0000,0.0000,0,-0.0003,0.0991,544.3682,79.3297
tv10%_lb20d_ovly,Aug 2024–Aug 2026,2025-07-02,1.050703,0.9908,1.0000,1.0000,0.0000,0,0.0000,0.0986,548.1599,79.3201
tv10%_lb20d_ovly,Aug 2024–Aug 2026,2025-07-03,1.060937,0.9908,0.9980,0.9980,0.0000,0,0.0000,0.1002,553.5540,79.2335
tv10%_lb20d_ovly,Aug 2024–Aug 2026,2025-07-07,1.053016,0.9908,0.9692,0.9692,0.0000,0,-0.0075,0.1032,549.3841,79.2143
tv10%_lb20d_ovly,Aug 2024–Aug 2026,2025-07-08,1.053603,0.9908,1.0000,1.0000,0.0000,0,-0.0080,0.0994,549.6926,79.2239
tv10%_lb20d_ovly,Aug 2024–Aug 2026,2025-07-09,1.061001,0.9908,0.9964,0.9964,0.0000,0,-0.0020,0.1004,553.5839,79.2912
tv10%_lb20d_ovly,Aug 2024–Aug 2026,2025-07-10,1.059489,0.9908,1.0000,1.0000,0.0000,0,0.0000,0.0995,552.7877,79.2912
tv10%_lb20d_ovly,Aug 2024–Aug 2026,2025-07-11,1.057124,0.9908,1.0000,1.0000,0.0000,0,-0.0035,0.1000,551.5436,79.2720
tv10%_lb20d_ovly,Aug 2024–Aug 2026,2025-07-14,1.060924,0.9908,1.0000,1.0000,0.0000,0,-0.0016,0.0997,553.5441,79.2816
tv10%_lb20d_ovly,Aug 2024–Aug 2026,2025-07-15,1.061878,0.9908,1.0000,1.0000,0.0000,0,-0.0059,0.0902,554.0515,79.2047
tv10%_lb20d_ovly,Aug 2024–Aug 2026,2025-07-16,1.062969,0.9908,1.0000,1.0000,0.0000,0,-0.0026,0.0862,554.6188,79.3104
tv10%_lb20d_ovly,Aug 2024–Aug 2026,2025-07-17,1.071489,0.9908,1.0000,1.0000,0.0000,0,0.0000,0.0779,559.1072,79.2816
tv10%_lb20d_ovly,Aug 2024–Aug 2026,2025-07-18,1.070477,0.9908,1.0000,1.0000,0.0000,0,-0.0007,0.0782,558.5698,79.3489
tv10%_lb20d_ovly,Aug 2024–Aug 2026,2025-07-21,1.075982,0.9908,1.0000,1.0000,0.0000,0,0.0000,0.0760,561.4659,79.3970
tv10%_lb20d_ovly,Aug 2024–Aug 2026,2025-07-22,1.070471,0.9908,1.0000,1.0000,0.0000,0,0.0000,0.0718,558.5599,79.4547
tv10%_lb20d_ovly,Aug 2024–Aug 2026,2025-07-23,1.075301,0.9908,1.0000,1.0000,0.0000,0,0.0000,0.0683,561.1076,79.3874
tv10%_lb20d_ovly,Aug 2024–Aug 2026,2025-07-24,1.077560,0.9908,1.0000,1.0000,0.0000,0,0.0000,0.0683,562.3018,79.3201
tv10%_lb20d_ovly,Aug 2024–Aug 2026,2025-07-25,1.080136,0.9908,1.0000,1.0000,0.0000,0,0.0000,0.0656,563.6553,79.3681
tv10%_lb20d_ovly,Aug 2024–Aug 2026,2025-07-28,1.083480,0.9908,1.0000,1.0000,0.0000,0,-0.0003,0.0651,565.4169,79.3585
tv10%_lb20d_ovly,Aug 2024–Aug 2026,2025-07-29,1.081825,0.9908,1.0000,1.0000,0.0000,0,-0.0029,0.0659,564.5411,79.4258
tv10%_lb20d_ovly,Aug 2024–Aug 2026,2025-07-30,1.083250,0.9908,1.0000,1.0000,0.0000,0,-0.0041,0.0663,565.2974,79.3393
tv10%_lb20d_ovly,Aug 2024–Aug 2026,2025-07-31,1.077563,0.9908,1.0000,1.0000,0.0000,0,-0.0079,0.0675,562.3018,79.3393
tv10%_lb20d_ovly,Aug 2024–Aug 2026,2025-08-01,1.056580,0.9908,1.0000,1.0000,0.0000,0,-0.0241,0.0870,551.2252,79.7348
tv10%_lb20d_ovly,Aug 2024–Aug 2026,2025-08-04,1.075899,0.9908,1.0000,1.0000,0.0000,0,-0.0093,0.0984,561.3962,79.7541
tv10%_lb20d_ovly,Aug 2024–Aug 2026,2025-08-05,1.068658,0.9908,0.9947,0.9947,0.0000,0,-0.0143,0.1005,557.5846,79.7251
tv10%_lb20d_ovly,Aug 2024–Aug 2026,2025-08-06,1.081985,0.9908,0.9817,0.9817,0.0000,0,-0.0068,0.1019,564.6008,79.7541
tv10%_lb20d_ovly,Aug 2024–Aug 2026,2025-08-07,1.085608,0.9908,0.9835,0.9835,0.0000,0,-0.0076,0.1017,566.5115,79.7155
tv10%_lb20d_ovly,Aug 2024–Aug 2026,2025-08-08,1.095640,0.9908,0.9651,0.9651,0.0000,0,0.0000,0.1036,571.7961,79.6962
tv10%_lb20d_ovly,Aug 2024–Aug 2026,2025-08-11,1.092428,0.9908,0.9604,0.9604,0.0000,0,-0.0020,0.1041,570.1042,79.6962
tv10%_lb20d_ovly,Aug 2024–Aug 2026,2025-08-12,1.106040,0.9908,0.9288,0.9288,0.0000,0,0.0000,0.1077,577.2697,79.7541
tv10%_lb20d_ovly,Aug 2024–Aug 2026,2025-08-13,1.106533,0.9288,0.9287,0.9287,0.0000,0,0.0000,0.1077,577.5584,79.8602
tv10%_lb20d_ovly,Aug 2024–Aug 2026,2025-08-14,1.105650,0.9288,0.9392,0.9392,0.0000,0,0.0000,0.1065,577.1105,79.7734
tv10%_lb20d_ovly,Aug 2024–Aug 2026,2025-08-15,1.101106,0.9288,0.9342,0.9342,0.0000,0,-0.0023,0.1070,574.5728,79.7444
tv10%_lb20d_ovly,Aug 2024–Aug 2026,2025-08-18,1.100698,0.9288,0.9334,0.9334,0.0000,0,-0.0026,0.1071,574.3439,79.7444
tv10%_lb20d_ovly,Aug 2024–Aug 2026,2025-08-19,1.086865,0.9288,0.9122,0.9122,0.0000,0,-0.0080,0.1096,566.5514,79.7830
tv10%_lb20d_ovly,Aug 2024–Aug 2026,2025-08-20,1.080900,0.9288,0.9393,0.9393,0.0000,0,-0.0106,0.1065,563.1876,79.8120
tv10%_lb20d_ovly,Aug 2024–Aug 2026,2025-08-21,1.076186,0.9288,0.9297,0.9297,0.0000,0,-0.0146,0.1076,560.5802,79.7444
tv10%_lb20d_ovly,Aug 2024–Aug 2026,2025-08-22,1.091774,0.9288,0.8360,0.8360,0.0000,0,0.0000,0.1196,569.2285,79.9180
tv10%_lb20d_ovly,Aug 2024–Aug 2026,2025-08-25,1.088710,0.8360,0.8269,0.8269,0.0000,0,-0.0044,0.1209,567.5865,79.8795
tv10%_lb20d_ovly,Aug 2024–Aug 2026,2025-08-26,1.092516,0.8360,0.8261,0.8261,0.0000,0,-0.0002,0.1211,569.8654,79.9470
tv10%_lb20d_ovly,Aug 2024–Aug 2026,2025-08-27,1.094049,0.8360,0.8270,0.8270,0.0000,0,0.0000,0.1209,570.7412,80.0049
tv10%_lb20d_ovly,Aug 2024–Aug 2026,2025-08-28,1.099710,0.8360,0.8339,0.8339,0.0000,0,0.0000,0.1199,574.3140,79.9759
tv10%_lb20d_ovly,Aug 2024–Aug 2026,2025-08-29,1.089220,0.8360,0.9627,0.9627,0.0000,0,-0.0060,0.1039,567.6660,80.0435
tv10%_lb20d_ovly,Aug 2024–Aug 2026,2025-09-02,1.081361,0.9627,1.0000,1.0000,0.0000,0,-0.0133,0.0963,562.9090,80.0028
tv10%_lb20d_ovly,Aug 2024–Aug 2026,2025-09-03,1.089580,0.9627,1.0000,1.0000,0.0000,0,-0.0080,0.0951,567.3376,80.0609
tv10%_lb20d_ovly,Aug 2024–Aug 2026,2025-09-04,1.099104,0.9627,1.0000,1.0000,0.0000,0,0.0000,0.0957,572.4728,80.1189
tv10%_lb20d_ovly,Aug 2024–Aug 2026,2025-09-05,1.100690,0.9627,1.0000,1.0000,0.0000,0,-0.0029,0.0966,573.2989,80.2350
tv10%_lb20d_ovly,Aug 2024–Aug 2026,2025-09-08,1.105884,0.9627,1.0000,1.0000,0.0000,0,-0.0004,0.0936,576.0954,80.2834
tv10%_lb20d_ovly,Aug 2024–Aug 2026,2025-09-09,1.108865,0.9627,1.0000,1.0000,0.0000,0,0.0000,0.0931,577.7275,80.2157
tv10%_lb20d_ovly,Aug 2024–Aug 2026,2025-09-10,1.109220,0.9627,1.0000,1.0000,0.0000,0,0.0000,0.0865,577.9167,80.2254
tv10%_lb20d_ovly,Aug 2024–Aug 2026,2025-09-11,1.115450,0.9627,1.0000,1.0000,0.0000,0,0.0000,0.0901,581.2805,80.2544
tv10%_lb20d_ovly,Aug 2024–Aug 2026,2025-09-12,1.120188,0.9627,1.0000,1.0000,0.0000,0,-0.0003,0.0902,583.8481,80.2447
tv10%_lb20d_ovly,Aug 2024–Aug 2026,2025-09-15,1.129431,0.9627,1.0000,1.0000,0.0000,0,0.0000,0.0906,588.8440,80.2738
tv10%_lb20d_ovly,Aug 2024–Aug 2026,2025-09-16,1.128532,0.9627,1.0000,1.0000,0.0000,0,-0.0014,0.0909,588.3464,80.3124
tv10%_lb20d_ovly,Aug 2024–Aug 2026,2025-09-17,1.126344,0.9627,1.0000,1.0000,0.0000,0,-0.0026,0.0880,587.1721,80.2738
tv10%_lb20d_ovly,Aug 2024–Aug 2026,2025-09-18,1.136106,0.9627,1.0000,1.0000,0.0000,0,0.0000,0.0872,592.4666,80.2447
tv10%_lb20d_ovly,Aug 2024–Aug 2026,2025-09-19,1.143525,0.9627,1.0000,1.0000,0.0000,0,0.0000,0.0850,596.4772,80.2738
tv10%_lb20d_ovly,Aug 2024–Aug 2026,2025-09-22,1.150021,0.9627,1.0000,1.0000,0.0000,0,0.0000,0.0708,600.0084,80.2350
tv10%_lb20d_ovly,Aug 2024–Aug 2026,2025-09-23,1.142683,0.9627,1.0000,1.0000,0.0000,0,-0.0054,0.0721,596.0229,80.2641
tv10%_lb20d_ovly,Aug 2024–Aug 2026,2025-09-24,1.138801,0.9627,1.0000,1.0000,0.0000,0,-0.0086,0.0735,593.9305,80.2254
tv10%_lb20d_ovly,Aug 2024–Aug 2026,2025-09-25,1.134038,0.9627,1.0000,1.0000,0.0000,0,-0.0132,0.0764,591.3699,80.1576
tv10%_lb20d_ovly,Aug 2024–Aug 2026,2025-09-26,1.138552,0.9627,1.0000,1.0000,0.0000,0,-0.0075,0.0777,593.8010,80.2060
tv10%_lb20d_ovly,Aug 2024–Aug 2026,2025-09-29,1.143643,0.9627,1.0000,1.0000,0.0000,0,-0.0047,0.0732,596.5510,80.2350
tv10%_lb20d_ovly,Aug 2024–Aug 2026,2025-09-30,1.146680,0.9627,1.0000,1.0000,0.0000,0,-0.0010,0.0653,598.1851,80.2738
tv10%_lb20d_ovly,Aug 2024–Aug 2026,2025-10-01,1.152025,0.9627,1.0000,1.0000,0.0000,0,0.0000,0.0643,601.0545,80.3669
tv10%_lb20d_ovly,Aug 2024–Aug 2026,2025-10-02,1.156594,0.9627,1.0000,1.0000,0.0000,0,0.0000,0.0599,603.5255,80.3863
tv10%_lb20d_ovly,Aug 2024–Aug 2026,2025-10-03,1.151891,0.9627,1.0000,1.0000,0.0000,0,-0.0000,0.0578,600.9848,80.3572
tv10%_lb20d_ovly,Aug 2024–Aug 2026,2025-10-06,1.160209,0.9627,1.0000,1.0000,0.0000,0,0.0000,0.0581,605.4983,80.3378
tv10%_lb20d_ovly,Aug 2024–Aug 2026,2025-10-07,1.154349,0.9627,1.0000,1.0000,0.0000,0,-0.0037,0.0613,602.3099,80.3766
tv10%_lb20d_ovly,Aug 2024–Aug 2026,2025-10-08,1.167083,0.9627,1.0000,1.0000,0.0000,0,0.0000,0.0631,609.2147,80.3669
tv10%_lb20d_ovly,Aug 2024–Aug 2026,2025-10-09,1.165718,0.9627,1.0000,1.0000,0.0000,0,-0.0029,0.0601,608.4774,80.3572
tv10%_lb20d_ovly,Aug 2024–Aug 2026,2025-10-10,1.126835,0.9627,0.8477,0.8477,0.0000,0,-0.0298,0.1180,587.3546,80.4931
tv10%_lb20d_ovly,Aug 2024–Aug 2026,2025-10-13,1.149804,0.8477,0.7760,0.7760,0.0000,0,-0.0150,0.1289,599.8190,80.6484
tv10%_lb20d_ovly,Aug 2024–Aug 2026,2025-10-14,1.143103,0.7760,0.7762,0.7762,0.0000,0,-0.0162,0.1288,595.8237,80.5902
tv10%_lb20d_ovly,Aug 2024–Aug 2026,2025-10-15,1.149240,0.7760,0.7722,0.7722,0.0000,0,-0.0118,0.1295,600.0283,80.5513
tv10%_lb20d_ovly,Aug 2024–Aug 2026,2025-10-16,1.146279,0.7760,0.7626,0.7626,0.0000,0,-0.0185,0.1311,597.8064,80.6581
tv10%_lb20d_ovly,Aug 2024–Aug 2026,2025-10-17,1.152089,0.7760,0.7604,0.7604,0.0000,0,-0.0130,0.1315,601.7321,80.6484
tv10%_lb20d_ovly,Aug 2024–Aug 2026,2025-10-20,1.163386,0.7760,0.7374,0.7374,0.0000,0,-0.0027,0.1356,609.3143,80.6581
tv10%_lb20d_ovly,Aug 2024–Aug 2026,2025-10-21,1.163213,0.7760,0.7469,0.7469,0.0000,0,-0.0027,0.1339,609.1550,80.6775
tv10%_lb20d_ovly,Aug 2024–Aug 2026,2025-10-22,1.154516,0.7760,0.7416,0.7416,0.0000,0,-0.0079,0.1348,603.2864,80.6775
tv10%_lb20d_ovly,Aug 2024–Aug 2026,2025-10-23,1.161861,0.7760,0.7423,0.7423,0.0000,0,-0.0020,0.1347,608.3578,80.6193
tv10%_lb20d_ovly,Aug 2024–Aug 2026,2025-10-24,1.171646,0.7760,0.7347,0.7347,0.0000,0,0.0000,0.1361,614.8541,80.6678
tv10%_lb20d_ovly,Aug 2024–Aug 2026,2025-10-27,1.187776,0.7760,0.7086,0.7086,0.0000,0,0.0000,0.1411,625.8041,80.6484
tv10%_lb20d_ovly,Aug 2024–Aug 2026,2025-10-28,1.194816,0.7086,0.7094,0.7094,0.0000,0,0.0000,0.1410,630.6166,80.6581
tv10%_lb20d_ovly,Aug 2024–Aug 2026,2025-10-29,1.197957,0.7086,0.7101,0.7101,0.0000,0,0.0000,0.1408,633.4562,80.5028
tv10%_lb20d_ovly,Aug 2024–Aug 2026,2025-10-30,1.185022,0.7086,0.6774,0.6774,0.0000,0,-0.0110,0.1476,623.7715,80.5125
tv10%_lb20d_ovly,Aug 2024–Aug 2026,2025-10-31,1.189198,0.7086,0.6764,0.6764,0.0000,0,-0.0078,0.1478,626.7806,80.5416
tv10%_lb20d_ovly,Aug 2024–Aug 2026,2025-11-03,1.193242,0.7086,0.6777,0.6777,0.0000,0,-0.0059,0.1476,629.7796,80.5446
tv10%_lb20d_ovly,Aug 2024–Aug 2026,2025-11-04,1.176206,0.7086,0.6506,0.6506,0.0000,0,-0.0177,0.1537,616.9963,80.5738
tv10%_lb20d_ovly,Aug 2024–Aug 2026,2025-11-05,1.181313,0.6506,0.6546,0.6546,0.0000,0,-0.0143,0.1528,621.0117,80.5154
tv10%_lb20d_ovly,Aug 2024–Aug 2026,2025-11-06,1.167495,0.6506,0.6350,0.6350,0.0000,0,-0.0248,0.1575,609.4439,80.6127
tv10%_lb20d_ovly,Aug 2024–Aug 2026,2025-11-07,1.165296,0.6506,0.8343,0.8343,0.0000,0,-0.0239,0.1199,607.5209,80.6517
tv10%_lb20d_ovly,Aug 2024–Aug 2026,2025-11-10,1.181754,0.8343,0.8315,0.8315,0.0000,0,-0.0087,0.1203,620.9619,80.6322
tv10%_lb20d_ovly,Aug 2024–Aug 2026,2025-11-11,1.179294,0.8343,0.8340,0.8340,0.0000,0,-0.0064,0.1199,619.3079,80.7003
tv10%_lb20d_ovly,Aug 2024–Aug 2026,2025-11-12,1.178447,0.8343,0.8371,0.8371,0.0000,0,-0.0058,0.1195,618.8196,80.6711
tv10%_lb20d_ovly,Aug 2024–Aug 2026,2025-11-13,1.158258,0.8343,0.7526,0.7526,0.0000,0,-0.0223,0.1329,606.1859,80.6225
tv10%_lb20d_ovly,Aug 2024–Aug 2026,2025-11-14,1.158963,0.7526,0.7594,0.7594,0.0000,0,-0.0225,0.1317,606.6441,80.6517
tv10%_lb20d_ovly,Aug 2024–Aug 2026,2025-11-17,1.151479,0.7526,0.7643,0.7643,0.0000,0,-0.0316,0.1308,601.4631,80.6419
tv10%_lb20d_ovly,Aug 2024–Aug 2026,2025-11-18,1.141098,0.7526,0.7470,0.7470,0.0000,0,-0.0397,0.1339,594.1397,80.6906
tv10%_lb20d_ovly,Aug 2024–Aug 2026,2025-11-19,1.146192,0.7526,0.7473,0.7473,0.0000,0,-0.0360,0.1338,597.6868,80.6809
tv10%_lb20d_ovly,Aug 2024–Aug 2026,2025-11-20,1.126010,0.7526,0.7062,0.7062,0.0000,0,-0.0507,0.1416,583.5385,80.7490
tv10%_lb20d_ovly,Aug 2024–Aug 2026,2025-11-21,1.132713,0.7526,0.6977,0.6977,0.0000,0,-0.0413,0.1433,587.9225,80.8464
tv10%_lb20d_ovly,Aug 2024–Aug 2026,2025-11-24,1.154485,0.6977,0.6797,0.6797,0.0000,0,-0.0271,0.1471,602.9576,80.8561
tv10%_lb20d_ovly,Aug 2024–Aug 2026,2025-11-25,1.159660,0.6977,0.6608,0.6608,0.0000,0,-0.0180,0.1513,606.6741,80.9048
tv10%_lb20d_ovly,Aug 2024–Aug 2026,2025-11-26,1.166767,0.6977,0.6502,0.6502,0.0000,0,-0.0054,0.1538,612.0344,80.8951
tv10%_lb20d_ovly,Aug 2024–Aug 2026,2025-11-28,1.173367,0.6977,0.6668,0.6668,0.0000,0,0.0000,0.1500,616.9963,80.8951
tv10%_lb20d_ovly,Aug 2024–Aug 2026,2025-12-01,1.170313,0.6977,0.6646,0.6646,0.0000,0,-0.0046,0.1505,614.9238,80.8257
tv10%_lb20d_ovly,Aug 2024–Aug 2026,2025-12-02,1.176917,0.6977,0.6647,0.6647,0.0000,0,-0.0027,0.1505,619.7363,80.8746
tv10%_lb20d_ovly,Aug 2024–Aug 2026,2025-12-03,1.179139,0.6977,0.6933,0.6933,0.0000,0,0.0000,0.1442,621.2507,80.9234
tv10%_lb20d_ovly,Aug 2024–Aug 2026,2025-12-04,1.178116,0.6977,0.6951,0.6951,0.0000,0,0.0000,0.1439,620.6729,80.8648
tv10%_lb20d_ovly,Aug 2024–Aug 2026,2025-12-05,1.181338,0.6977,0.7269,0.7269,0.0000,0,0.0000,0.1376,623.2036,80.8355
tv10%_lb20d_ovly,Aug 2024–Aug 2026,2025-12-08,1.179671,0.6977,0.7228,0.7228,0.0000,0,-0.0030,0.1384,622.0080,80.8160
tv10%_lb20d_ovly,Aug 2024–Aug 2026,2025-12-09,1.180513,0.6977,0.7857,0.7857,0.0000,0,-0.0039,0.1273,622.7751,80.7769
tv10%_lb20d_ovly,Aug 2024–Aug 2026,2025-12-10,1.184387,0.7857,0.7742,0.7742,0.0000,0,0.0000,0.1292,625.3259,80.9136
tv10%_lb20d_ovly,Aug 2024–Aug 2026,2025-12-11,1.181408,0.7857,0.7730,0.7730,0.0000,0,0.0000,0.1294,623.3033,80.9234
tv10%_lb20d_ovly,Aug 2024–Aug 2026,2025-12-12,1.163692,0.7857,0.8310,0.8310,0.0000,0,-0.0108,0.1203,611.3868,80.9332
tv10%_lb20d_ovly,Aug 2024–Aug 2026,2025-12-15,1.159254,0.7857,0.8295,0.8295,0.0000,0,-0.0122,0.1206,608.3180,80.9820
tv10%_lb20d_ovly,Aug 2024–Aug 2026,2025-12-16,1.161178,0.7857,0.8662,0.8662,0.0000,0,-0.0149,0.1155,609.5236,81.0211
tv10%_lb20d_ovly,Aug 2024–Aug 2026,2025-12-17,1.144205,0.8662,0.8430,0.8430,0.0000,0,-0.0258,0.1186,598.2249,81.0308
tv10%_lb20d_ovly,Aug 2024–Aug 2026,2025-12-18,1.158676,0.8662,0.8295,0.8295,0.0000,0,-0.0184,0.1206,606.8932,81.0894
tv10%_lb20d_ovly,Aug 2024–Aug 2026,2025-12-19,1.171731,0.8662,0.9356,0.9356,0.0000,0,-0.0095,0.1069,614.8043,81.0747
tv10%_lb20d_ovly,Aug 2024–Aug 2026,2025-12-22,1.176438,0.9356,0.9603,0.9603,0.0000,0,-0.0034,0.1041,617.7513,81.0356
tv10%_lb20d_ovly,Aug 2024–Aug 2026,2025-12-23,1.181557,0.9356,1.0000,1.0000,0.0000,0,0.0000,0.0937,620.6445,80.9964
tv10%_lb20d_ovly,Aug 2024–Aug 2026,2025-12-24,1.184761,1.0000,1.0000,1.0000,0.0000,0,0.0000,0.0894,622.4603,81.0454
tv10%_lb20d_ovly,Aug 2024–Aug 2026,2025-12-26,1.184685,1.0000,1.0000,1.0000,0.0000,0,-0.0001,0.0870,622.4203,81.1041
tv10%_lb20d_ovly,Aug 2024–Aug 2026,2025-12-29,1.178950,1.0000,1.0000,1.0000,0.0000,0,-0.0037,0.0867,619.4074,81.1433
tv10%_lb20d_ovly,Aug 2024–Aug 2026,2025-12-30,1.176216,1.0000,1.0000,1.0000,0.0000,0,-0.0049,0.0849,617.9708,81.1629
tv10%_lb20d_ovly,Aug 2024–Aug 2026,2025-12-31,1.166493,1.0000,1.0000,1.0000,0.0000,0,-0.0123,0.0894,612.8629,81.1335
tv10%_lb20d_ovly,Aug 2024–Aug 2026,2026-01-02,1.164234,1.0000,1.0000,1.0000,0.0000,0,-0.0104,0.0888,611.6757,81.1727
tv10%_lb20d_ovly,Aug 2024–Aug 2026,2026-01-05,1.173481,1.0000,1.0000,1.0000,0.0000,0,-0.0039,0.0918,616.5342,81.2021
tv10%_lb20d_ovly,Aug 2024–Aug 2026,2026-01-06,1.183792,1.0000,1.0000,1.0000,0.0000,0,0.0000,0.0938,621.9514,81.2119
tv10%_lb20d_ovly,Aug 2024–Aug 2026,2026-01-07,1.184932,1.0000,1.0000,1.0000,0.0000,0,-0.0032,0.0939,622.5500,81.2021
tv10%_lb20d_ovly,Aug 2024–Aug 2026,2026-01-08,1.178191,1.0000,1.0000,1.0000,0.0000,0,-0.0033,0.0938,619.0084,81.1727
tv10%_lb20d_ovly,Aug 2024–Aug 2026,2026-01-09,1.189926,1.0000,1.0000,1.0000,0.0000,0,0.0000,0.0937,625.1738,81.1433
tv10%_lb20d_ovly,Aug 2024–Aug 2026,2026-01-12,1.190913,1.0000,1.0000,1.0000,0.0000,0,0.0000,0.0936,625.6926,81.1433
tv10%_lb20d_ovly,Aug 2024–Aug 2026,2026-01-13,1.189147,1.0000,1.0000,1.0000,0.0000,0,-0.0020,0.0841,624.7648,81.1629
tv10%_lb20d_ovly,Aug 2024–Aug 2026,2026-01-14,1.176444,1.0000,1.0000,1.0000,0.0000,0,-0.0069,0.0863,618.0905,81.1825
tv10%_lb20d_ovly,Aug 2024–Aug 2026,2026-01-15,1.180678,1.0000,1.0000,1.0000,0.0000,0,-0.0042,0.0855,620.3153,81.1237
tv10%_lb20d_ovly,Aug 2024–Aug 2026,2026-01-16,1.179691,1.0000,1.0000,1.0000,0.0000,0,-0.0050,0.0729,619.7965,81.1041
tv10%_lb20d_ovly,Aug 2024–Aug 2026,2026-01-20,1.154626,1.0000,0.9589,0.9589,0.0000,0,-0.0253,0.1043,606.6276,81.1139
tv10%_lb20d_ovly,Aug 2024–Aug 2026,2026-01-21,1.170234,1.0000,0.9316,0.9316,0.0000,0,-0.0140,0.1073,614.8282,81.1531
tv10%_lb20d_ovly,Aug 2024–Aug 2026,2026-01-22,1.178661,0.9316,0.9374,0.9374,0.0000,0,-0.0089,0.1067,619.2977,81.1237
tv10%_lb20d_ovly,Aug 2024–Aug 2026,2026-01-23,1.182157,0.9316,0.9480,0.9480,0.0000,0,-0.0085,0.1055,621.2531,81.1531
tv10%_lb20d_ovly,Aug 2024–Aug 2026,2026-01-26,1.187032,0.9316,0.9408,0.9408,0.0000,0,-0.0035,0.1063,623.9866,81.1825
tv10%_lb20d_ovly,Aug 2024–Aug 2026,2026-01-27,1.197076,0.9316,0.9334,0.9334,0.0000,0,0.0000,0.1071,629.6432,81.2021
tv10%_lb20d_ovly,Aug 2024–Aug 2026,2026-01-28,1.200769,0.9316,0.9421,0.9421,0.0000,0,-0.0001,0.1061,631.7283,81.2021
tv10%_lb20d_ovly,Aug 2024–Aug 2026,2026-01-29,1.194104,0.9316,0.9403,0.9403,0.0000,0,-0.0021,0.1064,627.9473,81.2315
tv10%_lb20d_ovly,Aug 2024–Aug 2026,2026-01-30,1.180811,0.9316,0.9703,0.9703,0.0000,0,-0.0051,0.1031,620.4051,81.3001
tv10%_lb20d_ovly,Aug 2024–Aug 2026,2026-02-02,1.188326,0.9316,0.9606,0.9606,0.0000,0,-0.0001,0.1041,624.6650,81.2607
tv10%_lb20d_ovly,Aug 2024–Aug 2026,2026-02-03,1.171307,0.9316,0.9360,0.9360,0.0000,0,-0.0086,0.1068,615.0677,81.2509
tv10%_lb20d_ovly,Aug 2024–Aug 2026,2026-02-04,1.152284,0.9316,0.9441,0.9441,0.0000,0,-0.0134,0.1059,604.3231,81.2902
tv10%_lb20d_ovly,Aug 2024–Aug 2026,2026-02-05,1.136955,0.9316,0.8765,0.8765,0.0000,0,-0.0257,0.1141,595.6237,81.4180
tv10%_lb20d_ovly,Aug 2024–Aug 2026,2026-02-06,1.159280,0.8765,0.7452,0.7452,0.0000,0,-0.0070,0.1342,608.2139,81.4180
tv10%_lb20d_ovly,Aug 2024–Aug 2026,2026-02-09,1.166944,0.7452,0.7508,0.7508,0.0000,0,-0.0022,0.1332,612.8729,81.4376
tv10%_lb20d_ovly,Aug 2024–Aug 2026,2026-02-10,1.163089,0.7452,0.7498,0.7498,0.0000,0,-0.0048,0.1334,610.0295,81.4868
tv10%_lb20d_ovly,Aug 2024–Aug 2026,2026-02-11,1.165128,0.7452,0.7507,0.7507,0.0000,0,-0.0051,0.1332,611.6657,81.4081
tv10%_lb20d_ovly,Aug 2024–Aug 2026,2026-02-12,1.147756,0.7452,0.6980,0.6980,0.0000,0,-0.0204,0.1433,599.2251,81.4868
tv10%_lb20d_ovly,Aug 2024–Aug 2026,2026-02-13,1.150037,0.7452,0.7002,0.7002,0.0000,0,-0.0198,0.1428,600.5021,81.6145
tv10%_lb20d_ovly,Aug 2024–Aug 2026,2026-02-17,1.149049,0.7452,0.6990,0.6990,0.0000,0,-0.0182,0.1431,599.8835,81.5850
tv10%_lb20d_ovly,Aug 2024–Aug 2026,2026-02-18,1.155266,0.7452,0.8113,0.8113,0.0000,0,-0.0132,0.1233,604.3629,81.5359
tv10%_lb20d_ovly,Aug 2024–Aug 2026,2026-02-19,1.151893,0.8113,0.8561,0.8561,0.0000,0,-0.0158,0.1168,602.0484,81.5359
tv10%_lb20d_ovly,Aug 2024–Aug 2026,2026-02-20,1.160189,0.8113,0.8459,0.8459,0.0000,0,-0.0087,0.1182,607.3759,81.5457
tv10%_lb20d_ovly,Aug 2024–Aug 2026,2026-02-23,1.148932,0.8113,0.8083,0.8083,0.0000,0,-0.0188,0.1237,599.9932,81.6145
tv10%_lb20d_ovly,Aug 2024–Aug 2026,2026-02-24,1.158945,0.8113,0.7985,0.7985,0.0000,0,-0.0117,0.1252,606.4380,81.6145
tv10%_lb20d_ovly,Aug 2024–Aug 2026,2026-02-25,1.172520,0.8113,0.7798,0.7798,0.0000,0,-0.0033,0.1282,615.2273,81.5948
tv10%_lb20d_ovly,Aug 2024–Aug 2026,2026-02-26,1.161123,0.8113,0.7712,0.7712,0.0000,0,-0.0088,0.1297,607.8048,81.6243
tv10%_lb20d_ovly,Aug 2024–Aug 2026,2026-02-27,1.158398,0.8113,0.7663,0.7663,0.0000,0,-0.0135,0.1305,605.8594,81.7324
tv10%_lb20d_ovly,Aug 2024–Aug 2026,2026-03-02,1.159249,0.8113,0.7679,0.7679,0.0000,0,-0.0130,0.1302,606.6575,81.5876
tv10%_lb20d_ovly,Aug 2024–Aug 2026,2026-03-03,1.149153,0.8113,0.7581,0.7581,0.0000,0,-0.0196,0.1319,600.1629,81.5777
tv10%_lb20d_ovly,Aug 2024–Aug 2026,2026-03-04,1.163172,0.7581,0.7583,0.7583,0.0000,0,-0.0127,0.1319,609.3113,81.5285
tv10%_lb20d_ovly,Aug 2024–Aug 2026,2026-03-05,1.160311,0.7581,0.7562,0.7562,0.0000,0,-0.0182,0.1322,607.4755,81.4693
tv10%_lb20d_ovly,Aug 2024–Aug 2026,2026-03-06,1.147214,0.7581,0.7518,0.7518,0.0000,0,-0.0311,0.1330,598.3372,81.5088
tv10%_lb20d_ovly,Aug 2024–Aug 2026,2026-03-09,1.158964,0.7581,0.8532,0.8532,0.0000,0,-0.0226,0.1172,606.3283,81.5482
tv10%_lb20d_ovly,Aug 2024–Aug 2026,2026-03-10,1.158699,0.8532,0.8677,0.8677,0.0000,0,-0.0230,0.1153,606.3383,81.4989
tv10%_lb20d_ovly,Aug 2024–Aug 2026,2026-03-11,1.158405,0.8532,0.8686,0.8686,0.0000,0,-0.0243,0.1151,606.2585,81.4201
tv10%_lb20d_ovly,Aug 2024–Aug 2026,2026-03-12,1.141153,0.8532,0.7969,0.7969,0.0000,0,-0.0391,0.1255,595.8531,81.2822
tv10%_lb20d_ovly,Aug 2024–Aug 2026,2026-03-13,1.135419,0.7969,0.8640,0.8640,0.0000,0,-0.0445,0.1157,592.3214,81.3314
tv10%_lb20d_ovly,Aug 2024–Aug 2026,2026-03-16,1.145771,0.8640,0.8153,0.8153,0.0000,0,-0.0348,0.1226,598.9657,81.4299
tv10%_lb20d_ovly,Aug 2024–Aug 2026,2026-03-17,1.150621,0.8640,0.8131,0.8131,0.0000,0,-0.0323,0.1230,601.8888,81.4398
tv10%_lb20d_ovly,Aug 2024–Aug 2026,2026-03-18,1.136421,0.8131,0.7734,0.7734,0.0000,0,-0.0458,0.1293,593.4987,81.2920
tv10%_lb20d_ovly,Aug 2024–Aug 2026,2026-03-19,1.133449,0.8131,0.7735,0.7735,0.0000,0,-0.0481,0.1293,591.6230,81.2723
tv10%_lb20d_ovly,Aug 2024–Aug 2026,2026-03-20,1.115954,0.8131,0.7576,0.7576,0.0000,0,-0.0618,0.1320,580.6888,81.0949
tv10%_lb20d_ovly,Aug 2024–Aug 2026,2026-03-23,1.126611,0.7576,0.7295,0.7295,0.0000,0,-0.0519,0.1371,587.3546,81.2132
tv10%_lb20d_ovly,Aug 2024–Aug 2026,2026-03-24,1.120379,0.7576,1.0000,0.7528,0.2500,0,-0.0551,0.1328,583.3389,81.0949
tv10%_lb20d_ovly,Aug 2024–Aug 2026,2026-03-25,1.125984,1.0000,0.7686,0.7686,0.0000,0,-0.0445,0.1301,587.1747,81.1836
tv10%_lb20d_ovly,Aug 2024–Aug 2026,2026-03-26,1.098855,0.7686,0.9593,0.7093,0.2500,0,-0.0576,0.1410,573.1601,81.0063
tv10%_lb20d_ovly,Aug 2024–Aug 2026,2026-03-27,1.082674,0.9593,0.6689,0.6689,0.0000,0,-0.0737,0.1495,561.9625,81.1738
tv10%_lb20d_ovly,Aug 2024–Aug 2026,2026-03-30,1.074483,0.6689,0.6729,0.6729,0.0000,0,-0.0751,0.1486,557.6672,81.2822
tv10%_lb20d_ovly,Aug 2024–Aug 2026,2026-03-31,1.099117,0.6689,0.5347,0.5347,0.0000,0,-0.0482,0.1870,576.5464,81.3511
tv10%_lb20d_ovly,Aug 2024–Aug 2026,2026-04-01,1.108038,0.5347,0.5338,0.5338,0.0000,0,-0.0356,0.1873,583.6686,81.3482
tv10%_lb20d_ovly,Aug 2024–Aug 2026,2026-04-02,1.108968,0.5347,0.5343,0.5343,0.0000,0,-0.0304,0.1871,584.3378,81.3877
tv10%_lb20d_ovly,Aug 2024–Aug 2026,2026-04-06,1.112034,0.5347,0.5452,0.5452,0.0000,0,-0.0259,0.1834,587.8540,81.3086
tv10%_lb20d_ovly,Aug 2024–Aug 2026,2026-04-07,1.112503,0.5347,0.5556,0.5556,0.0000,0,-0.0239,0.1800,587.9439,81.3679
tv10%_lb20d_ovly,Aug 2024–Aug 2026,2026-04-08,1.130692,0.5347,0.4927,0.4927,0.0000,0,0.0000,0.2030,605.4247,81.4470
tv10%_lb20d_ovly,Aug 2024–Aug 2026,2026-04-09,1.134909,0.5347,0.4905,0.4905,0.0000,0,0.0000,0.2039,609.5202,81.4667
tv10%_lb20d_ovly,Aug 2024–Aug 2026,2026-04-10,1.135592,0.5347,0.5119,0.5119,0.0000,0,-0.0007,0.1954,610.3992,81.4371
tv10%_lb20d_ovly,Aug 2024–Aug 2026,2026-04-13,1.142257,0.5347,0.5105,0.5105,0.0000,0,0.0000,0.1959,616.7123,81.4964
tv10%_lb20d_ovly,Aug 2024–Aug 2026,2026-04-14,1.153733,0.5347,0.5073,0.5073,0.0000,0,0.0000,0.1971,627.9099,81.5557
tv10%_lb20d_ovly,Aug 2024–Aug 2026,2026-04-15,1.162239,0.5347,0.5045,0.5045,0.0000,0,0.0000,0.1982,636.7003,81.5359
tv10%_lb20d_ovly,Aug 2024–Aug 2026,2026-04-16,1.165036,0.5347,0.5302,0.5302,0.0000,0,0.0000,0.1886,639.7669,81.5063
tv10%_lb20d_ovly,Aug 2024–Aug 2026,2026-04-17,1.174238,0.5347,0.5264,0.5264,0.0000,0,0.0000,0.1900,648.1377,81.6644
tv10%_lb20d_ovly,Aug 2024–Aug 2026,2026-04-20,1.171980,0.5347,0.5589,0.5589,0.0000,0,-0.0020,0.1789,646.0800,81.6248
tv10%_lb20d_ovly,Aug 2024–Aug 2026,2026-04-21,1.168804,0.5347,0.5509,0.5509,0.0000,0,-0.0085,0.1815,643.6227,81.5063
tv10%_lb20d_ovly,Aug 2024–Aug 2026,2026-04-22,1.179524,0.5347,0.5526,0.5526,0.0000,0,0.0000,0.1810,654.3909,81.5458
tv10%_lb20d_ovly,Aug 2024–Aug 2026,2026-04-23,1.175706,0.5347,0.5460,0.5460,0.0000,0,-0.0039,0.1832,650.7049,81.5063
tv10%_lb20d_ovly,Aug 2024–Aug 2026,2026-04-24,1.188327,0.5347,0.6085,0.6085,0.0000,0,0.0000,0.1643,663.1512,81.5952
tv10%_lb20d_ovly,Aug 2024–Aug 2026,2026-04-27,1.188440,0.6085,0.7011,0.7011,0.0000,0,0.0000,0.1426,663.5009,81.5754
tv10%_lb20d_ovly,Aug 2024–Aug 2026,2026-04-28,1.180776,0.7011,0.6942,0.6942,0.0000,0,-0.0049,0.1441,656.8282,81.5260
tv10%_lb20d_ovly,Aug 2024–Aug 2026,2026-04-29,1.185367,0.7011,0.8497,0.8497,0.0000,0,-0.0050,0.1177,660.8438,81.4173
tv10%_lb20d_ovly,Aug 2024–Aug 2026,2026-04-30,1.193328,0.8497,0.8417,0.8417,0.0000,0,0.0000,0.1188,667.0070,81.5063
tv10%_lb20d_ovly,Aug 2024–Aug 2026,2026-05-01,1.203090,0.8497,0.8460,0.8460,0.0000,0,0.0000,0.1182,673.4100,81.5191
tv10%_lb20d_ovly,Aug 2024–Aug 2026,2026-05-04,1.200945,0.8497,0.8204,0.8204,0.0000,0,-0.0037,0.1219,672.1414,81.4200
tv10%_lb20d_ovly,Aug 2024–Aug 2026,2026-05-05,1.214272,0.8497,0.8218,0.8218,0.0000,0,0.0000,0.1217,680.8618,81.4597
tv10%_lb20d_ovly,Aug 2024–Aug 2026,2026-05-06,1.235951,0.8497,0.9871,0.9871,0.0000,0,0.0000,0.1013,695.0062,81.5687
tv10%_lb20d_ovly,Aug 2024–Aug 2026,2026-05-07,1.234370,0.9871,0.9597,0.9597,0.0000,0,-0.0031,0.1042,694.1771,81.4993
tv10%_lb20d_ovly,Aug 2024–Aug 2026,2026-05-08,1.262945,0.9871,0.9608,0.9608,0.0000,0,0.0000,0.1041,710.4492,81.5687
tv10%_lb20d_ovly,Aug 2024–Aug 2026,2026-05-11,1.266540,0.9871,0.9795,0.9795,0.0000,0,0.0000,0.1021,712.5070,81.4894
tv10%_lb20d_ovly,Aug 2024–Aug 2026,2026-05-12,1.255924,0.9871,1.0000,1.0000,0.0000,0,-0.0015,0.0987,706.4636,81.4299
tv10%_lb20d_ovly,Aug 2024–Aug 2026,2026-05-13,1.269024,0.9871,1.0000,1.0000,0.0000,0,0.0000,0.0975,713.9255,81.4597
tv10%_lb20d_ovly,Aug 2024–Aug 2026,2026-05-14,1.277921,0.9871,1.0000,1.0000,0.0000,0,0.0000,0.0990,718.9998,81.4299
tv10%_lb20d_ovly,Aug 2024–Aug 2026,2026-05-15,1.258869,0.9871,0.9323,0.9323,0.0000,0,-0.0120,0.1073,708.1518,81.3308
tv10%_lb20d_ovly,Aug 2024–Aug 2026,2026-05-18,1.253463,0.9323,0.9371,0.9371,0.0000,0,-0.0127,0.1067,705.1051,81.3705
tv10%_lb20d_ovly,Aug 2024–Aug 2026,2026-05-19,1.246199,0.9323,0.9360,0.9360,0.0000,0,-0.0193,0.1068,700.7599,81.3110
tv10%_lb20d_ovly,Aug 2024–Aug 2026,2026-05-20,1.265557,0.9323,0.9350,0.9350,0.0000,0,-0.0092,0.1070,712.3672,81.4200
tv10%_lb20d_ovly,Aug 2024–Aug 2026,2026-05-21,1.267797,0.9323,0.9558,0.9558,0.0000,0,-0.0073,0.1046,713.7256,81.4101
tv10%_lb20d_ovly,Aug 2024–Aug 2026,2026-05-22,1.272789,0.9323,0.9718,0.9718,0.0000,0,-0.0034,0.1029,716.7523,81.3903
tv10%_lb20d_ovly,Aug 2024–Aug 2026,2026-05-26,1.293953,0.9323,0.9608,0.9608,0.0000,0,0.0000,0.1041,729.4784,81.4795
tv10%_lb20d_ovly,Aug 2024–Aug 2026,2026-05-27,1.292592,0.9323,0.9901,0.9901,0.0000,0,-0.0002,0.1010,728.6493,81.4894
tv10%_lb20d_ovly,Aug 2024–Aug 2026,2026-05-28,1.302720,0.9901,0.9910,0.9910,0.0000,0,0.0000,0.1009,734.7925,81.5291
tv10%_lb20d_ovly,Aug 2024–Aug 2026,2026-05-29,1.307478,0.9901,1.0000,1.0000,0.0000,0,0.0000,0.0975,737.4995,81.5687
tv10%_lb20d_ovly,Aug 2024–Aug 2026,2026-06-01,1.315239,0.9901,1.0000,1.0000,0.0000,0,0.0000,0.0975,741.9247,81.5220
tv10%_lb20d_ovly,Aug 2024–Aug 2026,2026-06-02,1.321235,0.9901,1.0000,1.0000,0.0000,0,0.0000,0.0948,745.3409,81.5220
tv10%_lb20d_ovly,Aug 2024–Aug 2026,2026-06-03,1.317810,0.9901,1.0000,1.0000,0.0000,0,-0.0070,0.0989,743.3931,81.4822
tv10%_lb20d_ovly,Aug 2024–Aug 2026,2026-06-04,1.311507,0.9901,1.0000,1.0000,0.0000,0,-0.0033,0.0890,739.7970,81.5419
tv10%_lb20d_ovly,Aug 2024–Aug 2026,2026-06-05,1.249148,0.9901,0.7567,0.7567,0.0000,0,-0.0290,0.1322,704.2860,81.3729
tv10%_lb20d_ovly,Aug 2024–Aug 2026,2026-06-08,1.268172,0.7567,0.7744,0.7744,0.0000,0,-0.0268,0.1291,715.2839,81.4126
tv10%_lb20d_ovly,Aug 2024–Aug 2026,2026-06-09,1.257280,0.7567,0.7734,0.7734,0.0000,0,-0.0296,0.1293,707.0530,81.4524
tv10%_lb20d_ovly,Aug 2024–Aug 2026,2026-06-10,1.238274,0.7567,0.7099,0.7099,0.0000,0,-0.0449,0.1409,692.9285,81.4524
tv10%_lb20d_ovly,Aug 2024–Aug 2026,2026-06-11,1.270474,0.7567,0.6541,0.6541,0.0000,0,-0.0287,0.1529,716.3328,81.6015
tv10%_lb20d_ovly,Aug 2024–Aug 2026,2026-06-12,1.275925,0.6541,0.6606,0.6606,0.0000,0,-0.0235,0.1514,720.5482,81.5816
tv10%_lb20d_ovly,Aug 2024–Aug 2026,2026-06-15,1.302357,0.6541,0.6352,0.6352,0.0000,0,-0.0062,0.1574,743.1833,81.6214
tv10%_lb20d_ovly,Aug 2024–Aug 2026,2026-06-16,1.286277,0.6541,0.6277,0.6277,0.0000,0,-0.0122,0.1593,729.0588,81.6413
tv10%_lb20d_ovly,Aug 2024–Aug 2026,2026-06-17,1.276450,0.6541,0.6088,0.6088,0.0000,0,-0.0245,0.1643,721.7169,81.3928
tv10%_lb20d_ovly,Aug 2024–Aug 2026,2026-06-18,1.297971,0.6541,0.6084,0.6084,0.0000,0,-0.0144,0.1644,739.8070,81.5021
tv10%_lb20d_ovly,Aug 2024–Aug 2026,2026-06-22,1.295402,0.6541,0.6069,0.6069,0.0000,0,-0.0175,0.1648,737.9500,81.4226
tv10%_lb20d_ovly,Aug 2024–Aug 2026,2026-06-23,1.267829,0.6541,0.5805,0.5805,0.0000,0,-0.0317,0.1723,713.6500,81.4822
tv10%_lb20d_ovly,Aug 2024–Aug 2026,2026-06-24,1.264750,0.5805,0.5879,0.5879,0.0000,0,-0.0322,0.1701,710.6200,81.5816
tv10%_lb20d_ovly,Aug 2024–Aug 2026,2026-06-25,1.270830,0.5805,0.5872,0.5872,0.0000,0,-0.0308,0.1703,716.3800,81.6015
tv10%_lb20d_ovly,Aug 2024–Aug 2026,2026-06-26,1.261325,0.5805,0.5886,0.5886,0.0000,0,-0.0378,0.1699,706.5200,81.7009
tv10%_lb20d_ovly,Aug 2024–Aug 2026,2026-06-29,1.279396,0.5805,0.5523,0.5523,0.0000,0,-0.0219,0.1811,724.0800,81.6810
tv10%_lb20d_ovly,Aug 2024–Aug 2026,2026-06-30,1.291641,0.5805,0.5456,0.5456,0.0000,0,-0.0143,0.1833,736.4000,81.6214
tv10%_lb20d_ovly,Aug 2024–Aug 2026,2026-07-01,1.279994,0.5805,0.5460,0.5460,0.0000,0,-0.0124,0.1831,725.1700,81.5895
tv10%_lb20d_ovly,Aug 2024–Aug 2026,2026-07-02,1.267770,0.5805,0.5505,0.5505,0.0000,0,-0.0137,0.1817,712.6000,81.6892
tv10%_lb20d_ovly,Aug 2024–Aug 2026,2026-07-06,1.278585,0.5805,0.5434,0.5434,0.0000,0,-0.0021,0.1840,722.8200,81.7291
tv10%_lb20d_ovly,Aug 2024–Aug 2026,2026-07-07,1.264050,0.5805,0.6332,0.6332,0.0000,0,-0.0069,0.1579,709.4300,81.6094
tv10%_lb20d_ovly,Aug 2024–Aug 2026,2026-07-08,1.265933,0.6332,0.6313,0.6313,0.0000,0,-0.0099,0.1584,711.4400,81.5895
tv10%_lb20d_ovly,Aug 2024–Aug 2026,2026-07-09,1.279671,0.6332,0.6241,0.6241,0.0000,0,-0.0016,0.1602,723.2800,81.6593
tv10%_lb20d_ovly,Aug 2024–Aug 2026,2026-07-10,1.281997,0.6332,0.6788,0.6788,0.0000,0,0.0000,0.1473,725.5100,81.6294
tv10%_lb20d_ovly,Aug 2024–Aug 2026,2026-07-13,1.266073,0.6332,0.7125,0.7125,0.0000,0,-0.0077,0.1404,711.7400,81.5396
tv10%_lb20d_ovly,Aug 2024–Aug 2026,2026-07-14,1.275722,0.7125,0.7157,0.7157,0.0000,0,-0.0041,0.1397,719.6900,81.6792
tv10%_lb20d_ovly,Aug 2024–Aug 2026,2026-07-15,1.273572,0.7125,0.7945,0.7945,0.0000,0,-0.0002,0.1259,717.7400,81.7490
tv10%_lb20d_ovly,Aug 2024–Aug 2026,2026-07-16,1.258551,0.7945,0.7966,0.7966,0.0000,0,-0.0056,0.1255,705.9400,81.7490
tv10%_lb20d_ovly,Aug 2024–Aug 2026,2026-07-17,1.243492,0.7945,0.8175,0.8175,0.0000,0,-0.0154,0.1223,695.3300,81.7390
tv10%_lb20d_ovly,Aug 2024–Aug 2026,2026-07-20,1.244436,0.7945,0.8583,0.8583,0.0000,0,-0.0170,0.1165,696.0600,81.7091
tv10%_lb20d_ovly,Aug 2024–Aug 2026,2026-07-21,1.262473,0.8583,0.8344,0.8344,0.0000,0,-0.0088,0.1199,708.9700,81.6393
tv10%_lb20d_ovly,Aug 2024–Aug 2026,2026-07-22,1.256809,0.8583,0.9394,0.9394,0.0000,0,-0.0100,0.1064,705.3500,81.5795
tv10%_lb20d_ovly,Aug 2024–Aug 2026,2026-07-23,1.236099,0.9394,0.8582,0.8582,0.0000,0,-0.0222,0.1165,691.9600,81.5197
tv10%_lb20d_ovly,Aug 2024–Aug 2026,2026-07-24,1.223101,0.8582,0.8585,0.8585,0.0000,0,-0.0212,0.1165,684.2300,81.5995
tv10%_lb20d_ovly,Aug 2024–Aug 2026,2026-07-27,1.219906,0.8582,0.8849,0.8849,0.0000,0,-0.0210,0.1130,682.1200,81.6194
tv10%_lb20d_ovly,Aug 2024–Aug 2026,2026-07-28,1.209878,0.8582,1.0000,1.0000,0.0000,0,-0.0187,0.0971,675.4900,81.6892
tv10%_lb20d_ovly,Aug 2024–Aug 2026,2026-07-29,1.188663,1.0000,0.9343,0.9343,0.0000,0,-0.0338,0.1070,661.7300,81.7390
tv10%_lb20d_ovly,Aug 2024–Aug 2026,2026-07-30,1.227778,0.9343,0.8047,0.8047,0.0000,0,-0.0176,0.1243,683.5500,81.7590
tv10%_lb20d_ovly,Aug 2024–Aug 2026,2026-07-31,1.235059,0.8047,0.7877,0.7877,0.0000,0,-0.0105,0.1270,687.9900,81.7490
tv10%_lb20d_ovly,Aug 2024–Aug 2026,2026-08-03,1.252571,0.8047,0.7511,0.7511,0.0000,0,0.0000,0.1331,700.0700,81.7700
tv10%_lb20d_ovly,Aug 2024–Aug 2026,2026-08-04,1.287038,0.7511,0.6890,0.6890,0.0000,0,0.0000,0.1451,723.8500,81.8700
tv10%_lb20d_ovly,Aug 2024–Aug 2026,2026-08-05,1.278329,0.6890,0.6909,0.6909,0.0000,0,-0.0020,0.1447,717.3000,81.9000
tv10%_lb20d_ovly,Aug 2024–Aug 2026,2026-08-06,1.274590,0.6890,0.7001,0.7001,0.0000,0,-0.0036,0.1428,714.6500,81.8000
tv10%_lb20d_ovly,Aug 2024–Aug 2026,2026-08-07,1.285469,0.6890,0.6969,0.6969,0.0000,0,0.0000,0.1435,723.0300,81.9200
tv10%_lb20d_ovly,Aug 2024–Aug 2026,2026-08-10,1.282530,0.6890,0.7154,0.7154,0.0000,0,-0.0003,0.1398,720.8700,81.8600
tv10%_lb20d_ovly,Aug 2024–Aug 2026,2026-08-11,1.279613,0.6890,0.7114,0.7114,0.0000,0,-0.0035,0.1406,718.4500,81.8700
tv10%_lb20d_ovly,Aug 2024–Aug 2026,2026-08-12,1.286298,0.6890,0.7128,0.7128,0.0000,0,-0.0010,0.1403,723.7000,81.9200
tv10%_lb20d_ovly,Aug 2024–Aug 2026,2026-08-13,1.297085,0.6890,0.7171,0.7171,0.0000,0,0.0000,0.1395,732.0700,82.0300
tv10%_lb20d_ovly,Aug 2024–Aug 2026,2026-08-14,1.295717,0.6890,0.7502,0.7502,0.0000,0,-0.0020,0.1333,731.0700,82.0000
tv10%_lb20d_ovly,Aug 2024–Aug 2026,2026-08-17,1.294172,0.7502,0.7411,0.7411,0.0000,0,-0.0067,0.1349,729.8700,82.0000
tv10%_lb20d_ovly,Aug 2024–Aug 2026,2026-08-18,1.277810,0.7502,0.7341,0.7341,0.0000,0,-0.0134,0.1362,717.5100,82.0200
tv10%_lb20d_ovly,Aug 2024–Aug 2026,2026-08-19,1.276055,0.7502,0.7356,0.7356,0.0000,0,-0.0113,0.1359,716.0800,82.0600
tv10%_lb20d_ovly,Aug 2024–Aug 2026,2026-08-20,1.269016,0.7502,0.7621,0.7621,0.0000,0,-0.0196,0.1312,710.9300,82.0200
tv10%_lb20d_ovly,Aug 2024–Aug 2026,2026-08-21,1.272299,0.7502,0.7606,0.7606,0.0000,0,-0.0156,0.1315,713.4400,82.0000
tv10%_lb60d_ovly,2022 bear,2022-01-03,1.000000,0.0000,0.0000,0.0000,0.0000,0,0.0000,0.0000,390.7567,74.2173
tv10%_lb60d_ovly,2022 bear,2022-01-04,1.000585,0.0000,0.0000,0.0000,0.0000,0,0.0000,0.0000,385.6885,74.2608
tv10%_lb60d_ovly,2022 bear,2022-01-05,0.999297,0.0000,0.0000,0.0000,0.0000,0,0.0000,0.0000,373.8396,74.1652
tv10%_lb60d_ovly,2022 bear,2022-01-06,0.998478,0.0000,0.0000,0.0000,0.0000,0,0.0000,0.0000,373.5770,74.1044
tv10%_lb60d_ovly,2022 bear,2022-01-07,0.998244,0.0000,0.0000,0.0000,0.0000,0,0.0000,0.0000,369.5301,74.0870
tv10%_lb60d_ovly,2022 bear,2022-01-10,0.997659,0.0000,0.0000,0.0000,0.0000,0,0.0000,0.0000,369.7733,74.0436
tv10%_lb60d_ovly,2022 bear,2022-01-11,0.998010,0.0000,0.0000,0.0000,0.0000,0,0.0000,0.0000,375.3281,74.0696
tv10%_lb60d_ovly,2022 bear,2022-01-12,0.997659,0.0000,0.0000,0.0000,0.0000,0,0.0000,0.0000,376.8165,74.0436
tv10%_lb60d_ovly,2022 bear,2022-01-13,0.998127,0.0000,0.0000,0.0000,0.0000,0,0.0000,0.0000,367.3900,74.0784
tv10%_lb60d_ovly,2022 bear,2022-01-14,0.996840,0.0000,0.0000,0.0000,0.0000,0,0.0000,0.0000,369.6761,73.9828
tv10%_lb60d_ovly,2022 bear,2022-01-18,0.995318,0.0000,0.0000,0.0000,0.0000,0,0.0000,0.0000,360.4733,73.8699
tv10%_lb60d_ovly,2022 bear,2022-01-19,0.995787,0.0000,0.0000,0.0000,0.0000,0,0.0000,0.0000,356.5141,73.9046
tv10%_lb60d_ovly,2022 bear,2022-01-20,0.995553,0.0000,0.0000,0.0000,0.0000,0,0.0000,0.0000,351.8836,73.8873
tv10%_lb60d_ovly,2022 bear,2022-01-21,0.996372,0.0000,0.0000,0.0000,0.0000,0,0.0000,0.0000,342.1262,73.9481
tv10%_lb60d_ovly,2022 bear,2022-01-24,0.996957,0.0000,0.0000,0.0000,0.0000,0,0.0000,0.0000,343.6924,73.9915
tv10%_lb60d_ovly,2022 bear,2022-01-25,0.996489,0.0000,0.0000,0.0000,0.0000,0,0.0000,0.0000,335.7251,73.9567
tv10%_lb60d_ovly,2022 bear,2022-01-26,0.994733,0.0000,0.0000,0.0000,0.0000,0,0.0000,0.0000,335.1998,73.8265
tv10%_lb60d_ovly,2022 bear,2022-01-27,0.993914,0.0000,0.0000,0.0000,0.0000,0,0.0000,0.0000,331.8242,73.7657
tv10%_lb60d_ovly,2022 bear,2022-01-28,0.994265,0.0000,0.0000,0.0000,0.0000,0,0.0000,0.0000,342.2333,73.7917
tv10%_lb60d_ovly,2022 bear,2022-01-31,0.994265,0.0000,0.0000,0.0000,0.0000,0,-0.0582,0.0000,353.1772,73.7917
tv10%_lb60d_ovly,2022 bear,2022-02-01,0.994183,0.0000,0.0000,0.0000,0.0000,0,-0.0515,0.0000,355.5801,73.7856
tv10%_lb60d_ovly,2022 bear,2022-02-02,0.994417,0.0000,0.0000,0.0000,0.0000,0,-0.0290,0.0000,358.4693,73.8030
tv10%_lb60d_ovly,2022 bear,2022-02-03,0.993597,0.0000,0.0000,0.0000,0.0000,0,-0.0518,0.0000,343.9356,73.7422
tv10%_lb60d_ovly,2022 bear,2022-02-04,0.991607,0.0000,0.0000,0.0000,0.0000,0,-0.0474,0.0000,348.2744,73.5945
tv10%_lb60d_ovly,2022 bear,2022-02-07,0.991842,0.0000,0.0000,0.0000,0.0000,0,-0.0504,0.0000,345.4727,73.6119
tv10%_lb60d_ovly,2022 bear,2022-02-08,0.990788,0.0000,0.0000,0.0000,0.0000,0,-0.0426,0.0000,349.3542,73.5336
tv10%_lb60d_ovly,2022 bear,2022-02-09,0.990671,0.0000,0.0000,0.0000,0.0000,0,-0.0286,0.0000,356.7572,73.5250
tv10%_lb60d_ovly,2022 bear,2022-02-10,0.985637,0.0000,0.0000,0.0000,0.0000,0,-0.0331,0.0000,348.6829,73.1513
tv10%_lb60d_ovly,2022 bear,2022-02-11,0.988681,0.0000,0.0000,0.0000,0.0000,0,-0.0522,0.0000,337.6221,73.3773
tv10%_lb60d_ovly,2022 bear,2022-02-14,0.986573,0.0000,0.0000,0.0000,0.0000,0,-0.0405,0.0000,338.0404,73.2209
tv10%_lb60d_ovly,2022 bear,2022-02-15,0.986924,0.0000,0.0000,0.0000,0.0000,0,-0.0250,0.0000,346.4455,73.2469
tv10%_lb60d_ovly,2022 bear,2022-02-16,0.988213,0.0000,0.0000,0.0000,0.0000,0,-0.0239,0.0000,346.3579,73.3425
tv10%_lb60d_ovly,2022 bear,2022-02-17,0.988798,0.0000,0.0000,0.0000,0.0000,0,-0.0448,0.0000,336.0560,73.3859
tv10%_lb60d_ovly,2022 bear,2022-02-18,0.988915,0.0000,0.0000,0.0000,0.0000,0,-0.0509,0.0000,332.2231,73.3946
tv10%_lb60d_ovly,2022 bear,2022-02-22,0.987978,0.0000,0.0000,0.0000,0.0000,0,-0.0611,0.0000,328.8863,73.3251
tv10%_lb60d_ovly,2022 bear,2022-02-23,0.987393,0.0000,0.0000,0.0000,0.0000,0,-0.0778,0.0000,320.4619,73.2817
tv10%_lb60d_ovly,2022 bear,2022-02-24,0.988213,0.0000,0.0000,0.0000,0.0000,0,-0.0639,0.0000,331.2308,73.3425
tv10%_lb60d_ovly,2022 bear,2022-02-25,0.988213,0.0000,0.0000,0.0000,0.0000,0,-0.0433,0.0000,336.3672,73.3425
tv10%_lb60d_ovly,2022 bear,2022-02-28,0.989969,0.0000,0.0000,0.0000,0.0000,0,-0.0457,0.0000,337.3692,73.4728
tv10%_lb60d_ovly,2022 bear,2022-03-01,0.992252,0.0000,0.0000,0.0000,0.0000,0,-0.0602,0.0000,332.2036,73.6423
tv10%_lb60d_ovly,2022 bear,2022-03-02,0.988973,0.0000,0.0000,0.0000,0.0000,0,-0.0429,0.0000,337.7777,73.3989
tv10%_lb60d_ovly,2022 bear,2022-03-03,0.988973,0.0000,0.0000,0.0000,0.0000,0,-0.0477,0.0000,332.9526,73.3989
tv10%_lb60d_ovly,2022 bear,2022-03-04,0.990027,0.0000,0.0000,0.0000,0.0000,0,-0.0554,0.0000,328.1275,73.4772
tv10%_lb60d_ovly,2022 bear,2022-03-07,0.988739,0.0000,0.0000,0.0000,0.0000,0,-0.0833,0.0000,316.0258,73.3816
tv10%_lb60d_ovly,2022 bear,2022-03-08,0.987450,0.0000,0.0000,0.0000,0.0000,0,-0.0902,0.0000,314.5569,73.2859
tv10%_lb60d_ovly,2022 bear,2022-03-09,0.986865,0.0000,0.0000,0.0000,0.0000,0,-0.0659,0.0000,325.8804,73.2425
tv10%_lb60d_ovly,2022 bear,2022-03-10,0.986045,0.0000,0.0000,0.0000,0.0000,0,-0.0531,0.0000,322.2615,73.1817
tv10%_lb60d_ovly,2022 bear,2022-03-11,0.985694,0.0000,0.0000,0.0000,0.0000,0,-0.0594,0.0000,315.5783,73.1556
tv10%_lb60d_ovly,2022 bear,2022-03-14,0.983118,0.0000,0.0000,0.0000,0.0000,0,-0.0663,0.0000,309.5176,72.9644
tv10%_lb60d_ovly,2022 bear,2022-03-15,0.983469,0.0000,0.0000,0.0000,0.0000,0,-0.0457,0.0000,319.2263,72.9904
tv10%_lb60d_ovly,2022 bear,2022-03-16,0.982532,0.0000,0.0000,0.0000,0.0000,0,-0.0246,0.0000,331.0655,72.9209
tv10%_lb60d_ovly,2022 bear,2022-03-17,0.982181,0.0000,0.0000,0.0000,0.0000,0,0.0000,0.0000,335.0734,72.8949
tv10%_lb60d_ovly,2022 bear,2022-03-18,0.981947,0.0000,0.0000,0.0000,0.0000,0,0.0000,0.0000,341.9316,72.8775
tv10%_lb60d_ovly,2022 bear,2022-03-21,0.978667,0.0000,0.0000,0.0000,0.0000,0,-0.0003,0.0000,340.9810,72.6341
tv10%_lb60d_ovly,2022 bear,2022-03-22,0.977965,0.0000,0.0000,0.0000,0.0000,0,0.0000,0.0000,347.6823,72.5819
tv10%_lb60d_ovly,2022 bear,2022-03-23,0.978784,0.0000,0.0000,0.0000,0.0000,0,-0.0129,0.0000,342.6855,72.6428
tv10%_lb60d_ovly,2022 bear,2022-03-24,0.978550,0.0000,0.0000,0.0000,0.0000,0,0.0000,0.0000,350.3023,72.6254
tv10%_lb60d_ovly,2022 bear,2022-03-25,0.975857,0.0000,0.0000,0.0000,0.0000,0,0.0000,0.0000,350.0102,72.4255
tv10%_lb60d_ovly,2022 bear,2022-03-28,0.974920,0.0000,0.0000,0.0000,0.0000,0,0.0000,0.0000,355.4256,72.3560
tv10%_lb60d_ovly,2022 bear,2022-03-29,0.975388,0.0000,0.0000,0.0000,0.0000,0,0.0000,0.0000,361.5423,72.3907
tv10%_lb60d_ovly,2022 bear,2022-03-30,0.976091,0.0000,0.4625,0.4625,0.0000,0,-0.0062,0.2162,357.5489,72.4429
tv10%_lb60d_ovly,2022 bear,2022-03-31,0.975640,0.4625,0.4579,0.4579,0.0000,0,-0.0215,0.2184,353.1172,72.4429
tv10%_lb60d_ovly,2022 bear,2022-04-01,0.973685,0.4625,0.4650,0.4650,0.0000,0,-0.0187,0.2150,352.4451,72.2916
tv10%_lb60d_ovly,2022 bear,2022-04-04,0.983271,0.4625,0.4633,0.4633,0.0000,0,-0.0103,0.2158,359.7014,72.3350
tv10%_lb60d_ovly,2022 bear,2022-04-05,0.972222,0.4625,0.4604,0.4604,0.0000,0,-0.0228,0.2172,351.7147,72.2047
tv10%_lb60d_ovly,2022 bear,2022-04-06,0.962837,0.4625,0.4585,0.4585,0.0000,0,-0.0326,0.2181,344.0783,72.2568
tv10%_lb60d_ovly,2022 bear,2022-04-07,0.964270,0.4625,0.4598,0.4598,0.0000,0,-0.0277,0.2175,344.8965,72.3090
tv10%_lb60d_ovly,2022 bear,2022-04-08,0.957412,0.4625,0.4600,0.4600,0.0000,0,-0.0303,0.2174,340.0752,72.2220
tv10%_lb60d_ovly,2022 bear,2022-04-11,0.947061,0.4625,0.4580,0.4580,0.0000,0,-0.0469,0.2184,332.0299,72.2394
tv10%_lb60d_ovly,2022 bear,2022-04-12,0.946498,0.4625,0.4578,0.4578,0.0000,0,-0.0504,0.2184,330.6273,72.4220
tv10%_lb60d_ovly,2022 bear,2022-04-13,0.955640,0.4625,0.4609,0.4609,0.0000,0,-0.0395,0.2170,337.3480,72.4568
tv10%_lb60d_ovly,2022 bear,2022-04-14,0.944609,0.4625,0.4600,0.4600,0.0000,0,-0.0515,0.2174,329.6338,72.3263
tv10%_lb60d_ovly,2022 bear,2022-04-18,0.944944,0.4625,0.4624,0.4624,0.0000,0,-0.0511,0.2163,329.8871,72.3263
tv10%_lb60d_ovly,2022 bear,2022-04-19,0.953552,0.4625,0.4653,0.4653,0.0000,0,-0.0358,0.2149,337.2603,72.1612
tv10%_lb60d_ovly,2022 bear,2022-04-20,0.947429,0.4625,0.4656,0.4656,0.0000,0,-0.0365,0.2148,332.3416,72.2047
tv10%_lb60d_ovly,2022 bear,2022-04-21,0.937505,0.4625,0.4640,0.4640,0.0000,0,-0.0509,0.2155,325.4651,72.0829
tv10%_lb60d_ovly,2022 bear,2022-04-22,0.926029,0.4625,0.4484,0.4484,0.0000,0,-0.0769,0.2230,316.9425,72.0655
tv10%_lb60d_ovly,2022 bear,2022-04-25,0.932312,0.4625,0.4482,0.4482,0.0000,0,-0.0716,0.2231,321.0138,72.1785
tv10%_lb60d_ovly,2022 bear,2022-04-26,0.916943,0.4625,0.4443,0.4443,0.0000,0,-0.0985,0.2251,308.8972,72.3090
tv10%_lb60d_ovly,2022 bear,2022-04-27,0.916198,0.4625,0.4508,0.4508,0.0000,0,-0.0903,0.2218,308.5270,72.2742
tv10%_lb60d_ovly,2022 bear,2022-04-28,0.930891,0.4625,0.4393,0.4393,0.0000,0,-0.0635,0.2277,319.4846,72.2220
tv10%_lb60d_ovly,2022 bear,2022-04-29,0.910555,0.4625,0.4190,0.4190,0.0000,0,-0.0981,0.2387,305.1083,72.0829
tv10%_lb60d_ovly,2022 bear,2022-05-02,0.917550,0.4625,0.4262,0.4262,0.0000,0,-0.0926,0.2347,310.2024,72.0777
tv10%_lb60d_ovly,2022 bear,2022-05-03,0.917765,0.4625,0.4262,0.4262,0.0000,0,-0.0768,0.2346,310.5335,72.0429
tv10%_lb60d_ovly,2022 bear,2022-05-04,0.933427,0.4625,0.4113,0.4113,0.0000,0,-0.0439,0.2431,321.0333,72.2343
tv10%_lb60d_ovly,2022 bear,2022-05-05,0.910792,0.4113,0.3952,0.3952,0.0000,0,-0.0779,0.2531,304.8647,72.1125
tv10%_lb60d_ovly,2022 bear,2022-05-06,0.906240,0.4113,0.3983,0.3983,0.0000,0,-0.0809,0.2510,301.2122,72.1038
tv10%_lb60d_ovly,2022 bear,2022-05-09,0.893008,0.4113,0.3895,0.3895,0.0000,0,-0.1053,0.2567,289.4268,72.2865
tv10%_lb60d_ovly,2022 bear,2022-05-10,0.897154,0.4113,0.8935,0.3935,0.5000,0,-0.1032,0.2541,292.9429,72.2430
tv10%_lb60d_ovly,2022 bear,2022-05-11,0.885847,0.8935,0.8909,0.3909,0.5000,0,-0.1175,0.2558,284.2548,72.2517
tv10%_lb60d_ovly,2022 bear,2022-05-12,0.884112,0.8935,0.8951,0.3951,0.5000,0,-0.1184,0.2531,283.5827,72.3560
tv10%_lb60d_ovly,2022 bear,2022-05-13,0.913354,0.8935,0.6369,0.3869,0.2500,0,-0.0973,0.2585,294.0923,72.3300
tv10%_lb60d_ovly,2022 bear,2022-05-16,0.903720,0.6369,0.8918,0.3918,0.5000,0,-0.1010,0.2552,290.6832,72.3735
tv10%_lb60d_ovly,2022 bear,2022-05-17,0.917684,0.8918,0.6363,0.3863,0.2500,0,-0.0818,0.2588,298.2123,72.2169
tv10%_lb60d_ovly,2022 bear,2022-05-18,0.877330,0.6363,0.8691,0.3691,0.5000,0,-0.1055,0.2709,283.5729,72.2517
tv10%_lb60d_ovly,2022 bear,2022-05-19,0.874596,0.8691,0.6218,0.3718,0.2500,0,-0.0923,0.2690,282.0535,72.3560
tv10%_lb60d_ovly,2022 bear,2022-05-20,0.872101,0.6218,0.6247,0.3747,0.2500,0,-0.0919,0.2669,281.1768,72.4083
tv10%_lb60d_ovly,2022 bear,2022-05-23,0.880959,0.6218,0.6263,0.3763,0.2500,0,-0.0749,0.2657,285.8521,72.3735
tv10%_lb60d_ovly,2022 bear,2022-05-24,0.870073,0.6218,0.6259,0.3759,0.2500,0,-0.0820,0.2660,279.7743,72.5388
tv10%_lb60d_ovly,2022 bear,2022-05-25,0.877881,0.6218,0.6269,0.3769,0.2500,0,-0.0739,0.2653,283.6898,72.5910
tv10%_lb60d_ovly,2022 bear,2022-05-26,0.893085,0.6218,0.6262,0.3762,0.2500,0,-0.0554,0.2658,291.5501,72.6084
tv10%_lb60d_ovly,2022 bear,2022-05-27,0.911291,0.6218,0.3693,0.3693,0.0000,0,-0.0322,0.2708,301.0661,72.6258
tv10%_lb60d_ovly,2022 bear,2022-05-31,0.909022,0.3693,0.3697,0.3697,0.0000,0,-0.0376,0.2705,300.2675,72.5127
tv10%_lb60d_ovly,2022 bear,2022-06-01,0.905472,0.3693,0.3787,0.3787,0.0000,0,-0.0454,0.2641,298.0467,72.3777
tv10%_lb60d_ovly,2022 bear,2022-06-02,0.914768,0.3693,0.3752,0.3752,0.0000,0,0.0000,0.2665,306.2089,72.3951
tv10%_lb60d_ovly,2022 bear,2022-06-03,0.905769,0.3693,0.3804,0.3804,0.0000,0,-0.0164,0.2629,298.2415,72.3690
tv10%_lb60d_ovly,2022 bear,2022-06-06,0.906127,0.3693,0.3804,0.3804,0.0000,0,-0.0134,0.2629,299.2350,72.2733
tv10%_lb60d_ovly,2022 bear,2022-06-07,0.909083,0.3693,0.3811,0.3811,0.0000,0,-0.0040,0.2624,301.8161,72.2820
tv10%_lb60d_ovly,2022 bear,2022-06-08,0.906252,0.3693,0.3803,0.3803,0.0000,0,-0.0148,0.2629,299.6442,72.2297
tv10%_lb60d_ovly,2022 bear,2022-06-09,0.896874,0.3693,0.3797,0.3797,0.0000,0,-0.0382,0.2634,291.6182,72.1775
tv10%_lb60d_ovly,2022 bear,2022-06-10,0.882802,0.3693,0.6269,0.3769,0.2500,0,-0.0661,0.2653,281.3327,71.8728
tv10%_lb60d_ovly,2022 bear,2022-06-13,0.864587,0.6269,0.3647,0.3647,0.0000,0,-0.1016,0.2742,268.2517,71.5071
tv10%_lb60d_ovly,2022 bear,2022-06-14,0.864716,0.3647,0.2500,0.3667,0.5000,1,-0.1043,0.2727,268.7388,71.3678
tv10%_lb60d_ovly,2022 bear,2022-06-15,0.874636,0.2500,0.6138,0.3638,0.2500,0,-0.0915,0.2749,275.4497,71.6464
tv10%_lb60d_ovly,2022 bear,2022-06-16,0.866375,0.6138,0.2500,0.3566,0.5000,1,-0.1216,0.2805,264.3363,71.7421
tv10%_lb60d_ovly,2022 bear,2022-06-17,0.872442,0.2500,0.2500,0.3572,0.5000,1,-0.1197,0.2800,267.5504,71.7247
tv10%_lb60d_ovly,2022 bear,2022-06-21,0.877707,0.2500,0.2500,0.3528,0.2500,1,-0.0975,0.2834,274.3007,71.6986
tv10%_lb60d_ovly,2022 bear,2022-06-22,0.879305,0.2500,0.2500,0.3534,0.2500,1,-0.0991,0.2830,273.9005,71.9076
tv10%_lb60d_ovly,2022 bear,2022-06-23,0.883138,0.2500,0.2500,0.3528,0.2500,1,-0.0903,0.2834,277.9797,71.9685
tv10%_lb60d_ovly,2022 bear,2022-06-24,0.890543,0.2500,0.2500,0.3443,0.2500,1,-0.0614,0.2904,287.5043,71.9511
tv10%_lb60d_ovly,2022 bear,2022-06-27,0.888183,0.2500,0.5944,0.3444,0.2500,0,-0.0650,0.2903,285.3965,71.8728
tv10%_lb60d_ovly,2022 bear,2022-06-28,0.880953,0.5944,0.2500,0.3431,0.2500,1,-0.0841,0.2915,276.7013,71.8553
tv10%_lb60d_ovly,2022 bear,2022-06-29,0.881562,0.2500,0.2500,0.3433,0.2500,1,-0.0848,0.2913,276.9550,71.9424
tv10%_lb60d_ovly,2022 bear,2022-06-30,0.880109,0.2500,0.2500,0.3442,0.2500,1,-0.0923,0.2905,273.5199,72.0817
tv10%_lb60d_ovly,2022 bear,2022-07-01,0.883548,0.2500,0.2500,0.3435,0.2500,1,-0.0790,0.2911,275.3253,72.2987
tv10%_lb60d_ovly,2022 bear,2022-07-05,0.887250,0.2500,0.5938,0.3438,0.2500,0,-0.0773,0.2909,280.0388,72.2900
tv10%_lb60d_ovly,2022 bear,2022-07-06,0.886523,0.5938,0.5940,0.3440,0.2500,0,-0.0742,0.2907,281.8345,72.0896
tv10%_lb60d_ovly,2022 bear,2022-07-07,0.897526,0.5938,0.3414,0.3414,0.0000,0,-0.0500,0.2929,287.8654,72.0373
tv10%_lb60d_ovly,2022 bear,2022-07-08,0.897527,0.3414,0.3434,0.3434,0.0000,0,-0.0276,0.2912,288.2265,71.9501
tv10%_lb60d_ovly,2022 bear,2022-07-11,0.891195,0.3414,0.3426,0.3426,0.0000,0,-0.0150,0.2919,282.0687,71.9763
tv10%_lb60d_ovly,2022 bear,2022-07-12,0.888532,0.3414,0.3439,0.3439,0.0000,0,-0.0237,0.2908,279.3362,72.0111
tv10%_lb60d_ovly,2022 bear,2022-07-13,0.887269,0.3414,0.3447,0.3447,0.0000,0,-0.0288,0.2901,278.7604,71.9327
tv10%_lb60d_ovly,2022 bear,2022-07-14,0.888138,0.3414,0.3447,0.3447,0.0000,0,-0.0312,0.2901,279.7559,71.9065
tv10%_lb60d_ovly,2022 bear,2022-07-15,0.894064,0.3414,0.3437,0.3437,0.0000,0,-0.0127,0.2909,284.8304,71.9588
tv10%_lb60d_ovly,2022 bear,2022-07-18,0.891124,0.3414,0.3435,0.3435,0.0000,0,-0.0208,0.2911,282.4200,71.9153
tv10%_lb60d_ovly,2022 bear,2022-07-19,0.899841,0.3414,0.3379,0.3379,0.0000,0,0.0000,0.2960,291.1053,71.8368
tv10%_lb60d_ovly,2022 bear,2022-07-20,0.904640,0.3414,0.3432,0.3432,0.0000,0,0.0000,0.2914,295.7213,71.8281
tv10%_lb60d_ovly,2022 bear,2022-07-21,0.910736,0.3414,0.3425,0.3425,0.0000,0,0.0000,0.2919,299.9663,72.0285
tv10%_lb60d_ovly,2022 bear,2022-07-22,0.906808,0.3414,0.3491,0.3491,0.0000,0,-0.0093,0.2865,294.7063,72.2115
tv10%_lb60d_ovly,2022 bear,2022-07-25,0.904540,0.3414,0.3491,0.3491,0.0000,0,-0.0081,0.2864,293.0278,72.1505
tv10%_lb60d_ovly,2022 bear,2022-07-26,0.898184,0.3414,0.3544,0.3544,0.0000,0,-0.0198,0.2822,287.2701,72.1157
tv10%_lb60d_ovly,2022 bear,2022-07-27,0.912073,0.3414,0.3607,0.3607,0.0000,0,0.0000,0.2772,299.4101,72.2290
tv10%_lb60d_ovly,2022 bear,2022-07-28,0.916422,0.3414,0.3595,0.3595,0.0000,0,0.0000,0.2782,302.3377,72.3858
tv10%_lb60d_ovly,2022 bear,2022-07-29,0.922056,0.3414,0.3576,0.3576,0.0000,0,0.0000,0.2797,307.8514,72.3772
tv10%_lb60d_ovly,2022 bear,2022-08-01,0.921851,0.3414,0.3669,0.3669,0.0000,0,-0.0030,0.2726,307.6660,72.3754
tv10%_lb60d_ovly,2022 bear,2022-08-02,0.918790,0.3414,0.3807,0.3807,0.0000,0,-0.0095,0.2627,306.7487,72.1224
tv10%_lb60d_ovly,2022 bear,2022-08-03,0.927553,0.3414,0.3783,0.3783,0.0000,0,0.0000,0.2643,315.1023,72.1486
tv10%_lb60d_ovly,2022 bear,2022-08-04,0.929846,0.3414,0.3915,0.3915,0.0000,0,-0.0007,0.2554,316.5759,72.2445
tv10%_lb60d_ovly,2022 bear,2022-08-05,0.924692,0.3915,0.3915,0.3915,0.0000,0,-0.0024,0.2554,313.9897,71.9479
tv10%_lb60d_ovly,2022 bear,2022-08-08,0.924068,0.3915,0.3951,0.3951,0.0000,0,-0.0035,0.2531,312.9749,72.0177
tv10%_lb60d_ovly,2022 bear,2022-08-09,0.919427,0.3915,0.3949,0.3949,0.0000,0,-0.0075,0.2533,309.4324,71.9479
tv10%_lb60d_ovly,2022 bear,2022-08-10,0.930018,0.3915,0.3965,0.3965,0.0000,0,0.0000,0.2522,318.0690,72.0177
tv10%_lb60d_ovly,2022 bear,2022-08-11,0.927746,0.3915,0.3968,0.3968,0.0000,0,0.0000,0.2520,316.2635,71.9915
tv10%_lb60d_ovly,2022 bear,2022-08-12,0.934955,0.3915,0.3985,0.3985,0.0000,0,0.0000,0.2510,322.4214,72.0090
tv10%_lb60d_ovly,2022 bear,2022-08-15,0.938396,0.3915,0.4250,0.4250,0.0000,0,0.0000,0.2353,325.0269,72.0700
tv10%_lb60d_ovly,2022 bear,2022-08-16,0.937052,0.3915,0.4260,0.4260,0.0000,0,0.0000,0.2347,324.2658,72.0090
tv10%_lb60d_ovly,2022 bear,2022-08-17,0.932383,0.3915,0.4248,0.4248,0.0000,0,-0.0071,0.2354,320.5672,71.9479
tv10%_lb60d_ovly,2022 bear,2022-08-18,0.934087,0.3915,0.4296,0.4296,0.0000,0,-0.0042,0.2328,321.3382,72.0526
tv10%_lb60d_ovly,2022 bear,2022-08-19,0.926543,0.3915,0.4273,0.4273,0.0000,0,-0.0176,0.2340,315.0730,72.0003
tv10%_lb60d_ovly,2022 bear,2022-08-22,0.916241,0.3915,0.4204,0.4204,0.0000,0,-0.0380,0.2379,306.7780,71.9043
tv10%_lb60d_ovly,2022 bear,2022-08-23,0.916215,0.3915,0.4262,0.4262,0.0000,0,-0.0404,0.2346,306.5242,71.9392
tv10%_lb60d_ovly,2022 bear,2022-08-24,0.916645,0.3915,0.4360,0.4360,0.0000,0,-0.0373,0.2294,307.4124,71.8607
tv10%_lb60d_ovly,2022 bear,2022-08-25,0.923330,0.3915,0.4332,0.4332,0.0000,0,-0.0237,0.2308,312.8479,71.9043
tv10%_lb60d_ovly,2022 bear,2022-08-26,0.908375,0.3915,0.6649,0.4149,0.2500,0,-0.0568,0.2410,300.0249,71.8868
tv10%_lb60d_ovly,2022 bear,2022-08-29,0.904220,0.6649,0.6700,0.4200,0.2500,0,-0.0630,0.2381,297.0679,71.8345
tv10%_lb60d_ovly,2022 bear,2022-08-30,0.897378,0.6649,0.6723,0.4223,0.2500,0,-0.0733,0.2368,293.7597,71.7996
tv10%_lb60d_ovly,2022 bear,2022-08-31,0.893872,0.6649,0.6717,0.4217,0.2500,0,-0.0803,0.2371,292.0519,71.7909
tv10%_lb60d_ovly,2022 bear,2022-09-01,0.893912,0.6649,0.6732,0.4232,0.2500,0,-0.0774,0.2363,292.1789,71.7385
tv10%_lb60d_ovly,2022 bear,2022-09-02,0.886171,0.6649,0.6733,0.4233,0.2500,0,-0.0872,0.2362,288.0508,71.8957
tv10%_lb60d_ovly,2022 bear,2022-09-06,0.881290,0.6649,0.4324,0.4324,0.0000,0,-0.0906,0.2313,285.9819,71.7385
tv10%_lb60d_ovly,2022 bear,2022-09-07,0.893351,0.4324,0.4422,0.4422,0.0000,0,-0.0743,0.2262,291.7592,71.8433
tv10%_lb60d_ovly,2022 bear,2022-09-08,0.894737,0.4324,0.4734,0.4734,0.0000,0,-0.0682,0.2112,293.2718,71.7559
tv10%_lb60d_ovly,2022 bear,2022-09-09,0.902762,0.4324,0.4694,0.4694,0.0000,0,-0.0538,0.2131,299.6833,71.6948
tv10%_lb60d_ovly,2022 bear,2022-09-12,0.907339,0.4324,0.4711,0.4711,0.0000,0,-0.0436,0.2123,303.2454,71.6861
tv10%_lb60d_ovly,2022 bear,2022-09-13,0.884069,0.4324,0.4527,0.4527,0.0000,0,-0.0852,0.2209,286.6163,71.4415
tv10%_lb60d_ovly,2022 bear,2022-09-14,0.886672,0.4324,0.7026,0.4526,0.2500,0,-0.0778,0.2209,288.8900,71.3803
tv10%_lb60d_ovly,2022 bear,2022-09-15,0.879495,0.7026,0.7111,0.4611,0.2500,0,-0.0883,0.2169,284.0790,71.3017
tv10%_lb60d_ovly,2022 bear,2022-09-16,0.875845,0.7026,0.4598,0.4598,0.0000,0,-0.0829,0.2175,282.3420,71.3367
tv10%_lb60d_ovly,2022 bear,2022-09-19,0.880136,0.4598,0.4605,0.4605,0.0000,0,-0.0700,0.2171,284.5406,71.2581
tv10%_lb60d_ovly,2022 bear,2022-09-20,0.876677,0.4598,0.4789,0.4789,0.0000,0,-0.0807,0.2088,282.2725,71.2231
tv10%_lb60d_ovly,2022 bear,2022-09-21,0.869052,0.4598,0.7223,0.4723,0.2500,0,-0.0967,0.2117,277.2180,71.1620
tv10%_lb60d_ovly,2022 bear,2022-09-22,0.863043,0.7223,0.4803,0.4803,0.0000,0,-0.1043,0.2082,273.8062,71.0310
tv10%_lb60d_ovly,2022 bear,2022-09-23,0.852392,0.4803,0.4740,0.4740,0.0000,0,-0.1010,0.2110,269.3482,70.9436
tv10%_lb60d_ovly,2022 bear,2022-09-26,0.849716,0.4803,0.4733,0.4733,0.0000,0,-0.1099,0.2113,268.2336,70.7864
tv10%_lb60d_ovly,2022 bear,2022-09-27,0.849880,0.4803,0.4761,0.4761,0.0000,0,-0.1122,0.2101,268.3413,70.7864
tv10%_lb60d_ovly,2022 bear,2022-09-28,0.859908,0.4803,0.4672,0.4672,0.0000,0,-0.0947,0.2141,273.6791,71.0921
tv10%_lb60d_ovly,2022 bear,2022-09-29,0.847397,0.4803,0.4586,0.4586,0.0000,0,-0.1136,0.2180,265.7896,70.9960
tv10%_lb60d_ovly,2022 bear,2022-09-30,0.840116,0.4803,0.4596,0.4596,0.0000,0,-0.1273,0.2176,261.2827,70.9349
tv10%_lb60d_ovly,2022 bear,2022-10-03,0.850541,0.4803,0.9450,0.4450,0.5000,0,-0.1043,0.2247,267.4124,71.0906
tv10%_lb60d_ovly,2022 bear,2022-10-04,0.863148,0.9450,0.4299,0.4299,0.0000,0,-0.0765,0.2326,275.8202,71.1168
tv10%_lb60d_ovly,2022 bear,2022-10-05,0.862223,0.4299,0.4311,0.4311,0.0000,0,-0.0787,0.2320,275.6735,71.0468
tv10%_lb60d_ovly,2022 bear,2022-10-06,0.858700,0.4299,0.4297,0.4297,0.0000,0,-0.0882,0.2327,273.5032,70.9594
tv10%_lb60d_ovly,2022 bear,2022-10-07,0.844032,0.4299,0.4172,0.4172,0.0000,0,-0.1136,0.2397,263.0815,70.8719
tv10%_lb60d_ovly,2022 bear,2022-10-10,0.840227,0.4299,0.4226,0.4226,0.0000,0,-0.0839,0.2366,260.4517,70.8457
tv10%_lb60d_ovly,2022 bear,2022-10-11,0.835501,0.4299,0.4230,0.4230,0.0000,0,-0.0897,0.2364,256.8736,70.8806
tv10%_lb60d_ovly,2022 bear,2022-10-12,0.835848,0.4299,0.4362,0.4362,0.0000,0,-0.0823,0.2293,256.7856,70.9506
tv10%_lb60d_ovly,2022 bear,2022-10-13,0.842865,0.4299,0.4244,0.4244,0.0000,0,-0.0581,0.2356,262.8078,70.7407
tv10%_lb60d_ovly,2022 bear,2022-10-14,0.831737,0.4299,0.4191,0.4191,0.0000,0,-0.0796,0.2386,254.9085,70.7057
tv10%_lb60d_ovly,2022 bear,2022-10-17,0.844071,0.4299,0.4091,0.4091,0.0000,0,-0.0450,0.2444,263.3259,70.7844
tv10%_lb60d_ovly,2022 bear,2022-10-18,0.847179,0.4299,0.4068,0.4068,0.0000,0,-0.0181,0.2458,265.4084,70.8195
tv10%_lb60d_ovly,2022 bear,2022-10-19,0.844956,0.4299,0.4080,0.4080,0.0000,0,-0.0251,0.2451,264.4405,70.6882
tv10%_lb60d_ovly,2022 bear,2022-10-20,0.842566,0.4299,0.4181,0.4181,0.0000,0,-0.0332,0.2392,263.0913,70.6095
tv10%_lb60d_ovly,2022 bear,2022-10-21,0.852308,0.4299,0.4112,0.4112,0.0000,0,-0.0097,0.2432,269.2603,70.7932
tv10%_lb60d_ovly,2022 bear,2022-10-24,0.856219,0.4299,0.4122,0.4122,0.0000,0,0.0000,0.2426,272.2224,70.7757
tv10%_lb60d_ovly,2022 bear,2022-10-25,0.864315,0.4299,0.4080,0.4080,0.0000,0,0.0000,0.2451,277.8536,70.8457
tv10%_lb60d_ovly,2022 bear,2022-10-26,0.856531,0.4299,0.4078,0.4078,0.0000,0,-0.0075,0.2452,271.7141,70.9069
tv10%_lb60d_ovly,2022 bear,2022-10-27,0.850852,0.4299,0.4117,0.4117,0.0000,0,-0.0128,0.2429,266.7672,71.0556
tv10%_lb60d_ovly,2022 bear,2022-10-28,0.861327,0.4299,0.4029,0.4029,0.0000,0,0.0000,0.2482,274.9305,70.9506
tv10%_lb60d_ovly,2022 bear,2022-10-31,0.856296,0.4299,0.4023,0.4023,0.0000,0,-0.0072,0.2485,271.7336,70.8457
tv10%_lb60d_ovly,2022 bear,2022-11-01,0.852058,0.4299,0.4022,0.4022,0.0000,0,-0.0116,0.2486,268.9571,70.7764
tv10%_lb60d_ovly,2022 bear,2022-11-02,0.839263,0.4299,0.3944,0.3944,0.0000,0,-0.0364,0.2535,259.7381,70.7414
tv10%_lb60d_ovly,2022 bear,2022-11-03,0.831326,0.4299,0.4002,0.4002,0.0000,0,-0.0463,0.2499,254.6641,70.6100
tv10%_lb60d_ovly,2022 bear,2022-11-04,0.837603,0.4299,0.3968,0.3968,0.0000,0,-0.0326,0.2520,258.7604,70.6888
tv10%_lb60d_ovly,2022 bear,2022-11-07,0.841148,0.4299,0.3997,0.3997,0.0000,0,-0.0233,0.2502,261.6053,70.6275
tv10%_lb60d_ovly,2022 bear,2022-11-08,0.844259,0.4299,0.3995,0.3995,0.0000,0,-0.0180,0.2503,263.5117,70.6976
tv10%_lb60d_ovly,2022 bear,2022-11-09,0.836659,0.4299,0.3950,0.3950,0.0000,0,-0.0383,0.2532,257.4308,70.8115
tv10%_lb60d_ovly,2022 bear,2022-11-10,0.865794,0.4299,0.3604,0.3604,0.0000,0,0.0000,0.2775,276.4262,71.1970
tv10%_lb60d_ovly,2022 bear,2022-11-11,0.872470,0.3604,0.3594,0.3594,0.0000,0,0.0000,0.2783,281.5197,71.1795
tv10%_lb60d_ovly,2022 bear,2022-11-14,0.869238,0.3604,0.3603,0.3603,0.0000,0,-0.0085,0.2775,279.0561,71.1182
tv10%_lb60d_ovly,2022 bear,2022-11-15,0.874120,0.3604,0.3636,0.3636,0.0000,0,-0.0001,0.2750,282.9178,71.1882
tv10%_lb60d_ovly,2022 bear,2022-11-16,0.869889,0.3604,0.3631,0.3631,0.0000,0,-0.0077,0.2754,279.0561,71.1970
tv10%_lb60d_ovly,2022 bear,2022-11-17,0.868513,0.3604,0.3632,0.3632,0.0000,0,-0.0107,0.2753,278.4402,71.1094
tv10%_lb60d_ovly,2022 bear,2022-11-18,0.867908,0.3604,0.3652,0.3652,0.0000,0,-0.0062,0.2738,278.4500,71.0305
tv10%_lb60d_ovly,2022 bear,2022-11-21,0.864553,0.3604,0.3776,0.3776,0.0000,0,-0.0098,0.2648,275.5855,71.0130
tv10%_lb60d_ovly,2022 bear,2022-11-22,0.869450,0.3604,0.3760,0.3760,0.0000,0,0.0000,0.2660,279.5547,71.0656
tv10%_lb60d_ovly,2022 bear,2022-11-23,0.873075,0.3604,0.3770,0.3770,0.0000,0,0.0000,0.2653,282.3606,71.1269
tv10%_lb60d_ovly,2022 bear,2022-11-25,0.871074,0.3604,0.3777,0.3777,0.0000,0,-0.0002,0.2648,280.5030,71.1357
tv10%_lb60d_ovly,2022 bear,2022-11-28,0.866605,0.3604,0.3748,0.3748,0.0000,0,-0.0162,0.2668,276.3872,71.1532
tv10%_lb60d_ovly,2022 bear,2022-11-29,0.864037,0.3604,0.3760,0.3760,0.0000,0,-0.0179,0.2659,274.2950,71.1269
tv10%_lb60d_ovly,2022 bear,2022-11-30,0.879864,0.3604,0.3661,0.3661,0.0000,0,0.0000,0.2732,286.7990,71.3372
tv10%_lb60d_ovly,2022 bear,2022-12-01,0.881465,0.3604,0.3692,0.3692,0.0000,0,-0.0007,0.2709,287.1509,71.4908
tv10%_lb60d_ovly,2022 bear,2022-12-02,0.880061,0.3604,0.3695,0.3695,0.0000,0,-0.0019,0.2706,286.0070,71.4733
tv10%_lb60d_ovly,2022 bear,2022-12-05,0.873148,0.3604,0.3685,0.3685,0.0000,0,-0.0198,0.2714,281.2069,71.2713
tv10%_lb60d_ovly,2022 bear,2022-12-06,0.867248,0.3604,0.3677,0.3677,0.0000,0,-0.0340,0.2719,275.3802,71.3503
tv10%_lb60d_ovly,2022 bear,2022-12-07,0.867133,0.3604,0.3903,0.3903,0.0000,0,-0.0356,0.2562,274.2559,71.4996
tv10%_lb60d_ovly,2022 bear,2022-12-08,0.870286,0.3604,0.3898,0.3898,0.0000,0,-0.0281,0.2566,277.5016,71.4294
tv10%_lb60d_ovly,2022 bear,2022-12-09,0.868012,0.3604,0.3907,0.3907,0.0000,0,-0.0353,0.2559,275.7321,71.3942
tv10%_lb60d_ovly,2022 bear,2022-12-12,0.871597,0.3604,0.3891,0.3891,0.0000,0,-0.0214,0.2570,279.1930,71.3503
tv10%_lb60d_ovly,2022 bear,2022-12-13,0.876620,0.3604,0.3891,0.3891,0.0000,0,-0.0140,0.2570,282.1943,71.5611
tv10%_lb60d_ovly,2022 bear,2022-12-14,0.874346,0.3604,0.3904,0.3904,0.0000,0,-0.0203,0.2562,280.1021,71.5698
tv10%_lb60d_ovly,2022 bear,2022-12-15,0.863843,0.3604,0.3865,0.3865,0.0000,0,-0.0443,0.2588,270.6974,71.5795
tv10%_lb60d_ovly,2022 bear,2022-12-16,0.861419,0.3604,0.6356,0.3856,0.2500,0,-0.0556,0.2594,268.1164,71.6499
tv10%_lb60d_ovly,2022 bear,2022-12-19,0.856144,0.6356,0.6383,0.3883,0.2500,0,-0.0636,0.2575,264.3484,71.5619
tv10%_lb60d_ovly,2022 bear,2022-12-20,0.855720,0.6356,0.6397,0.3897,0.2500,0,-0.0623,0.2566,264.1426,71.5619
tv10%_lb60d_ovly,2022 bear,2022-12-21,0.863916,0.6356,0.3875,0.3875,0.0000,0,-0.0483,0.2581,267.9743,71.6323
tv10%_lb60d_ovly,2022 bear,2022-12-22,0.850079,0.3875,0.6389,0.3889,0.2500,0,-0.0618,0.2571,261.4182,71.5883
tv10%_lb60d_ovly,2022 bear,2022-12-23,0.850350,0.6389,0.6448,0.3948,0.2500,0,-0.0564,0.2533,262.0062,71.5532
tv10%_lb60d_ovly,2022 bear,2022-12-27,0.842253,0.6389,0.6481,0.3981,0.2500,0,-0.0602,0.2512,258.3019,71.4564
tv10%_lb60d_ovly,2022 bear,2022-12-28,0.835148,0.6389,0.6544,0.4044,0.2500,0,-0.0718,0.2473,254.8916,71.4564
tv10%_lb60d_ovly,2022 bear,2022-12-29,0.848378,0.6389,0.6632,0.4132,0.2500,0,-0.0544,0.2420,261.1046,71.5091
tv10%_lb60d_ovly,2022 bear,2022-12-30,0.847675,0.6389,0.6632,0.4132,0.2500,0,-0.0558,0.2420,260.9479,71.4212
tv10%_lb60d_ovly,2023–Aug 2024,2023-01-03,1.000000,0.0000,0.0000,0.0000,0.0000,0,0.0000,0.0000,259.1840,71.4827
tv10%_lb60d_ovly,2023–Aug 2024,2023-01-04,1.000985,0.0000,0.0000,0.0000,0.0000,0,0.0000,0.0000,260.4186,71.5531
tv10%_lb60d_ovly,2023–Aug 2024,2023-01-05,0.999631,0.0000,0.0000,0.0000,0.0000,0,0.0000,0.0000,256.3419,71.4564
tv10%_lb60d_ovly,2023–Aug 2024,2023-01-06,1.003447,0.0000,0.0000,0.0000,0.0000,0,0.0000,0.0000,263.4174,71.7291
tv10%_lb60d_ovly,2023–Aug 2024,2023-01-09,1.004431,0.0000,0.0000,0.0000,0.0000,0,0.0000,0.0000,265.1226,71.7995
tv10%_lb60d_ovly,2023–Aug 2024,2023-01-10,1.003570,0.0000,0.0000,0.0000,0.0000,0,0.0000,0.0000,267.3667,71.7379
tv10%_lb60d_ovly,2023–Aug 2024,2023-01-11,1.004431,0.0000,0.0000,0.0000,0.0000,0,0.0000,0.0000,271.9921,71.7995
tv10%_lb60d_ovly,2023–Aug 2024,2023-01-12,1.006647,0.0000,0.0000,0.0000,0.0000,0,0.0000,0.0000,273.4621,71.9579
tv10%_lb60d_ovly,2023–Aug 2024,2023-01-13,1.004923,0.0000,0.0000,0.0000,0.0000,0,0.0000,0.0000,275.3437,71.8347
tv10%_lb60d_ovly,2023–Aug 2024,2023-01-17,1.005539,0.0000,0.0000,0.0000,0.0000,0,0.0000,0.0000,275.9023,71.8787
tv10%_lb60d_ovly,2023–Aug 2024,2023-01-18,1.007755,0.0000,0.0000,0.0000,0.0000,0,0.0000,0.0000,272.3156,72.0371
tv10%_lb60d_ovly,2023–Aug 2024,2023-01-19,1.007509,0.0000,0.0000,0.0000,0.0000,0,0.0000,0.0000,269.6403,72.0195
tv10%_lb60d_ovly,2023–Aug 2024,2023-01-20,1.006647,0.0000,0.0000,0.0000,0.0000,0,0.0000,0.0000,277.0195,71.9579
tv10%_lb60d_ovly,2023–Aug 2024,2023-01-23,1.005662,0.0000,0.0000,0.0000,0.0000,0,0.0000,0.0000,283.1736,71.8875
tv10%_lb60d_ovly,2023–Aug 2024,2023-01-24,1.006031,0.0000,0.0000,0.0000,0.0000,0,0.0000,0.0000,282.5956,71.9139
tv10%_lb60d_ovly,2023–Aug 2024,2023-01-25,1.006647,0.0000,0.0000,0.0000,0.0000,0,0.0000,0.0000,281.9684,71.9579
tv10%_lb60d_ovly,2023–Aug 2024,2023-01-26,1.006031,0.0000,0.0000,0.0000,0.0000,0,0.0000,0.0000,287.4660,71.9139
tv10%_lb60d_ovly,2023–Aug 2024,2023-01-27,1.006031,0.0000,0.0000,0.0000,0.0000,0,0.0000,0.0000,290.3275,71.9139
tv10%_lb60d_ovly,2023–Aug 2024,2023-01-30,1.005047,0.0000,0.0000,0.0000,0.0000,0,0.0000,0.0000,284.4576,71.8435
tv10%_lb60d_ovly,2023–Aug 2024,2023-01-31,1.006893,0.0000,0.0000,0.0000,0.0000,0,0.0000,0.0000,288.7204,71.9755
tv10%_lb60d_ovly,2023–Aug 2024,2023-02-01,1.008644,0.0000,0.0000,0.0000,0.0000,0,0.0000,0.0000,294.8942,72.1006
tv10%_lb60d_ovly,2023–Aug 2024,2023-02-02,1.008768,0.0000,0.0000,0.0000,0.0000,0,0.0000,0.0000,305.4780,72.1095
tv10%_lb60d_ovly,2023–Aug 2024,2023-02-03,1.005068,0.0000,0.0000,0.0000,0.0000,0,-0.0106,0.0000,300.0489,71.8450
tv10%_lb60d_ovly,2023–Aug 2024,2023-02-06,1.002232,0.0000,0.0000,0.0000,0.0000,0,-0.0167,0.0000,297.5108,71.6423
tv10%_lb60d_ovly,2023–Aug 2024,2023-02-07,1.002725,0.0000,0.0000,0.0000,0.0000,0,-0.0038,0.0000,303.6748,71.6775
tv10%_lb60d_ovly,2023–Aug 2024,2023-02-08,1.003095,0.0000,0.0000,0.0000,0.0000,0,-0.0147,0.0000,298.2751,71.7040
tv10%_lb60d_ovly,2023–Aug 2024,2023-02-09,1.002355,0.0000,0.0000,0.0000,0.0000,0,-0.0232,0.0000,295.6390,71.6511
tv10%_lb60d_ovly,2023–Aug 2024,2023-02-10,1.001862,0.0000,0.0000,0.0000,0.0000,0,-0.0210,0.0000,293.6986,71.6158
tv10%_lb60d_ovly,2023–Aug 2024,2023-02-13,1.002108,0.0000,0.0000,0.0000,0.0000,0,-0.0095,0.0000,298.4026,71.6334
tv10%_lb60d_ovly,2023–Aug 2024,2023-02-14,1.000012,0.0000,0.0000,0.0000,0.0000,0,-0.0099,0.0000,300.6075,71.4836
tv10%_lb60d_ovly,2023–Aug 2024,2023-02-15,1.000135,0.0000,0.0000,0.0000,0.0000,0,-0.0067,0.0000,302.9104,71.4924
tv10%_lb60d_ovly,2023–Aug 2024,2023-02-16,1.000259,0.0000,0.0000,0.0000,0.0000,0,-0.0204,0.0000,297.2266,71.5012
tv10%_lb60d_ovly,2023–Aug 2024,2023-02-17,1.001122,0.0000,0.0000,0.0000,0.0000,0,-0.0228,0.0000,295.1294,71.5629
tv10%_lb60d_ovly,2023–Aug 2024,2023-02-21,0.999149,0.0000,0.0000,0.0000,0.0000,0,-0.0424,0.0000,288.1422,71.4219
tv10%_lb60d_ovly,2023–Aug 2024,2023-02-22,0.999642,0.0000,0.0000,0.0000,0.0000,0,-0.0438,0.0000,288.3578,71.4571
tv10%_lb60d_ovly,2023–Aug 2024,2023-02-23,1.000259,0.0000,0.0000,0.0000,0.0000,0,-0.0387,0.0000,290.8763,71.5012
tv10%_lb60d_ovly,2023–Aug 2024,2023-02-24,0.998162,0.0000,0.0000,0.0000,0.0000,0,-0.0489,0.0000,286.0059,71.3513
tv10%_lb60d_ovly,2023–Aug 2024,2023-02-27,0.999025,0.0000,0.0000,0.0000,0.0000,0,-0.0457,0.0000,288.0540,71.4131
tv10%_lb60d_ovly,2023–Aug 2024,2023-02-28,0.998779,0.0000,0.0000,0.0000,0.0000,0,-0.0492,0.0000,287.6816,71.3954
tv10%_lb60d_ovly,2023–Aug 2024,2023-03-01,0.996950,0.0000,0.0000,0.0000,0.0000,0,-0.0529,0.0000,285.3688,71.2647
tv10%_lb60d_ovly,2023–Aug 2024,2023-03-02,0.997321,0.0000,0.0000,0.0000,0.0000,0,-0.0455,0.0000,287.7306,71.2912
tv10%_lb60d_ovly,2023–Aug 2024,2023-03-03,0.997938,0.0000,0.0000,0.0000,0.0000,0,-0.0265,0.0000,293.6790,71.3354
tv10%_lb60d_ovly,2023–Aug 2024,2023-03-06,0.997444,0.0000,0.0000,0.0000,0.0000,0,-0.0258,0.0000,294.0122,71.3000
tv10%_lb60d_ovly,2023–Aug 2024,2023-03-07,0.995343,0.0000,0.0000,0.0000,0.0000,0,-0.0408,0.0000,290.4059,71.1499
tv10%_lb60d_ovly,2023–Aug 2024,2023-03-08,0.994849,0.0000,0.0000,0.0000,0.0000,0,-0.0364,0.0000,291.8563,71.1145
tv10%_lb60d_ovly,2023–Aug 2024,2023-03-09,0.998062,0.0000,0.0000,0.0000,0.0000,0,-0.0542,0.0000,286.7996,71.3442
tv10%_lb60d_ovly,2023–Aug 2024,2023-03-10,1.003499,0.0000,0.0000,0.0000,0.0000,0,-0.0678,0.0000,282.7719,71.7328
tv10%_lb60d_ovly,2023–Aug 2024,2023-03-13,1.013508,0.0000,0.0000,0.0000,0.0000,0,-0.0691,0.0000,284.8690,72.4483
tv10%_lb60d_ovly,2023–Aug 2024,2023-03-14,1.009677,0.0000,0.0000,0.0000,0.0000,0,-0.0537,0.0000,291.4153,72.1745
tv10%_lb60d_ovly,2023–Aug 2024,2023-03-15,1.015609,0.0000,0.0000,0.0000,0.0000,0,-0.0597,0.0000,292.9441,72.5985
tv10%_lb60d_ovly,2023–Aug 2024,2023-03-16,1.011531,0.0000,0.0000,0.0000,0.0000,0,-0.0298,0.0000,300.6663,72.3070
tv10%_lb60d_ovly,2023–Aug 2024,2023-03-17,1.016597,0.0000,0.0000,0.0000,0.0000,0,-0.0388,0.0000,299.2452,72.6691
tv10%_lb60d_ovly,2023–Aug 2024,2023-03-20,1.015362,0.0000,0.0000,0.0000,0.0000,0,-0.0228,0.0000,300.3073,72.5808
tv10%_lb60d_ovly,2023–Aug 2024,2023-03-21,1.011531,0.0000,0.0000,0.0000,0.0000,0,-0.0100,0.0000,304.5964,72.3070
tv10%_lb60d_ovly,2023–Aug 2024,2023-03-22,1.016226,0.0000,0.0000,0.0000,0.0000,0,-0.0269,0.0000,300.4544,72.6426
tv10%_lb60d_ovly,2023–Aug 2024,2023-03-23,1.019192,0.0000,0.0000,0.0000,0.0000,0,-0.0242,0.0000,304.0174,72.8546
tv10%_lb60d_ovly,2023–Aug 2024,2023-03-24,1.019686,0.0000,0.0000,0.0000,0.0000,0,-0.0178,0.0000,305.1363,72.8900
tv10%_lb60d_ovly,2023–Aug 2024,2023-03-27,1.015362,0.0000,0.0000,0.0000,0.0000,0,-0.0160,0.0000,303.0457,72.5808
tv10%_lb60d_ovly,2023–Aug 2024,2023-03-28,1.014249,0.0000,0.0000,0.0000,0.0000,0,-0.0182,0.0000,301.4359,72.5013
tv10%_lb60d_ovly,2023–Aug 2024,2023-03-29,1.013879,0.0000,0.0000,0.0000,0.0000,0,-0.0039,0.0000,306.9324,72.4748
tv10%_lb60d_ovly,2023–Aug 2024,2023-03-30,1.014002,0.0000,0.5923,0.5923,0.0000,0,0.0000,0.1688,309.8376,72.4837
tv10%_lb60d_ovly,2023–Aug 2024,2023-03-31,1.014636,0.5923,0.5869,0.5869,0.0000,0,0.0000,0.1704,314.9904,72.5720
tv10%_lb60d_ovly,2023–Aug 2024,2023-04-03,1.013681,0.5923,0.5937,0.5937,0.0000,0,0.0000,0.1684,314.2248,72.6605
tv10%_lb60d_ovly,2023–Aug 2024,2023-04-04,1.012612,0.5923,0.6133,0.6133,0.0000,0,-0.0055,0.1630,313.1649,72.8287
tv10%_lb60d_ovly,2023–Aug 2024,2023-04-05,1.007244,0.5923,0.6128,0.6128,0.0000,0,-0.0082,0.1632,310.0732,72.9261
tv10%_lb60d_ovly,2023–Aug 2024,2023-04-06,1.011116,0.5923,0.6142,0.6142,0.0000,0,-0.0043,0.1628,312.1637,72.8995
tv10%_lb60d_ovly,2023–Aug 2024,2023-04-10,1.009325,0.5923,0.6213,0.6213,0.0000,0,-0.0033,0.1610,311.9871,72.6428
tv10%_lb60d_ovly,2023–Aug 2024,2023-04-11,1.005439,0.5923,0.6217,0.6217,0.0000,0,-0.0030,0.1608,309.9848,72.6339
tv10%_lb60d_ovly,2023–Aug 2024,2023-04-12,1.000628,0.5923,0.6212,0.6212,0.0000,0,-0.0071,0.1610,307.2464,72.7136
tv10%_lb60d_ovly,2023–Aug 2024,2023-04-13,1.012481,0.5923,0.6135,0.6135,0.0000,0,0.0000,0.1630,313.2630,72.7579
tv10%_lb60d_ovly,2023–Aug 2024,2023-04-14,1.010400,0.5923,0.6272,0.6272,0.0000,0,-0.0024,0.1594,312.6740,72.5897
tv10%_lb60d_ovly,2023–Aug 2024,2023-04-17,1.010304,0.5923,0.6306,0.6306,0.0000,0,0.0000,0.1586,312.9391,72.4835
tv10%_lb60d_ovly,2023–Aug 2024,2023-04-18,1.010241,0.5923,0.6476,0.6476,0.0000,0,0.0000,0.1544,312.9587,72.4658
tv10%_lb60d_ovly,2023–Aug 2024,2023-04-19,1.009551,0.6476,0.6550,0.6550,0.0000,0,-0.0002,0.1527,312.8115,72.4038
tv10%_lb60d_ovly,2023–Aug 2024,2023-04-20,1.005436,0.6476,0.6530,0.6530,0.0000,0,-0.0056,0.1531,310.4265,72.5809
tv10%_lb60d_ovly,2023–Aug 2024,2023-04-21,1.005900,0.6476,0.6530,0.6530,0.0000,0,-0.0049,0.1531,310.7503,72.5366
tv10%_lb60d_ovly,2023–Aug 2024,2023-04-24,1.004931,0.6476,0.6595,0.6595,0.0000,0,-0.0038,0.1516,310.1025,72.6163
tv10%_lb60d_ovly,2023–Aug 2024,2023-04-25,0.994036,0.6476,0.6442,0.6442,0.0000,0,-0.0196,0.1552,304.2529,72.8995
tv10%_lb60d_ovly,2023–Aug 2024,2023-04-26,0.997515,0.6476,0.6526,0.6526,0.0000,0,-0.0238,0.1532,306.0981,72.8110
tv10%_lb60d_ovly,2023–Aug 2024,2023-04-27,1.014396,0.6476,0.6426,0.6426,0.0000,0,-0.0043,0.1556,314.4211,72.6694
tv10%_lb60d_ovly,2023–Aug 2024,2023-04-28,1.019320,0.6476,0.6448,0.6448,0.0000,0,0.0000,0.1551,316.5903,72.7490
tv10%_lb60d_ovly,2023–Aug 2024,2023-05-01,1.017779,0.6476,0.6567,0.6567,0.0000,0,-0.0010,0.1523,316.2271,72.5902
tv10%_lb60d_ovly,2023–Aug 2024,2023-05-02,1.013214,0.6476,0.6559,0.6559,0.0000,0,-0.0122,0.1525,313.4691,72.8298
tv10%_lb60d_ovly,2023–Aug 2024,2023-05-03,1.009790,0.6476,0.6553,0.6553,0.0000,0,-0.0190,0.1526,311.4178,73.0072
tv10%_lb60d_ovly,2023–Aug 2024,2023-05-04,1.008044,0.6476,0.6630,0.6630,0.0000,0,-0.0260,0.1508,310.3186,73.1226
tv10%_lb60d_ovly,2023–Aug 2024,2023-05-05,1.021057,0.6476,0.6496,0.6496,0.0000,0,-0.0079,0.1539,316.9142,72.9451
tv10%_lb60d_ovly,2023–Aug 2024,2023-05-08,1.022126,0.6476,0.6543,0.6543,0.0000,0,-0.0077,0.1528,317.6993,72.8298
tv10%_lb60d_ovly,2023–Aug 2024,2023-05-09,1.017846,0.6476,0.6533,0.6533,0.0000,0,-0.0120,0.1531,315.6873,72.8120
tv10%_lb60d_ovly,2023–Aug 2024,2023-05-10,1.025893,0.6476,0.6601,0.6601,0.0000,0,-0.0074,0.1515,319.1225,72.9895
tv10%_lb60d_ovly,2023–Aug 2024,2023-05-11,1.028279,0.6476,0.6599,0.6599,0.0000,0,-0.0091,0.1515,320.1629,73.0339
tv10%_lb60d_ovly,2023–Aug 2024,2023-05-12,1.025274,0.6476,0.6605,0.6605,0.0000,0,-0.0104,0.1514,319.0145,72.9096
tv10%_lb60d_ovly,2023–Aug 2024,2023-05-15,1.028913,0.6476,0.6721,0.6721,0.0000,0,-0.0070,0.1488,320.7419,72.9185
tv10%_lb60d_ovly,2023–Aug 2024,2023-05-16,1.029227,0.6476,0.6695,0.6695,0.0000,0,-0.0137,0.1494,321.1051,72.8298
tv10%_lb60d_ovly,2023–Aug 2024,2023-05-17,1.036897,0.6476,0.6892,0.6892,0.0000,0,-0.0017,0.1451,324.9918,72.7499
tv10%_lb60d_ovly,2023–Aug 2024,2023-05-18,1.048701,0.6476,0.6842,0.6842,0.0000,0,0.0000,0.1462,331.0280,72.6168
tv10%_lb60d_ovly,2023–Aug 2024,2023-05-19,1.046900,0.6476,0.6852,0.6852,0.0000,0,-0.0015,0.1459,330.2821,72.5636
tv10%_lb60d_ovly,2023–Aug 2024,2023-05-22,1.049041,0.6476,0.6947,0.6947,0.0000,0,-0.0010,0.1439,331.3912,72.5370
tv10%_lb60d_ovly,2023–Aug 2024,2023-05-23,1.040384,0.6476,0.6848,0.6848,0.0000,0,-0.0123,0.1460,327.1903,72.5281
tv10%_lb60d_ovly,2023–Aug 2024,2023-05-24,1.036479,0.6476,0.6818,0.6818,0.0000,0,-0.0194,0.1467,325.5120,72.4393
tv10%_lb60d_ovly,2023–Aug 2024,2023-05-25,1.052007,0.6476,0.6791,0.6791,0.0000,0,-0.0109,0.1473,333.4326,72.2797
tv10%_lb60d_ovly,2023–Aug 2024,2023-05-26,1.069324,0.6476,0.6728,0.6728,0.0000,0,0.0000,0.1486,341.9520,72.2619
tv10%_lb60d_ovly,2023–Aug 2024,2023-05-30,1.073204,0.6476,0.6880,0.6880,0.0000,0,0.0000,0.1453,343.5028,72.4039
tv10%_lb60d_ovly,2023–Aug 2024,2023-05-31,1.069623,0.6476,0.6853,0.6853,0.0000,0,-0.0055,0.1459,341.5496,72.4748
tv10%_lb60d_ovly,2023–Aug 2024,2023-06-01,1.078213,0.6476,0.6988,0.6988,0.0000,0,0.0000,0.1431,345.4952,72.5878
tv10%_lb60d_ovly,2023–Aug 2024,2023-06-02,1.082323,0.6988,0.6864,0.6864,0.0000,0,0.0000,0.1457,348.0863,72.3832
tv10%_lb60d_ovly,2023–Aug 2024,2023-06-05,1.082937,0.6988,0.7149,0.7149,0.0000,0,-0.0019,0.1399,348.3317,72.4010
tv10%_lb60d_ovly,2023–Aug 2024,2023-06-06,1.082648,0.6988,0.7363,0.7363,0.0000,0,0.0000,0.1358,348.2728,72.3655
tv10%_lb60d_ovly,2023–Aug 2024,2023-06-07,1.069573,0.6988,0.7348,0.7348,0.0000,0,-0.0035,0.1361,342.3642,72.3121
tv10%_lb60d_ovly,2023–Aug 2024,2023-06-08,1.079366,0.6988,0.7522,0.7522,0.0000,0,0.0000,0.1330,346.6141,72.4277
tv10%_lb60d_ovly,2023–Aug 2024,2023-06-09,1.081592,0.7522,0.7579,0.7579,0.0000,0,0.0000,0.1319,347.9391,72.2943
tv10%_lb60d_ovly,2023–Aug 2024,2023-06-12,1.095570,0.7522,0.7766,0.7766,0.0000,0,0.0000,0.1288,353.8182,72.3566
tv10%_lb60d_ovly,2023–Aug 2024,2023-06-13,1.101401,0.7522,0.7929,0.7929,0.0000,0,0.0000,0.1261,356.5370,72.2231
tv10%_lb60d_ovly,2023–Aug 2024,2023-06-14,1.107253,0.7522,0.7994,0.7994,0.0000,0,0.0000,0.1251,359.1282,72.1787
tv10%_lb60d_ovly,2023–Aug 2024,2023-06-15,1.117752,0.7522,0.8011,0.8011,0.0000,0,0.0000,0.1248,363.4074,72.3299
tv10%_lb60d_ovly,2023–Aug 2024,2023-06-16,1.112087,0.7522,0.8406,0.8406,0.0000,0,-0.0034,0.1190,361.1206,72.2320
tv10%_lb60d_ovly,2023–Aug 2024,2023-06-20,1.110893,0.8406,0.8344,0.8344,0.0000,0,-0.0086,0.1198,360.6036,72.2587
tv10%_lb60d_ovly,2023–Aug 2024,2023-06-21,1.098167,0.8406,0.8314,0.8314,0.0000,0,-0.0137,0.1203,355.6894,72.2587
tv10%_lb60d_ovly,2023–Aug 2024,2023-06-22,1.108865,0.8406,0.8310,0.8310,0.0000,0,-0.0101,0.1203,359.8861,72.1787
tv10%_lb60d_ovly,2023–Aug 2024,2023-06-23,1.099776,0.8406,0.8225,0.8225,0.0000,0,-0.0176,0.1216,356.3184,72.2409
tv10%_lb60d_ovly,2023–Aug 2024,2023-06-26,1.087512,0.8406,0.8395,0.8395,0.0000,0,-0.0216,0.1191,351.5418,72.2943
tv10%_lb60d_ovly,2023–Aug 2024,2023-06-27,1.102976,0.8406,0.8306,0.8306,0.0000,0,-0.0109,0.1204,357.5863,72.1876
tv10%_lb60d_ovly,2023–Aug 2024,2023-06-28,1.104980,0.8406,0.8512,0.8512,0.0000,0,-0.0104,0.1175,358.2841,72.2676
tv10%_lb60d_ovly,2023–Aug 2024,2023-06-29,1.102686,0.8406,0.8511,0.8511,0.0000,0,-0.0065,0.1175,357.5667,72.0897
tv10%_lb60d_ovly,2023–Aug 2024,2023-06-30,1.117045,0.8406,0.8430,0.8430,0.0000,0,0.0000,0.1186,363.0803,72.1164
tv10%_lb60d_ovly,2023–Aug 2024,2023-07-03,1.119050,0.8406,0.8451,0.8451,0.0000,0,0.0000,0.1183,363.9355,72.0326
tv10%_lb60d_ovly,2023–Aug 2024,2023-07-05,1.118980,0.8406,0.8448,0.8448,0.0000,0,-0.0015,0.1184,363.9256,72.0147
tv10%_lb60d_ovly,2023–Aug 2024,2023-07-06,1.111706,0.8406,0.8342,0.8342,0.0000,0,-0.0093,0.1199,361.1540,71.9702
tv10%_lb60d_ovly,2023–Aug 2024,2023-07-07,1.108800,0.8406,0.8326,0.8326,0.0000,0,-0.0118,0.1201,359.9548,72.0504
tv10%_lb60d_ovly,2023–Aug 2024,2023-07-10,1.109368,0.8406,0.8359,0.8359,0.0000,0,-0.0093,0.1196,360.0728,72.1574
tv10%_lb60d_ovly,2023–Aug 2024,2023-07-11,1.113954,0.8406,0.8508,0.8508,0.0000,0,-0.0030,0.1175,361.8517,72.1485
tv10%_lb60d_ovly,2023–Aug 2024,2023-07-12,1.126308,0.8406,0.8467,0.8467,0.0000,0,0.0000,0.1181,366.4220,72.3625
tv10%_lb60d_ovly,2023–Aug 2024,2023-07-13,1.142892,0.8406,0.8419,0.8419,0.0000,0,0.0000,0.1188,372.6434,72.5676
tv10%_lb60d_ovly,2023–Aug 2024,2023-07-14,1.142219,0.8406,0.8414,0.8414,0.0000,0,-0.0006,0.1188,372.5647,72.3803
tv10%_lb60d_ovly,2023–Aug 2024,2023-07-17,1.151253,0.8406,0.8412,0.8412,0.0000,0,0.0000,0.1189,376.0439,72.4071
tv10%_lb60d_ovly,2023–Aug 2024,2023-07-18,1.159170,0.8406,0.8433,0.8433,0.0000,0,0.0000,0.1186,379.1203,72.4071
tv10%_lb60d_ovly,2023–Aug 2024,2023-07-19,1.159011,0.8406,0.8434,0.8434,0.0000,0,0.0000,0.1186,379.0318,72.4339
tv10%_lb60d_ovly,2023–Aug 2024,2023-07-20,1.136324,0.8406,0.8347,0.8347,0.0000,0,-0.0066,0.1198,370.2944,72.3447
tv10%_lb60d_ovly,2023–Aug 2024,2023-07-21,1.133482,0.8406,0.8762,0.8762,0.0000,0,-0.0066,0.1141,369.1838,72.3536
tv10%_lb60d_ovly,2023–Aug 2024,2023-07-24,1.134781,0.8406,0.8808,0.8808,0.0000,0,-0.0022,0.1135,369.7735,72.2644
tv10%_lb60d_ovly,2023–Aug 2024,2023-07-25,1.141224,0.8406,0.9313,0.9313,0.0000,0,0.0000,0.1074,372.2797,72.2555
tv10%_lb60d_ovly,2023–Aug 2024,2023-07-26,1.138109,0.9313,0.9391,0.9391,0.0000,0,0.0000,0.1065,371.0413,72.3269
tv10%_lb60d_ovly,2023–Aug 2024,2023-07-27,1.135467,0.9313,0.9286,0.9286,0.0000,0,-0.0066,0.1077,370.1568,72.2198
tv10%_lb60d_ovly,2023–Aug 2024,2023-07-28,1.154834,0.9313,0.9466,0.9466,0.0000,0,0.0000,0.1056,376.8990,72.3179
tv10%_lb60d_ovly,2023–Aug 2024,2023-07-31,1.155414,0.9313,0.9610,0.9610,0.0000,0,0.0000,0.1041,377.0956,72.3358
tv10%_lb60d_ovly,2023–Aug 2024,2023-08-01,1.152851,0.9313,0.9724,0.9724,0.0000,0,-0.0029,0.1028,376.2209,72.2750
tv10%_lb60d_ovly,2023–Aug 2024,2023-08-02,1.129331,0.9313,0.9774,0.9774,0.0000,0,-0.0167,0.1023,367.9650,72.3107
tv10%_lb60d_ovly,2023–Aug 2024,2023-08-03,1.127674,0.9313,0.9739,0.9739,0.0000,0,-0.0196,0.1027,367.3754,72.3376
tv10%_lb60d_ovly,2023–Aug 2024,2023-08-04,1.122911,0.9313,0.9736,0.9736,0.0000,0,-0.0240,0.1027,365.6554,72.4806
tv10%_lb60d_ovly,2023–Aug 2024,2023-08-07,1.131794,0.9313,0.9654,0.9654,0.0000,0,-0.0155,0.1036,368.7513,72.5074
tv10%_lb60d_ovly,2023–Aug 2024,2023-08-08,1.122870,0.9313,0.9609,0.9609,0.0000,0,-0.0197,0.1041,365.6160,72.5432
tv10%_lb60d_ovly,2023–Aug 2024,2023-08-09,1.111326,0.9313,0.9500,0.9500,0.0000,0,-0.0263,0.1053,361.5963,72.4985
tv10%_lb60d_ovly,2023–Aug 2024,2023-08-10,1.113201,0.9313,0.9506,0.9506,0.0000,0,-0.0260,0.1052,362.2646,72.4627
tv10%_lb60d_ovly,2023–Aug 2024,2023-08-11,1.106516,0.9313,0.9621,0.9621,0.0000,0,-0.0265,0.1039,359.9548,72.3912
tv10%_lb60d_ovly,2023–Aug 2024,2023-08-14,1.118014,0.9313,0.9811,0.9811,0.0000,0,-0.0211,0.1019,363.9944,72.3286
tv10%_lb60d_ovly,2023–Aug 2024,2023-08-15,1.106994,0.9313,0.9626,0.9626,0.0000,0,-0.0325,0.1039,360.1318,72.3555
tv10%_lb60d_ovly,2023–Aug 2024,2023-08-16,1.096040,0.9313,0.9508,0.9508,0.0000,0,-0.0396,0.1052,356.3184,72.3197
tv10%_lb60d_ovly,2023–Aug 2024,2023-08-17,1.084975,0.9313,0.9379,0.9379,0.0000,0,-0.0470,0.1066,352.4264,72.4001
tv10%_lb60d_ovly,2023–Aug 2024,2023-08-18,1.083735,0.9313,0.9649,0.9649,0.0000,0,-0.0465,0.1036,351.9840,72.4270
tv10%_lb60d_ovly,2023–Aug 2024,2023-08-21,1.099912,0.9313,0.9727,0.9727,0.0000,0,-0.0403,0.1028,357.6551,72.3465
tv10%_lb60d_ovly,2023–Aug 2024,2023-08-22,1.098411,0.9313,0.9812,0.9812,0.0000,0,-0.0429,0.1019,357.1440,72.3107
tv10%_lb60d_ovly,2023–Aug 2024,2023-08-23,1.114681,0.9313,0.9892,0.9892,0.0000,0,-0.0322,0.1011,362.7756,72.4448
tv10%_lb60d_ovly,2023–Aug 2024,2023-08-24,1.092381,0.9892,0.9469,0.9469,0.0000,0,-0.0457,0.1056,355.0211,72.4001
tv10%_lb60d_ovly,2023–Aug 2024,2023-08-25,1.100750,0.9892,0.9473,0.9473,0.0000,0,-0.0389,0.1056,357.7730,72.3555
tv10%_lb60d_ovly,2023–Aug 2024,2023-08-28,1.108953,0.9892,0.9554,0.9554,0.0000,0,-0.0301,0.1047,360.4660,72.4001
tv10%_lb60d_ovly,2023–Aug 2024,2023-08-29,1.132938,0.9892,0.9554,0.9554,0.0000,0,-0.0034,0.1047,368.3385,72.5611
tv10%_lb60d_ovly,2023–Aug 2024,2023-08-30,1.139188,0.9892,0.9550,0.9550,0.0000,0,0.0000,0.1047,370.3927,72.5611
tv10%_lb60d_ovly,2023–Aug 2024,2023-08-31,1.142579,0.9892,0.9542,0.9542,0.0000,0,-0.0015,0.1048,371.5032,72.6326
tv10%_lb60d_ovly,2023–Aug 2024,2023-09-01,1.141376,0.9892,0.9577,0.9577,0.0000,0,0.0000,0.1044,371.1101,72.5931
tv10%_lb60d_ovly,2023–Aug 2024,2023-09-05,1.142796,0.9892,0.9575,0.9575,0.0000,0,-0.0043,0.1044,371.5819,72.5035
tv10%_lb60d_ovly,2023–Aug 2024,2023-09-06,1.132826,0.9892,0.9473,0.9473,0.0000,0,-0.0110,0.1056,368.3090,72.4229
tv10%_lb60d_ovly,2023–Aug 2024,2023-09-07,1.124834,0.9892,0.9580,0.9580,0.0000,0,-0.0141,0.1044,365.6750,72.5573
tv10%_lb60d_ovly,2023–Aug 2024,2023-09-08,1.126383,0.9892,0.9649,0.9649,0.0000,0,-0.0126,0.1036,366.1861,72.5215
tv10%_lb60d_ovly,2023–Aug 2024,2023-09-11,1.139515,0.9892,0.9579,0.9579,0.0000,0,-0.0061,0.1044,370.5008,72.5394
tv10%_lb60d_ovly,2023–Aug 2024,2023-09-12,1.127010,0.9892,0.9792,0.9792,0.0000,0,-0.0115,0.1021,366.3925,72.5035
tv10%_lb60d_ovly,2023–Aug 2024,2023-09-13,1.131267,0.9892,0.9817,0.9817,0.0000,0,-0.0104,0.1019,367.7881,72.5663
tv10%_lb60d_ovly,2023–Aug 2024,2023-09-14,1.140415,0.9892,0.9744,0.9744,0.0000,0,-0.0018,0.1026,370.7957,72.5484
tv10%_lb60d_ovly,2023–Aug 2024,2023-09-15,1.121092,0.9892,0.9503,0.9503,0.0000,0,-0.0139,0.1052,364.4465,72.5125
tv10%_lb60d_ovly,2023–Aug 2024,2023-09-18,1.122247,0.9892,0.9523,0.9523,0.0000,0,-0.0133,0.1050,364.8264,72.5035
tv10%_lb60d_ovly,2023–Aug 2024,2023-09-19,1.119872,0.9892,0.9630,0.9630,0.0000,0,-0.0153,0.1038,364.0488,72.4497
tv10%_lb60d_ovly,2023–Aug 2024,2023-09-20,1.103901,0.9892,0.9495,0.9495,0.0000,0,-0.0244,0.1053,358.8027,72.4050
tv10%_lb60d_ovly,2023–Aug 2024,2023-09-21,1.083896,0.9892,0.9208,0.9208,0.0000,0,-0.0405,0.1086,352.2278,72.4408
tv10%_lb60d_ovly,2023–Aug 2024,2023-09-22,1.083984,0.9208,0.9201,0.9201,0.0000,0,-0.0427,0.1087,352.2771,72.5125
tv10%_lb60d_ovly,2023–Aug 2024,2023-09-25,1.088692,0.9208,0.9197,0.9197,0.0000,0,-0.0386,0.1087,353.9503,72.4856
tv10%_lb60d_ovly,2023–Aug 2024,2023-09-26,1.073650,0.9208,0.9098,0.9098,0.0000,0,-0.0528,0.1099,348.6353,72.4946
tv10%_lb60d_ovly,2023–Aug 2024,2023-09-27,1.075904,0.9208,0.9101,0.9101,0.0000,0,-0.0524,0.1099,349.4522,72.4408
tv10%_lb60d_ovly,2023–Aug 2024,2023-09-28,1.084338,0.9208,0.9039,0.9039,0.0000,0,-0.0469,0.1106,352.3755,72.5663
tv10%_lb60d_ovly,2023–Aug 2024,2023-09-29,1.085074,0.9208,0.9120,0.9120,0.0000,0,-0.0492,0.1096,352.6314,72.5752
tv10%_lb60d_ovly,2023–Aug 2024,2023-10-02,1.093326,0.9208,0.9127,0.9127,0.0000,0,-0.0478,0.1096,355.5744,72.5024
tv10%_lb60d_ovly,2023–Aug 2024,2023-10-03,1.075594,0.9208,0.8880,0.8880,0.0000,0,-0.0606,0.1126,349.3341,72.4485
tv10%_lb60d_ovly,2023–Aug 2024,2023-10-04,1.089262,0.9208,0.8860,0.8860,0.0000,0,-0.0537,0.1129,354.0881,72.6103
tv10%_lb60d_ovly,2023–Aug 2024,2023-10-05,1.086392,0.9208,0.8974,0.8974,0.0000,0,-0.0541,0.1114,353.0447,72.6822
tv10%_lb60d_ovly,2023–Aug 2024,2023-10-06,1.103079,0.9208,0.8850,0.8850,0.0000,0,-0.0429,0.1130,358.9603,72.6193
tv10%_lb60d_ovly,2023–Aug 2024,2023-10-09,1.108518,0.9208,0.8777,0.8777,0.0000,0,-0.0367,0.1139,360.7909,72.8349
tv10%_lb60d_ovly,2023–Aug 2024,2023-10-10,1.114117,0.9208,0.8753,0.8753,0.0000,0,-0.0317,0.1142,362.7890,72.7900
tv10%_lb60d_ovly,2023–Aug 2024,2023-10-11,1.121415,0.9208,0.8814,0.8814,0.0000,0,-0.0278,0.1135,365.3776,72.7720
tv10%_lb60d_ovly,2023–Aug 2024,2023-10-12,1.117717,0.9208,0.8783,0.8783,0.0000,0,-0.0225,0.1139,364.1078,72.6822
tv10%_lb60d_ovly,2023–Aug 2024,2023-10-13,1.104835,0.9208,0.8808,0.8808,0.0000,0,-0.0273,0.1135,359.5311,72.7271
tv10%_lb60d_ovly,2023–Aug 2024,2023-10-16,1.116283,0.9208,0.8634,0.8634,0.0000,0,-0.0151,0.1158,363.5961,72.6822
tv10%_lb60d_ovly,2023–Aug 2024,2023-10-17,1.112656,0.8634,0.8669,0.8669,0.0000,0,-0.0060,0.1154,362.4052,72.5204
tv10%_lb60d_ovly,2023–Aug 2024,2023-10-18,1.100054,0.8634,0.8470,0.8470,0.0000,0,-0.0140,0.1181,357.6511,72.5204
tv10%_lb60d_ovly,2023–Aug 2024,2023-10-19,1.091372,0.8634,0.8392,0.8392,0.0000,0,-0.0227,0.1192,354.3047,72.6193
tv10%_lb60d_ovly,2023–Aug 2024,2023-10-20,1.077555,0.8634,0.8273,0.8273,0.0000,0,-0.0347,0.1209,349.0191,72.7361
tv10%_lb60d_ovly,2023–Aug 2024,2023-10-23,1.080454,0.8634,0.8423,0.8423,0.0000,0,-0.0363,0.1187,350.0723,72.7810
tv10%_lb60d_ovly,2023–Aug 2024,2023-10-24,1.089492,0.8634,0.8338,0.8338,0.0000,0,-0.0291,0.1199,353.4779,72.7631
tv10%_lb60d_ovly,2023–Aug 2024,2023-10-25,1.066304,0.8634,0.8135,0.8135,0.0000,0,-0.0430,0.1229,344.8263,72.6822
tv10%_lb60d_ovly,2023–Aug 2024,2023-10-26,1.049038,0.8634,0.8188,0.8188,0.0000,0,-0.0545,0.1221,338.2513,72.8260
tv10%_lb60d_ovly,2023–Aug 2024,2023-10-27,1.053475,0.8634,0.8179,0.8179,0.0000,0,-0.0588,0.1223,339.8754,72.8709
tv10%_lb60d_ovly,2023–Aug 2024,2023-10-30,1.063668,0.8634,0.7995,0.7995,0.0000,0,-0.0475,0.1251,343.7041,72.8439
tv10%_lb60d_ovly,2023–Aug 2024,2023-10-31,1.067938,0.7995,0.8042,0.8042,0.0000,0,-0.0415,0.1244,345.3478,72.8169
tv10%_lb60d_ovly,2023–Aug 2024,2023-11-01,1.083235,0.7995,0.7906,0.7906,0.0000,0,-0.0313,0.1265,351.3420,72.9792
tv10%_lb60d_ovly,2023–Aug 2024,2023-11-02,1.098984,0.7995,0.7558,0.7558,0.0000,0,-0.0127,0.1323,357.7200,72.9882
tv10%_lb60d_ovly,2023–Aug 2024,2023-11-03,1.109906,0.7995,0.7476,0.7476,0.0000,0,-0.0037,0.1338,361.9228,73.1865
tv10%_lb60d_ovly,2023–Aug 2024,2023-11-06,1.113057,0.7476,0.7470,0.7470,0.0000,0,-0.0014,0.1339,363.3992,73.0513
tv10%_lb60d_ovly,2023–Aug 2024,2023-11-07,1.121132,0.7476,0.7492,0.7492,0.0000,0,0.0000,0.1335,366.8344,73.1054
tv10%_lb60d_ovly,2023–Aug 2024,2023-11-08,1.121602,0.7476,0.7612,0.7612,0.0000,0,0.0000,0.1314,367.0705,73.0873
tv10%_lb60d_ovly,2023–Aug 2024,2023-11-09,1.114730,0.7476,0.7605,0.7605,0.0000,0,-0.0078,0.1315,364.2457,72.9792
tv10%_lb60d_ovly,2023–Aug 2024,2023-11-10,1.133536,0.7476,0.7442,0.7442,0.0000,0,0.0000,0.1344,372.4348,72.9972
tv10%_lb60d_ovly,2023–Aug 2024,2023-11-13,1.130999,0.7476,0.7441,0.7441,0.0000,0,-0.0010,0.1344,371.2733,73.0242
tv10%_lb60d_ovly,2023–Aug 2024,2023-11-14,1.150329,0.7476,0.7175,0.7175,0.0000,0,0.0000,0.1394,379.2655,73.3126
tv10%_lb60d_ovly,2023–Aug 2024,2023-11-15,1.150441,0.7476,0.7180,0.7180,0.0000,0,0.0000,0.1393,379.5510,73.1774
tv10%_lb60d_ovly,2023–Aug 2024,2023-11-16,1.151678,0.7476,0.7271,0.7271,0.0000,0,0.0000,0.1375,379.8758,73.3036
tv10%_lb60d_ovly,2023–Aug 2024,2023-11-17,1.151664,0.7476,0.7448,0.7448,0.0000,0,0.0000,0.1343,379.9643,73.2495
tv10%_lb60d_ovly,2023–Aug 2024,2023-11-20,1.162183,0.7476,0.7440,0.7440,0.0000,0,0.0000,0.1344,384.5903,73.2586
tv10%_lb60d_ovly,2023–Aug 2024,2023-11-21,1.157316,0.7476,0.7463,0.7463,0.0000,0,-0.0022,0.1340,382.3561,73.3036
tv10%_lb60d_ovly,2023–Aug 2024,2023-11-22,1.160893,0.7476,0.7632,0.7632,0.0000,0,0.0000,0.1310,383.9210,73.3126
tv10%_lb60d_ovly,2023–Aug 2024,2023-11-24,1.159453,0.7476,0.7646,0.7646,0.0000,0,0.0000,0.1308,383.3797,73.2586
tv10%_lb60d_ovly,2023–Aug 2024,2023-11-27,1.159056,0.7476,0.7645,0.7645,0.0000,0,-0.0018,0.1308,383.0451,73.3487
tv10%_lb60d_ovly,2023–Aug 2024,2023-11-28,1.161867,0.7476,0.7647,0.7647,0.0000,0,-0.0008,0.1308,384.0490,73.4838
tv10%_lb60d_ovly,2023–Aug 2024,2023-11-29,1.161596,0.7476,0.7666,0.7666,0.0000,0,-0.0015,0.1305,383.6750,73.6281
tv10%_lb60d_ovly,2023–Aug 2024,2023-11-30,1.159233,0.7476,0.7702,0.7702,0.0000,0,0.0000,0.1298,382.7104,73.5830
tv10%_lb60d_ovly,2023–Aug 2024,2023-12-01,1.162559,0.7476,0.7686,0.7686,0.0000,0,0.0000,0.1301,383.8029,73.7972
tv10%_lb60d_ovly,2023–Aug 2024,2023-12-04,1.154059,0.7476,0.7655,0.7655,0.0000,0,-0.0052,0.1306,380.2399,73.6887
tv10%_lb60d_ovly,2023–Aug 2024,2023-12-05,1.156583,0.7476,0.7691,0.7691,0.0000,0,-0.0054,0.1300,381.1947,73.7791
tv10%_lb60d_ovly,2023–Aug 2024,2023-12-06,1.151510,0.7476,0.7705,0.7705,0.0000,0,-0.0095,0.1298,378.9899,73.7611
tv10%_lb60d_ovly,2023–Aug 2024,2023-12-07,1.163752,0.7476,0.7656,0.7656,0.0000,0,-0.0019,0.1306,384.2853,73.8153
tv10%_lb60d_ovly,2023–Aug 2024,2023-12-08,1.166983,0.7476,0.7706,0.7706,0.0000,0,0.0000,0.1298,385.9979,73.6526
tv10%_lb60d_ovly,2023–Aug 2024,2023-12-11,1.174508,0.7476,0.7856,0.7856,0.0000,0,0.0000,0.1273,389.2951,73.6707
tv10%_lb60d_ovly,2023–Aug 2024,2023-12-12,1.181538,0.7476,0.7841,0.7841,0.0000,0,0.0000,0.1275,392.3956,73.6797
tv10%_lb60d_ovly,2023–Aug 2024,2023-12-13,1.194272,0.7476,0.7686,0.7686,0.0000,0,0.0000,0.1301,397.3858,74.0503
tv10%_lb60d_ovly,2023–Aug 2024,2023-12-14,1.194014,0.7476,0.7788,0.7788,0.0000,0,0.0000,0.1284,397.0413,74.1773
tv10%_lb60d_ovly,2023–Aug 2024,2023-12-15,1.197998,0.7476,0.8127,0.8127,0.0000,0,-0.0016,0.1230,398.9606,74.0956
tv10%_lb60d_ovly,2023–Aug 2024,2023-12-18,1.203525,0.8127,0.8124,0.8124,0.0000,0,0.0000,0.1231,401.4735,74.0866
tv10%_lb60d_ovly,2023–Aug 2024,2023-12-19,1.208605,0.8127,0.8109,0.8109,0.0000,0,0.0000,0.1233,403.5248,74.1138
tv10%_lb60d_ovly,2023–Aug 2024,2023-12-20,1.194314,0.8127,0.8140,0.8140,0.0000,0,-0.0139,0.1228,397.5286,74.2135
tv10%_lb60d_ovly,2023–Aug 2024,2023-12-21,1.205826,0.8127,0.8075,0.8075,0.0000,0,-0.0045,0.1238,402.1540,74.2861
tv10%_lb60d_ovly,2023–Aug 2024,2023-12-22,1.207375,0.8127,0.8093,0.8093,0.0000,0,-0.0025,0.1236,402.7556,74.3133
tv10%_lb60d_ovly,2023–Aug 2024,2023-12-26,1.213271,0.8127,0.8106,0.8106,0.0000,0,0.0000,0.1234,405.2212,74.2770
tv10%_lb60d_ovly,2023–Aug 2024,2023-12-27,1.215556,0.8127,0.8112,0.8112,0.0000,0,0.0000,0.1233,406.0461,74.3677
tv10%_lb60d_ovly,2023–Aug 2024,2023-12-28,1.215048,0.8127,0.8396,0.8396,0.0000,0,0.0000,0.1191,405.8488,74.3586
tv10%_lb60d_ovly,2023–Aug 2024,2023-12-29,1.210886,0.8127,0.8400,0.8400,0.0000,0,-0.0029,0.1190,404.0923,74.3949
tv10%_lb60d_ovly,2023–Aug 2024,2024-01-02,1.193956,0.8127,0.8336,0.8336,0.0000,0,-0.0085,0.1200,397.2542,74.3043
tv10%_lb60d_ovly,2023–Aug 2024,2024-01-03,1.183744,0.8127,0.8342,0.8342,0.0000,0,-0.0166,0.1199,393.0506,74.3224
tv10%_lb60d_ovly,2023–Aug 2024,2024-01-04,1.178658,0.8127,0.8345,0.8345,0.0000,0,-0.0197,0.1198,391.0278,74.2770
tv10%_lb60d_ovly,2023–Aug 2024,2024-01-05,1.179740,0.8127,0.8363,0.8363,0.0000,0,-0.0184,0.1196,391.4916,74.2589
tv10%_lb60d_ovly,2023–Aug 2024,2024-01-08,1.199744,0.8127,0.8175,0.8175,0.0000,0,-0.0044,0.1223,399.5829,74.3224
tv10%_lb60d_ovly,2023–Aug 2024,2024-01-09,1.201725,0.8127,0.8232,0.8232,0.0000,0,-0.0059,0.1215,400.3723,74.3405
tv10%_lb60d_ovly,2023–Aug 2024,2024-01-10,1.208344,0.8127,0.8266,0.8266,0.0000,0,-0.0003,0.1210,403.0859,74.3405
tv10%_lb60d_ovly,2023–Aug 2024,2024-01-11,1.210912,0.8127,0.8356,0.8356,0.0000,0,-0.0007,0.1197,403.9246,74.5128
tv10%_lb60d_ovly,2023–Aug 2024,2024-01-12,1.211886,0.8127,0.8358,0.8358,0.0000,0,-0.0000,0.1196,404.1318,74.6669
tv10%_lb60d_ovly,2023–Aug 2024,2024-01-16,1.211432,0.8127,0.8617,0.8617,0.0000,0,-0.0037,0.1160,404.0923,74.5491
tv10%_lb60d_ovly,2023–Aug 2024,2024-01-17,1.205437,0.8127,0.8698,0.8698,0.0000,0,-0.0092,0.1150,401.8130,74.4040
tv10%_lb60d_ovly,2023–Aug 2024,2024-01-18,1.219382,0.8698,0.8927,0.8927,0.0000,0,-0.0004,0.1120,407.5164,74.4402
tv10%_lb60d_ovly,2023–Aug 2024,2024-01-19,1.240299,0.8698,0.8798,0.8798,0.0000,0,0.0000,0.1137,415.5978,74.3858
tv10%_lb60d_ovly,2023–Aug 2024,2024-01-22,1.241786,0.8698,0.8837,0.8837,0.0000,0,0.0000,0.1132,416.1406,74.4221
tv10%_lb60d_ovly,2023–Aug 2024,2024-01-23,1.246248,0.8698,0.9289,0.9289,0.0000,0,0.0000,0.1077,417.8673,74.4130
tv10%_lb60d_ovly,2023–Aug 2024,2024-01-24,1.252111,0.9289,0.9678,0.9678,0.0000,0,0.0000,0.1033,420.1862,74.3768
tv10%_lb60d_ovly,2023–Aug 2024,2024-01-25,1.253694,0.9289,0.9773,0.9773,0.0000,0,0.0000,0.1023,420.6993,74.5128
tv10%_lb60d_ovly,2023–Aug 2024,2024-01-26,1.246702,0.9289,0.9905,0.9905,0.0000,0,-0.0013,0.1010,418.1930,74.4675
tv10%_lb60d_ovly,2023–Aug 2024,2024-01-29,1.258569,0.9905,0.9876,0.9876,0.0000,0,0.0000,0.1013,422.4754,74.5400
tv10%_lb60d_ovly,2023–Aug 2024,2024-01-30,1.250264,0.9905,0.9984,0.9984,0.0000,0,-0.0008,0.1002,419.6632,74.4947
tv10%_lb60d_ovly,2023–Aug 2024,2024-01-31,1.226029,0.9905,0.9836,0.9836,0.0000,0,-0.0171,0.1017,411.4436,74.6307
tv10%_lb60d_ovly,2023–Aug 2024,2024-02-01,1.240347,0.9905,0.9695,0.9695,0.0000,0,-0.0042,0.1031,416.2885,74.7417
tv10%_lb60d_ovly,2023–Aug 2024,2024-02-02,1.261074,0.9905,0.9562,0.9562,0.0000,0,0.0000,0.1046,423.3240,74.5052
tv10%_lb60d_ovly,2023–Aug 2024,2024-02-05,1.259420,0.9905,0.9501,0.9501,0.0000,0,-0.0036,0.1052,422.7715,74.3597
tv10%_lb60d_ovly,2023–Aug 2024,2024-02-06,1.256935,0.9905,0.9504,0.9504,0.0000,0,-0.0007,0.1052,421.9228,74.4779
tv10%_lb60d_ovly,2023–Aug 2024,2024-02-07,1.269742,0.9905,0.9624,0.9624,0.0000,0,0.0000,0.1039,426.2646,74.4506
tv10%_lb60d_ovly,2023–Aug 2024,2024-02-08,1.272068,0.9905,0.9969,0.9969,0.0000,0,0.0000,0.1003,427.0539,74.4324
tv10%_lb60d_ovly,2023–Aug 2024,2024-02-09,1.284467,0.9905,0.9963,0.9963,0.0000,0,0.0000,0.1004,431.2575,74.4051
tv10%_lb60d_ovly,2023–Aug 2024,2024-02-12,1.279490,0.9905,1.0000,1.0000,0.0000,0,-0.0004,0.0941,429.5701,74.4142
tv10%_lb60d_ovly,2023–Aug 2024,2024-02-13,1.259684,0.9905,1.0000,1.0000,0.0000,0,-0.0142,0.0994,422.8701,74.1778
tv10%_lb60d_ovly,2023–Aug 2024,2024-02-14,1.273299,0.9905,0.9941,0.9941,0.0000,0,-0.0052,0.1006,427.4782,74.2869
tv10%_lb60d_ovly,2023–Aug 2024,2024-02-15,1.277066,0.9905,0.9888,0.9888,0.0000,0,0.0000,0.1011,428.7512,74.3597
tv10%_lb60d_ovly,2023–Aug 2024,2024-02-16,1.265581,0.9905,0.9866,0.9866,0.0000,0,-0.0050,0.1014,424.8634,74.2687
tv10%_lb60d_ovly,2023–Aug 2024,2024-02-20,1.256126,0.9905,0.9792,0.9792,0.0000,0,-0.0105,0.1021,421.6564,74.3142
tv10%_lb60d_ovly,2023–Aug 2024,2024-02-21,1.251137,0.9905,0.9802,0.9802,0.0000,0,-0.0096,0.1020,419.9691,74.2505
tv10%_lb60d_ovly,2023–Aug 2024,2024-02-22,1.287416,0.9905,0.9164,0.9164,0.0000,0,0.0000,0.1091,432.2639,74.2414
tv10%_lb60d_ovly,2023–Aug 2024,2024-02-23,1.283572,0.9164,0.9184,0.9184,0.0000,0,0.0000,0.1089,430.9911,74.2778
tv10%_lb60d_ovly,2023–Aug 2024,2024-02-26,1.282874,0.9164,0.9135,0.9135,0.0000,0,-0.0037,0.1095,430.7641,74.2232
tv10%_lb60d_ovly,2023–Aug 2024,2024-02-27,1.285701,0.9164,0.9145,0.9145,0.0000,0,-0.0018,0.1093,431.8001,74.2232
tv10%_lb60d_ovly,2023–Aug 2024,2024-02-28,1.279534,0.9164,0.9136,0.9136,0.0000,0,-0.0031,0.1095,429.5011,74.2960
tv10%_lb60d_ovly,2023–Aug 2024,2024-02-29,1.289647,0.9164,0.9159,0.9159,0.0000,0,0.0000,0.1092,433.1816,74.3415
tv10%_lb60d_ovly,2023–Aug 2024,2024-03-01,1.307653,0.9164,0.9151,0.9151,0.0000,0,0.0000,0.1093,439.7040,74.4874
tv10%_lb60d_ovly,2023–Aug 2024,2024-03-04,1.303270,0.9164,0.9143,0.9143,0.0000,0,-0.0011,0.1094,438.1351,74.4144
tv10%_lb60d_ovly,2023–Aug 2024,2024-03-05,1.281913,0.9164,0.8972,0.8972,0.0000,0,-0.0111,0.1115,430.2707,74.4692
tv10%_lb60d_ovly,2023–Aug 2024,2024-03-06,1.289321,0.9164,0.9007,0.9007,0.0000,0,-0.0060,0.1110,432.9745,74.4874
tv10%_lb60d_ovly,2023–Aug 2024,2024-03-07,1.307386,0.9164,0.8918,0.8918,0.0000,0,0.0000,0.1121,439.5462,74.5786
tv10%_lb60d_ovly,2023–Aug 2024,2024-03-08,1.290146,0.9164,0.8832,0.8832,0.0000,0,-0.0060,0.1132,433.2014,74.6151
tv10%_lb60d_ovly,2023–Aug 2024,2024-03-11,1.285664,0.9164,0.8834,0.8834,0.0000,0,-0.0069,0.1132,431.5929,74.5513
tv10%_lb60d_ovly,2023–Aug 2024,2024-03-12,1.302447,0.9164,0.8928,0.8928,0.0000,0,0.0000,0.1120,437.7799,74.4783
tv10%_lb60d_ovly,2023–Aug 2024,2024-03-13,1.293221,0.9164,0.8917,0.8917,0.0000,0,-0.0016,0.1121,434.4151,74.4418
tv10%_lb60d_ovly,2023–Aug 2024,2024-03-14,1.290140,0.9164,0.8914,0.8914,0.0000,0,-0.0035,0.1122,433.3198,74.3779
tv10%_lb60d_ovly,2023–Aug 2024,2024-03-15,1.276021,0.9164,0.8836,0.8836,0.0000,0,-0.0104,0.1132,428.1690,74.3324
tv10%_lb60d_ovly,2023–Aug 2024,2024-03-18,1.287186,0.9164,0.8838,0.8838,0.0000,0,-0.0045,0.1131,432.2526,74.3415
tv10%_lb60d_ovly,2023–Aug 2024,2024-03-19,1.290217,0.9164,0.9185,0.9185,0.0000,0,0.0000,0.1089,433.3295,74.4053
tv10%_lb60d_ovly,2023–Aug 2024,2024-03-20,1.304407,0.9164,0.9191,0.9191,0.0000,0,0.0000,0.1088,438.4674,74.5239
tv10%_lb60d_ovly,2023–Aug 2024,2024-03-21,1.310064,0.9164,0.9187,0.9187,0.0000,0,0.0000,0.1089,440.5423,74.5239
tv10%_lb60d_ovly,2023–Aug 2024,2024-03-22,1.311517,0.9164,0.9177,0.9177,0.0000,0,-0.0019,0.1090,441.0462,74.5786
tv10%_lb60d_ovly,2023–Aug 2024,2024-03-25,1.307102,0.9164,0.9147,0.9147,0.0000,0,-0.0047,0.1093,439.4456,74.5421
tv10%_lb60d_ovly,2023–Aug 2024,2024-03-26,1.303251,0.9164,0.9131,0.9131,0.0000,0,-0.0065,0.1095,438.0228,74.5604
tv10%_lb60d_ovly,2023–Aug 2024,2024-03-27,1.307438,0.9164,0.9088,0.9088,0.0000,0,0.0000,0.1100,439.5147,74.6425
tv10%_lb60d_ovly,2023–Aug 2024,2024-03-28,1.305163,0.9164,0.9169,0.9169,0.0000,0,-0.0002,0.1091,438.7046,74.5969
tv10%_lb60d_ovly,2023–Aug 2024,2024-04-01,1.307468,0.9164,0.9316,0.9316,0.0000,0,-0.0019,0.1073,439.6334,74.4413
tv10%_lb60d_ovly,2023–Aug 2024,2024-04-02,1.297181,0.9164,0.9245,0.9245,0.0000,0,-0.0083,0.1082,435.8392,74.4779
tv10%_lb60d_ovly,2023–Aug 2024,2024-04-03,1.299929,0.9164,0.9245,0.9245,0.0000,0,-0.0072,0.1082,436.8174,74.5328
tv10%_lb60d_ovly,2023–Aug 2024,2024-04-04,1.281822,0.9164,0.9189,0.9189,0.0000,0,-0.0193,0.1088,430.1381,74.6060
tv10%_lb60d_ovly,2023–Aug 2024,2024-04-05,1.295492,0.9164,0.9074,0.9074,0.0000,0,-0.0091,0.1102,435.2068,74.4870
tv10%_lb60d_ovly,2023–Aug 2024,2024-04-08,1.295736,0.9164,0.9100,0.9100,0.0000,0,-0.0085,0.1099,435.3353,74.4138
tv10%_lb60d_ovly,2023–Aug 2024,2024-04-09,1.300235,0.9164,0.9105,0.9105,0.0000,0,-0.0074,0.1098,436.9458,74.4870
tv10%_lb60d_ovly,2023–Aug 2024,2024-04-10,1.289395,0.9164,0.8901,0.8901,0.0000,0,-0.0173,0.1123,433.1319,74.1851
tv10%_lb60d_ovly,2023–Aug 2024,2024-04-11,1.308395,0.9164,0.8884,0.8884,0.0000,0,-0.0099,0.1126,440.0483,74.2766
tv10%_lb60d_ovly,2023–Aug 2024,2024-04-12,1.289349,0.9164,0.8618,0.8618,0.0000,0,-0.0235,0.1160,433.0331,74.3223
tv10%_lb60d_ovly,2023–Aug 2024,2024-04-15,1.269802,0.8618,0.8444,0.8444,0.0000,0,-0.0358,0.1184,425.9093,74.2949
tv10%_lb60d_ovly,2023–Aug 2024,2024-04-16,1.269796,0.8618,0.8610,0.8610,0.0000,0,-0.0375,0.1162,425.9488,74.2491
tv10%_lb60d_ovly,2023–Aug 2024,2024-04-17,1.256574,0.8618,0.8553,0.8553,0.0000,0,-0.0432,0.1169,420.7516,74.3040
tv10%_lb60d_ovly,2023–Aug 2024,2024-04-18,1.250309,0.8618,0.8551,0.8551,0.0000,0,-0.0452,0.1169,418.3507,74.2674
tv10%_lb60d_ovly,2023–Aug 2024,2024-04-19,1.228058,0.8618,0.8440,0.8440,0.0000,0,-0.0535,0.1185,409.6954,74.2857
tv10%_lb60d_ovly,2023–Aug 2024,2024-04-22,1.238785,0.8618,0.8374,0.8374,0.0000,0,-0.0448,0.1194,413.8155,74.3223
tv10%_lb60d_ovly,2023–Aug 2024,2024-04-23,1.254864,0.8618,0.8224,0.8224,0.0000,0,-0.0335,0.1216,419.9909,74.3864
tv10%_lb60d_ovly,2023–Aug 2024,2024-04-24,1.258464,0.8618,0.8287,0.8287,0.0000,0,-0.0339,0.1207,421.4137,74.3589
tv10%_lb60d_ovly,2023–Aug 2024,2024-04-25,1.253097,0.8618,0.8266,0.8266,0.0000,0,-0.0374,0.1210,419.3783,74.3040
tv10%_lb60d_ovly,2023–Aug 2024,2024-04-26,1.269805,0.8618,0.8542,0.8542,0.0000,0,-0.0266,0.1171,425.8501,74.3223
tv10%_lb60d_ovly,2023–Aug 2024,2024-04-29,1.274334,0.8618,0.8736,0.8736,0.0000,0,-0.0180,0.1145,427.5791,74.3589
tv10%_lb60d_ovly,2023–Aug 2024,2024-04-30,1.253410,0.8618,0.8499,0.8499,0.0000,0,-0.0336,0.1177,419.5166,74.2674
tv10%_lb60d_ovly,2023–Aug 2024,2024-05-01,1.245946,0.8618,0.8503,0.8503,0.0000,0,-0.0365,0.1176,416.4832,74.4161
tv10%_lb60d_ovly,2023–Aug 2024,2024-05-02,1.259906,0.8618,0.8408,0.8408,0.0000,0,-0.0275,0.1189,421.7990,74.5263
tv10%_lb60d_ovly,2023–Aug 2024,2024-05-03,1.282007,0.8618,0.8309,0.8309,0.0000,0,-0.0155,0.1203,430.2765,74.6457
tv10%_lb60d_ovly,2023–Aug 2024,2024-05-06,1.294087,0.8618,0.8196,0.8196,0.0000,0,-0.0053,0.1220,434.9895,74.6365
tv10%_lb60d_ovly,2023–Aug 2024,2024-05-07,1.294287,0.8618,0.8227,0.8227,0.0000,0,-0.0017,0.1215,435.0587,74.6457
tv10%_lb60d_ovly,2023–Aug 2024,2024-05-08,1.293584,0.8618,0.8228,0.8228,0.0000,0,-0.0016,0.1215,434.8017,74.6273
tv10%_lb60d_ovly,2023–Aug 2024,2024-05-09,1.296170,0.8618,0.8462,0.8462,0.0000,0,0.0000,0.1182,435.7502,74.6916
tv10%_lb60d_ovly,2023–Aug 2024,2024-05-10,1.298650,0.8618,0.8550,0.8550,0.0000,0,0.0000,0.1170,436.7779,74.6273
tv10%_lb60d_ovly,2023–Aug 2024,2024-05-13,1.301276,0.8618,0.8601,0.8601,0.0000,0,0.0000,0.1163,437.7856,74.6457
tv10%_lb60d_ovly,2023–Aug 2024,2024-05-14,1.308667,0.8618,0.8626,0.8626,0.0000,0,0.0000,0.1159,440.6016,74.7191
tv10%_lb60d_ovly,2023–Aug 2024,2024-05-15,1.326628,0.8618,0.8510,0.8510,0.0000,0,0.0000,0.1175,447.4883,74.8568
tv10%_lb60d_ovly,2023–Aug 2024,2024-05-16,1.324171,0.8618,0.8497,0.8497,0.0000,0,-0.0021,0.1177,446.5793,74.8018
tv10%_lb60d_ovly,2023–Aug 2024,2024-05-17,1.323503,0.8618,0.9048,0.9048,0.0000,0,-0.0006,0.1105,446.3620,74.7558
tv10%_lb60d_ovly,2023–Aug 2024,2024-05-20,1.331411,0.8618,0.9047,0.9047,0.0000,0,0.0000,0.1105,449.4743,74.7375
tv10%_lb60d_ovly,2023–Aug 2024,2024-05-21,1.333746,0.8618,0.9075,0.9075,0.0000,0,0.0000,0.1102,450.3536,74.7742
tv10%_lb60d_ovly,2023–Aug 2024,2024-05-22,1.333384,0.8618,0.9055,0.9055,0.0000,0,-0.0029,0.1104,450.2647,74.7191
tv10%_lb60d_ovly,2023–Aug 2024,2024-05-23,1.328124,0.8618,0.8960,0.8960,0.0000,0,-0.0102,0.1116,448.2392,74.6824
tv10%_lb60d_ovly,2023–Aug 2024,2024-05-24,1.339015,0.8618,0.8920,0.8920,0.0000,0,-0.0036,0.1121,452.4780,74.7100
tv10%_lb60d_ovly,2023–Aug 2024,2024-05-28,1.343215,0.8618,0.9036,0.9036,0.0000,0,-0.0029,0.1107,454.1873,74.6457
tv10%_lb60d_ovly,2023–Aug 2024,2024-05-29,1.334987,0.8618,0.8951,0.8951,0.0000,0,-0.0099,0.1117,450.9860,74.6181
tv10%_lb60d_ovly,2023–Aug 2024,2024-05-30,1.322866,0.8618,0.9045,0.9045,0.0000,0,-0.0165,0.1106,446.1544,74.7008
tv10%_lb60d_ovly,2023–Aug 2024,2024-05-31,1.320993,0.8618,0.8964,0.8964,0.0000,0,-0.0075,0.1116,445.3245,74.8018
tv10%_lb60d_ovly,2023–Aug 2024,2024-06-03,1.327312,0.8618,0.9101,0.9101,0.0000,0,-0.0067,0.1099,447.7156,74.8865
tv10%_lb60d_ovly,2023–Aug 2024,2024-06-04,1.330623,0.8618,0.9170,0.9170,0.0000,0,-0.0056,0.1091,448.9408,74.9602
tv10%_lb60d_ovly,2023–Aug 2024,2024-06-05,1.353847,0.9170,0.8976,0.8976,0.0000,0,0.0000,0.1114,457.9913,75.0339
tv10%_lb60d_ovly,2023–Aug 2024,2024-06-06,1.353432,0.9170,0.9134,0.9134,0.0000,0,-0.0000,0.1095,457.8332,75.0431
tv10%_lb60d_ovly,2023–Aug 2024,2024-06-07,1.352044,0.9170,0.9136,0.9136,0.0000,0,-0.0012,0.1095,457.4281,74.8497
tv10%_lb60d_ovly,2023–Aug 2024,2024-06-10,1.357066,0.9170,0.9138,0.9138,0.0000,0,0.0000,0.1094,459.2757,74.8589
tv10%_lb60d_ovly,2023–Aug 2024,2024-06-11,1.365731,0.9170,0.9231,0.9231,0.0000,0,0.0000,0.1083,462.4277,74.9418
tv10%_lb60d_ovly,2023–Aug 2024,2024-06-12,1.382287,0.9170,0.9185,0.9185,0.0000,0,0.0000,0.1089,468.4844,75.0431
tv10%_lb60d_ovly,2023–Aug 2024,2024-06-13,1.389341,0.9170,0.9219,0.9219,0.0000,0,0.0000,0.1085,471.0237,75.1628
tv10%_lb60d_ovly,2023–Aug 2024,2024-06-14,1.395956,0.9170,0.9340,0.9340,0.0000,0,0.0000,0.1071,473.4642,75.1721
tv10%_lb60d_ovly,2023–Aug 2024,2024-06-17,1.411522,0.9170,0.9263,0.9263,0.0000,0,0.0000,0.1080,479.2640,75.0984
tv10%_lb60d_ovly,2023–Aug 2024,2024-06-18,1.412081,0.9170,0.9270,0.9270,0.0000,0,0.0000,0.1079,479.4123,75.1997
tv10%_lb60d_ovly,2023–Aug 2024,2024-06-20,1.402057,0.9170,0.9271,0.9271,0.0000,0,-0.0027,0.1079,475.7169,75.1721
tv10%_lb60d_ovly,2023–Aug 2024,2024-06-21,1.398655,0.9170,0.9275,0.9275,0.0000,0,-0.0041,0.1078,474.4424,75.1997
tv10%_lb60d_ovly,2023–Aug 2024,2024-06-24,1.384068,0.9170,0.9347,0.9347,0.0000,0,-0.0073,0.1070,469.0410,75.2089
tv10%_lb60d_ovly,2023–Aug 2024,2024-06-25,1.398596,0.9170,0.9331,0.9331,0.0000,0,-0.0035,0.1072,474.4048,75.2181
tv10%_lb60d_ovly,2023–Aug 2024,2024-06-26,1.401131,0.9170,0.9341,0.9341,0.0000,0,-0.0022,0.1070,475.3845,75.1444
tv10%_lb60d_ovly,2023–Aug 2024,2024-06-27,1.404533,0.9170,0.9433,0.9433,0.0000,0,-0.0007,0.1060,476.6116,75.1997
tv10%_lb60d_ovly,2023–Aug 2024,2024-06-28,1.397861,0.9170,0.9392,0.9392,0.0000,0,-0.0046,0.1065,474.1375,75.2089
tv10%_lb60d_ovly,2023–Aug 2024,2024-07-01,1.405280,0.9170,0.9715,0.9715,0.0000,0,-0.0025,0.1029,476.9184,75.1442
tv10%_lb60d_ovly,2023–Aug 2024,2024-07-02,1.418833,0.9715,0.9825,0.9825,0.0000,0,0.0000,0.1018,481.9259,75.2089
tv10%_lb60d_ovly,2023–Aug 2024,2024-07-03,1.430384,0.9715,0.9802,0.9802,0.0000,0,0.0000,0.1020,485.9437,75.3198
tv10%_lb60d_ovly,2023–Aug 2024,2024-07-05,1.444949,0.9715,0.9759,0.9759,0.0000,0,0.0000,0.1025,491.0106,75.4584
tv10%_lb60d_ovly,2023–Aug 2024,2024-07-08,1.448283,0.9715,1.0000,1.0000,0.0000,0,0.0000,0.0998,492.1784,75.4492
tv10%_lb60d_ovly,2023–Aug 2024,2024-07-09,1.449489,0.9715,1.0000,1.0000,0.0000,0,0.0000,0.0989,492.6039,75.4307
tv10%_lb60d_ovly,2023–Aug 2024,2024-07-10,1.464187,0.9715,1.0000,1.0000,0.0000,0,0.0000,0.0953,497.7400,75.4584
tv10%_lb60d_ovly,2023–Aug 2024,2024-07-11,1.433089,0.9715,1.0000,1.0000,0.0000,0,-0.0086,0.0931,486.8245,75.6340
tv10%_lb60d_ovly,2023–Aug 2024,2024-07-12,1.441328,0.9715,1.0000,1.0000,0.0000,0,-0.0024,0.0933,489.6845,75.7449
tv10%_lb60d_ovly,2023–Aug 2024,2024-07-15,1.445091,0.9715,1.0000,1.0000,0.0000,0,0.0000,0.0919,491.0007,75.7449
tv10%_lb60d_ovly,2023–Aug 2024,2024-07-16,1.445644,0.9715,1.0000,1.0000,0.0000,0,0.0000,0.0919,491.1888,75.7726
tv10%_lb60d_ovly,2023–Aug 2024,2024-07-17,1.404421,0.9715,1.0000,1.0000,0.0000,0,-0.0140,0.0952,476.7700,75.7819
tv10%_lb60d_ovly,2023–Aug 2024,2024-07-18,1.397944,0.9715,1.0000,1.0000,0.0000,0,-0.0216,0.0960,474.5136,75.7449
tv10%_lb60d_ovly,2023–Aug 2024,2024-07-19,1.385887,0.9715,1.0000,1.0000,0.0000,0,-0.0281,0.0952,470.3077,75.7080
tv10%_lb60d_ovly,2023–Aug 2024,2024-07-22,1.405950,0.9715,1.0000,1.0000,0.0000,0,-0.0181,0.0968,477.3143,75.7172
tv10%_lb60d_ovly,2023–Aug 2024,2024-07-23,1.401156,0.9715,1.0000,1.0000,0.0000,0,-0.0196,0.0964,475.6319,75.7542
tv10%_lb60d_ovly,2023–Aug 2024,2024-07-24,1.352347,0.9715,0.9310,0.9310,0.0000,0,-0.0418,0.1074,458.5708,75.7911
tv10%_lb60d_ovly,2023–Aug 2024,2024-07-25,1.337863,0.9715,0.9254,0.9254,0.0000,0,-0.0468,0.1081,453.5139,75.8004
tv10%_lb60d_ovly,2023–Aug 2024,2024-07-26,1.351244,0.9715,0.9603,0.9603,0.0000,0,-0.0362,0.1041,458.1650,75.9020
tv10%_lb60d_ovly,2023–Aug 2024,2024-07-29,1.353886,0.9715,0.9643,0.9643,0.0000,0,-0.0356,0.1037,459.0854,75.9113
tv10%_lb60d_ovly,2023–Aug 2024,2024-07-30,1.335839,0.9715,0.9686,0.9686,0.0000,0,-0.0405,0.1032,452.7815,75.9390
tv10%_lb60d_ovly,2023–Aug 2024,2024-07-31,1.374324,0.9715,0.9500,0.9500,0.0000,0,-0.0249,0.1053,466.1810,76.0961
tv10%_lb60d_ovly,2023–Aug 2024,2024-08-01,1.342052,0.9715,0.9234,0.9234,0.0000,0,-0.0387,0.1083,454.8894,76.2278
tv10%_lb60d_ovly,2023–Aug 2024,2024-08-02,1.311319,0.9715,0.8654,0.8654,0.0000,0,-0.0566,0.1156,444.0927,76.6543
tv10%_lb60d_ovly,2023–Aug 2024,2024-08-05,1.273190,0.8654,0.7633,0.7633,0.0000,0,-0.0841,0.1310,430.8515,76.6357
tv10%_lb60d_ovly,2023–Aug 2024,2024-08-06,1.283380,0.7633,0.7586,0.7586,0.0000,0,-0.0756,0.1318,434.9684,76.5431
tv10%_lb60d_ovly,2023–Aug 2024,2024-08-07,1.272586,0.7633,1.0000,0.7545,0.2500,0,-0.0818,0.1325,430.2577,76.4967
tv10%_lb60d_ovly,2023–Aug 2024,2024-08-08,1.301849,1.0000,0.9613,0.7113,0.2500,0,-0.0606,0.1406,443.4197,76.4596
tv10%_lb60d_ovly,2023–Aug 2024,2024-08-09,1.308648,1.0000,0.9614,0.7114,0.2500,0,-0.0564,0.1406,445.7355,76.4781
tv10%_lb60d_ovly,2023–Aug 2024,2024-08-12,1.311466,1.0000,0.9729,0.7229,0.2500,0,-0.0559,0.1383,446.6954,76.5245
tv10%_lb60d_ovly,2023–Aug 2024,2024-08-13,1.344007,1.0000,0.7035,0.7035,0.0000,0,-0.0268,0.1421,457.7791,76.6450
tv10%_lb60d_ovly,2023–Aug 2024,2024-08-14,1.344044,0.7035,0.7030,0.7030,0.0000,0,-0.0197,0.1422,457.9276,76.6357
tv10%_lb60d_ovly,2023–Aug 2024,2024-08-15,1.366967,0.7035,0.6840,0.6840,0.0000,0,-0.0028,0.1462,469.4962,76.4503
tv10%_lb60d_ovly,2023–Aug 2024,2024-08-16,1.368646,0.7035,0.6840,0.6840,0.0000,0,-0.0006,0.1462,470.0999,76.5338
tv10%_lb60d_ovly,2023–Aug 2024,2024-08-19,1.381195,0.7035,0.6799,0.6799,0.0000,0,0.0000,0.1471,476.2752,76.5152
tv10%_lb60d_ovly,2023–Aug 2024,2024-08-20,1.379752,0.7035,0.6841,0.6841,0.0000,0,-0.0016,0.1462,475.2757,76.6265
tv10%_lb60d_ovly,2023–Aug 2024,2024-08-21,1.384724,0.7035,0.6859,0.6859,0.0000,0,0.0000,0.1458,477.4923,76.7100
tv10%_lb60d_ovly,2023–Aug 2024,2024-08-22,1.368733,0.7035,0.6806,0.6806,0.0000,0,-0.0078,0.1469,469.9218,76.6079
tv10%_lb60d_ovly,2023–Aug 2024,2024-08-23,1.380110,0.7035,0.6788,0.6788,0.0000,0,0.0000,0.1473,475.0184,76.7841
tv10%_lb60d_ovly,2023–Aug 2024,2024-08-26,1.370486,0.7035,0.6821,0.6821,0.0000,0,-0.0024,0.1466,470.4067,76.7470
tv10%_lb60d_ovly,2023–Aug 2024,2024-08-27,1.373612,0.7035,0.6863,0.6863,0.0000,0,-0.0010,0.1457,471.8120,76.7934
tv10%_lb60d_ovly,2023–Aug 2024,2024-08-28,1.362597,0.7035,0.6831,0.6831,0.0000,0,-0.0068,0.1464,466.4581,76.7841
tv10%_lb60d_ovly,2023–Aug 2024,2024-08-29,1.361145,0.7035,0.6831,0.6831,0.0000,0,-0.0067,0.1464,465.7753,76.7748
tv10%_lb60d_ovly,2023–Aug 2024,2024-08-30,1.372559,0.7035,0.6861,0.6861,0.0000,0,0.0000,0.1457,471.3270,76.7748
tv10%_lb60d_ovly,Aug 2024–Aug 2026,2024-08-01,1.000000,0.0000,0.0000,0.0000,0.0000,0,0.0000,0.0000,454.8895,76.2278
tv10%_lb60d_ovly,Aug 2024–Aug 2026,2024-08-02,1.005595,0.0000,0.0000,0.0000,0.0000,0,0.0000,0.0000,444.0927,76.6543
tv10%_lb60d_ovly,Aug 2024–Aug 2026,2024-08-05,1.005352,0.0000,0.0000,0.0000,0.0000,0,0.0000,0.0000,430.8515,76.6358
tv10%_lb60d_ovly,Aug 2024–Aug 2026,2024-08-06,1.004136,0.0000,0.0000,0.0000,0.0000,0,0.0000,0.0000,434.9684,76.5430
tv10%_lb60d_ovly,Aug 2024–Aug 2026,2024-08-07,1.003527,0.0000,0.0000,0.0000,0.0000,0,0.0000,0.0000,430.2577,76.4967
tv10%_lb60d_ovly,Aug 2024–Aug 2026,2024-08-08,1.003041,0.0000,0.0000,0.0000,0.0000,0,0.0000,0.0000,443.4197,76.4596
tv10%_lb60d_ovly,Aug 2024–Aug 2026,2024-08-09,1.003284,0.0000,0.0000,0.0000,0.0000,0,0.0000,0.0000,445.7354,76.4781
tv10%_lb60d_ovly,Aug 2024–Aug 2026,2024-08-12,1.003892,0.0000,0.0000,0.0000,0.0000,0,0.0000,0.0000,446.6953,76.5245
tv10%_lb60d_ovly,Aug 2024–Aug 2026,2024-08-13,1.005473,0.0000,0.0000,0.0000,0.0000,0,0.0000,0.0000,457.7791,76.6450
tv10%_lb60d_ovly,Aug 2024–Aug 2026,2024-08-14,1.005352,0.0000,0.0000,0.0000,0.0000,0,0.0000,0.0000,457.9276,76.6358
tv10%_lb60d_ovly,Aug 2024–Aug 2026,2024-08-15,1.002919,0.0000,0.0000,0.0000,0.0000,0,0.0000,0.0000,469.4962,76.4503
tv10%_lb60d_ovly,Aug 2024–Aug 2026,2024-08-16,1.004014,0.0000,0.0000,0.0000,0.0000,0,0.0000,0.0000,470.0999,76.5338
tv10%_lb60d_ovly,Aug 2024–Aug 2026,2024-08-19,1.003771,0.0000,0.0000,0.0000,0.0000,0,0.0000,0.0000,476.2751,76.5152
tv10%_lb60d_ovly,Aug 2024–Aug 2026,2024-08-20,1.005230,0.0000,0.0000,0.0000,0.0000,0,0.0000,0.0000,475.2756,76.6265
tv10%_lb60d_ovly,Aug 2024–Aug 2026,2024-08-21,1.006325,0.0000,0.0000,0.0000,0.0000,0,0.0000,0.0000,477.4924,76.7099
tv10%_lb60d_ovly,Aug 2024–Aug 2026,2024-08-22,1.004987,0.0000,0.0000,0.0000,0.0000,0,0.0000,0.0000,469.9218,76.6079
tv10%_lb60d_ovly,Aug 2024–Aug 2026,2024-08-23,1.007298,0.0000,0.0000,0.0000,0.0000,0,0.0000,0.0000,475.0183,76.7841
tv10%_lb60d_ovly,Aug 2024–Aug 2026,2024-08-26,1.006811,0.0000,0.0000,0.0000,0.0000,0,0.0000,0.0000,470.4067,76.7470
tv10%_lb60d_ovly,Aug 2024–Aug 2026,2024-08-27,1.007420,0.0000,0.0000,0.0000,0.0000,0,0.0000,0.0000,471.8120,76.7934
tv10%_lb60d_ovly,Aug 2024–Aug 2026,2024-08-28,1.007298,0.0000,0.0000,0.0000,0.0000,0,-0.0068,0.0000,466.4581,76.7841
tv10%_lb60d_ovly,Aug 2024–Aug 2026,2024-08-29,1.007176,0.0000,0.0000,0.0000,0.0000,0,-0.0067,0.0000,465.7753,76.7748
tv10%_lb60d_ovly,Aug 2024–Aug 2026,2024-08-30,1.007176,0.0000,0.0000,0.0000,0.0000,0,0.0000,0.0000,471.3270,76.7748
tv10%_lb60d_ovly,Aug 2024–Aug 2026,2024-09-03,1.008251,0.0000,0.0000,0.0000,0.0000,0,-0.0206,0.0000,457.0171,76.8567
tv10%_lb60d_ovly,Aug 2024–Aug 2026,2024-09-04,1.010448,0.0000,0.0000,0.0000,0.0000,0,-0.0226,0.0000,455.8296,77.0242
tv10%_lb60d_ovly,Aug 2024–Aug 2026,2024-09-05,1.010814,0.0000,0.0000,0.0000,0.0000,0,-0.0250,0.0000,456.2551,77.0521
tv10%_lb60d_ovly,Aug 2024–Aug 2026,2024-09-06,1.012645,0.0000,0.0000,0.0000,0.0000,0,-0.0414,0.0000,444.0333,77.1917
tv10%_lb60d_ovly,Aug 2024–Aug 2026,2024-09-09,1.012767,0.0000,0.0000,0.0000,0.0000,0,-0.0306,0.0000,449.7434,77.2010
tv10%_lb60d_ovly,Aug 2024–Aug 2026,2024-09-10,1.014232,0.0000,0.0000,0.0000,0.0000,0,-0.0264,0.0000,453.8998,77.3126
tv10%_lb60d_ovly,Aug 2024–Aug 2026,2024-09-11,1.013377,0.0000,0.0000,0.0000,0.0000,0,-0.0164,0.0000,463.7564,77.2475
tv10%_lb60d_ovly,Aug 2024–Aug 2026,2024-09-12,1.013499,0.0000,0.0000,0.0000,0.0000,0,-0.0081,0.0000,468.3087,77.2568
tv10%_lb60d_ovly,Aug 2024–Aug 2026,2024-09-13,1.014964,0.0000,0.0000,0.0000,0.0000,0,-0.0030,0.0000,470.4067,77.3685
tv10%_lb60d_ovly,Aug 2024–Aug 2026,2024-09-16,1.015574,0.0000,0.0000,0.0000,0.0000,0,-0.0015,0.0000,468.3284,77.4150
tv10%_lb60d_ovly,Aug 2024–Aug 2026,2024-09-17,1.014842,0.0000,0.0000,0.0000,0.0000,0,-0.0011,0.0000,468.5759,77.3592
tv10%_lb60d_ovly,Aug 2024–Aug 2026,2024-09-18,1.014476,0.0000,0.0000,0.0000,0.0000,0,-0.0040,0.0000,466.5472,77.3312
tv10%_lb60d_ovly,Aug 2024–Aug 2026,2024-09-19,1.015330,0.0000,0.0000,0.0000,0.0000,0,0.0000,0.0000,478.3434,77.3964
tv10%_lb60d_ovly,Aug 2024–Aug 2026,2024-09-20,1.015697,0.0000,0.0000,0.0000,0.0000,0,-0.0017,0.0000,477.4330,77.4243
tv10%_lb60d_ovly,Aug 2024–Aug 2026,2024-09-23,1.015697,0.0000,0.0000,0.0000,0.0000,0,0.0000,0.0000,478.6985,77.4243
tv10%_lb60d_ovly,Aug 2024–Aug 2026,2024-09-24,1.016673,0.0000,0.0000,0.0000,0.0000,0,0.0000,0.0000,481.0076,77.4987
tv10%_lb60d_ovly,Aug 2024–Aug 2026,2024-09-25,1.015819,0.0000,0.0000,0.0000,0.0000,0,-0.0022,0.0000,481.4536,77.4336
tv10%_lb60d_ovly,Aug 2024–Aug 2026,2024-09-26,1.014842,0.0000,0.0000,0.0000,0.0000,0,0.0000,0.0000,485.0707,77.3592
tv10%_lb60d_ovly,Aug 2024–Aug 2026,2024-09-27,1.016429,0.0000,0.0000,0.0000,0.0000,0,-0.0015,0.0000,482.3752,77.4801
tv10%_lb60d_ovly,Aug 2024–Aug 2026,2024-09-30,1.014964,0.0000,0.0000,0.0000,0.0000,0,0.0000,0.0000,483.6833,77.3685
tv10%_lb60d_ovly,Aug 2024–Aug 2026,2024-10-01,1.015613,0.0000,0.0000,0.0000,0.0000,0,-0.0090,0.0000,476.9444,77.4179
tv10%_lb60d_ovly,Aug 2024–Aug 2026,2024-10-02,1.015368,0.0000,0.0000,0.0000,0.0000,0,-0.0085,0.0000,477.6183,77.3993
tv10%_lb60d_ovly,Aug 2024–Aug 2026,2024-10-03,1.014021,0.0000,0.0000,0.0000,0.0000,0,-0.0104,0.0000,477.2615,77.2966
tv10%_lb60d_ovly,Aug 2024–Aug 2026,2024-10-04,1.010592,0.0000,0.0000,0.0000,0.0000,0,-0.0014,0.0000,482.9401,77.0352
tv10%_lb60d_ovly,Aug 2024–Aug 2026,2024-10-07,1.009245,0.0000,0.0000,0.0000,0.0000,0,-0.0104,0.0000,477.7670,76.9325
tv10%_lb60d_ovly,Aug 2024–Aug 2026,2024-10-08,1.010102,0.0000,0.0000,0.0000,0.0000,0,-0.0010,0.0000,484.9023,76.9979
tv10%_lb60d_ovly,Aug 2024–Aug 2026,2024-10-09,1.009122,0.0000,0.0000,0.0000,0.0000,0,0.0000,0.0000,488.7177,76.9232
tv10%_lb60d_ovly,Aug 2024–Aug 2026,2024-10-10,1.009980,0.0000,0.0000,0.0000,0.0000,0,-0.0018,0.0000,488.1627,76.9885
tv10%_lb60d_ovly,Aug 2024–Aug 2026,2024-10-11,1.010837,0.0000,0.0000,0.0000,0.0000,0,0.0000,0.0000,488.9258,77.0539
tv10%_lb60d_ovly,Aug 2024–Aug 2026,2024-10-14,1.010347,0.0000,0.0000,0.0000,0.0000,0,0.0000,0.0000,493.0286,77.0165
tv10%_lb60d_ovly,Aug 2024–Aug 2026,2024-10-15,1.010837,0.0000,0.0000,0.0000,0.0000,0,-0.0078,0.0000,486.4383,77.0539
tv10%_lb60d_ovly,Aug 2024–Aug 2026,2024-10-16,1.011449,0.0000,0.0000,0.0000,0.0000,0,-0.0035,0.0000,486.4978,77.1005
tv10%_lb60d_ovly,Aug 2024–Aug 2026,2024-10-17,1.010592,0.0000,0.0000,0.0000,0.0000,0,-0.0034,0.0000,486.8347,77.0352
tv10%_lb60d_ovly,Aug 2024–Aug 2026,2024-10-18,1.011449,0.0000,0.0000,0.0000,0.0000,0,0.0000,0.0000,490.0258,77.1005
tv10%_lb60d_ovly,Aug 2024–Aug 2026,2024-10-21,1.009980,0.0000,0.0000,0.0000,0.0000,0,-0.0016,0.0000,490.9673,76.9885
tv10%_lb60d_ovly,Aug 2024–Aug 2026,2024-10-22,1.009858,0.0000,0.0000,0.0000,0.0000,0,-0.0022,0.0000,491.5024,76.9792
tv10%_lb60d_ovly,Aug 2024–Aug 2026,2024-10-23,1.009245,0.0000,0.0000,0.0000,0.0000,0,-0.0113,0.0000,483.9707,76.9325
tv10%_lb60d_ovly,Aug 2024–Aug 2026,2024-10-24,1.009735,0.0000,0.0000,0.0000,0.0000,0,-0.0092,0.0000,487.8951,76.9699
tv10%_lb60d_ovly,Aug 2024–Aug 2026,2024-10-25,1.009368,0.0000,0.6907,0.6907,0.0000,0,-0.0095,0.1448,490.8682,76.9419
tv10%_lb60d_ovly,Aug 2024–Aug 2026,2024-10-28,1.008181,0.6907,0.7207,0.7207,0.0000,0,-0.0064,0.1387,490.9474,76.9045
tv10%_lb60d_ovly,Aug 2024–Aug 2026,2024-10-29,1.014985,0.6907,0.8147,0.8147,0.0000,0,-0.0048,0.1227,495.6647,76.9325
tv10%_lb60d_ovly,Aug 2024–Aug 2026,2024-10-30,1.009295,0.8147,0.8180,0.8180,0.0000,0,-0.0078,0.1222,491.9187,76.8672
tv10%_lb60d_ovly,Aug 2024–Aug 2026,2024-10-31,0.988584,0.8147,0.7758,0.7758,0.0000,0,-0.0273,0.1289,479.5013,76.8858
tv10%_lb60d_ovly,Aug 2024–Aug 2026,2024-11-01,0.994483,0.8147,0.8251,0.8251,0.0000,0,-0.0232,0.1212,483.0490,76.8606
tv10%_lb60d_ovly,Aug 2024–Aug 2026,2024-11-04,0.992257,0.8147,0.8250,0.8250,0.0000,0,-0.0253,0.1212,481.6418,76.9167
tv10%_lb60d_ovly,Aug 2024–Aug 2026,2024-11-05,1.002525,0.8147,0.8115,0.8115,0.0000,0,-0.0135,0.1232,487.7861,76.8980
tv10%_lb60d_ovly,Aug 2024–Aug 2026,2024-11-06,1.024485,0.8147,0.7779,0.7779,0.0000,0,0.0000,0.1286,501.0359,76.8043
tv10%_lb60d_ovly,Aug 2024–Aug 2026,2024-11-07,1.037950,0.8147,0.7744,0.7744,0.0000,0,0.0000,0.1291,508.9243,76.9355
tv10%_lb60d_ovly,Aug 2024–Aug 2026,2024-11-08,1.038797,0.8147,0.7986,0.7986,0.0000,0,0.0000,0.1252,509.5190,76.8793
tv10%_lb60d_ovly,Aug 2024–Aug 2026,2024-11-11,1.038163,0.8147,0.7986,0.7986,0.0000,0,0.0000,0.1252,509.2217,76.8231
tv10%_lb60d_ovly,Aug 2024–Aug 2026,2024-11-12,1.036444,0.8147,0.8041,0.8041,0.0000,0,-0.0031,0.1244,508.3000,76.7481
tv10%_lb60d_ovly,Aug 2024–Aug 2026,2024-11-13,1.035639,0.8147,0.8049,0.8049,0.0000,0,-0.0026,0.1242,507.6460,76.8606
tv10%_lb60d_ovly,Aug 2024–Aug 2026,2024-11-14,1.029495,0.8147,0.7993,0.7993,0.0000,0,-0.0090,0.1251,504.1180,76.7481
tv10%_lb60d_ovly,Aug 2024–Aug 2026,2024-11-15,1.009721,0.8147,0.7872,0.7872,0.0000,0,-0.0217,0.1270,492.1069,76.8324
tv10%_lb60d_ovly,Aug 2024–Aug 2026,2024-11-18,1.015573,0.8147,0.7960,0.7960,0.0000,0,-0.0177,0.1256,495.5259,76.8887
tv10%_lb60d_ovly,Aug 2024–Aug 2026,2024-11-19,1.021265,0.8147,0.7963,0.7963,0.0000,0,-0.0141,0.1256,498.9350,76.8887
tv10%_lb60d_ovly,Aug 2024–Aug 2026,2024-11-20,1.020693,0.8147,0.7963,0.7963,0.0000,0,-0.0138,0.1256,498.6476,76.8512
tv10%_lb60d_ovly,Aug 2024–Aug 2026,2024-11-21,1.023639,0.8147,0.7993,0.7993,0.0000,0,-0.0085,0.1251,500.4413,76.8324
tv10%_lb60d_ovly,Aug 2024–Aug 2026,2024-11-22,1.024953,0.8147,0.7989,0.7989,0.0000,0,-0.0054,0.1252,501.2441,76.8231
tv10%_lb60d_ovly,Aug 2024–Aug 2026,2024-11-25,1.026644,0.8147,0.8062,0.8062,0.0000,0,-0.0021,0.1240,502.0369,76.9730
tv10%_lb60d_ovly,Aug 2024–Aug 2026,2024-11-26,1.031135,0.8147,0.8645,0.8645,0.0000,0,0.0000,0.1157,504.7324,76.9730
tv10%_lb60d_ovly,Aug 2024–Aug 2026,2024-11-27,1.024637,0.8147,0.8634,0.8634,0.0000,0,-0.0030,0.1158,500.7584,77.0198
tv10%_lb60d_ovly,Aug 2024–Aug 2026,2024-11-29,1.032203,0.8147,0.8626,0.8626,0.0000,0,0.0000,0.1159,505.1585,77.1135
tv10%_lb60d_ovly,Aug 2024–Aug 2026,2024-12-02,1.041348,0.8147,0.9150,0.9150,0.0000,0,0.0000,0.1093,510.6586,77.1088
tv10%_lb60d_ovly,Aug 2024–Aug 2026,2024-12-03,1.043868,0.9150,0.9293,0.9293,0.0000,0,0.0000,0.1076,512.2245,77.1182
tv10%_lb60d_ovly,Aug 2024–Aug 2026,2024-12-04,1.055773,0.9150,0.9270,0.9270,0.0000,0,0.0000,0.1079,518.5570,77.2028
tv10%_lb60d_ovly,Aug 2024–Aug 2026,2024-12-05,1.053097,0.9150,0.9378,0.9378,0.0000,0,-0.0016,0.1066,517.1201,77.2028
tv10%_lb60d_ovly,Aug 2024–Aug 2026,2024-12-06,1.061807,0.9150,0.9463,0.9463,0.0000,0,0.0000,0.1057,521.7481,77.2779
tv10%_lb60d_ovly,Aug 2024–Aug 2026,2024-12-09,1.054208,0.9150,0.9413,0.9413,0.0000,0,-0.0051,0.1062,517.6849,77.2497
tv10%_lb60d_ovly,Aug 2024–Aug 2026,2024-12-10,1.050911,0.9150,0.9380,0.9380,0.0000,0,-0.0082,0.1066,515.9209,77.2403
tv10%_lb60d_ovly,Aug 2024–Aug 2026,2024-12-11,1.068103,0.9150,0.9308,0.9308,0.0000,0,-0.0006,0.1074,525.1571,77.2215
tv10%_lb60d_ovly,Aug 2024–Aug 2026,2024-12-12,1.061752,0.9150,0.9268,0.9268,0.0000,0,-0.0057,0.1079,521.7679,77.1839
tv10%_lb60d_ovly,Aug 2024–Aug 2026,2024-12-13,1.069144,0.9150,0.9720,0.9720,0.0000,0,-0.0059,0.1029,525.7617,77.1464
tv10%_lb60d_ovly,Aug 2024–Aug 2026,2024-12-16,1.083181,0.9720,0.9714,0.9714,0.0000,0,-0.0017,0.1029,533.3330,77.1557
tv10%_lb60d_ovly,Aug 2024–Aug 2026,2024-12-17,1.078548,0.9720,0.9667,0.9667,0.0000,0,-0.0058,0.1034,530.9844,77.1651
tv10%_lb60d_ovly,Aug 2024–Aug 2026,2024-12-18,1.040673,0.9720,0.8226,0.8226,0.0000,0,-0.0354,0.1216,511.8280,77.0237
tv10%_lb60d_ovly,Aug 2024–Aug 2026,2024-12-19,1.036046,0.8226,0.8234,0.8234,0.0000,0,-0.0357,0.1214,509.5487,77.1086
tv10%_lb60d_ovly,Aug 2024–Aug 2026,2024-12-20,1.043511,0.8226,0.8096,0.8096,0.0000,0,-0.0241,0.1235,513.9984,77.1180
tv10%_lb60d_ovly,Aug 2024–Aug 2026,2024-12-23,1.051761,0.8226,0.8070,0.8070,0.0000,0,-0.0183,0.1239,519.0061,77.0709
tv10%_lb60d_ovly,Aug 2024–Aug 2026,2024-12-24,1.063585,0.8226,0.7965,0.7965,0.0000,0,-0.0074,0.1256,526.0437,77.1086
tv10%_lb60d_ovly,Aug 2024–Aug 2026,2024-12-26,1.063036,0.8226,0.8072,0.8072,0.0000,0,-0.0073,0.1239,525.6863,77.1274
tv10%_lb60d_ovly,Aug 2024–Aug 2026,2024-12-27,1.051458,0.8226,0.7928,0.7928,0.0000,0,-0.0178,0.1261,518.6984,77.1463
tv10%_lb60d_ovly,Aug 2024–Aug 2026,2024-12-30,1.040228,0.8226,0.7781,0.7781,0.0000,0,-0.0290,0.1285,511.7998,77.2595
tv10%_lb60d_ovly,Aug 2024–Aug 2026,2024-12-31,1.033071,0.8226,0.7837,0.7837,0.0000,0,-0.0325,0.1276,507.4521,77.3066
tv10%_lb60d_ovly,Aug 2024–Aug 2026,2025-01-02,1.031364,0.8226,0.7924,0.7924,0.0000,0,-0.0349,0.1262,506.4595,77.2878
tv10%_lb60d_ovly,Aug 2024–Aug 2026,2025-01-03,1.045249,0.8226,0.7858,0.7858,0.0000,0,-0.0228,0.1273,514.7477,77.2878
tv10%_lb60d_ovly,Aug 2024–Aug 2026,2025-01-06,1.055176,0.8226,0.7872,0.7872,0.0000,0,-0.0172,0.1270,520.6638,77.3066
tv10%_lb60d_ovly,Aug 2024–Aug 2026,2025-01-07,1.039573,0.8226,0.7734,0.7734,0.0000,0,-0.0277,0.1293,511.3729,77.2595
tv10%_lb60d_ovly,Aug 2024–Aug 2026,2025-01-08,1.039835,0.8226,0.7764,0.7764,0.0000,0,-0.0263,0.1288,511.4623,77.3066
tv10%_lb60d_ovly,Aug 2024–Aug 2026,2025-01-10,1.026084,0.8226,0.7593,0.7593,0.0000,0,-0.0412,0.1317,503.4420,77.1651
tv10%_lb60d_ovly,Aug 2024–Aug 2026,2025-01-13,1.023350,0.7593,0.7649,0.7649,0.0000,0,-0.0386,0.1307,501.8240,77.1840
tv10%_lb60d_ovly,Aug 2024–Aug 2026,2025-01-14,1.022673,0.7593,0.7664,0.7664,0.0000,0,-0.0373,0.1305,501.3476,77.2029
tv10%_lb60d_ovly,Aug 2024–Aug 2026,2025-01-15,1.041079,0.7593,0.7376,0.7376,0.0000,0,-0.0198,0.1356,512.8817,77.3726
tv10%_lb60d_ovly,Aug 2024–Aug 2026,2025-01-16,1.035693,0.7593,0.7383,0.7383,0.0000,0,-0.0176,0.1355,509.2885,77.4198
tv10%_lb60d_ovly,Aug 2024–Aug 2026,2025-01-17,1.048906,0.7593,0.7307,0.7307,0.0000,0,-0.0063,0.1368,517.8845,77.4009
tv10%_lb60d_ovly,Aug 2024–Aug 2026,2025-01-21,1.053669,0.7593,0.7248,0.7248,0.0000,0,0.0000,0.1380,520.9218,77.4292
tv10%_lb60d_ovly,Aug 2024–Aug 2026,2025-01-22,1.063837,0.7593,0.7309,0.7309,0.0000,0,0.0000,0.1368,527.5822,77.4103
tv10%_lb60d_ovly,Aug 2024–Aug 2026,2025-01-23,1.065554,0.7593,0.7293,0.7293,0.0000,0,0.0000,0.1371,528.7040,77.4103
tv10%_lb60d_ovly,Aug 2024–Aug 2026,2025-01-24,1.061138,0.7593,0.7282,0.7282,0.0000,0,-0.0029,0.1373,525.7162,77.4575
tv10%_lb60d_ovly,Aug 2024–Aug 2026,2025-01-27,1.038053,0.7593,0.7109,0.7109,0.0000,0,-0.0170,0.1407,510.4101,77.5706
tv10%_lb60d_ovly,Aug 2024–Aug 2026,2025-01-28,1.049763,0.7593,0.7062,0.7062,0.0000,0,-0.0086,0.1416,517.9539,77.5895
tv10%_lb60d_ovly,Aug 2024–Aug 2026,2025-01-29,1.048057,0.7062,0.7052,0.7052,0.0000,0,-0.0130,0.1418,516.9812,77.5424
tv10%_lb60d_ovly,Aug 2024–Aug 2026,2025-01-30,1.051399,0.7062,0.7379,0.7379,0.0000,0,-0.0077,0.1355,519.1848,77.5895
tv10%_lb60d_ovly,Aug 2024–Aug 2026,2025-01-31,1.050358,0.7062,0.7353,0.7353,0.0000,0,-0.0130,0.1360,518.4304,77.5989
tv10%_lb60d_ovly,Aug 2024–Aug 2026,2025-02-03,1.044207,0.7062,0.7312,0.7312,0.0000,0,-0.0196,0.1368,514.2812,77.5450
tv10%_lb60d_ovly,Aug 2024–Aug 2026,2025-02-04,1.053558,0.7062,0.7389,0.7389,0.0000,0,-0.0131,0.1353,520.5942,77.6207
tv10%_lb60d_ovly,Aug 2024–Aug 2026,2025-02-05,1.057123,0.7062,0.7927,0.7927,0.0000,0,-0.0091,0.1262,522.9567,77.6680
tv10%_lb60d_ovly,Aug 2024–Aug 2026,2025-02-06,1.060814,0.7927,0.7974,0.7974,0.0000,0,-0.0056,0.1254,525.6863,77.6396
tv10%_lb60d_ovly,Aug 2024–Aug 2026,2025-02-07,1.049967,0.7927,0.7897,0.7897,0.0000,0,-0.0147,0.1266,519.0557,77.5545
tv10%_lb60d_ovly,Aug 2024–Aug 2026,2025-02-10,1.060148,0.7927,0.7852,0.7852,0.0000,0,-0.0080,0.1274,525.3389,77.5923
tv10%_lb60d_ovly,Aug 2024–Aug 2026,2025-02-11,1.058094,0.7927,0.7864,0.7864,0.0000,0,-0.0073,0.1272,524.0883,77.5734
tv10%_lb60d_ovly,Aug 2024–Aug 2026,2025-02-12,1.058292,0.7927,0.7851,0.7851,0.0000,0,-0.0105,0.1274,524.3960,77.4693
tv10%_lb60d_ovly,Aug 2024–Aug 2026,2025-02-13,1.070655,0.7927,0.7794,0.7794,0.0000,0,-0.0000,0.1283,531.9398,77.5734
tv10%_lb60d_ovly,Aug 2024–Aug 2026,2025-02-14,1.074516,0.7927,0.7985,0.7985,0.0000,0,-0.0001,0.1252,534.1732,77.6775
tv10%_lb60d_ovly,Aug 2024–Aug 2026,2025-02-18,1.076257,0.7927,0.7992,0.7992,0.0000,0,0.0000,0.1251,535.3842,77.6112
tv10%_lb60d_ovly,Aug 2024–Aug 2026,2025-02-19,1.076657,0.7927,0.7998,0.7998,0.0000,0,0.0000,0.1250,535.5331,77.6680
tv10%_lb60d_ovly,Aug 2024–Aug 2026,2025-02-20,1.073062,0.7927,0.7973,0.7973,0.0000,0,-0.0042,0.1254,533.2599,77.6775
tv10%_lb60d_ovly,Aug 2024–Aug 2026,2025-02-21,1.055787,0.7927,0.7679,0.7679,0.0000,0,-0.0212,0.1302,522.1923,77.8099
tv10%_lb60d_ovly,Aug 2024–Aug 2026,2025-02-24,1.046068,0.7927,0.7665,0.7665,0.0000,0,-0.0256,0.1305,516.0283,77.8667
tv10%_lb60d_ovly,Aug 2024–Aug 2026,2025-02-25,1.035910,0.7927,0.7652,0.7652,0.0000,0,-0.0305,0.1307,509.5267,77.9708
tv10%_lb60d_ovly,Aug 2024–Aug 2026,2025-02-26,1.037972,0.7927,0.7678,0.7678,0.0000,0,-0.0300,0.1302,510.7575,77.9992
tv10%_lb60d_ovly,Aug 2024–Aug 2026,2025-02-27,1.015200,0.7927,0.7453,0.7453,0.0000,0,-0.0455,0.1342,496.5731,78.0275
tv10%_lb60d_ovly,Aug 2024–Aug 2026,2025-02-28,1.028291,0.7927,0.7277,0.7277,0.0000,0,-0.0306,0.1374,504.4147,78.1695
tv10%_lb60d_ovly,Aug 2024–Aug 2026,2025-03-03,1.010526,0.7277,0.7045,0.7045,0.0000,0,-0.0476,0.1419,493.3769,78.2197
tv10%_lb60d_ovly,Aug 2024–Aug 2026,2025-03-04,1.008340,0.7277,0.6952,0.6952,0.0000,0,-0.0588,0.1438,491.8880,78.2292
tv10%_lb60d_ovly,Aug 2024–Aug 2026,2025-03-05,1.017606,0.7277,0.6894,0.6894,0.0000,0,-0.0487,0.1450,498.3003,78.1438
tv10%_lb60d_ovly,Aug 2024–Aug 2026,2025-03-06,0.997403,0.7277,0.6698,0.6698,0.0000,0,-0.0656,0.1493,484.5923,78.1913
tv10%_lb60d_ovly,Aug 2024–Aug 2026,2025-03-07,1.002649,0.6698,0.9176,0.6676,0.2500,0,-0.0604,0.1498,488.1558,78.1818
tv10%_lb60d_ovly,Aug 2024–Aug 2026,2025-03-10,0.976982,0.9176,0.6294,0.6294,0.0000,0,-0.0854,0.1589,469.2367,78.3241
tv10%_lb60d_ovly,Aug 2024–Aug 2026,2025-03-11,0.974510,0.6294,0.6269,0.6269,0.0000,0,-0.0930,0.1595,468.1150,78.2767
tv10%_lb60d_ovly,Aug 2024–Aug 2026,2025-03-12,0.981166,0.6294,0.8789,0.6289,0.2500,0,-0.0882,0.1590,473.3957,78.2197
tv10%_lb60d_ovly,Aug 2024–Aug 2026,2025-03-13,0.970079,0.8789,1.0000,0.6221,0.5000,0,-0.1004,0.1607,464.8791,78.2767
tv10%_lb60d_ovly,Aug 2024–Aug 2026,2025-03-14,0.990481,1.0000,0.8492,0.5992,0.2500,0,-0.0818,0.1669,476.1154,78.2197
tv10%_lb60d_ovly,Aug 2024–Aug 2026,2025-03-17,0.996752,0.8492,0.8470,0.5970,0.2500,0,-0.0747,0.1675,479.2024,78.1913
tv10%_lb60d_ovly,Aug 2024–Aug 2026,2025-03-18,0.982323,0.8492,0.8431,0.5931,0.2500,0,-0.0847,0.1686,471.0333,78.1913
tv10%_lb60d_ovly,Aug 2024–Aug 2026,2025-03-19,0.993701,0.8492,0.8785,0.6285,0.2500,0,-0.0709,0.1591,477.3364,78.3052
tv10%_lb60d_ovly,Aug 2024–Aug 2026,2025-03-20,0.990878,0.8492,0.8782,0.6282,0.2500,0,-0.0574,0.1592,475.7184,78.3241
tv10%_lb60d_ovly,Aug 2024–Aug 2026,2025-03-21,0.993742,0.8492,0.8867,0.6367,0.2500,0,-0.0528,0.1571,477.2867,78.3716
tv10%_lb60d_ovly,Aug 2024–Aug 2026,2025-03-24,1.012060,0.8492,0.6211,0.6211,0.0000,0,-0.0315,0.1610,487.7604,78.2672
tv10%_lb60d_ovly,Aug 2024–Aug 2026,2025-03-25,1.016788,0.6211,0.6277,0.6277,0.0000,0,-0.0292,0.1593,490.5439,78.2957
tv10%_lb60d_ovly,Aug 2024–Aug 2026,2025-03-26,1.005075,0.6211,0.6212,0.6212,0.0000,0,-0.0402,0.1610,481.5175,78.2767
tv10%_lb60d_ovly,Aug 2024–Aug 2026,2025-03-27,1.001702,0.6211,0.6259,0.6259,0.0000,0,-0.0427,0.1598,478.7739,78.3146
tv10%_lb60d_ovly,Aug 2024–Aug 2026,2025-03-28,0.986012,0.6211,0.6124,0.6124,0.0000,0,-0.0453,0.1633,466.1688,78.4570
tv10%_lb60d_ovly,Aug 2024–Aug 2026,2025-03-31,0.986258,0.6211,0.6100,0.6100,0.0000,0,-0.0377,0.1639,466.1489,78.5139
tv10%_lb60d_ovly,Aug 2024–Aug 2026,2025-04-01,0.991331,0.6211,0.6096,0.6096,0.0000,0,-0.0350,0.1640,469.9066,78.5425
tv10%_lb60d_ovly,Aug 2024–Aug 2026,2025-04-02,0.995552,0.6211,0.6156,0.6156,0.0000,0,-0.0190,0.1624,473.3362,78.4854
tv10%_lb60d_ovly,Aug 2024–Aug 2026,2025-04-03,0.963870,0.6211,0.5229,0.5229,0.0000,0,-0.0674,0.1912,447.9968,78.7806
tv10%_lb60d_ovly,Aug 2024–Aug 2026,2025-04-04,0.926377,0.5229,0.4442,0.4442,0.0000,0,-0.1220,0.2251,420.1722,78.7330
tv10%_lb60d_ovly,Aug 2024–Aug 2026,2025-04-07,0.927526,0.4442,0.4444,0.4444,0.0000,0,-0.1235,0.2250,421.1862,78.7425
tv10%_lb60d_ovly,Aug 2024–Aug 2026,2025-04-08,0.919795,0.4442,0.4442,0.4442,0.0000,0,-0.1372,0.2251,413.6012,78.6949
tv10%_lb60d_ovly,Aug 2024–Aug 2026,2025-04-09,0.968522,0.4442,0.3249,0.3249,0.0000,0,-0.0466,0.3078,463.2461,78.6473
tv10%_lb60d_ovly,Aug 2024–Aug 2026,2025-04-10,0.950048,0.3249,0.3119,0.3119,0.0000,0,-0.0884,0.3206,443.5433,78.6377
tv10%_lb60d_ovly,Aug 2024–Aug 2026,2025-04-11,0.954570,0.3249,0.5620,0.3120,0.2500,0,-0.0722,0.3205,451.7147,78.4949
tv10%_lb60d_ovly,Aug 2024–Aug 2026,2025-04-14,0.957852,0.5620,0.5612,0.3112,0.2500,0,-0.0631,0.3213,454.7765,78.6663
tv10%_lb60d_ovly,Aug 2024–Aug 2026,2025-04-15,0.958453,0.5620,0.5621,0.3121,0.2500,0,-0.0658,0.3204,455.2835,78.6663
tv10%_lb60d_ovly,Aug 2024–Aug 2026,2025-04-16,0.942769,0.5620,0.5602,0.3102,0.2500,0,-0.0865,0.3224,441.5551,78.7711
tv10%_lb60d_ovly,Aug 2024–Aug 2026,2025-04-17,0.942823,0.5620,0.5605,0.3105,0.2500,0,-0.0852,0.3221,441.4756,78.7996
tv10%_lb60d_ovly,Aug 2024–Aug 2026,2025-04-21,0.929460,0.5620,0.2500,0.3079,0.5000,1,-0.1070,0.3247,430.5504,78.7520
tv10%_lb60d_ovly,Aug 2024–Aug 2026,2025-04-22,0.943027,0.2500,0.5531,0.3031,0.2500,0,-0.0838,0.3299,441.8533,78.7806
tv10%_lb60d_ovly,Aug 2024–Aug 2026,2025-04-23,0.947573,0.5531,0.5522,0.3022,0.2500,0,-0.0583,0.3310,451.8737,78.7234
tv10%_lb60d_ovly,Aug 2024–Aug 2026,2025-04-24,0.962832,0.5531,0.2998,0.2998,0.0000,0,-0.0360,0.3335,464.5882,78.8187
tv10%_lb60d_ovly,Aug 2024–Aug 2026,2025-04-25,0.968887,0.2998,0.2994,0.2994,0.0000,0,-0.0246,0.3340,469.7674,78.8853
tv10%_lb60d_ovly,Aug 2024–Aug 2026,2025-04-28,0.969778,0.2998,0.2997,0.2997,0.0000,0,-0.0242,0.3337,469.6183,78.9996
tv10%_lb60d_ovly,Aug 2024–Aug 2026,2025-04-29,0.972107,0.2998,0.2994,0.2994,0.0000,0,-0.0181,0.3340,472.7198,79.0472
tv10%_lb60d_ovly,Aug 2024–Aug 2026,2025-04-30,0.972972,0.2998,0.2996,0.2996,0.0000,0,-0.0177,0.3338,472.6602,79.1520
tv10%_lb60d_ovly,Aug 2024–Aug 2026,2025-05-01,0.975376,0.2998,0.2995,0.2995,0.0000,0,0.0000,0.3338,478.8335,78.9886
tv10%_lb60d_ovly,Aug 2024–Aug 2026,2025-05-02,0.978395,0.2998,0.2983,0.2983,0.0000,0,0.0000,0.3353,485.9412,78.8358
tv10%_lb60d_ovly,Aug 2024–Aug 2026,2025-05-05,0.976572,0.2998,0.2983,0.2983,0.0000,0,-0.0057,0.3353,483.0583,78.8262
tv10%_lb60d_ovly,Aug 2024–Aug 2026,2025-05-06,0.974429,0.2998,0.2983,0.2983,0.0000,0,-0.0140,0.3352,478.5650,78.8931
tv10%_lb60d_ovly,Aug 2024–Aug 2026,2025-05-07,0.975824,0.2998,0.2985,0.2985,0.0000,0,-0.0099,0.3350,480.4439,78.9217
tv10%_lb60d_ovly,Aug 2024–Aug 2026,2025-05-08,0.977438,0.2998,0.2982,0.2982,0.0000,0,-0.0030,0.3354,485.4044,78.7594
tv10%_lb60d_ovly,Aug 2024–Aug 2026,2025-05-09,0.977578,0.2998,0.2982,0.2982,0.0000,0,-0.0043,0.3353,485.0863,78.7976
tv10%_lb60d_ovly,Aug 2024–Aug 2026,2025-05-12,0.988274,0.2998,0.2928,0.2928,0.0000,0,0.0000,0.3416,504.8488,78.6543
tv10%_lb60d_ovly,Aug 2024–Aug 2026,2025-05-13,0.992622,0.2998,0.2925,0.2925,0.0000,0,0.0000,0.3419,512.5431,78.6352
tv10%_lb60d_ovly,Aug 2024–Aug 2026,2025-05-14,0.993899,0.2998,0.2925,0.2925,0.0000,0,0.0000,0.3418,515.6148,78.5779
tv10%_lb60d_ovly,Aug 2024–Aug 2026,2025-05-15,0.995580,0.2998,0.2924,0.2924,0.0000,0,0.0000,0.3420,516.1815,78.7307
tv10%_lb60d_ovly,Aug 2024–Aug 2026,2025-05-16,0.996710,0.2998,0.2922,0.2922,0.0000,0,0.0000,0.3422,518.4281,78.7116
tv10%_lb60d_ovly,Aug 2024–Aug 2026,2025-05-19,0.997250,0.2998,0.2938,0.2938,0.0000,0,0.0000,0.3404,518.9252,78.7402
tv10%_lb60d_ovly,Aug 2024–Aug 2026,2025-05-20,0.996339,0.2998,0.2938,0.2938,0.0000,0,-0.0034,0.3403,517.1954,78.7498
tv10%_lb60d_ovly,Aug 2024–Aug 2026,2025-05-21,0.991764,0.2998,0.2924,0.2924,0.0000,0,-0.0202,0.3419,510.0081,78.7020
tv10%_lb60d_ovly,Aug 2024–Aug 2026,2025-05-22,0.992742,0.2998,0.2924,0.2924,0.0000,0,-0.0198,0.3419,510.9624,78.7498
tv10%_lb60d_ovly,Aug 2024–Aug 2026,2025-05-23,0.990407,0.2998,0.2936,0.2936,0.0000,0,-0.0265,0.3406,506.2306,78.7976
tv10%_lb60d_ovly,Aug 2024–Aug 2026,2025-05-27,0.997645,0.2998,0.2926,0.2926,0.0000,0,-0.0062,0.3418,518.1398,78.8262
tv10%_lb60d_ovly,Aug 2024–Aug 2026,2025-05-28,0.995812,0.2998,0.2941,0.2941,0.0000,0,-0.0120,0.3400,515.8434,78.7689
tv10%_lb60d_ovly,Aug 2024–Aug 2026,2025-05-29,0.997159,0.2998,0.2948,0.2948,0.0000,0,-0.0081,0.3392,516.8574,78.8549
tv10%_lb60d_ovly,Aug 2024–Aug 2026,2025-05-30,0.997534,0.2998,0.2954,0.2954,0.0000,0,-0.0092,0.3385,516.0423,78.9504
tv10%_lb60d_ovly,Aug 2024–Aug 2026,2025-06-02,0.999319,0.2998,0.2971,0.2971,0.0000,0,-0.0036,0.3366,520.1182,78.8852
tv10%_lb60d_ovly,Aug 2024–Aug 2026,2025-06-03,1.001491,0.2998,0.2971,0.2971,0.0000,0,0.0000,0.3366,524.1838,78.8661
tv10%_lb60d_ovly,Aug 2024–Aug 2026,2025-06-04,1.003607,0.2998,0.3015,0.3015,0.0000,0,-0.0003,0.3316,525.6452,79.0098
tv10%_lb60d_ovly,Aug 2024–Aug 2026,2025-06-05,1.000575,0.2998,0.3019,0.3019,0.0000,0,-0.0051,0.3313,521.6887,78.9236
tv10%_lb60d_ovly,Aug 2024–Aug 2026,2025-06-06,1.002316,0.2998,0.3015,0.3015,0.0000,0,0.0000,0.3317,526.7883,78.7894
tv10%_lb60d_ovly,Aug 2024–Aug 2026,2025-06-09,1.003271,0.2998,0.3028,0.3028,0.0000,0,0.0000,0.3303,527.5638,78.8469
tv10%_lb60d_ovly,Aug 2024–Aug 2026,2025-06-10,1.005260,0.2998,0.3048,0.3048,0.0000,0,0.0000,0.3280,531.0531,78.8469
tv10%_lb60d_ovly,Aug 2024–Aug 2026,2025-06-11,1.005357,0.2998,0.3050,0.3050,0.0000,0,-0.0029,0.3279,529.2637,78.9715
tv10%_lb60d_ovly,Aug 2024–Aug 2026,2025-06-12,1.006663,0.2998,0.3058,0.3058,0.0000,0,0.0000,0.3270,530.5062,79.0386
tv10%_lb60d_ovly,Aug 2024–Aug 2026,2025-06-13,1.002361,0.2998,0.3055,0.3055,0.0000,0,-0.0112,0.3273,523.8459,78.9811
tv10%_lb60d_ovly,Aug 2024–Aug 2026,2025-06-16,1.006455,0.2998,0.3051,0.3051,0.0000,0,-0.0018,0.3277,531.1325,78.9715
tv10%_lb60d_ovly,Aug 2024–Aug 2026,2025-06-17,1.003855,0.2998,0.3046,0.3046,0.0000,0,-0.0103,0.3283,525.9534,79.0098
tv10%_lb60d_ovly,Aug 2024–Aug 2026,2025-06-18,1.004145,0.2998,0.3063,0.3063,0.0000,0,-0.0105,0.3264,525.8639,79.0482
tv10%_lb60d_ovly,Aug 2024–Aug 2026,2025-06-20,1.003427,0.2998,0.3063,0.3063,0.0000,0,-0.0128,0.3265,523.7167,79.1057
tv10%_lb60d_ovly,Aug 2024–Aug 2026,2025-06-23,1.007457,0.2998,0.3068,0.3068,0.0000,0,-0.0030,0.3260,529.1017,79.2111
tv10%_lb60d_ovly,Aug 2024–Aug 2026,2025-06-24,1.012673,0.2998,0.3063,0.3063,0.0000,0,0.0000,0.3265,537.1929,79.2782
tv10%_lb60d_ovly,Aug 2024–Aug 2026,2025-06-25,1.013535,0.2998,0.3092,0.3092,0.0000,0,0.0000,0.3234,538.5661,79.2878
tv10%_lb60d_ovly,Aug 2024–Aug 2026,2025-06-26,1.017234,0.2998,0.3091,0.3091,0.0000,0,0.0000,0.3235,543.6019,79.3836
tv10%_lb60d_ovly,Aug 2024–Aug 2026,2025-06-27,1.018020,0.2998,0.3091,0.3091,0.0000,0,0.0000,0.3236,545.4630,79.3548
tv10%_lb60d_ovly,Aug 2024–Aug 2026,2025-06-30,1.020514,0.2998,0.3091,0.3091,0.0000,0,0.0000,0.3235,548.9959,79.4124
tv10%_lb60d_ovly,Aug 2024–Aug 2026,2025-07-01,1.017191,0.2998,0.3281,0.3281,0.0000,0,-0.0003,0.3048,544.3682,79.3297
tv10%_lb60d_ovly,Aug 2024–Aug 2026,2025-07-02,1.019229,0.2998,0.3632,0.3632,0.0000,0,0.0000,0.2753,548.1599,79.3201
tv10%_lb60d_ovly,Aug 2024–Aug 2026,2025-07-03,1.021392,0.3632,0.3633,0.3633,0.0000,0,0.0000,0.2753,553.5540,79.2335
tv10%_lb60d_ovly,Aug 2024–Aug 2026,2025-07-07,1.018440,0.3632,0.3659,0.3659,0.0000,0,-0.0075,0.2733,549.3841,79.2143
tv10%_lb60d_ovly,Aug 2024–Aug 2026,2025-07-08,1.018726,0.3632,0.5376,0.5376,0.0000,0,-0.0080,0.1860,549.6926,79.2239
tv10%_lb60d_ovly,Aug 2024–Aug 2026,2025-07-09,1.021719,0.5376,0.6314,0.6314,0.0000,0,-0.0020,0.1584,553.5839,79.2912
tv10%_lb60d_ovly,Aug 2024–Aug 2026,2025-07-10,1.020833,0.6314,0.6436,0.6436,0.0000,0,0.0000,0.1554,552.7877,79.2912
tv10%_lb60d_ovly,Aug 2024–Aug 2026,2025-07-11,1.019291,0.6314,0.6443,0.6443,0.0000,0,-0.0035,0.1552,551.5436,79.2720
tv10%_lb60d_ovly,Aug 2024–Aug 2026,2025-07-14,1.021671,0.6314,0.6459,0.6459,0.0000,0,-0.0016,0.1548,553.5441,79.2816
tv10%_lb60d_ovly,Aug 2024–Aug 2026,2025-07-15,1.021897,0.6314,0.6825,0.6825,0.0000,0,-0.0059,0.1465,554.0515,79.2047
tv10%_lb60d_ovly,Aug 2024–Aug 2026,2025-07-16,1.023008,0.6825,0.6827,0.6827,0.0000,0,-0.0026,0.1465,554.6188,79.3104
tv10%_lb60d_ovly,Aug 2024–Aug 2026,2025-07-17,1.028541,0.6825,0.7386,0.7386,0.0000,0,0.0000,0.1354,559.1072,79.2816
tv10%_lb60d_ovly,Aug 2024–Aug 2026,2025-07-18,1.028085,0.7386,0.7850,0.7850,0.0000,0,-0.0007,0.1274,558.5698,79.3489
tv10%_lb60d_ovly,Aug 2024–Aug 2026,2025-07-21,1.032185,0.7386,0.8016,0.8016,0.0000,0,0.0000,0.1247,561.4659,79.3970
tv10%_lb60d_ovly,Aug 2024–Aug 2026,2025-07-22,1.028371,0.8016,0.8404,0.8404,0.0000,0,0.0000,0.1190,558.5599,79.4547
tv10%_lb60d_ovly,Aug 2024–Aug 2026,2025-07-23,1.031958,0.8016,0.8386,0.8386,0.0000,0,0.0000,0.1192,561.1076,79.3874
tv10%_lb60d_ovly,Aug 2024–Aug 2026,2025-07-24,1.033545,0.8016,0.8386,0.8386,0.0000,0,0.0000,0.1192,562.3018,79.3201
tv10%_lb60d_ovly,Aug 2024–Aug 2026,2025-07-25,1.035663,0.8016,0.8401,0.8401,0.0000,0,0.0000,0.1190,563.6553,79.3681
tv10%_lb60d_ovly,Aug 2024–Aug 2026,2025-07-28,1.038233,0.8016,0.8397,0.8397,0.0000,0,-0.0003,0.1191,565.4169,79.3585
tv10%_lb60d_ovly,Aug 2024–Aug 2026,2025-07-29,1.037119,0.8016,0.8395,0.8395,0.0000,0,-0.0029,0.1191,564.5411,79.4258
tv10%_lb60d_ovly,Aug 2024–Aug 2026,2025-07-30,1.038009,0.8016,0.8591,0.8591,0.0000,0,-0.0041,0.1164,565.2974,79.3393
tv10%_lb60d_ovly,Aug 2024–Aug 2026,2025-07-31,1.033540,0.8591,0.8627,0.8627,0.0000,0,-0.0079,0.1159,562.3018,79.3393
tv10%_lb60d_ovly,Aug 2024–Aug 2026,2025-08-01,1.016775,0.8591,0.8324,0.8324,0.0000,0,-0.0241,0.1201,551.2252,79.7348
tv10%_lb60d_ovly,Aug 2024–Aug 2026,2025-08-04,1.032927,0.8591,0.8124,0.8124,0.0000,0,-0.0093,0.1231,561.3962,79.7541
tv10%_lb60d_ovly,Aug 2024–Aug 2026,2025-08-05,1.026849,0.8591,0.8097,0.8097,0.0000,0,-0.0143,0.1235,557.5846,79.7251
tv10%_lb60d_ovly,Aug 2024–Aug 2026,2025-08-06,1.038002,0.8591,0.8071,0.8071,0.0000,0,-0.0068,0.1239,564.6008,79.7541
tv10%_lb60d_ovly,Aug 2024–Aug 2026,2025-08-07,1.040896,0.8071,0.9401,0.9401,0.0000,0,-0.0076,0.1064,566.5115,79.7155
tv10%_lb60d_ovly,Aug 2024–Aug 2026,2025-08-08,1.048545,0.9401,0.9376,0.9376,0.0000,0,0.0000,0.1066,571.7961,79.6962
tv10%_lb60d_ovly,Aug 2024–Aug 2026,2025-08-11,1.045628,0.9401,0.9357,0.9357,0.0000,0,-0.0020,0.1069,570.1042,79.6962
tv10%_lb60d_ovly,Aug 2024–Aug 2026,2025-08-12,1.058028,0.9401,0.9233,0.9233,0.0000,0,0.0000,0.1083,577.2697,79.7541
tv10%_lb60d_ovly,Aug 2024–Aug 2026,2025-08-13,1.058610,0.9401,0.9266,0.9266,0.0000,0,0.0000,0.1079,577.5584,79.8602
tv10%_lb60d_ovly,Aug 2024–Aug 2026,2025-08-14,1.057769,0.9401,0.9264,0.9264,0.0000,0,0.0000,0.1080,577.1105,79.7734
tv10%_lb60d_ovly,Aug 2024–Aug 2026,2025-08-15,1.053374,0.9401,0.9278,0.9278,0.0000,0,-0.0023,0.1078,574.5728,79.7444
tv10%_lb60d_ovly,Aug 2024–Aug 2026,2025-08-18,1.052979,0.9401,0.9921,0.9921,0.0000,0,-0.0026,0.1008,574.3439,79.7444
tv10%_lb60d_ovly,Aug 2024–Aug 2026,2025-08-19,1.039525,0.9921,0.9821,0.9821,0.0000,0,-0.0080,0.1018,566.5514,79.7830
tv10%_lb60d_ovly,Aug 2024–Aug 2026,2025-08-20,1.033405,0.9921,0.9931,0.9931,0.0000,0,-0.0106,0.1007,563.1876,79.8120
tv10%_lb60d_ovly,Aug 2024–Aug 2026,2025-08-21,1.028652,0.9921,1.0000,1.0000,0.0000,0,-0.0146,0.0933,560.5802,79.7444
tv10%_lb60d_ovly,Aug 2024–Aug 2026,2025-08-22,1.044413,0.9921,1.0000,1.0000,0.0000,0,0.0000,0.0964,569.2285,79.9180
tv10%_lb60d_ovly,Aug 2024–Aug 2026,2025-08-25,1.041421,0.9921,1.0000,1.0000,0.0000,0,-0.0044,0.0971,567.5865,79.8795
tv10%_lb60d_ovly,Aug 2024–Aug 2026,2025-08-26,1.045576,0.9921,1.0000,1.0000,0.0000,0,-0.0002,0.0971,569.8654,79.9470
tv10%_lb60d_ovly,Aug 2024–Aug 2026,2025-08-27,1.047176,0.9921,1.0000,1.0000,0.0000,0,0.0000,0.0967,570.7412,80.0049
tv10%_lb60d_ovly,Aug 2024–Aug 2026,2025-08-28,1.053676,0.9921,1.0000,1.0000,0.0000,0,0.0000,0.0964,574.3140,79.9759
tv10%_lb60d_ovly,Aug 2024–Aug 2026,2025-08-29,1.041583,0.9921,1.0000,1.0000,0.0000,0,-0.0060,0.0976,567.6660,80.0435
tv10%_lb60d_ovly,Aug 2024–Aug 2026,2025-09-02,1.032920,0.9921,1.0000,1.0000,0.0000,0,-0.0133,0.0984,562.9090,80.0028
tv10%_lb60d_ovly,Aug 2024–Aug 2026,2025-09-03,1.040987,0.9921,1.0000,1.0000,0.0000,0,-0.0080,0.0970,567.3376,80.0609
tv10%_lb60d_ovly,Aug 2024–Aug 2026,2025-09-04,1.050341,0.9921,1.0000,1.0000,0.0000,0,0.0000,0.0981,572.4728,80.1189
tv10%_lb60d_ovly,Aug 2024–Aug 2026,2025-09-05,1.051857,0.9921,1.0000,1.0000,0.0000,0,-0.0029,0.0981,573.2989,80.2350
tv10%_lb60d_ovly,Aug 2024–Aug 2026,2025-09-08,1.056952,0.9921,1.0000,1.0000,0.0000,0,-0.0004,0.0977,576.0954,80.2834
tv10%_lb60d_ovly,Aug 2024–Aug 2026,2025-09-09,1.059916,0.9921,1.0000,1.0000,0.0000,0,0.0000,0.0976,577.7275,80.2157
tv10%_lb60d_ovly,Aug 2024–Aug 2026,2025-09-10,1.060261,0.9921,1.0000,1.0000,0.0000,0,0.0000,0.0941,577.9167,80.2254
tv10%_lb60d_ovly,Aug 2024–Aug 2026,2025-09-11,1.066387,0.9921,1.0000,1.0000,0.0000,0,0.0000,0.0937,581.2805,80.2544
tv10%_lb60d_ovly,Aug 2024–Aug 2026,2025-09-12,1.071059,0.9921,1.0000,1.0000,0.0000,0,-0.0003,0.0914,583.8481,80.2447
tv10%_lb60d_ovly,Aug 2024–Aug 2026,2025-09-15,1.080155,0.9921,1.0000,1.0000,0.0000,0,0.0000,0.0916,588.8440,80.2738
tv10%_lb60d_ovly,Aug 2024–Aug 2026,2025-09-16,1.079253,0.9921,1.0000,1.0000,0.0000,0,-0.0014,0.0915,588.3464,80.3124
tv10%_lb60d_ovly,Aug 2024–Aug 2026,2025-09-17,1.077112,0.9921,1.0000,1.0000,0.0000,0,-0.0026,0.0901,587.1721,80.2738
tv10%_lb60d_ovly,Aug 2024–Aug 2026,2025-09-18,1.086744,0.9921,1.0000,1.0000,0.0000,0,0.0000,0.0882,592.4666,80.2447
tv10%_lb60d_ovly,Aug 2024–Aug 2026,2025-09-19,1.094046,0.9921,1.0000,1.0000,0.0000,0,0.0000,0.0884,596.4772,80.2738
tv10%_lb60d_ovly,Aug 2024–Aug 2026,2025-09-22,1.100467,0.9921,1.0000,1.0000,0.0000,0,0.0000,0.0877,600.0084,80.2350
tv10%_lb60d_ovly,Aug 2024–Aug 2026,2025-09-23,1.093219,0.9921,1.0000,1.0000,0.0000,0,-0.0054,0.0886,596.0229,80.2641
tv10%_lb60d_ovly,Aug 2024–Aug 2026,2025-09-24,1.089407,0.9921,1.0000,1.0000,0.0000,0,-0.0086,0.0887,593.9305,80.2254
tv10%_lb60d_ovly,Aug 2024–Aug 2026,2025-09-25,1.084740,0.9921,1.0000,1.0000,0.0000,0,-0.0132,0.0895,591.3699,80.1576
tv10%_lb60d_ovly,Aug 2024–Aug 2026,2025-09-26,1.089169,0.9921,1.0000,1.0000,0.0000,0,-0.0075,0.0897,593.8010,80.2060
tv10%_lb60d_ovly,Aug 2024–Aug 2026,2025-09-29,1.094177,0.9921,1.0000,1.0000,0.0000,0,-0.0047,0.0887,596.5510,80.2350
tv10%_lb60d_ovly,Aug 2024–Aug 2026,2025-09-30,1.097154,0.9921,1.0000,1.0000,0.0000,0,-0.0010,0.0871,598.1851,80.2738
tv10%_lb60d_ovly,Aug 2024–Aug 2026,2025-10-01,1.102386,0.9921,1.0000,1.0000,0.0000,0,0.0000,0.0871,601.0545,80.3669
tv10%_lb60d_ovly,Aug 2024–Aug 2026,2025-10-02,1.106884,0.9921,1.0000,1.0000,0.0000,0,0.0000,0.0865,603.5255,80.3863
tv10%_lb60d_ovly,Aug 2024–Aug 2026,2025-10-03,1.102258,0.9921,1.0000,1.0000,0.0000,0,-0.0000,0.0865,600.9848,80.3572
tv10%_lb60d_ovly,Aug 2024–Aug 2026,2025-10-06,1.110468,0.9921,1.0000,1.0000,0.0000,0,0.0000,0.0861,605.4983,80.3378
tv10%_lb60d_ovly,Aug 2024–Aug 2026,2025-10-07,1.104672,0.9921,1.0000,1.0000,0.0000,0,-0.0037,0.0867,602.3099,80.3766
tv10%_lb60d_ovly,Aug 2024–Aug 2026,2025-10-08,1.117234,0.9921,1.0000,1.0000,0.0000,0,0.0000,0.0865,609.2147,80.3669
tv10%_lb60d_ovly,Aug 2024–Aug 2026,2025-10-09,1.115892,0.9921,1.0000,1.0000,0.0000,0,-0.0029,0.0868,608.4774,80.3572
tv10%_lb60d_ovly,Aug 2024–Aug 2026,2025-10-10,1.077476,0.9921,0.9596,0.9596,0.0000,0,-0.0298,0.1042,587.3546,80.4931
tv10%_lb60d_ovly,Aug 2024–Aug 2026,2025-10-13,1.100177,0.9921,0.9231,0.9231,0.0000,0,-0.0150,0.1083,599.8190,80.6484
tv10%_lb60d_ovly,Aug 2024–Aug 2026,2025-10-14,1.092825,0.9231,0.9225,0.9225,0.0000,0,-0.0162,0.1084,595.8237,80.5902
tv10%_lb60d_ovly,Aug 2024–Aug 2026,2025-10-15,1.099903,0.9231,0.9206,0.9206,0.0000,0,-0.0118,0.1086,600.0283,80.5513
tv10%_lb60d_ovly,Aug 2024–Aug 2026,2025-10-16,1.096256,0.9231,0.9204,0.9204,0.0000,0,-0.0185,0.1086,597.8064,80.6581
tv10%_lb60d_ovly,Aug 2024–Aug 2026,2025-10-17,1.102891,0.9231,0.9165,0.9165,0.0000,0,-0.0130,0.1091,601.7321,80.6484
tv10%_lb60d_ovly,Aug 2024–Aug 2026,2025-10-20,1.115730,0.9231,0.9038,0.9038,0.0000,0,-0.0027,0.1106,609.3143,80.6581
tv10%_lb60d_ovly,Aug 2024–Aug 2026,2025-10-21,1.115481,0.9231,0.9039,0.9039,0.0000,0,-0.0027,0.1106,609.1550,80.6775
tv10%_lb60d_ovly,Aug 2024–Aug 2026,2025-10-22,1.105561,0.9231,0.9000,0.9000,0.0000,0,-0.0079,0.1111,603.2864,80.6775
tv10%_lb60d_ovly,Aug 2024–Aug 2026,2025-10-23,1.114079,0.9231,0.8969,0.8969,0.0000,0,-0.0020,0.1115,608.3578,80.6193
tv10%_lb60d_ovly,Aug 2024–Aug 2026,2025-10-24,1.125112,0.9231,0.8929,0.8929,0.0000,0,0.0000,0.1120,614.8541,80.6678
tv10%_lb60d_ovly,Aug 2024–Aug 2026,2025-10-27,1.143589,0.9231,0.9278,0.9278,0.0000,0,0.0000,0.1078,625.8041,80.6484
tv10%_lb60d_ovly,Aug 2024–Aug 2026,2025-10-28,1.151718,0.9231,0.9604,0.9604,0.0000,0,0.0000,0.1041,630.6166,80.6581
tv10%_lb60d_ovly,Aug 2024–Aug 2026,2025-10-29,1.156335,0.9231,0.9685,0.9685,0.0000,0,0.0000,0.1032,633.4562,80.5028
tv10%_lb60d_ovly,Aug 2024–Aug 2026,2025-10-30,1.140025,0.9231,0.9467,0.9467,0.0000,0,-0.0110,0.1056,623.7715,80.5125
tv10%_lb60d_ovly,Aug 2024–Aug 2026,2025-10-31,1.145134,0.9231,0.9468,0.9468,0.0000,0,-0.0078,0.1056,626.7806,80.5416
tv10%_lb60d_ovly,Aug 2024–Aug 2026,2025-11-03,1.150195,0.9231,0.9545,0.9545,0.0000,0,-0.0059,0.1048,629.7796,80.5446
tv10%_lb60d_ovly,Aug 2024–Aug 2026,2025-11-04,1.128675,0.9231,0.9260,0.9260,0.0000,0,-0.0177,0.1080,616.9963,80.5738
tv10%_lb60d_ovly,Aug 2024–Aug 2026,2025-11-05,1.135393,0.9231,0.9410,0.9410,0.0000,0,-0.0143,0.1063,621.0117,80.5154
tv10%_lb60d_ovly,Aug 2024–Aug 2026,2025-11-06,1.115975,0.9231,0.9190,0.9190,0.0000,0,-0.0248,0.1088,609.4439,80.6127
tv10%_lb60d_ovly,Aug 2024–Aug 2026,2025-11-07,1.112766,0.9231,0.9191,0.9191,0.0000,0,-0.0239,0.1088,607.5209,80.6517
tv10%_lb60d_ovly,Aug 2024–Aug 2026,2025-11-10,1.135472,0.9231,0.8870,0.8870,0.0000,0,-0.0087,0.1127,620.9619,80.6322
tv10%_lb60d_ovly,Aug 2024–Aug 2026,2025-11-11,1.132754,0.9231,0.8870,0.8870,0.0000,0,-0.0064,0.1127,619.3079,80.7003
tv10%_lb60d_ovly,Aug 2024–Aug 2026,2025-11-12,1.131898,0.9231,0.8934,0.8934,0.0000,0,-0.0058,0.1119,618.8196,80.6711
tv10%_lb60d_ovly,Aug 2024–Aug 2026,2025-11-13,1.110513,0.9231,0.8507,0.8507,0.0000,0,-0.0223,0.1175,606.1859,80.6225
tv10%_lb60d_ovly,Aug 2024–Aug 2026,2025-11-14,1.111238,0.8507,0.8538,0.8538,0.0000,0,-0.0225,0.1171,606.6441,80.6517
tv10%_lb60d_ovly,Aug 2024–Aug 2026,2025-11-17,1.103144,0.8507,0.8684,0.8684,0.0000,0,-0.0316,0.1152,601.4631,80.6419
tv10%_lb60d_ovly,Aug 2024–Aug 2026,2025-11-18,1.091817,0.8507,0.8607,0.8607,0.0000,0,-0.0397,0.1162,594.1397,80.6906
tv10%_lb60d_ovly,Aug 2024–Aug 2026,2025-11-19,1.097343,0.8507,0.8610,0.8610,0.0000,0,-0.0360,0.1161,597.6868,80.6809
tv10%_lb60d_ovly,Aug 2024–Aug 2026,2025-11-20,1.075383,0.8507,0.8297,0.8297,0.0000,0,-0.0507,0.1205,583.5385,80.7490
tv10%_lb60d_ovly,Aug 2024–Aug 2026,2025-11-21,1.082449,0.8507,0.8198,0.8198,0.0000,0,-0.0413,0.1220,587.9225,80.8464
tv10%_lb60d_ovly,Aug 2024–Aug 2026,2025-11-24,1.106018,0.8507,0.8018,0.8018,0.0000,0,-0.0271,0.1247,602.9576,80.8561
tv10%_lb60d_ovly,Aug 2024–Aug 2026,2025-11-25,1.111917,0.8507,0.8011,0.8011,0.0000,0,-0.0180,0.1248,606.6741,80.9048
tv10%_lb60d_ovly,Aug 2024–Aug 2026,2025-11-26,1.120255,0.8507,0.7995,0.7995,0.0000,0,-0.0054,0.1251,612.0344,80.8951
tv10%_lb60d_ovly,Aug 2024–Aug 2026,2025-11-28,1.127924,0.7995,0.8032,0.8032,0.0000,0,0.0000,0.1245,616.9963,80.8951
tv10%_lb60d_ovly,Aug 2024–Aug 2026,2025-12-01,1.124701,0.7995,0.8015,0.8015,0.0000,0,-0.0046,0.1248,614.9238,80.8257
tv10%_lb60d_ovly,Aug 2024–Aug 2026,2025-12-02,1.131874,0.7995,0.8017,0.8017,0.0000,0,-0.0027,0.1247,619.7363,80.8746
tv10%_lb60d_ovly,Aug 2024–Aug 2026,2025-12-03,1.134222,0.7995,0.8012,0.8012,0.0000,0,0.0000,0.1248,621.2507,80.9234
tv10%_lb60d_ovly,Aug 2024–Aug 2026,2025-12-04,1.133214,0.7995,0.8016,0.8016,0.0000,0,0.0000,0.1247,620.6729,80.8648
tv10%_lb60d_ovly,Aug 2024–Aug 2026,2025-12-05,1.136826,0.7995,0.8077,0.8077,0.0000,0,0.0000,0.1238,623.2036,80.8355
tv10%_lb60d_ovly,Aug 2024–Aug 2026,2025-12-08,1.135027,0.7995,0.8063,0.8063,0.0000,0,-0.0030,0.1240,622.0080,80.8160
tv10%_lb60d_ovly,Aug 2024–Aug 2026,2025-12-09,1.136036,0.7995,0.8085,0.8085,0.0000,0,-0.0039,0.1237,622.7751,80.7769
tv10%_lb60d_ovly,Aug 2024–Aug 2026,2025-12-10,1.140142,0.7995,0.8050,0.8050,0.0000,0,0.0000,0.1242,625.3259,80.9136
tv10%_lb60d_ovly,Aug 2024–Aug 2026,2025-12-11,1.137221,0.7995,0.8051,0.8051,0.0000,0,0.0000,0.1242,623.3033,80.9234
tv10%_lb60d_ovly,Aug 2024–Aug 2026,2025-12-12,1.119867,0.7995,0.7926,0.7926,0.0000,0,-0.0108,0.1262,611.3868,80.9332
tv10%_lb60d_ovly,Aug 2024–Aug 2026,2025-12-15,1.115509,0.7995,0.7943,0.7943,0.0000,0,-0.0122,0.1259,608.3180,80.9820
tv10%_lb60d_ovly,Aug 2024–Aug 2026,2025-12-16,1.117384,0.7995,0.7953,0.7953,0.0000,0,-0.0149,0.1257,609.5236,81.0211
tv10%_lb60d_ovly,Aug 2024–Aug 2026,2025-12-17,1.100852,0.7995,0.7852,0.7852,0.0000,0,-0.0258,0.1274,598.2249,81.0308
tv10%_lb60d_ovly,Aug 2024–Aug 2026,2025-12-18,1.113764,0.7995,0.7811,0.7811,0.0000,0,-0.0184,0.1280,606.8932,81.0894
tv10%_lb60d_ovly,Aug 2024–Aug 2026,2025-12-19,1.125331,0.7995,0.7764,0.7764,0.0000,0,-0.0095,0.1288,614.8043,81.0747
tv10%_lb60d_ovly,Aug 2024–Aug 2026,2025-12-22,1.129534,0.7995,0.7759,0.7759,0.0000,0,-0.0034,0.1289,617.7513,81.0356
tv10%_lb60d_ovly,Aug 2024–Aug 2026,2025-12-23,1.133653,0.7995,0.7748,0.7748,0.0000,0,0.0000,0.1291,620.6445,80.9964
tv10%_lb60d_ovly,Aug 2024–Aug 2026,2025-12-24,1.136442,0.7995,0.7750,0.7750,0.0000,0,0.0000,0.1290,622.4603,81.0454
tv10%_lb60d_ovly,Aug 2024–Aug 2026,2025-12-26,1.136549,0.7995,0.7757,0.7757,0.0000,0,-0.0001,0.1289,622.4203,81.1041
tv10%_lb60d_ovly,Aug 2024–Aug 2026,2025-12-29,1.132261,0.7995,0.7740,0.7740,0.0000,0,-0.0037,0.1292,619.4074,81.1433
tv10%_lb60d_ovly,Aug 2024–Aug 2026,2025-12-30,1.130217,0.7995,0.7738,0.7738,0.0000,0,-0.0049,0.1292,617.9708,81.1629
tv10%_lb60d_ovly,Aug 2024–Aug 2026,2025-12-31,1.122666,0.7995,0.7688,0.7688,0.0000,0,-0.0123,0.1301,612.8629,81.1335
tv10%_lb60d_ovly,Aug 2024–Aug 2026,2026-01-02,1.121036,0.7995,0.7701,0.7701,0.0000,0,-0.0104,0.1298,611.6757,81.1727
tv10%_lb60d_ovly,Aug 2024–Aug 2026,2026-01-05,1.128236,0.7995,0.7694,0.7694,0.0000,0,-0.0039,0.1300,616.5342,81.2021
tv10%_lb60d_ovly,Aug 2024–Aug 2026,2026-01-06,1.136189,0.7995,0.7676,0.7676,0.0000,0,0.0000,0.1303,621.9514,81.2119
tv10%_lb60d_ovly,Aug 2024–Aug 2026,2026-01-07,1.137036,0.7995,0.8558,0.8558,0.0000,0,-0.0032,0.1169,622.5500,81.2021
tv10%_lb60d_ovly,Aug 2024–Aug 2026,2026-01-08,1.131718,0.8558,0.8848,0.8848,0.0000,0,-0.0033,0.1130,619.0084,81.1727
tv10%_lb60d_ovly,Aug 2024–Aug 2026,2026-01-09,1.141305,0.8558,0.8804,0.8804,0.0000,0,0.0000,0.1136,625.1738,81.1433
tv10%_lb60d_ovly,Aug 2024–Aug 2026,2026-01-12,1.142116,0.8558,0.8823,0.8823,0.0000,0,0.0000,0.1133,625.6926,81.1433
tv10%_lb60d_ovly,Aug 2024–Aug 2026,2026-01-13,1.140706,0.8558,0.8898,0.8898,0.0000,0,-0.0020,0.1124,624.7648,81.1629
tv10%_lb60d_ovly,Aug 2024–Aug 2026,2026-01-14,1.130317,0.8558,0.8885,0.8885,0.0000,0,-0.0069,0.1126,618.0905,81.1825
tv10%_lb60d_ovly,Aug 2024–Aug 2026,2026-01-15,1.133681,0.8558,0.9023,0.9023,0.0000,0,-0.0042,0.1108,620.3153,81.1237
tv10%_lb60d_ovly,Aug 2024–Aug 2026,2026-01-16,1.132830,0.8558,0.9020,0.9020,0.0000,0,-0.0050,0.1109,619.7965,81.1041
tv10%_lb60d_ovly,Aug 2024–Aug 2026,2026-01-20,1.112252,0.8558,0.8441,0.8441,0.0000,0,-0.0253,0.1185,606.6276,81.1139
tv10%_lb60d_ovly,Aug 2024–Aug 2026,2026-01-21,1.125197,0.8558,0.8324,0.8324,0.0000,0,-0.0140,0.1201,614.8282,81.1531
tv10%_lb60d_ovly,Aug 2024–Aug 2026,2026-01-22,1.132138,0.8558,0.8370,0.8370,0.0000,0,-0.0089,0.1195,619.2977,81.1237
tv10%_lb60d_ovly,Aug 2024–Aug 2026,2026-01-23,1.135256,0.8558,0.8540,0.8540,0.0000,0,-0.0085,0.1171,621.2531,81.1531
tv10%_lb60d_ovly,Aug 2024–Aug 2026,2026-01-26,1.139590,0.8558,0.8517,0.8517,0.0000,0,-0.0035,0.1174,623.9866,81.1825
tv10%_lb60d_ovly,Aug 2024–Aug 2026,2026-01-27,1.148471,0.8558,0.8498,0.8498,0.0000,0,0.0000,0.1177,629.6432,81.2021
tv10%_lb60d_ovly,Aug 2024–Aug 2026,2026-01-28,1.151725,0.8558,0.8673,0.8673,0.0000,0,-0.0001,0.1153,631.7283,81.2021
tv10%_lb60d_ovly,Aug 2024–Aug 2026,2026-01-29,1.145886,0.8558,0.8677,0.8677,0.0000,0,-0.0021,0.1152,627.9473,81.2315
tv10%_lb60d_ovly,Aug 2024–Aug 2026,2026-01-30,1.134248,0.8558,0.8666,0.8666,0.0000,0,-0.0051,0.1154,620.4051,81.3001
tv10%_lb60d_ovly,Aug 2024–Aug 2026,2026-02-02,1.140834,0.8558,0.8854,0.8854,0.0000,0,-0.0001,0.1129,624.6650,81.2607
tv10%_lb60d_ovly,Aug 2024–Aug 2026,2026-02-03,1.125814,0.8558,0.8751,0.8751,0.0000,0,-0.0086,0.1143,615.0677,81.2509
tv10%_lb60d_ovly,Aug 2024–Aug 2026,2026-02-04,1.109062,0.8558,0.8894,0.8894,0.0000,0,-0.0134,0.1124,604.3231,81.2902
tv10%_lb60d_ovly,Aug 2024–Aug 2026,2026-02-05,1.095650,0.8558,0.8654,0.8654,0.0000,0,-0.0257,0.1155,595.6237,81.4180
tv10%_lb60d_ovly,Aug 2024–Aug 2026,2026-02-06,1.115470,0.8558,0.8493,0.8493,0.0000,0,-0.0070,0.1177,608.2139,81.4180
tv10%_lb60d_ovly,Aug 2024–Aug 2026,2026-02-09,1.122821,0.8558,0.8472,0.8472,0.0000,0,-0.0022,0.1180,612.8729,81.4376
tv10%_lb60d_ovly,Aug 2024–Aug 2026,2026-02-10,1.118461,0.8558,0.8461,0.8461,0.0000,0,-0.0048,0.1182,610.0295,81.4868
tv10%_lb60d_ovly,Aug 2024–Aug 2026,2026-02-11,1.120873,0.8558,0.8868,0.8868,0.0000,0,-0.0051,0.1128,611.6657,81.4081
tv10%_lb60d_ovly,Aug 2024–Aug 2026,2026-02-12,1.101519,0.8558,0.8511,0.8511,0.0000,0,-0.0204,0.1175,599.2251,81.4868
tv10%_lb60d_ovly,Aug 2024–Aug 2026,2026-02-13,1.103777,0.8558,0.8638,0.8638,0.0000,0,-0.0198,0.1158,600.5021,81.6145
tv10%_lb60d_ovly,Aug 2024–Aug 2026,2026-02-17,1.102747,0.8558,0.8749,0.8749,0.0000,0,-0.0182,0.1143,599.8835,81.5850
tv10%_lb60d_ovly,Aug 2024–Aug 2026,2026-02-18,1.109698,0.8558,0.8736,0.8736,0.0000,0,-0.0132,0.1145,604.3629,81.5359
tv10%_lb60d_ovly,Aug 2024–Aug 2026,2026-02-19,1.106061,0.8558,0.9112,0.9112,0.0000,0,-0.0158,0.1097,602.0484,81.5359
tv10%_lb60d_ovly,Aug 2024–Aug 2026,2026-02-20,1.114394,0.9112,0.9180,0.9180,0.0000,0,-0.0087,0.1089,607.3759,81.5457
tv10%_lb60d_ovly,Aug 2024–Aug 2026,2026-02-23,1.102135,0.9112,0.9313,0.9313,0.0000,0,-0.0188,0.1074,599.9932,81.6145
tv10%_lb60d_ovly,Aug 2024–Aug 2026,2026-02-24,1.112922,0.9112,0.9372,0.9372,0.0000,0,-0.0117,0.1067,606.4380,81.6145
tv10%_lb60d_ovly,Aug 2024–Aug 2026,2026-02-25,1.127596,0.9112,0.9333,0.9333,0.0000,0,-0.0033,0.1071,615.2273,81.5948
tv10%_lb60d_ovly,Aug 2024–Aug 2026,2026-02-26,1.115236,0.9112,0.9320,0.9320,0.0000,0,-0.0088,0.1073,607.8048,81.6243
tv10%_lb60d_ovly,Aug 2024–Aug 2026,2026-02-27,1.112115,0.9112,0.9316,0.9316,0.0000,0,-0.0135,0.1073,605.8594,81.7324
tv10%_lb60d_ovly,Aug 2024–Aug 2026,2026-03-02,1.113275,0.9112,0.9320,0.9320,0.0000,0,-0.0130,0.1073,606.6575,81.5876
tv10%_lb60d_ovly,Aug 2024–Aug 2026,2026-03-03,1.102403,0.9112,0.9205,0.9205,0.0000,0,-0.0196,0.1086,600.1629,81.5777
tv10%_lb60d_ovly,Aug 2024–Aug 2026,2026-03-04,1.117656,0.9112,0.9125,0.9125,0.0000,0,-0.0127,0.1096,609.3113,81.5285
tv10%_lb60d_ovly,Aug 2024–Aug 2026,2026-03-05,1.114515,0.9112,0.9080,0.9080,0.0000,0,-0.0182,0.1101,607.4755,81.4693
tv10%_lb60d_ovly,Aug 2024–Aug 2026,2026-03-06,1.099286,0.9112,0.8831,0.8831,0.0000,0,-0.0311,0.1132,598.3372,81.5088
tv10%_lb60d_ovly,Aug 2024–Aug 2026,2026-03-09,1.112711,0.9112,0.8719,0.8719,0.0000,0,-0.0226,0.1147,606.3283,81.5482
tv10%_lb60d_ovly,Aug 2024–Aug 2026,2026-03-10,1.112668,0.9112,0.8781,0.8781,0.0000,0,-0.0230,0.1139,606.3383,81.4989
tv10%_lb60d_ovly,Aug 2024–Aug 2026,2026-03-11,1.112439,0.9112,0.8789,0.8789,0.0000,0,-0.0243,0.1138,606.2585,81.4201
tv10%_lb60d_ovly,Aug 2024–Aug 2026,2026-03-12,1.094874,0.9112,0.8627,0.8627,0.0000,0,-0.0391,0.1159,595.8531,81.2822
tv10%_lb60d_ovly,Aug 2024–Aug 2026,2026-03-13,1.089020,0.9112,0.8591,0.8591,0.0000,0,-0.0445,0.1164,592.3214,81.3314
tv10%_lb60d_ovly,Aug 2024–Aug 2026,2026-03-16,1.100211,0.8591,0.8455,0.8455,0.0000,0,-0.0348,0.1183,598.9657,81.4299
tv10%_lb60d_ovly,Aug 2024–Aug 2026,2026-03-17,1.104842,0.8591,0.8605,0.8605,0.0000,0,-0.0323,0.1162,601.8888,81.4398
tv10%_lb60d_ovly,Aug 2024–Aug 2026,2026-03-18,1.091329,0.8591,0.8427,0.8427,0.0000,0,-0.0458,0.1187,593.4987,81.2920
tv10%_lb60d_ovly,Aug 2024–Aug 2026,2026-03-19,1.088329,0.8591,0.8538,0.8538,0.0000,0,-0.0481,0.1171,591.6230,81.2723
tv10%_lb60d_ovly,Aug 2024–Aug 2026,2026-03-20,1.070715,0.8591,0.8356,0.8356,0.0000,0,-0.0618,0.1197,580.6888,81.0949
tv10%_lb60d_ovly,Aug 2024–Aug 2026,2026-03-23,1.081494,0.8591,0.8237,0.8237,0.0000,0,-0.0519,0.1214,587.3546,81.2132
tv10%_lb60d_ovly,Aug 2024–Aug 2026,2026-03-24,1.074920,0.8591,1.0000,0.8252,0.2500,0,-0.0551,0.1212,583.3389,81.0949
tv10%_lb60d_ovly,Aug 2024–Aug 2026,2026-03-25,1.081005,1.0000,0.8204,0.8204,0.0000,0,-0.0445,0.1219,587.1747,81.1836
tv10%_lb60d_ovly,Aug 2024–Aug 2026,2026-03-26,1.055014,0.8204,1.0000,0.7886,0.2500,0,-0.0576,0.1268,573.1601,81.0063
tv10%_lb60d_ovly,Aug 2024–Aug 2026,2026-03-27,1.038311,1.0000,0.7630,0.7630,0.0000,0,-0.0737,0.1311,561.9625,81.1738
tv10%_lb60d_ovly,Aug 2024–Aug 2026,2026-03-30,1.030130,0.7630,0.7662,0.7662,0.0000,0,-0.0751,0.1305,557.6672,81.2822
tv10%_lb60d_ovly,Aug 2024–Aug 2026,2026-03-31,1.056945,0.7630,0.6941,0.6941,0.0000,0,-0.0482,0.1441,576.5464,81.3511
tv10%_lb60d_ovly,Aug 2024–Aug 2026,2026-04-01,1.066824,0.6941,0.6931,0.6931,0.0000,0,-0.0356,0.1443,583.6686,81.3482
tv10%_lb60d_ovly,Aug 2024–Aug 2026,2026-04-02,1.067832,0.6941,0.6962,0.6962,0.0000,0,-0.0304,0.1436,584.3378,81.3877
tv10%_lb60d_ovly,Aug 2024–Aug 2026,2026-04-06,1.071974,0.6941,0.6944,0.6944,0.0000,0,-0.0259,0.1440,587.8540,81.3086
tv10%_lb60d_ovly,Aug 2024–Aug 2026,2026-04-07,1.072327,0.6941,0.6944,0.6944,0.0000,0,-0.0239,0.1440,587.9439,81.3679
tv10%_lb60d_ovly,Aug 2024–Aug 2026,2026-04-08,1.094776,0.6941,0.6545,0.6545,0.0000,0,0.0000,0.1528,605.4247,81.4470
tv10%_lb60d_ovly,Aug 2024–Aug 2026,2026-04-09,1.099998,0.6941,0.6525,0.6525,0.0000,0,0.0000,0.1533,609.5202,81.4667
tv10%_lb60d_ovly,Aug 2024–Aug 2026,2026-04-10,1.100977,0.6941,0.6527,0.6527,0.0000,0,-0.0007,0.1532,610.3992,81.4371
tv10%_lb60d_ovly,Aug 2024–Aug 2026,2026-04-13,1.109125,0.6941,0.6482,0.6482,0.0000,0,0.0000,0.1543,616.7123,81.4964
tv10%_lb60d_ovly,Aug 2024–Aug 2026,2026-04-14,1.123351,0.6941,0.6403,0.6403,0.0000,0,0.0000,0.1562,627.9099,81.5557
tv10%_lb60d_ovly,Aug 2024–Aug 2026,2026-04-15,1.134122,0.6403,0.6371,0.6371,0.0000,0,0.0000,0.1570,636.7003,81.5359
tv10%_lb60d_ovly,Aug 2024–Aug 2026,2026-04-16,1.137471,0.6403,0.6627,0.6627,0.0000,0,0.0000,0.1509,639.7669,81.5063
tv10%_lb60d_ovly,Aug 2024–Aug 2026,2026-04-17,1.147794,0.6403,0.6619,0.6619,0.0000,0,0.0000,0.1511,648.1377,81.6644
tv10%_lb60d_ovly,Aug 2024–Aug 2026,2026-04-20,1.145261,0.6403,0.6628,0.6628,0.0000,0,-0.0020,0.1509,646.0800,81.6248
tv10%_lb60d_ovly,Aug 2024–Aug 2026,2026-04-21,1.141874,0.6403,0.6598,0.6598,0.0000,0,-0.0085,0.1516,643.6227,81.5063
tv10%_lb60d_ovly,Aug 2024–Aug 2026,2026-04-22,1.154305,0.6403,0.6555,0.6555,0.0000,0,0.0000,0.1526,654.3909,81.5458
tv10%_lb60d_ovly,Aug 2024–Aug 2026,2026-04-23,1.149941,0.6403,0.6551,0.6551,0.0000,0,-0.0039,0.1526,650.7049,81.5063
tv10%_lb60d_ovly,Aug 2024–Aug 2026,2026-04-24,1.164476,0.6403,0.6519,0.6519,0.0000,0,0.0000,0.1534,663.1512,81.5952
tv10%_lb60d_ovly,Aug 2024–Aug 2026,2026-04-27,1.164768,0.6403,0.6522,0.6522,0.0000,0,0.0000,0.1533,663.5009,81.5754
tv10%_lb60d_ovly,Aug 2024–Aug 2026,2026-04-28,1.157014,0.6403,0.6512,0.6512,0.0000,0,-0.0049,0.1536,656.8282,81.5260
tv10%_lb60d_ovly,Aug 2024–Aug 2026,2026-04-29,1.160988,0.6403,0.6524,0.6524,0.0000,0,-0.0050,0.1533,660.8438,81.4173
tv10%_lb60d_ovly,Aug 2024–Aug 2026,2026-04-30,1.168377,0.6403,0.6521,0.6521,0.0000,0,0.0000,0.1533,667.0070,81.5063
tv10%_lb60d_ovly,Aug 2024–Aug 2026,2026-05-01,1.175625,0.6403,0.6538,0.6538,0.0000,0,0.0000,0.1530,673.4100,81.5191
tv10%_lb60d_ovly,Aug 2024–Aug 2026,2026-05-04,1.173693,0.6403,0.6636,0.6636,0.0000,0,-0.0037,0.1507,672.1414,81.4200
tv10%_lb60d_ovly,Aug 2024–Aug 2026,2026-05-05,1.183648,0.6403,0.6816,0.6816,0.0000,0,0.0000,0.1467,680.8618,81.4597
tv10%_lb60d_ovly,Aug 2024–Aug 2026,2026-05-06,1.199963,0.6403,0.6716,0.6716,0.0000,0,0.0000,0.1489,695.0062,81.5687
tv10%_lb60d_ovly,Aug 2024–Aug 2026,2026-05-07,1.198679,0.6403,0.6714,0.6714,0.0000,0,-0.0031,0.1489,694.1771,81.4993
tv10%_lb60d_ovly,Aug 2024–Aug 2026,2026-05-08,1.217037,0.6403,0.6682,0.6682,0.0000,0,0.0000,0.1497,710.4492,81.5687
tv10%_lb60d_ovly,Aug 2024–Aug 2026,2026-05-11,1.218869,0.6403,0.6869,0.6869,0.0000,0,0.0000,0.1456,712.5070,81.4894
tv10%_lb60d_ovly,Aug 2024–Aug 2026,2026-05-12,1.211929,0.6403,0.6864,0.6864,0.0000,0,-0.0015,0.1457,706.4636,81.4299
tv10%_lb60d_ovly,Aug 2024–Aug 2026,2026-05-13,1.220285,0.6403,0.6852,0.6852,0.0000,0,0.0000,0.1459,713.9255,81.4597
tv10%_lb60d_ovly,Aug 2024–Aug 2026,2026-05-14,1.225678,0.6403,0.6833,0.6833,0.0000,0,0.0000,0.1464,718.9998,81.4299
tv10%_lb60d_ovly,Aug 2024–Aug 2026,2026-05-15,1.213301,0.6403,0.6722,0.6722,0.0000,0,-0.0120,0.1488,708.1518,81.3308
tv10%_lb60d_ovly,Aug 2024–Aug 2026,2026-05-18,1.210171,0.6403,0.6743,0.6743,0.0000,0,-0.0127,0.1483,705.1051,81.3705
tv10%_lb60d_ovly,Aug 2024–Aug 2026,2026-05-19,1.205078,0.6403,0.6789,0.6789,0.0000,0,-0.0193,0.1473,700.7599,81.3110
tv10%_lb60d_ovly,Aug 2024–Aug 2026,2026-05-20,1.218440,0.6403,0.6759,0.6759,0.0000,0,-0.0092,0.1479,712.3672,81.4200
tv10%_lb60d_ovly,Aug 2024–Aug 2026,2026-05-21,1.219874,0.6403,0.6793,0.6793,0.0000,0,-0.0073,0.1472,713.7256,81.4101
tv10%_lb60d_ovly,Aug 2024–Aug 2026,2026-05-22,1.223080,0.6403,0.6820,0.6820,0.0000,0,-0.0034,0.1466,716.7523,81.3903
tv10%_lb60d_ovly,Aug 2024–Aug 2026,2026-05-26,1.237467,0.6403,0.6828,0.6828,0.0000,0,0.0000,0.1464,729.4784,81.4795
tv10%_lb60d_ovly,Aug 2024–Aug 2026,2026-05-27,1.236620,0.6403,0.6827,0.6827,0.0000,0,-0.0002,0.1465,728.6493,81.4894
tv10%_lb60d_ovly,Aug 2024–Aug 2026,2026-05-28,1.243512,0.6403,0.6893,0.6893,0.0000,0,0.0000,0.1451,734.7925,81.5291
tv10%_lb60d_ovly,Aug 2024–Aug 2026,2026-05-29,1.246663,0.6403,0.6912,0.6912,0.0000,0,0.0000,0.1447,737.4995,81.5687
tv10%_lb60d_ovly,Aug 2024–Aug 2026,2026-06-01,1.251132,0.6912,0.6950,0.6950,0.0000,0,0.0000,0.1439,741.9247,81.5220
tv10%_lb60d_ovly,Aug 2024–Aug 2026,2026-06-02,1.255114,0.6912,0.7121,0.7121,0.0000,0,0.0000,0.1404,745.3409,81.5220
tv10%_lb60d_ovly,Aug 2024–Aug 2026,2026-06-03,1.252658,0.6912,0.7094,0.7094,0.0000,0,-0.0070,0.1410,743.3931,81.4822
tv10%_lb60d_ovly,Aug 2024–Aug 2026,2026-06-04,1.248753,0.6912,0.7100,0.7100,0.0000,0,-0.0033,0.1408,739.7970,81.5419
tv10%_lb60d_ovly,Aug 2024–Aug 2026,2026-06-05,1.206520,0.6912,0.6578,0.6578,0.0000,0,-0.0290,0.1520,704.2860,81.3729
tv10%_lb60d_ovly,Aug 2024–Aug 2026,2026-06-08,1.219726,0.6912,0.6759,0.6759,0.0000,0,-0.0268,0.1479,715.2839,81.4126
tv10%_lb60d_ovly,Aug 2024–Aug 2026,2026-06-09,1.210208,0.6912,0.6782,0.6782,0.0000,0,-0.0296,0.1475,707.0530,81.4524
tv10%_lb60d_ovly,Aug 2024–Aug 2026,2026-06-10,1.193497,0.6912,0.6631,0.6631,0.0000,0,-0.0449,0.1508,692.9285,81.4524
tv10%_lb60d_ovly,Aug 2024–Aug 2026,2026-06-11,1.222036,0.6912,0.6490,0.6490,0.0000,0,-0.0287,0.1541,716.3328,81.6015
tv10%_lb60d_ovly,Aug 2024–Aug 2026,2026-06-12,1.226915,0.6912,0.6633,0.6633,0.0000,0,-0.0235,0.1508,720.5482,81.5816
tv10%_lb60d_ovly,Aug 2024–Aug 2026,2026-06-15,1.253741,0.6912,0.6503,0.6503,0.0000,0,-0.0062,0.1538,743.1833,81.6214
tv10%_lb60d_ovly,Aug 2024–Aug 2026,2026-06-16,1.237364,0.6912,0.6632,0.6632,0.0000,0,-0.0122,0.1508,729.0588,81.6413
tv10%_lb60d_ovly,Aug 2024–Aug 2026,2026-06-17,1.227588,0.6912,0.6539,0.6539,0.0000,0,-0.0245,0.1529,721.7169,81.3928
tv10%_lb60d_ovly,Aug 2024–Aug 2026,2026-06-18,1.249366,0.6912,0.6518,0.6518,0.0000,0,-0.0144,0.1534,739.8070,81.5021
tv10%_lb60d_ovly,Aug 2024–Aug 2026,2026-06-22,1.246822,0.6912,0.6508,0.6508,0.0000,0,-0.0175,0.1537,737.9500,81.4226
tv10%_lb60d_ovly,Aug 2024–Aug 2026,2026-06-23,1.218725,0.6912,0.6583,0.6583,0.0000,0,-0.0317,0.1519,713.6500,81.4822
tv10%_lb60d_ovly,Aug 2024–Aug 2026,2026-06-24,1.215607,0.6912,0.6823,0.6823,0.0000,0,-0.0322,0.1466,710.6200,81.5816
tv10%_lb60d_ovly,Aug 2024–Aug 2026,2026-06-25,1.222509,0.6912,0.6845,0.6845,0.0000,0,-0.0308,0.1461,716.3800,81.6015
tv10%_lb60d_ovly,Aug 2024–Aug 2026,2026-06-26,1.211339,0.6912,0.7303,0.7303,0.0000,0,-0.0378,0.1369,706.5200,81.7009
tv10%_lb60d_ovly,Aug 2024–Aug 2026,2026-06-29,1.232058,0.6912,0.7162,0.7162,0.0000,0,-0.0219,0.1396,724.0800,81.6810
tv10%_lb60d_ovly,Aug 2024–Aug 2026,2026-06-30,1.246271,0.6912,0.7139,0.7139,0.0000,0,-0.0143,0.1401,736.4000,81.6214
tv10%_lb60d_ovly,Aug 2024–Aug 2026,2026-07-01,1.232983,0.6912,0.7134,0.7134,0.0000,0,-0.0124,0.1402,725.1700,81.5895
tv10%_lb60d_ovly,Aug 2024–Aug 2026,2026-07-02,1.218675,0.6912,0.7127,0.7127,0.0000,0,-0.0137,0.1403,712.6000,81.6892
tv10%_lb60d_ovly,Aug 2024–Aug 2026,2026-07-06,1.230940,0.6912,0.7542,0.7542,0.0000,0,-0.0021,0.1326,722.8200,81.7291
tv10%_lb60d_ovly,Aug 2024–Aug 2026,2026-07-07,1.214545,0.7542,0.7519,0.7519,0.0000,0,-0.0069,0.1330,709.4300,81.6094
tv10%_lb60d_ovly,Aug 2024–Aug 2026,2026-07-08,1.217068,0.7542,0.7503,0.7503,0.0000,0,-0.0099,0.1333,711.4400,81.5895
tv10%_lb60d_ovly,Aug 2024–Aug 2026,2026-07-09,1.232600,0.7542,0.7521,0.7521,0.0000,0,-0.0016,0.1330,723.2800,81.6593
tv10%_lb60d_ovly,Aug 2024–Aug 2026,2026-07-10,1.235355,0.7542,0.7618,0.7618,0.0000,0,0.0000,0.1313,725.5100,81.6294
tv10%_lb60d_ovly,Aug 2024–Aug 2026,2026-07-13,1.217338,0.7542,0.7582,0.7582,0.0000,0,-0.0077,0.1319,711.7400,81.5396
tv10%_lb60d_ovly,Aug 2024–Aug 2026,2026-07-14,1.228105,0.7542,0.7579,0.7579,0.0000,0,-0.0041,0.1319,719.6900,81.6792
tv10%_lb60d_ovly,Aug 2024–Aug 2026,2026-07-15,1.225854,0.7542,0.7684,0.7684,0.0000,0,-0.0002,0.1301,717.7400,81.7490
tv10%_lb60d_ovly,Aug 2024–Aug 2026,2026-07-16,1.210654,0.7542,0.7652,0.7652,0.0000,0,-0.0056,0.1307,705.9400,81.7490
tv10%_lb60d_ovly,Aug 2024–Aug 2026,2026-07-17,1.196894,0.7542,0.7593,0.7593,0.0000,0,-0.0154,0.1317,695.3300,81.7390
tv10%_lb60d_ovly,Aug 2024–Aug 2026,2026-07-20,1.197734,0.7542,0.7668,0.7668,0.0000,0,-0.0170,0.1304,696.0600,81.7091
tv10%_lb60d_ovly,Aug 2024–Aug 2026,2026-07-21,1.214237,0.7542,0.7637,0.7637,0.0000,0,-0.0088,0.1309,708.9700,81.6393
tv10%_lb60d_ovly,Aug 2024–Aug 2026,2026-07-22,1.209342,0.7542,0.7677,0.7677,0.0000,0,-0.0100,0.1303,705.3500,81.5795
tv10%_lb60d_ovly,Aug 2024–Aug 2026,2026-07-23,1.191810,0.7542,0.7517,0.7517,0.0000,0,-0.0222,0.1330,691.9600,81.5197
tv10%_lb60d_ovly,Aug 2024–Aug 2026,2026-07-24,1.182055,0.7542,0.7545,0.7545,0.0000,0,-0.0212,0.1325,684.2300,81.5995
tv10%_lb60d_ovly,Aug 2024–Aug 2026,2026-07-27,1.179376,0.7542,0.7545,0.7545,0.0000,0,-0.0210,0.1325,682.1200,81.6194
tv10%_lb60d_ovly,Aug 2024–Aug 2026,2026-07-28,1.170979,0.7542,0.7623,0.7623,0.0000,0,-0.0187,0.1312,675.4900,81.6892
tv10%_lb60d_ovly,Aug 2024–Aug 2026,2026-07-29,1.153164,0.7542,0.7399,0.7399,0.0000,0,-0.0338,0.1352,661.7300,81.7390
tv10%_lb60d_ovly,Aug 2024–Aug 2026,2026-07-30,1.181912,0.7542,0.7195,0.7195,0.0000,0,-0.0176,0.1390,683.5500,81.7590
tv10%_lb60d_ovly,Aug 2024–Aug 2026,2026-07-31,1.187666,0.7542,0.7204,0.7204,0.0000,0,-0.0105,0.1388,687.9900,81.7490
tv10%_lb60d_ovly,Aug 2024–Aug 2026,2026-08-03,1.203469,0.7542,0.7197,0.7197,0.0000,0,0.0000,0.1390,700.0700,81.7700
tv10%_lb60d_ovly,Aug 2024–Aug 2026,2026-08-04,1.234663,0.7542,0.6985,0.6985,0.0000,0,0.0000,0.1432,723.8500,81.8700
tv10%_lb60d_ovly,Aug 2024–Aug 2026,2026-08-05,1.226279,0.6985,0.7019,0.7019,0.0000,0,-0.0020,0.1425,717.3000,81.9000
tv10%_lb60d_ovly,Aug 2024–Aug 2026,2026-08-06,1.222664,0.6985,0.7017,0.7017,0.0000,0,-0.0036,0.1425,714.6500,81.8000
tv10%_lb60d_ovly,Aug 2024–Aug 2026,2026-08-07,1.233218,0.6985,0.6999,0.6999,0.0000,0,0.0000,0.1429,723.0300,81.9200
tv10%_lb60d_ovly,Aug 2024–Aug 2026,2026-08-10,1.230373,0.6985,0.7016,0.7016,0.0000,0,-0.0003,0.1425,720.8700,81.8600
tv10%_lb60d_ovly,Aug 2024–Aug 2026,2026-08-11,1.227533,0.6985,0.7044,0.7044,0.0000,0,-0.0035,0.1420,718.4500,81.8700
tv10%_lb60d_ovly,Aug 2024–Aug 2026,2026-08-12,1.234025,0.6985,0.7166,0.7166,0.0000,0,-0.0010,0.1396,723.7000,81.9200
tv10%_lb60d_ovly,Aug 2024–Aug 2026,2026-08-13,1.244493,0.6985,0.7138,0.7138,0.0000,0,0.0000,0.1401,732.0700,82.0300
tv10%_lb60d_ovly,Aug 2024–Aug 2026,2026-08-14,1.243168,0.6985,0.7177,0.7177,0.0000,0,-0.0020,0.1393,731.0700,82.0000
tv10%_lb60d_ovly,Aug 2024–Aug 2026,2026-08-17,1.241743,0.6985,0.7222,0.7222,0.0000,0,-0.0067,0.1385,729.8700,82.0000
tv10%_lb60d_ovly,Aug 2024–Aug 2026,2026-08-18,1.227147,0.6985,0.7179,0.7179,0.0000,0,-0.0134,0.1393,717.5100,82.0200
tv10%_lb60d_ovly,Aug 2024–Aug 2026,2026-08-19,1.225619,0.6985,0.7186,0.7186,0.0000,0,-0.0113,0.1392,716.0800,82.0600
tv10%_lb60d_ovly,Aug 2024–Aug 2026,2026-08-20,1.219282,0.6985,0.7154,0.7154,0.0000,0,-0.0196,0.1398,710.9300,82.0200
tv10%_lb60d_ovly,Aug 2024–Aug 2026,2026-08-21,1.222199,0.6985,0.7144,0.7144,0.0000,0,-0.0156,0.1400,713.4400,82.0000
tv12%_lb20d_ovly,2022 bear,2022-01-03,1.000000,0.0000,0.0000,0.0000,0.0000,0,0.0000,0.0000,390.7567,74.2173
tv12%_lb20d_ovly,2022 bear,2022-01-04,1.000585,0.0000,0.0000,0.0000,0.0000,0,0.0000,0.0000,385.6885,74.2608
tv12%_lb20d_ovly,2022 bear,2022-01-05,0.999297,0.0000,0.0000,0.0000,0.0000,0,0.0000,0.0000,373.8396,74.1652
tv12%_lb20d_ovly,2022 bear,2022-01-06,0.998478,0.0000,0.0000,0.0000,0.0000,0,0.0000,0.0000,373.5770,74.1044
tv12%_lb20d_ovly,2022 bear,2022-01-07,0.998244,0.0000,0.0000,0.0000,0.0000,0,0.0000,0.0000,369.5301,74.0870
tv12%_lb20d_ovly,2022 bear,2022-01-10,0.997659,0.0000,0.0000,0.0000,0.0000,0,0.0000,0.0000,369.7733,74.0436
tv12%_lb20d_ovly,2022 bear,2022-01-11,0.998010,0.0000,0.0000,0.0000,0.0000,0,0.0000,0.0000,375.3281,74.0696
tv12%_lb20d_ovly,2022 bear,2022-01-12,0.997659,0.0000,0.0000,0.0000,0.0000,0,0.0000,0.0000,376.8165,74.0436
tv12%_lb20d_ovly,2022 bear,2022-01-13,0.998127,0.0000,0.0000,0.0000,0.0000,0,0.0000,0.0000,367.3900,74.0784
tv12%_lb20d_ovly,2022 bear,2022-01-14,0.996840,0.0000,0.0000,0.0000,0.0000,0,0.0000,0.0000,369.6761,73.9828
tv12%_lb20d_ovly,2022 bear,2022-01-18,0.995318,0.0000,0.0000,0.0000,0.0000,0,0.0000,0.0000,360.4733,73.8699
tv12%_lb20d_ovly,2022 bear,2022-01-19,0.995787,0.0000,0.0000,0.0000,0.0000,0,0.0000,0.0000,356.5141,73.9046
tv12%_lb20d_ovly,2022 bear,2022-01-20,0.995553,0.0000,0.0000,0.0000,0.0000,0,0.0000,0.0000,351.8836,73.8873
tv12%_lb20d_ovly,2022 bear,2022-01-21,0.996372,0.0000,0.0000,0.0000,0.0000,0,0.0000,0.0000,342.1262,73.9481
tv12%_lb20d_ovly,2022 bear,2022-01-24,0.996957,0.0000,0.0000,0.0000,0.0000,0,0.0000,0.0000,343.6924,73.9915
tv12%_lb20d_ovly,2022 bear,2022-01-25,0.996489,0.0000,0.0000,0.0000,0.0000,0,0.0000,0.0000,335.7251,73.9567
tv12%_lb20d_ovly,2022 bear,2022-01-26,0.994733,0.0000,0.0000,0.0000,0.0000,0,0.0000,0.0000,335.1998,73.8265
tv12%_lb20d_ovly,2022 bear,2022-01-27,0.993914,0.0000,0.0000,0.0000,0.0000,0,0.0000,0.0000,331.8242,73.7657
tv12%_lb20d_ovly,2022 bear,2022-01-28,0.994265,0.0000,0.0000,0.0000,0.0000,0,0.0000,0.0000,342.2333,73.7917
tv12%_lb20d_ovly,2022 bear,2022-01-31,0.994265,0.0000,0.0000,0.0000,0.0000,0,-0.0582,0.0000,353.1772,73.7917
tv12%_lb20d_ovly,2022 bear,2022-02-01,0.994183,0.0000,0.0000,0.6406,0.0000,0,-0.0515,0.1873,355.5801,73.7856
tv12%_lb20d_ovly,2022 bear,2022-02-02,0.994417,0.0000,0.0000,0.6242,0.0000,0,-0.0290,0.1923,358.4693,73.8030
tv12%_lb20d_ovly,2022 bear,2022-02-03,0.993597,0.0000,0.0000,0.6060,0.0000,0,-0.0518,0.1980,343.9356,73.7422
tv12%_lb20d_ovly,2022 bear,2022-02-04,0.991607,0.0000,0.0000,0.6013,0.0000,0,-0.0474,0.1996,348.2744,73.5945
tv12%_lb20d_ovly,2022 bear,2022-02-07,0.991842,0.0000,0.0000,0.6015,0.0000,0,-0.0504,0.1995,345.4727,73.6119
tv12%_lb20d_ovly,2022 bear,2022-02-08,0.990788,0.0000,0.0000,0.5917,0.0000,0,-0.0426,0.2028,349.3542,73.5336
tv12%_lb20d_ovly,2022 bear,2022-02-09,0.990671,0.0000,0.0000,0.5784,0.0000,0,-0.0286,0.2075,356.7572,73.5250
tv12%_lb20d_ovly,2022 bear,2022-02-10,0.985637,0.0000,0.0000,0.5577,0.0000,0,-0.0331,0.2152,348.6829,73.1513
tv12%_lb20d_ovly,2022 bear,2022-02-11,0.988681,0.0000,0.0000,0.5443,0.0000,0,-0.0522,0.2205,337.6221,73.3773
tv12%_lb20d_ovly,2022 bear,2022-02-14,0.986573,0.0000,0.0000,0.5450,0.0000,0,-0.0405,0.2202,338.0404,73.2209
tv12%_lb20d_ovly,2022 bear,2022-02-15,0.986924,0.0000,0.0000,0.5398,0.0000,0,-0.0250,0.2223,346.4455,73.2469
tv12%_lb20d_ovly,2022 bear,2022-02-16,0.988213,0.0000,0.0000,0.5462,0.0000,0,-0.0239,0.2197,346.3579,73.3425
tv12%_lb20d_ovly,2022 bear,2022-02-17,0.988798,0.0000,0.0000,0.5234,0.0000,0,-0.0448,0.2293,336.0560,73.3859
tv12%_lb20d_ovly,2022 bear,2022-02-18,0.988915,0.0000,0.0000,0.5466,0.0000,0,-0.0509,0.2195,332.2231,73.3946
tv12%_lb20d_ovly,2022 bear,2022-02-22,0.987978,0.0000,0.0000,0.5411,0.0000,0,-0.0611,0.2218,328.8863,73.3251
tv12%_lb20d_ovly,2022 bear,2022-02-23,0.987393,0.0000,0.0000,0.5302,0.0000,0,-0.0778,0.2263,320.4619,73.2817
tv12%_lb20d_ovly,2022 bear,2022-02-24,0.988213,0.0000,0.0000,0.5137,0.0000,0,-0.0639,0.2336,331.2308,73.3425
tv12%_lb20d_ovly,2022 bear,2022-02-25,0.988213,0.0000,0.0000,0.4878,0.0000,0,-0.0433,0.2460,336.3672,73.3425
tv12%_lb20d_ovly,2022 bear,2022-02-28,0.989969,0.0000,0.0000,0.5229,0.0000,0,-0.0457,0.2295,337.3692,73.4728
tv12%_lb20d_ovly,2022 bear,2022-03-01,0.992252,0.0000,0.0000,0.5351,0.0000,0,-0.0602,0.2243,332.2036,73.6423
tv12%_lb20d_ovly,2022 bear,2022-03-02,0.988973,0.0000,0.0000,0.5130,0.0000,0,-0.0429,0.2339,337.7777,73.3989
tv12%_lb20d_ovly,2022 bear,2022-03-03,0.988973,0.0000,0.0000,0.5212,0.0000,0,-0.0477,0.2302,332.9526,73.3989
tv12%_lb20d_ovly,2022 bear,2022-03-04,0.990027,0.0000,0.0000,0.5522,0.0000,0,-0.0554,0.2173,328.1275,73.4772
tv12%_lb20d_ovly,2022 bear,2022-03-07,0.988739,0.0000,0.0000,0.5048,0.0000,0,-0.0833,0.2377,316.0258,73.3816
tv12%_lb20d_ovly,2022 bear,2022-03-08,0.987450,0.0000,0.0000,0.5038,0.0000,0,-0.0902,0.2382,314.5569,73.2859
tv12%_lb20d_ovly,2022 bear,2022-03-09,0.986865,0.0000,0.0000,0.4648,0.0000,0,-0.0659,0.2581,325.8804,73.2425
tv12%_lb20d_ovly,2022 bear,2022-03-10,0.986045,0.0000,0.0000,0.4799,0.0000,0,-0.0531,0.2500,322.2615,73.1817
tv12%_lb20d_ovly,2022 bear,2022-03-11,0.985694,0.0000,0.0000,0.4866,0.0000,0,-0.0594,0.2466,315.5783,73.1556
tv12%_lb20d_ovly,2022 bear,2022-03-14,0.983118,0.0000,0.0000,0.5013,0.0000,0,-0.0663,0.2394,309.5176,72.9644
tv12%_lb20d_ovly,2022 bear,2022-03-15,0.983469,0.0000,0.0000,0.4713,0.0000,0,-0.0457,0.2546,319.2263,72.9904
tv12%_lb20d_ovly,2022 bear,2022-03-16,0.982532,0.0000,0.0000,0.4601,0.0000,0,-0.0246,0.2608,331.0655,72.9209
tv12%_lb20d_ovly,2022 bear,2022-03-17,0.982181,0.0000,0.0000,0.4525,0.0000,0,0.0000,0.2652,335.0734,72.8949
tv12%_lb20d_ovly,2022 bear,2022-03-18,0.981947,0.0000,0.0000,0.4687,0.0000,0,0.0000,0.2560,341.9316,72.8775
tv12%_lb20d_ovly,2022 bear,2022-03-21,0.978667,0.0000,0.0000,0.4714,0.0000,0,-0.0003,0.2546,340.9810,72.6341
tv12%_lb20d_ovly,2022 bear,2022-03-22,0.977965,0.0000,0.0000,0.4745,0.0000,0,0.0000,0.2529,347.6823,72.5819
tv12%_lb20d_ovly,2022 bear,2022-03-23,0.978784,0.0000,0.0000,0.4835,0.0000,0,-0.0129,0.2482,342.6855,72.6428
tv12%_lb20d_ovly,2022 bear,2022-03-24,0.978550,0.0000,0.0000,0.4835,0.0000,0,0.0000,0.2482,350.3023,72.6254
tv12%_lb20d_ovly,2022 bear,2022-03-25,0.975857,0.0000,0.0000,0.5043,0.0000,0,0.0000,0.2379,350.0102,72.4255
tv12%_lb20d_ovly,2022 bear,2022-03-28,0.974920,0.0000,0.0000,0.5041,0.0000,0,0.0000,0.2380,355.4256,72.3560
tv12%_lb20d_ovly,2022 bear,2022-03-29,0.975388,0.0000,0.0000,0.5196,0.0000,0,0.0000,0.2309,361.5423,72.3907
tv12%_lb20d_ovly,2022 bear,2022-03-30,0.976091,0.0000,0.5291,0.5291,0.0000,0,-0.0062,0.2268,357.5489,72.4429
tv12%_lb20d_ovly,2022 bear,2022-03-31,0.975574,0.5291,0.5121,0.5121,0.0000,0,-0.0215,0.2343,353.1172,72.4429
tv12%_lb20d_ovly,2022 bear,2022-04-01,0.973633,0.5291,0.5188,0.5188,0.0000,0,-0.0187,0.2313,352.4451,72.2916
tv12%_lb20d_ovly,2022 bear,2022-04-04,0.984514,0.5291,0.6072,0.6072,0.0000,0,-0.0103,0.1976,359.7014,72.3350
tv12%_lb20d_ovly,2022 bear,2022-04-05,0.972037,0.6072,0.5926,0.5926,0.0000,0,-0.0228,0.2025,351.7147,72.2047
tv12%_lb20d_ovly,2022 bear,2022-04-06,0.959497,0.6072,0.6306,0.6306,0.0000,0,-0.0326,0.1903,344.0783,72.2568
tv12%_lb20d_ovly,2022 bear,2022-04-07,0.961155,0.6072,0.6358,0.6358,0.0000,0,-0.0277,0.1887,344.8965,72.3090
tv12%_lb20d_ovly,2022 bear,2022-04-08,0.952542,0.6072,0.6634,0.6634,0.0000,0,-0.0303,0.1809,340.0752,72.2220
tv12%_lb20d_ovly,2022 bear,2022-04-11,0.938895,0.6634,0.6259,0.6259,0.0000,0,-0.0469,0.1917,332.0299,72.2394
tv12%_lb20d_ovly,2022 bear,2022-04-12,0.937063,0.6634,0.6693,0.6693,0.0000,0,-0.0504,0.1793,330.6273,72.4220
tv12%_lb20d_ovly,2022 bear,2022-04-13,0.949850,0.6634,0.7190,0.7190,0.0000,0,-0.0395,0.1669,337.3480,72.4568
tv12%_lb20d_ovly,2022 bear,2022-04-14,0.934814,0.7190,0.7152,0.7152,0.0000,0,-0.0515,0.1678,329.6338,72.3263
tv12%_lb20d_ovly,2022 bear,2022-04-18,0.935330,0.7190,0.7379,0.7379,0.0000,0,-0.0511,0.1626,329.8871,72.3263
tv12%_lb20d_ovly,2022 bear,2022-04-19,0.949762,0.7190,0.6929,0.6929,0.0000,0,-0.0358,0.1732,337.2603,72.1612
tv12%_lb20d_ovly,2022 bear,2022-04-20,0.939963,0.7190,0.7155,0.7155,0.0000,0,-0.0365,0.1677,332.3416,72.2047
tv12%_lb20d_ovly,2022 bear,2022-04-21,0.925533,0.7190,0.7062,0.7062,0.0000,0,-0.0509,0.1699,325.4651,72.0829
tv12%_lb20d_ovly,2022 bear,2022-04-22,0.908043,0.7190,0.6487,0.6487,0.0000,0,-0.0769,0.1850,316.9425,72.0655
tv12%_lb20d_ovly,2022 bear,2022-04-25,0.916766,0.6487,0.6468,0.6468,0.0000,0,-0.0716,0.1855,321.0138,72.1785
tv12%_lb20d_ovly,2022 bear,2022-04-26,0.894901,0.6487,0.5879,0.5879,0.0000,0,-0.0985,0.2041,308.8972,72.3090
tv12%_lb20d_ovly,2022 bear,2022-04-27,0.894000,0.5879,0.6111,0.6111,0.0000,0,-0.0903,0.1964,308.5270,72.2742
tv12%_lb20d_ovly,2022 bear,2022-04-28,0.912400,0.5879,0.5376,0.5376,0.0000,0,-0.0635,0.2232,319.4846,72.2220
tv12%_lb20d_ovly,2022 bear,2022-04-29,0.887495,0.5376,0.4778,0.4778,0.0000,0,-0.0981,0.2511,305.1083,72.0829
tv12%_lb20d_ovly,2022 bear,2022-05-02,0.895378,0.4778,0.4750,0.4750,0.0000,0,-0.0926,0.2526,310.2024,72.0777
tv12%_lb20d_ovly,2022 bear,2022-05-03,0.895609,0.4778,0.4794,0.4794,0.0000,0,-0.0768,0.2503,310.5335,72.0429
tv12%_lb20d_ovly,2022 bear,2022-05-04,0.911321,0.4778,0.4339,0.4339,0.0000,0,-0.0439,0.2766,321.0333,72.2343
tv12%_lb20d_ovly,2022 bear,2022-05-05,0.888587,0.4778,0.3993,0.3993,0.0000,0,-0.0779,0.3006,304.8647,72.1125
tv12%_lb20d_ovly,2022 bear,2022-05-06,0.883375,0.3993,0.4016,0.4016,0.0000,0,-0.0809,0.2988,301.2122,72.1038
tv12%_lb20d_ovly,2022 bear,2022-05-09,0.870919,0.3993,0.3810,0.3810,0.0000,0,-0.1053,0.3149,289.4268,72.2865
tv12%_lb20d_ovly,2022 bear,2022-05-10,0.874829,0.3993,0.8831,0.3831,0.5000,0,-0.1032,0.3132,292.9429,72.2430
tv12%_lb20d_ovly,2022 bear,2022-05-11,0.864115,0.8831,0.8802,0.3802,0.5000,0,-0.1175,0.3156,284.2548,72.2517
tv12%_lb20d_ovly,2022 bear,2022-05-12,0.862456,0.8831,0.8873,0.3873,0.5000,0,-0.1184,0.3099,283.5827,72.3560
tv12%_lb20d_ovly,2022 bear,2022-05-13,0.890647,0.8831,0.6180,0.3680,0.2500,0,-0.0973,0.3261,294.0923,72.3300
tv12%_lb20d_ovly,2022 bear,2022-05-16,0.881358,0.6180,0.8686,0.3686,0.5000,0,-0.1010,0.3256,290.6832,72.3735
tv12%_lb20d_ovly,2022 bear,2022-05-17,0.894514,0.8686,0.6141,0.3641,0.2500,0,-0.0818,0.3296,298.2123,72.2169
tv12%_lb20d_ovly,2022 bear,2022-05-18,0.856213,0.6141,0.8389,0.3389,0.5000,0,-0.1055,0.3541,283.5729,72.2517
tv12%_lb20d_ovly,2022 bear,2022-05-19,0.853681,0.8389,0.5904,0.3404,0.2500,0,-0.0923,0.3526,282.0535,72.3560
tv12%_lb20d_ovly,2022 bear,2022-05-20,0.851343,0.5904,0.5995,0.3495,0.2500,0,-0.0919,0.3434,281.1768,72.4083
tv12%_lb20d_ovly,2022 bear,2022-05-23,0.859532,0.5904,0.5916,0.3416,0.2500,0,-0.0749,0.3513,285.8521,72.3735
tv12%_lb20d_ovly,2022 bear,2022-05-24,0.849547,0.5904,0.6044,0.3544,0.2500,0,-0.0820,0.3386,279.7743,72.5388
tv12%_lb20d_ovly,2022 bear,2022-05-25,0.856817,0.5904,0.6024,0.3524,0.2500,0,-0.0739,0.3406,283.6898,72.5910
tv12%_lb20d_ovly,2022 bear,2022-05-26,0.870916,0.5904,0.6077,0.3577,0.2500,0,-0.0554,0.3355,291.5501,72.6084
tv12%_lb20d_ovly,2022 bear,2022-05-27,0.887783,0.5904,0.3731,0.3731,0.0000,0,-0.0322,0.3217,301.0661,72.6258
tv12%_lb20d_ovly,2022 bear,2022-05-31,0.885634,0.3731,0.3731,0.3731,0.0000,0,-0.0376,0.3216,300.2675,72.5127
tv12%_lb20d_ovly,2022 bear,2022-06-01,0.882157,0.3731,0.3723,0.3723,0.0000,0,-0.0454,0.3223,298.0467,72.3777
tv12%_lb20d_ovly,2022 bear,2022-06-02,0.891303,0.3731,0.3866,0.3866,0.0000,0,0.0000,0.3104,306.2089,72.3951
tv12%_lb20d_ovly,2022 bear,2022-06-03,0.882449,0.3731,0.4164,0.4164,0.0000,0,-0.0164,0.2882,298.2415,72.3690
tv12%_lb20d_ovly,2022 bear,2022-06-06,0.882814,0.3731,0.4172,0.4172,0.0000,0,-0.0134,0.2876,299.2350,72.2733
tv12%_lb20d_ovly,2022 bear,2022-06-07,0.885721,0.3731,0.4580,0.4580,0.0000,0,-0.0040,0.2620,301.8161,72.2820
tv12%_lb20d_ovly,2022 bear,2022-06-08,0.882867,0.4580,0.4509,0.4509,0.0000,0,-0.0148,0.2661,299.6442,72.2297
tv12%_lb20d_ovly,2022 bear,2022-06-09,0.871692,0.4580,0.4371,0.4371,0.0000,0,-0.0382,0.2746,291.6182,72.1775
tv12%_lb20d_ovly,2022 bear,2022-06-10,0.855617,0.4580,0.6565,0.4065,0.2500,0,-0.0661,0.2952,281.3327,71.8728
tv12%_lb20d_ovly,2022 bear,2022-06-13,0.834873,0.6565,0.3863,0.3863,0.0000,0,-0.1016,0.3106,268.2517,71.5071
tv12%_lb20d_ovly,2022 bear,2022-06-14,0.835084,0.3863,0.2500,0.3863,0.5000,1,-0.1043,0.3106,268.7388,71.3678
tv12%_lb20d_ovly,2022 bear,2022-06-15,0.845025,0.2500,0.6434,0.3934,0.2500,0,-0.0915,0.3051,275.4497,71.6464
tv12%_lb20d_ovly,2022 bear,2022-06-16,0.837019,0.6434,0.2500,0.4084,0.5000,1,-0.1216,0.2938,264.3363,71.7421
tv12%_lb20d_ovly,2022 bear,2022-06-17,0.843163,0.2500,0.2500,0.4078,0.5000,1,-0.1197,0.2942,267.5504,71.7247
tv12%_lb20d_ovly,2022 bear,2022-06-21,0.848251,0.2500,0.2500,0.3868,0.2500,1,-0.0975,0.3103,274.3007,71.6986
tv12%_lb20d_ovly,2022 bear,2022-06-22,0.849795,0.2500,0.2500,0.3988,0.2500,1,-0.0991,0.3009,273.9005,71.9076
tv12%_lb20d_ovly,2022 bear,2022-06-23,0.853500,0.2500,0.2500,0.3954,0.2500,1,-0.0903,0.3035,277.9797,71.9685
tv12%_lb20d_ovly,2022 bear,2022-06-24,0.860656,0.2500,0.2500,0.3706,0.2500,1,-0.0614,0.3238,287.5043,71.9511
tv12%_lb20d_ovly,2022 bear,2022-06-27,0.858375,0.2500,0.6314,0.3814,0.2500,0,-0.0650,0.3147,285.3965,71.8728
tv12%_lb20d_ovly,2022 bear,2022-06-28,0.851357,0.6314,0.2500,0.3929,0.2500,1,-0.0841,0.3054,276.7013,71.8553
tv12%_lb20d_ovly,2022 bear,2022-06-29,0.851905,0.2500,0.2500,0.3927,0.2500,1,-0.0848,0.3056,276.9550,71.9424
tv12%_lb20d_ovly,2022 bear,2022-06-30,0.850500,0.2500,0.2500,0.3927,0.2500,1,-0.0923,0.3056,273.5199,72.0817
tv12%_lb20d_ovly,2022 bear,2022-07-01,0.853824,0.2500,0.2500,0.4018,0.2500,1,-0.0790,0.2987,275.3253,72.2987
tv12%_lb20d_ovly,2022 bear,2022-07-05,0.857401,0.2500,0.6556,0.4056,0.2500,0,-0.0773,0.2958,280.0388,72.2900
tv12%_lb20d_ovly,2022 bear,2022-07-06,0.856645,0.6556,0.6555,0.4055,0.2500,0,-0.0742,0.2959,281.8345,72.0896
tv12%_lb20d_ovly,2022 bear,2022-07-07,0.868450,0.6556,0.4005,0.4005,0.0000,0,-0.0500,0.2996,287.8654,72.0373
tv12%_lb20d_ovly,2022 bear,2022-07-08,0.868581,0.4005,0.4024,0.4024,0.0000,0,-0.0276,0.2982,288.2265,71.9501
tv12%_lb20d_ovly,2022 bear,2022-07-11,0.861337,0.4005,0.4146,0.4146,0.0000,0,-0.0150,0.2894,282.0687,71.9763
tv12%_lb20d_ovly,2022 bear,2022-07-12,0.858245,0.4005,0.4407,0.4407,0.0000,0,-0.0237,0.2723,279.3362,72.0111
tv12%_lb20d_ovly,2022 bear,2022-07-13,0.856976,0.4005,0.5129,0.5129,0.0000,0,-0.0288,0.2339,278.7604,71.9327
tv12%_lb20d_ovly,2022 bear,2022-07-14,0.857919,0.5129,0.5132,0.5132,0.0000,0,-0.0312,0.2338,279.7559,71.9065
tv12%_lb20d_ovly,2022 bear,2022-07-15,0.866205,0.5129,0.5041,0.5041,0.0000,0,-0.0127,0.2380,284.8304,71.9588
tv12%_lb20d_ovly,2022 bear,2022-07-18,0.862189,0.5129,0.5894,0.5894,0.0000,0,-0.0208,0.2036,282.4200,71.9153
tv12%_lb20d_ovly,2022 bear,2022-07-19,0.875265,0.5894,0.5424,0.5424,0.0000,0,0.0000,0.2213,291.1053,71.8368
tv12%_lb20d_ovly,2022 bear,2022-07-20,0.883401,0.5894,0.5802,0.5802,0.0000,0,0.0000,0.2068,295.7213,71.8281
tv12%_lb20d_ovly,2022 bear,2022-07-21,0.891887,0.5894,0.5774,0.5774,0.0000,0,0.0000,0.2078,299.9663,72.0285
tv12%_lb20d_ovly,2022 bear,2022-07-22,0.883600,0.5894,0.5693,0.5693,0.0000,0,-0.0093,0.2108,294.7063,72.2115
tv12%_lb20d_ovly,2022 bear,2022-07-25,0.880327,0.5894,0.6644,0.6644,0.0000,0,-0.0081,0.1806,293.0278,72.1505
tv12%_lb20d_ovly,2022 bear,2022-07-26,0.869893,0.6644,0.6469,0.6469,0.0000,0,-0.0198,0.1855,287.2701,72.1157
tv12%_lb20d_ovly,2022 bear,2022-07-27,0.894777,0.6644,0.6352,0.6352,0.0000,0,0.0000,0.1889,299.4101,72.2290
tv12%_lb20d_ovly,2022 bear,2022-07-28,0.901242,0.6644,0.6264,0.6264,0.0000,0,0.0000,0.1916,302.3377,72.3858
tv12%_lb20d_ovly,2022 bear,2022-07-29,0.912127,0.6644,0.6299,0.6299,0.0000,0,0.0000,0.1905,307.8514,72.3772
tv12%_lb20d_ovly,2022 bear,2022-08-01,0.911754,0.6644,0.6290,0.6290,0.0000,0,-0.0030,0.1908,307.6660,72.3754
tv12%_lb20d_ovly,2022 bear,2022-08-02,0.908878,0.6644,0.6178,0.6178,0.0000,0,-0.0095,0.1942,306.7487,72.1224
tv12%_lb20d_ovly,2022 bear,2022-08-03,0.925435,0.6644,0.6029,0.6029,0.0000,0,0.0000,0.1990,315.1023,72.1486
tv12%_lb20d_ovly,2022 bear,2022-08-04,0.928666,0.6029,0.6144,0.6144,0.0000,0,-0.0007,0.1953,316.5759,72.2445
tv12%_lb20d_ovly,2022 bear,2022-08-05,0.922578,0.6029,0.6136,0.6136,0.0000,0,-0.0024,0.1956,313.9897,71.9479
tv12%_lb20d_ovly,2022 bear,2022-08-08,0.921136,0.6029,0.6361,0.6361,0.0000,0,-0.0035,0.1887,312.9749,72.0177
tv12%_lb20d_ovly,2022 bear,2022-08-09,0.914495,0.6029,0.6482,0.6482,0.0000,0,-0.0075,0.1851,309.4324,71.9479
tv12%_lb20d_ovly,2022 bear,2022-08-10,0.930237,0.6029,0.6280,0.6280,0.0000,0,0.0000,0.1911,318.0690,72.0177
tv12%_lb20d_ovly,2022 bear,2022-08-11,0.926919,0.6029,0.6316,0.6316,0.0000,0,0.0000,0.1900,316.2635,71.9915
tv12%_lb20d_ovly,2022 bear,2022-08-12,0.937889,0.6029,0.6379,0.6379,0.0000,0,0.0000,0.1881,322.4214,72.0090
tv12%_lb20d_ovly,2022 bear,2022-08-15,0.942775,0.6029,0.6616,0.6616,0.0000,0,0.0000,0.1814,325.0269,72.0700
tv12%_lb20d_ovly,2022 bear,2022-08-16,0.941071,0.6616,0.7315,0.7315,0.0000,0,0.0000,0.1640,324.2658,72.0090
tv12%_lb20d_ovly,2022 bear,2022-08-17,0.933634,0.7315,0.7101,0.7101,0.0000,0,-0.0071,0.1690,320.5672,71.9479
tv12%_lb20d_ovly,2022 bear,2022-08-18,0.935641,0.7315,0.7169,0.7169,0.0000,0,-0.0042,0.1674,321.3382,72.0526
tv12%_lb20d_ovly,2022 bear,2022-08-19,0.922114,0.7315,0.6966,0.6966,0.0000,0,-0.0176,0.1723,315.0730,72.0003
tv12%_lb20d_ovly,2022 bear,2022-08-22,0.904025,0.7315,0.6226,0.6226,0.0000,0,-0.0380,0.1927,306.7780,71.9043
tv12%_lb20d_ovly,2022 bear,2022-08-23,0.903498,0.6226,0.6438,0.6438,0.0000,0,-0.0404,0.1864,306.5242,71.9392
tv12%_lb20d_ovly,2022 bear,2022-08-24,0.904755,0.6226,0.7247,0.7247,0.0000,0,-0.0373,0.1656,307.4124,71.8607
tv12%_lb20d_ovly,2022 bear,2022-08-25,0.914828,0.7247,0.7185,0.7185,0.0000,0,-0.0237,0.1670,312.8479,71.9043
tv12%_lb20d_ovly,2022 bear,2022-08-26,0.887591,0.7247,0.8400,0.5900,0.2500,0,-0.0568,0.2034,300.0249,71.8868
tv12%_lb20d_ovly,2022 bear,2022-08-29,0.880972,0.8400,0.8373,0.5873,0.2500,0,-0.0630,0.2043,297.0679,71.8345
tv12%_lb20d_ovly,2022 bear,2022-08-30,0.872663,0.8400,0.8310,0.5810,0.2500,0,-0.0733,0.2065,293.7597,71.7996
tv12%_lb20d_ovly,2022 bear,2022-08-31,0.868384,0.8400,0.8567,0.6067,0.2500,0,-0.0803,0.1978,292.0519,71.7909
tv12%_lb20d_ovly,2022 bear,2022-09-01,0.868600,0.8400,0.8540,0.6040,0.2500,0,-0.0774,0.1987,292.1789,71.7385
tv12%_lb20d_ovly,2022 bear,2022-09-02,0.858596,0.8400,0.8474,0.5974,0.2500,0,-0.0872,0.2009,288.0508,71.8957
tv12%_lb20d_ovly,2022 bear,2022-09-06,0.853116,0.8400,0.5975,0.5975,0.0000,0,-0.0906,0.2008,285.9819,71.7385
tv12%_lb20d_ovly,2022 bear,2022-09-07,0.867581,0.5975,0.5618,0.5618,0.0000,0,-0.0743,0.2136,291.7592,71.8433
tv12%_lb20d_ovly,2022 bear,2022-09-08,0.869844,0.5975,0.6024,0.6024,0.0000,0,-0.0682,0.1992,293.2718,71.7559
tv12%_lb20d_ovly,2022 bear,2022-09-09,0.880908,0.5975,0.5744,0.5744,0.0000,0,-0.0538,0.2089,299.6833,71.6948
tv12%_lb20d_ovly,2022 bear,2022-09-12,0.887120,0.5975,0.5916,0.5916,0.0000,0,-0.0436,0.2028,303.2454,71.6861
tv12%_lb20d_ovly,2022 bear,2022-09-13,0.856837,0.5975,0.4778,0.4778,0.0000,0,-0.0852,0.2512,286.6163,71.4415
tv12%_lb20d_ovly,2022 bear,2022-09-14,0.860500,0.4778,0.7264,0.4764,0.2500,0,-0.0778,0.2519,288.8900,71.3803
tv12%_lb20d_ovly,2022 bear,2022-09-15,0.852946,0.7264,0.7243,0.4743,0.2500,0,-0.0883,0.2530,284.0790,71.3017
tv12%_lb20d_ovly,2022 bear,2022-09-16,0.849272,0.7264,0.4768,0.4768,0.0000,0,-0.0829,0.2517,282.3420,71.3367
tv12%_lb20d_ovly,2022 bear,2022-09-19,0.853607,0.4768,0.4735,0.4735,0.0000,0,-0.0700,0.2534,284.5406,71.2581
tv12%_lb20d_ovly,2022 bear,2022-09-20,0.850143,0.4768,0.4857,0.4857,0.0000,0,-0.0807,0.2471,282.2725,71.2231
tv12%_lb20d_ovly,2022 bear,2022-09-21,0.842503,0.4768,0.7261,0.4761,0.2500,0,-0.0967,0.2521,277.2180,71.1620
tv12%_lb20d_ovly,2022 bear,2022-09-22,0.836539,0.7261,0.4783,0.4783,0.0000,0,-0.1043,0.2509,273.8062,71.0310
tv12%_lb20d_ovly,2022 bear,2022-09-23,0.826163,0.4783,0.4917,0.4917,0.0000,0,-0.1010,0.2440,269.3482,70.9436
tv12%_lb20d_ovly,2022 bear,2022-09-26,0.823573,0.4783,0.5428,0.5428,0.0000,0,-0.1099,0.2211,268.2336,70.7864
tv12%_lb20d_ovly,2022 bear,2022-09-27,0.823677,0.5428,0.5426,0.5426,0.0000,0,-0.1122,0.2212,268.3413,70.7864
tv12%_lb20d_ovly,2022 bear,2022-09-28,0.834198,0.5428,0.5085,0.5085,0.0000,0,-0.0947,0.2360,273.6791,71.0921
tv12%_lb20d_ovly,2022 bear,2022-09-29,0.820628,0.5428,0.4919,0.4919,0.0000,0,-0.1136,0.2439,265.7896,70.9960
tv12%_lb20d_ovly,2022 bear,2022-09-30,0.812710,0.4919,0.4885,0.4885,0.0000,0,-0.1273,0.2456,261.2827,70.9349
tv12%_lb20d_ovly,2022 bear,2022-10-03,0.822996,0.4919,0.9477,0.4477,0.5000,0,-0.1043,0.2680,267.4124,71.0906
tv12%_lb20d_ovly,2022 bear,2022-10-04,0.835498,0.9477,0.4090,0.4090,0.0000,0,-0.0765,0.2934,275.8202,71.1168
tv12%_lb20d_ovly,2022 bear,2022-10-05,0.834584,0.4090,0.4218,0.4218,0.0000,0,-0.0787,0.2845,275.6735,71.0468
tv12%_lb20d_ovly,2022 bear,2022-10-06,0.831290,0.4090,0.4230,0.4230,0.0000,0,-0.0882,0.2837,273.5032,70.9594
tv12%_lb20d_ovly,2022 bear,2022-10-07,0.817731,0.4090,0.4169,0.4169,0.0000,0,-0.1136,0.2878,263.0815,70.8719
tv12%_lb20d_ovly,2022 bear,2022-10-10,0.814209,0.4090,0.4264,0.4264,0.0000,0,-0.0839,0.2815,260.4517,70.8457
tv12%_lb20d_ovly,2022 bear,2022-10-11,0.809872,0.4090,0.4938,0.4938,0.0000,0,-0.0897,0.2430,256.8736,70.8806
tv12%_lb20d_ovly,2022 bear,2022-10-12,0.810162,0.4938,0.4977,0.4977,0.0000,0,-0.0823,0.2411,256.7856,70.9506
tv12%_lb20d_ovly,2022 bear,2022-10-13,0.818331,0.4938,0.4558,0.4558,0.0000,0,-0.0581,0.2632,262.8078,70.7407
tv12%_lb20d_ovly,2022 bear,2022-10-14,0.805981,0.4938,0.4406,0.4406,0.0000,0,-0.0796,0.2724,254.9085,70.7057
tv12%_lb20d_ovly,2022 bear,2022-10-17,0.819533,0.4406,0.4153,0.4153,0.0000,0,-0.0450,0.2889,263.3259,70.7844
tv12%_lb20d_ovly,2022 bear,2022-10-18,0.822616,0.4406,0.4117,0.4117,0.0000,0,-0.0181,0.2915,265.4084,70.8195
tv12%_lb20d_ovly,2022 bear,2022-10-19,0.820441,0.4406,0.4193,0.4193,0.0000,0,-0.0251,0.2862,264.4405,70.6882
tv12%_lb20d_ovly,2022 bear,2022-10-20,0.818086,0.4406,0.4193,0.4193,0.0000,0,-0.0332,0.2862,263.0913,70.6095
tv12%_lb20d_ovly,2022 bear,2022-10-21,0.827727,0.4406,0.4093,0.4093,0.0000,0,-0.0097,0.2932,269.2603,70.7932
tv12%_lb20d_ovly,2022 bear,2022-10-24,0.831625,0.4406,0.4097,0.4097,0.0000,0,0.0000,0.2929,272.2224,70.7757
tv12%_lb20d_ovly,2022 bear,2022-10-25,0.839664,0.4406,0.4049,0.4049,0.0000,0,0.0000,0.2964,277.8536,70.8457
tv12%_lb20d_ovly,2022 bear,2022-10-26,0.831896,0.4406,0.4112,0.4112,0.0000,0,-0.0075,0.2918,271.7141,70.9069
tv12%_lb20d_ovly,2022 bear,2022-10-27,0.826199,0.4406,0.4274,0.4274,0.0000,0,-0.0128,0.2807,266.7672,71.0556
tv12%_lb20d_ovly,2022 bear,2022-10-28,0.836655,0.4406,0.4256,0.4256,0.0000,0,0.0000,0.2820,274.9305,70.9506
tv12%_lb20d_ovly,2022 bear,2022-10-31,0.831676,0.4406,0.4404,0.4404,0.0000,0,-0.0072,0.2725,271.7336,70.8457
tv12%_lb20d_ovly,2022 bear,2022-11-01,0.827478,0.4406,0.4753,0.4753,0.0000,0,-0.0116,0.2525,268.9571,70.7764
tv12%_lb20d_ovly,2022 bear,2022-11-02,0.814753,0.4406,0.4459,0.4459,0.0000,0,-0.0364,0.2691,259.7381,70.7414
tv12%_lb20d_ovly,2022 bear,2022-11-03,0.806894,0.4406,0.4460,0.4460,0.0000,0,-0.0463,0.2691,254.6641,70.6100
tv12%_lb20d_ovly,2022 bear,2022-11-04,0.813116,0.4406,0.4757,0.4757,0.0000,0,-0.0326,0.2523,258.7604,70.6888
tv12%_lb20d_ovly,2022 bear,2022-11-07,0.816660,0.4406,0.4780,0.4780,0.0000,0,-0.0233,0.2510,261.6053,70.6275
tv12%_lb20d_ovly,2022 bear,2022-11-08,0.819735,0.4406,0.4822,0.4822,0.0000,0,-0.0180,0.2489,263.5117,70.6976
tv12%_lb20d_ovly,2022 bear,2022-11-09,0.812140,0.4406,0.4573,0.4573,0.0000,0,-0.0383,0.2624,257.4308,70.8115
tv12%_lb20d_ovly,2022 bear,2022-11-10,0.841015,0.4406,0.3882,0.3882,0.0000,0,0.0000,0.3091,276.4262,71.1970
tv12%_lb20d_ovly,2022 bear,2022-11-11,0.847682,0.3882,0.4097,0.4097,0.0000,0,0.0000,0.2929,281.5197,71.1795
tv12%_lb20d_ovly,2022 bear,2022-11-14,0.844356,0.3882,0.4183,0.4183,0.0000,0,-0.0085,0.2869,279.0561,71.1182
tv12%_lb20d_ovly,2022 bear,2022-11-15,0.849400,0.3882,0.4197,0.4197,0.0000,0,-0.0001,0.2859,282.9178,71.1882
tv12%_lb20d_ovly,2022 bear,2022-11-16,0.844964,0.3882,0.4193,0.4193,0.0000,0,-0.0077,0.2862,279.0561,71.1970
tv12%_lb20d_ovly,2022 bear,2022-11-17,0.843604,0.3882,0.4227,0.4227,0.0000,0,-0.0107,0.2839,278.4402,71.1094
tv12%_lb20d_ovly,2022 bear,2022-11-18,0.843043,0.3882,0.4384,0.4384,0.0000,0,-0.0062,0.2737,278.4500,71.0305
tv12%_lb20d_ovly,2022 bear,2022-11-21,0.839507,0.4384,0.4407,0.4407,0.0000,0,-0.0098,0.2723,275.5855,71.0130
tv12%_lb20d_ovly,2022 bear,2022-11-22,0.845157,0.4384,0.4432,0.4432,0.0000,0,0.0000,0.2708,279.5547,71.0656
tv12%_lb20d_ovly,2022 bear,2022-11-23,0.849286,0.4384,0.4464,0.4464,0.0000,0,0.0000,0.2688,282.3606,71.1269
tv12%_lb20d_ovly,2022 bear,2022-11-25,0.846895,0.4384,0.4488,0.4488,0.0000,0,-0.0002,0.2674,280.5030,71.1357
tv12%_lb20d_ovly,2022 bear,2022-11-28,0.841564,0.4384,0.4550,0.4550,0.0000,0,-0.0162,0.2638,276.3872,71.1532
tv12%_lb20d_ovly,2022 bear,2022-11-29,0.838597,0.4384,0.4576,0.4576,0.0000,0,-0.0179,0.2622,274.2950,71.1269
tv12%_lb20d_ovly,2022 bear,2022-11-30,0.856749,0.4384,0.4260,0.4260,0.0000,0,0.0000,0.2817,286.7990,71.3372
tv12%_lb20d_ovly,2022 bear,2022-12-01,0.858246,0.4384,0.4586,0.4586,0.0000,0,-0.0007,0.2617,287.1509,71.4908
tv12%_lb20d_ovly,2022 bear,2022-12-02,0.856629,0.4384,0.4671,0.4671,0.0000,0,-0.0019,0.2569,286.0070,71.4733
tv12%_lb20d_ovly,2022 bear,2022-12-05,0.848967,0.4384,0.4506,0.4506,0.0000,0,-0.0198,0.2663,281.2069,71.2713
tv12%_lb20d_ovly,2022 bear,2022-12-06,0.841783,0.4384,0.4410,0.4410,0.0000,0,-0.0340,0.2721,275.3802,71.3503
tv12%_lb20d_ovly,2022 bear,2022-12-07,0.841265,0.4384,0.4411,0.4411,0.0000,0,-0.0356,0.2721,274.2559,71.4996
tv12%_lb20d_ovly,2022 bear,2022-12-08,0.845166,0.4384,0.4621,0.4621,0.0000,0,-0.0281,0.2597,277.5016,71.4294
tv12%_lb20d_ovly,2022 bear,2022-12-09,0.842570,0.4384,0.6666,0.6666,0.0000,0,-0.0353,0.1800,275.7321,71.3942
tv12%_lb20d_ovly,2022 bear,2022-12-12,0.846722,0.6666,0.6518,0.6518,0.0000,0,-0.0214,0.1841,279.1930,71.3503
tv12%_lb20d_ovly,2022 bear,2022-12-13,0.853624,0.6666,0.6557,0.6557,0.0000,0,-0.0140,0.1830,282.1943,71.5611
tv12%_lb20d_ovly,2022 bear,2022-12-14,0.849439,0.6666,0.6579,0.6579,0.0000,0,-0.0203,0.1824,280.1021,71.5698
tv12%_lb20d_ovly,2022 bear,2022-12-15,0.830465,0.6666,0.5964,0.5964,0.0000,0,-0.0443,0.2012,270.6974,71.5795
tv12%_lb20d_ovly,2022 bear,2022-12-16,0.825401,0.5964,0.8355,0.5855,0.2500,0,-0.0556,0.2050,268.1164,71.6499
tv12%_lb20d_ovly,2022 bear,2022-12-19,0.817878,0.8355,0.8343,0.5843,0.2500,0,-0.0636,0.2054,264.3484,71.5619
tv12%_lb20d_ovly,2022 bear,2022-12-20,0.817346,0.8355,0.8338,0.5838,0.2500,0,-0.0623,0.2056,264.1426,71.5619
tv12%_lb20d_ovly,2022 bear,2022-12-21,0.827384,0.8355,0.5796,0.5796,0.0000,0,-0.0483,0.2070,267.9743,71.6323
tv12%_lb20d_ovly,2022 bear,2022-12-22,0.810181,0.5796,0.8223,0.5723,0.2500,0,-0.0618,0.2097,261.4182,71.5883
tv12%_lb20d_ovly,2022 bear,2022-12-23,0.810873,0.8223,0.8171,0.5671,0.2500,0,-0.0564,0.2116,262.0062,71.5532
tv12%_lb20d_ovly,2022 bear,2022-12-27,0.801251,0.8223,0.8343,0.5843,0.2500,0,-0.0602,0.2054,258.3019,71.4564
tv12%_lb20d_ovly,2022 bear,2022-12-28,0.792553,0.8223,0.8242,0.5742,0.2500,0,-0.0718,0.2090,254.8916,71.4564
tv12%_lb20d_ovly,2022 bear,2022-12-29,0.808542,0.8223,0.8983,0.6483,0.2500,0,-0.0544,0.1851,261.1046,71.5091
tv12%_lb20d_ovly,2022 bear,2022-12-30,0.807905,0.8983,0.8989,0.6489,0.2500,0,-0.0558,0.1849,260.9479,71.4212
tv12%_lb20d_ovly,2023–Aug 2024,2023-01-03,1.000000,0.0000,0.0000,0.0000,0.0000,0,0.0000,0.0000,259.1840,71.4827
tv12%_lb20d_ovly,2023–Aug 2024,2023-01-04,1.000985,0.0000,0.0000,0.0000,0.0000,0,0.0000,0.0000,260.4186,71.5531
tv12%_lb20d_ovly,2023–Aug 2024,2023-01-05,0.999631,0.0000,0.0000,0.0000,0.0000,0,0.0000,0.0000,256.3419,71.4564
tv12%_lb20d_ovly,2023–Aug 2024,2023-01-06,1.003447,0.0000,0.0000,0.0000,0.0000,0,0.0000,0.0000,263.4174,71.7291
tv12%_lb20d_ovly,2023–Aug 2024,2023-01-09,1.004431,0.0000,0.0000,0.0000,0.0000,0,0.0000,0.0000,265.1226,71.7995
tv12%_lb20d_ovly,2023–Aug 2024,2023-01-10,1.003570,0.0000,0.0000,0.0000,0.0000,0,0.0000,0.0000,267.3667,71.7379
tv12%_lb20d_ovly,2023–Aug 2024,2023-01-11,1.004431,0.0000,0.0000,0.0000,0.0000,0,0.0000,0.0000,271.9921,71.7995
tv12%_lb20d_ovly,2023–Aug 2024,2023-01-12,1.006647,0.0000,0.0000,0.0000,0.0000,0,0.0000,0.0000,273.4621,71.9579
tv12%_lb20d_ovly,2023–Aug 2024,2023-01-13,1.004923,0.0000,0.0000,0.0000,0.0000,0,0.0000,0.0000,275.3437,71.8347
tv12%_lb20d_ovly,2023–Aug 2024,2023-01-17,1.005539,0.0000,0.0000,0.0000,0.0000,0,0.0000,0.0000,275.9023,71.8787
tv12%_lb20d_ovly,2023–Aug 2024,2023-01-18,1.007755,0.0000,0.0000,0.0000,0.0000,0,0.0000,0.0000,272.3156,72.0371
tv12%_lb20d_ovly,2023–Aug 2024,2023-01-19,1.007509,0.0000,0.0000,0.0000,0.0000,0,0.0000,0.0000,269.6403,72.0195
tv12%_lb20d_ovly,2023–Aug 2024,2023-01-20,1.006647,0.0000,0.0000,0.0000,0.0000,0,0.0000,0.0000,277.0195,71.9579
tv12%_lb20d_ovly,2023–Aug 2024,2023-01-23,1.005662,0.0000,0.0000,0.0000,0.0000,0,0.0000,0.0000,283.1736,71.8875
tv12%_lb20d_ovly,2023–Aug 2024,2023-01-24,1.006031,0.0000,0.0000,0.0000,0.0000,0,0.0000,0.0000,282.5956,71.9139
tv12%_lb20d_ovly,2023–Aug 2024,2023-01-25,1.006647,0.0000,0.0000,0.0000,0.0000,0,0.0000,0.0000,281.9684,71.9579
tv12%_lb20d_ovly,2023–Aug 2024,2023-01-26,1.006031,0.0000,0.0000,0.0000,0.0000,0,0.0000,0.0000,287.4660,71.9139
tv12%_lb20d_ovly,2023–Aug 2024,2023-01-27,1.006031,0.0000,0.0000,0.0000,0.0000,0,0.0000,0.0000,290.3275,71.9139
tv12%_lb20d_ovly,2023–Aug 2024,2023-01-30,1.005047,0.0000,0.0000,0.0000,0.0000,0,0.0000,0.0000,284.4576,71.8435
tv12%_lb20d_ovly,2023–Aug 2024,2023-01-31,1.006893,0.0000,0.0000,0.0000,0.0000,0,0.0000,0.0000,288.7204,71.9755
tv12%_lb20d_ovly,2023–Aug 2024,2023-02-01,1.008644,0.0000,0.0000,0.7266,0.0000,0,0.0000,0.1651,294.8942,72.1006
tv12%_lb20d_ovly,2023–Aug 2024,2023-02-02,1.008768,0.0000,0.0000,0.7102,0.0000,0,0.0000,0.1690,305.4780,72.1095
tv12%_lb20d_ovly,2023–Aug 2024,2023-02-03,1.005068,0.0000,0.0000,0.7142,0.0000,0,-0.0106,0.1680,300.0489,71.8450
tv12%_lb20d_ovly,2023–Aug 2024,2023-02-06,1.002232,0.0000,0.0000,0.7660,0.0000,0,-0.0167,0.1567,297.5108,71.6423
tv12%_lb20d_ovly,2023–Aug 2024,2023-02-07,1.002725,0.0000,0.0000,0.7489,0.0000,0,-0.0038,0.1602,303.6748,71.6775
tv12%_lb20d_ovly,2023–Aug 2024,2023-02-08,1.003095,0.0000,0.0000,0.7166,0.0000,0,-0.0147,0.1675,298.2751,71.7040
tv12%_lb20d_ovly,2023–Aug 2024,2023-02-09,1.002355,0.0000,0.0000,0.7163,0.0000,0,-0.0232,0.1675,295.6390,71.6511
tv12%_lb20d_ovly,2023–Aug 2024,2023-02-10,1.001862,0.0000,0.0000,0.7170,0.0000,0,-0.0210,0.1674,293.6986,71.6158
tv12%_lb20d_ovly,2023–Aug 2024,2023-02-13,1.002108,0.0000,0.0000,0.7011,0.0000,0,-0.0095,0.1712,298.4026,71.6334
tv12%_lb20d_ovly,2023–Aug 2024,2023-02-14,1.000012,0.0000,0.0000,0.7024,0.0000,0,-0.0099,0.1708,300.6075,71.4836
tv12%_lb20d_ovly,2023–Aug 2024,2023-02-15,1.000135,0.0000,0.0000,0.7621,0.0000,0,-0.0067,0.1575,302.9104,71.4924
tv12%_lb20d_ovly,2023–Aug 2024,2023-02-16,1.000259,0.0000,0.0000,0.7291,0.0000,0,-0.0204,0.1646,297.2266,71.5012
tv12%_lb20d_ovly,2023–Aug 2024,2023-02-17,1.001122,0.0000,0.0000,0.7789,0.0000,0,-0.0228,0.1541,295.1294,71.5629
tv12%_lb20d_ovly,2023–Aug 2024,2023-02-21,0.999149,0.0000,0.0000,0.7195,0.0000,0,-0.0424,0.1668,288.1422,71.4219
tv12%_lb20d_ovly,2023–Aug 2024,2023-02-22,0.999642,0.0000,0.0000,0.7194,0.0000,0,-0.0438,0.1668,288.3578,71.4571
tv12%_lb20d_ovly,2023–Aug 2024,2023-02-23,1.000259,0.0000,0.0000,0.7145,0.0000,0,-0.0387,0.1679,290.8763,71.5012
tv12%_lb20d_ovly,2023–Aug 2024,2023-02-24,0.998162,0.0000,0.0000,0.7189,0.0000,0,-0.0489,0.1669,286.0059,71.3513
tv12%_lb20d_ovly,2023–Aug 2024,2023-02-27,0.999025,0.0000,0.0000,0.7174,0.0000,0,-0.0457,0.1673,288.0540,71.4131
tv12%_lb20d_ovly,2023–Aug 2024,2023-02-28,0.998779,0.0000,0.0000,0.7410,0.0000,0,-0.0492,0.1619,287.6816,71.3954
tv12%_lb20d_ovly,2023–Aug 2024,2023-03-01,0.996950,0.0000,0.0000,0.7895,0.0000,0,-0.0529,0.1520,285.3688,71.2647
tv12%_lb20d_ovly,2023–Aug 2024,2023-03-02,0.997321,0.0000,0.0000,0.8035,0.0000,0,-0.0455,0.1493,287.7306,71.2912
tv12%_lb20d_ovly,2023–Aug 2024,2023-03-03,0.997938,0.0000,0.0000,0.7921,0.0000,0,-0.0265,0.1515,293.6790,71.3354
tv12%_lb20d_ovly,2023–Aug 2024,2023-03-06,0.997444,0.0000,0.0000,0.8124,0.0000,0,-0.0258,0.1477,294.0122,71.3000
tv12%_lb20d_ovly,2023–Aug 2024,2023-03-07,0.995343,0.0000,0.0000,0.7716,0.0000,0,-0.0408,0.1555,290.4059,71.1499
tv12%_lb20d_ovly,2023–Aug 2024,2023-03-08,0.994849,0.0000,0.0000,0.8190,0.0000,0,-0.0364,0.1465,291.8563,71.1145
tv12%_lb20d_ovly,2023–Aug 2024,2023-03-09,0.998062,0.0000,0.0000,0.7742,0.0000,0,-0.0542,0.1550,286.7996,71.3442
tv12%_lb20d_ovly,2023–Aug 2024,2023-03-10,1.003499,0.0000,0.0000,0.7525,0.0000,0,-0.0678,0.1595,282.7719,71.7328
tv12%_lb20d_ovly,2023–Aug 2024,2023-03-13,1.013508,0.0000,0.0000,0.7573,0.0000,0,-0.0691,0.1585,284.8690,72.4483
tv12%_lb20d_ovly,2023–Aug 2024,2023-03-14,1.009677,0.0000,0.0000,0.7275,0.0000,0,-0.0537,0.1650,291.4153,72.1745
tv12%_lb20d_ovly,2023–Aug 2024,2023-03-15,1.015609,0.0000,0.0000,0.7263,0.0000,0,-0.0597,0.1652,292.9441,72.5985
tv12%_lb20d_ovly,2023–Aug 2024,2023-03-16,1.011531,0.0000,0.0000,0.6694,0.0000,0,-0.0298,0.1793,300.6663,72.3070
tv12%_lb20d_ovly,2023–Aug 2024,2023-03-17,1.016597,0.0000,0.0000,0.6757,0.0000,0,-0.0388,0.1776,299.2452,72.6691
tv12%_lb20d_ovly,2023–Aug 2024,2023-03-20,1.015362,0.0000,0.0000,0.6581,0.0000,0,-0.0228,0.1823,300.3073,72.5808
tv12%_lb20d_ovly,2023–Aug 2024,2023-03-21,1.011531,0.0000,0.0000,0.6855,0.0000,0,-0.0100,0.1751,304.5964,72.3070
tv12%_lb20d_ovly,2023–Aug 2024,2023-03-22,1.016226,0.0000,0.0000,0.6466,0.0000,0,-0.0269,0.1856,300.4544,72.6426
tv12%_lb20d_ovly,2023–Aug 2024,2023-03-23,1.019192,0.0000,0.0000,0.6496,0.0000,0,-0.0242,0.1847,304.0174,72.8546
tv12%_lb20d_ovly,2023–Aug 2024,2023-03-24,1.019686,0.0000,0.0000,0.6575,0.0000,0,-0.0178,0.1825,305.1363,72.8900
tv12%_lb20d_ovly,2023–Aug 2024,2023-03-27,1.015362,0.0000,0.0000,0.6586,0.0000,0,-0.0160,0.1822,303.0457,72.5808
tv12%_lb20d_ovly,2023–Aug 2024,2023-03-28,1.014249,0.0000,0.0000,0.6597,0.0000,0,-0.0182,0.1819,301.4359,72.5013
tv12%_lb20d_ovly,2023–Aug 2024,2023-03-29,1.013879,0.0000,0.0000,0.6380,0.0000,0,-0.0039,0.1881,306.9324,72.4748
tv12%_lb20d_ovly,2023–Aug 2024,2023-03-30,1.014002,0.0000,0.6407,0.6407,0.0000,0,0.0000,0.1873,309.8376,72.4837
tv12%_lb20d_ovly,2023–Aug 2024,2023-03-31,1.014587,0.6407,0.6473,0.6473,0.0000,0,0.0000,0.1854,314.9904,72.5720
tv12%_lb20d_ovly,2023–Aug 2024,2023-04-03,1.013452,0.6407,0.6463,0.6463,0.0000,0,0.0000,0.1857,314.2248,72.6605
tv12%_lb20d_ovly,2023–Aug 2024,2023-04-04,1.012105,0.6407,0.6772,0.6772,0.0000,0,-0.0055,0.1772,313.1649,72.8287
tv12%_lb20d_ovly,2023–Aug 2024,2023-04-05,1.006190,0.6407,0.6749,0.6749,0.0000,0,-0.0082,0.1778,310.0732,72.9261
tv12%_lb20d_ovly,2023–Aug 2024,2023-04-06,1.010404,0.6407,0.7425,0.7425,0.0000,0,-0.0043,0.1616,312.1637,72.8995
tv12%_lb20d_ovly,2023–Aug 2024,2023-04-10,1.008657,0.7425,0.8057,0.8057,0.0000,0,-0.0033,0.1489,311.9871,72.6428
tv12%_lb20d_ovly,2023–Aug 2024,2023-04-11,1.003755,0.8057,0.8088,0.8088,0.0000,0,-0.0030,0.1484,309.9848,72.6339
tv12%_lb20d_ovly,2023–Aug 2024,2023-04-12,0.996825,0.8057,0.8451,0.8451,0.0000,0,-0.0071,0.1420,307.2464,72.7136
tv12%_lb20d_ovly,2023–Aug 2024,2023-04-13,1.012670,0.8057,0.8372,0.8372,0.0000,0,0.0000,0.1433,313.2630,72.7579
tv12%_lb20d_ovly,2023–Aug 2024,2023-04-14,1.010681,0.8057,0.8935,0.8935,0.0000,0,-0.0024,0.1343,312.6740,72.5897
tv12%_lb20d_ovly,2023–Aug 2024,2023-04-17,1.010995,0.8935,0.9696,0.9696,0.0000,0,0.0000,0.1238,312.9391,72.4835
tv12%_lb20d_ovly,2023–Aug 2024,2023-04-18,1.010948,0.9696,0.9878,0.9878,0.0000,0,0.0000,0.1215,312.9587,72.4658
tv12%_lb20d_ovly,2023–Aug 2024,2023-04-19,1.010461,0.9696,1.0000,1.0000,0.0000,0,-0.0002,0.1152,312.8115,72.4038
tv12%_lb20d_ovly,2023–Aug 2024,2023-04-20,1.003066,0.9696,1.0000,1.0000,0.0000,0,-0.0056,0.0953,310.4265,72.5809
tv12%_lb20d_ovly,2023–Aug 2024,2023-04-21,1.004062,0.9696,1.0000,1.0000,0.0000,0,-0.0049,0.0955,310.7503,72.5366
tv12%_lb20d_ovly,2023–Aug 2024,2023-04-24,1.002066,0.9696,1.0000,1.0000,0.0000,0,-0.0038,0.0943,310.1025,72.6163
tv12%_lb20d_ovly,2023–Aug 2024,2023-04-25,0.983856,0.9696,1.0000,1.0000,0.0000,0,-0.0196,0.1141,304.2529,72.8995
tv12%_lb20d_ovly,2023–Aug 2024,2023-04-26,0.989605,0.9696,1.0000,1.0000,0.0000,0,-0.0238,0.1151,306.0981,72.8110
tv12%_lb20d_ovly,2023–Aug 2024,2023-04-27,1.015638,0.9696,0.9650,0.9650,0.0000,0,-0.0043,0.1244,314.4211,72.6694
tv12%_lb20d_ovly,2023–Aug 2024,2023-04-28,1.022466,0.9696,0.9526,0.9526,0.0000,0,0.0000,0.1260,316.5903,72.7490
tv12%_lb20d_ovly,2023–Aug 2024,2023-05-01,1.021261,0.9696,1.0000,1.0000,0.0000,0,-0.0010,0.1172,316.2271,72.5902
tv12%_lb20d_ovly,2023–Aug 2024,2023-05-02,1.012726,0.9696,0.9677,0.9677,0.0000,0,-0.0122,0.1240,313.4691,72.8298
tv12%_lb20d_ovly,2023–Aug 2024,2023-05-03,1.006375,0.9696,0.9609,0.9609,0.0000,0,-0.0190,0.1249,311.4178,73.0072
tv12%_lb20d_ovly,2023–Aug 2024,2023-05-04,1.002979,0.9696,0.9442,0.9442,0.0000,0,-0.0260,0.1271,310.3186,73.1226
tv12%_lb20d_ovly,2023–Aug 2024,2023-05-05,1.023576,0.9696,0.8404,0.8404,0.0000,0,-0.0079,0.1428,316.9142,72.9451
tv12%_lb20d_ovly,2023–Aug 2024,2023-05-08,1.025853,0.8404,0.8405,0.8405,0.0000,0,-0.0077,0.1428,317.6993,72.8298
tv12%_lb20d_ovly,2023–Aug 2024,2023-05-09,1.020353,0.8404,0.8346,0.8346,0.0000,0,-0.0120,0.1438,315.6873,72.8120
tv12%_lb20d_ovly,2023–Aug 2024,2023-05-10,1.030081,0.8404,0.8349,0.8349,0.0000,0,-0.0074,0.1437,319.1225,72.9895
tv12%_lb20d_ovly,2023–Aug 2024,2023-05-11,1.033003,0.8404,0.8830,0.8830,0.0000,0,-0.0091,0.1359,320.1629,73.0339
tv12%_lb20d_ovly,2023–Aug 2024,2023-05-12,1.029609,0.8404,0.8842,0.8842,0.0000,0,-0.0104,0.1357,319.0145,72.9096
tv12%_lb20d_ovly,2023–Aug 2024,2023-05-15,1.034314,0.8404,0.8845,0.8845,0.0000,0,-0.0070,0.1357,320.7419,72.9185
tv12%_lb20d_ovly,2023–Aug 2024,2023-05-16,1.035097,0.8404,0.8720,0.8720,0.0000,0,-0.0137,0.1376,321.1051,72.8298
tv12%_lb20d_ovly,2023–Aug 2024,2023-05-17,1.045445,0.8404,0.8296,0.8296,0.0000,0,-0.0017,0.1447,324.9918,72.7499
tv12%_lb20d_ovly,2023–Aug 2024,2023-05-18,1.061457,0.8404,0.8176,0.8176,0.0000,0,0.0000,0.1468,331.0280,72.6168
tv12%_lb20d_ovly,2023–Aug 2024,2023-05-19,1.059323,0.8404,0.8162,0.8162,0.0000,0,-0.0015,0.1470,330.2821,72.5636
tv12%_lb20d_ovly,2023–Aug 2024,2023-05-22,1.062250,0.8404,0.8162,0.8162,0.0000,0,-0.0010,0.1470,331.3912,72.5370
tv12%_lb20d_ovly,2023–Aug 2024,2023-05-23,1.050913,0.8404,0.8528,0.8528,0.0000,0,-0.0123,0.1407,327.1903,72.5281
tv12%_lb20d_ovly,2023–Aug 2024,2023-05-24,1.046178,0.8404,0.8415,0.8415,0.0000,0,-0.0194,0.1426,325.5120,72.4393
tv12%_lb20d_ovly,2023–Aug 2024,2023-05-25,1.067202,0.8404,0.9391,0.9391,0.0000,0,-0.0109,0.1278,333.4326,72.2797
tv12%_lb20d_ovly,2023–Aug 2024,2023-05-26,1.089967,0.9391,0.9065,0.9065,0.0000,0,0.0000,0.1324,341.9520,72.2619
tv12%_lb20d_ovly,2023–Aug 2024,2023-05-30,1.094740,0.9391,0.9073,0.9073,0.0000,0,0.0000,0.1323,343.5028,72.4039
tv12%_lb20d_ovly,2023–Aug 2024,2023-05-31,1.088959,0.9391,0.9457,0.9457,0.0000,0,-0.0055,0.1269,341.5496,72.4748
tv12%_lb20d_ovly,2023–Aug 2024,2023-06-01,1.100877,0.9391,0.9454,0.9454,0.0000,0,0.0000,0.1269,345.4952,72.5878
tv12%_lb20d_ovly,2023–Aug 2024,2023-06-02,1.108441,0.9391,0.9224,0.9224,0.0000,0,0.0000,0.1301,348.0863,72.3832
tv12%_lb20d_ovly,2023–Aug 2024,2023-06-05,1.109192,0.9391,1.0000,1.0000,0.0000,0,-0.0019,0.1171,348.3317,72.4010
tv12%_lb20d_ovly,2023–Aug 2024,2023-06-06,1.108915,1.0000,1.0000,1.0000,0.0000,0,0.0000,0.1170,348.2728,72.3655
tv12%_lb20d_ovly,2023–Aug 2024,2023-06-07,1.090101,1.0000,1.0000,1.0000,0.0000,0,-0.0035,0.1164,342.3642,72.3121
tv12%_lb20d_ovly,2023–Aug 2024,2023-06-08,1.103633,1.0000,1.0000,1.0000,0.0000,0,0.0000,0.1169,346.6141,72.4277
tv12%_lb20d_ovly,2023–Aug 2024,2023-06-09,1.107852,1.0000,1.0000,1.0000,0.0000,0,0.0000,0.1161,347.9391,72.2943
tv12%_lb20d_ovly,2023–Aug 2024,2023-06-12,1.126572,1.0000,1.0000,1.0000,0.0000,0,0.0000,0.1178,353.8182,72.3566
tv12%_lb20d_ovly,2023–Aug 2024,2023-06-13,1.135228,1.0000,1.0000,1.0000,0.0000,0,0.0000,0.1186,356.5370,72.2231
tv12%_lb20d_ovly,2023–Aug 2024,2023-06-14,1.143479,1.0000,1.0000,1.0000,0.0000,0,0.0000,0.1135,359.1282,72.1787
tv12%_lb20d_ovly,2023–Aug 2024,2023-06-15,1.157104,1.0000,1.0000,1.0000,0.0000,0,0.0000,0.1137,363.4074,72.3299
tv12%_lb20d_ovly,2023–Aug 2024,2023-06-16,1.149822,1.0000,1.0000,1.0000,0.0000,0,-0.0034,0.1134,361.1206,72.2320
tv12%_lb20d_ovly,2023–Aug 2024,2023-06-20,1.148176,1.0000,1.0000,1.0000,0.0000,0,-0.0086,0.1159,360.6036,72.2587
tv12%_lb20d_ovly,2023–Aug 2024,2023-06-21,1.132529,1.0000,1.0000,1.0000,0.0000,0,-0.0137,0.1188,355.6894,72.2587
tv12%_lb20d_ovly,2023–Aug 2024,2023-06-22,1.145892,1.0000,1.0000,1.0000,0.0000,0,-0.0101,0.1078,359.8861,72.1787
tv12%_lb20d_ovly,2023–Aug 2024,2023-06-23,1.134532,1.0000,1.0000,1.0000,0.0000,0,-0.0176,0.1082,356.3184,72.2409
tv12%_lb20d_ovly,2023–Aug 2024,2023-06-26,1.119323,1.0000,1.0000,1.0000,0.0000,0,-0.0216,0.1085,351.5418,72.2943
tv12%_lb20d_ovly,2023–Aug 2024,2023-06-27,1.138569,1.0000,1.0000,1.0000,0.0000,0,-0.0109,0.1062,357.5863,72.1876
tv12%_lb20d_ovly,2023–Aug 2024,2023-06-28,1.140791,1.0000,1.0000,1.0000,0.0000,0,-0.0104,0.1062,358.2841,72.2676
tv12%_lb20d_ovly,2023–Aug 2024,2023-06-29,1.138507,1.0000,1.0000,1.0000,0.0000,0,-0.0065,0.1024,357.5667,72.0897
tv12%_lb20d_ovly,2023–Aug 2024,2023-06-30,1.156062,1.0000,1.0000,1.0000,0.0000,0,0.0000,0.1047,363.0803,72.1164
tv12%_lb20d_ovly,2023–Aug 2024,2023-07-03,1.158785,1.0000,1.0000,1.0000,0.0000,0,0.0000,0.0952,363.9355,72.0326
tv12%_lb20d_ovly,2023–Aug 2024,2023-07-05,1.158754,1.0000,1.0000,1.0000,0.0000,0,-0.0015,0.0950,363.9256,72.0147
tv12%_lb20d_ovly,2023–Aug 2024,2023-07-06,1.149929,1.0000,1.0000,1.0000,0.0000,0,-0.0093,0.1013,361.1540,71.9702
tv12%_lb20d_ovly,2023–Aug 2024,2023-07-07,1.146111,1.0000,1.0000,1.0000,0.0000,0,-0.0118,0.1007,359.9548,72.0504
tv12%_lb20d_ovly,2023–Aug 2024,2023-07-10,1.146486,1.0000,1.0000,1.0000,0.0000,0,-0.0093,0.0994,360.0728,72.1574
tv12%_lb20d_ovly,2023–Aug 2024,2023-07-11,1.152151,1.0000,1.0000,1.0000,0.0000,0,-0.0030,0.1009,361.8517,72.1485
tv12%_lb20d_ovly,2023–Aug 2024,2023-07-12,1.166702,1.0000,1.0000,1.0000,0.0000,0,0.0000,0.1000,366.4220,72.3625
tv12%_lb20d_ovly,2023–Aug 2024,2023-07-13,1.186512,1.0000,1.0000,1.0000,0.0000,0,0.0000,0.1010,372.6434,72.5676
tv12%_lb20d_ovly,2023–Aug 2024,2023-07-14,1.186261,1.0000,1.0000,1.0000,0.0000,0,-0.0006,0.1013,372.5647,72.3803
tv12%_lb20d_ovly,2023–Aug 2024,2023-07-17,1.197339,1.0000,1.0000,1.0000,0.0000,0,0.0000,0.0934,376.0439,72.4071
tv12%_lb20d_ovly,2023–Aug 2024,2023-07-18,1.207134,1.0000,1.0000,1.0000,0.0000,0,0.0000,0.0943,379.1203,72.4071
tv12%_lb20d_ovly,2023–Aug 2024,2023-07-19,1.206853,1.0000,1.0000,1.0000,0.0000,0,0.0000,0.0908,379.0318,72.4339
tv12%_lb20d_ovly,2023–Aug 2024,2023-07-20,1.179032,1.0000,1.0000,1.0000,0.0000,0,-0.0066,0.0925,370.2944,72.3447
tv12%_lb20d_ovly,2023–Aug 2024,2023-07-21,1.175496,1.0000,1.0000,1.0000,0.0000,0,-0.0066,0.0926,369.1838,72.3536
tv12%_lb20d_ovly,2023–Aug 2024,2023-07-24,1.177374,1.0000,1.0000,1.0000,0.0000,0,-0.0022,0.0861,369.7735,72.2644
tv12%_lb20d_ovly,2023–Aug 2024,2023-07-25,1.185354,1.0000,1.0000,1.0000,0.0000,0,0.0000,0.0826,372.2797,72.2555
tv12%_lb20d_ovly,2023–Aug 2024,2023-07-26,1.181410,1.0000,1.0000,1.0000,0.0000,0,0.0000,0.0771,371.0413,72.3269
tv12%_lb20d_ovly,2023–Aug 2024,2023-07-27,1.178594,1.0000,1.0000,1.0000,0.0000,0,-0.0066,0.0831,370.1568,72.2198
tv12%_lb20d_ovly,2023–Aug 2024,2023-07-28,1.200062,1.0000,1.0000,1.0000,0.0000,0,0.0000,0.0875,376.8990,72.3179
tv12%_lb20d_ovly,2023–Aug 2024,2023-07-31,1.200688,1.0000,1.0000,1.0000,0.0000,0,0.0000,0.0798,377.0956,72.3358
tv12%_lb20d_ovly,2023–Aug 2024,2023-08-01,1.197903,1.0000,1.0000,1.0000,0.0000,0,-0.0029,0.0813,376.2209,72.2750
tv12%_lb20d_ovly,2023–Aug 2024,2023-08-02,1.171615,1.0000,1.0000,1.0000,0.0000,0,-0.0167,0.0977,367.9650,72.3107
tv12%_lb20d_ovly,2023–Aug 2024,2023-08-03,1.169738,1.0000,1.0000,1.0000,0.0000,0,-0.0196,0.0934,367.3754,72.3376
tv12%_lb20d_ovly,2023–Aug 2024,2023-08-04,1.164261,1.0000,1.0000,1.0000,0.0000,0,-0.0240,0.0947,365.6554,72.4806
tv12%_lb20d_ovly,2023–Aug 2024,2023-08-07,1.174119,1.0000,1.0000,1.0000,0.0000,0,-0.0155,0.0985,368.7513,72.5074
tv12%_lb20d_ovly,2023–Aug 2024,2023-08-08,1.164136,1.0000,1.0000,1.0000,0.0000,0,-0.0197,0.0985,365.6160,72.5432
tv12%_lb20d_ovly,2023–Aug 2024,2023-08-09,1.151337,1.0000,1.0000,1.0000,0.0000,0,-0.0263,0.0978,361.5963,72.4985
tv12%_lb20d_ovly,2023–Aug 2024,2023-08-10,1.153465,1.0000,1.0000,1.0000,0.0000,0,-0.0260,0.0933,362.2646,72.4627
tv12%_lb20d_ovly,2023–Aug 2024,2023-08-11,1.146111,1.0000,1.0000,1.0000,0.0000,0,-0.0265,0.0933,359.9548,72.3912
tv12%_lb20d_ovly,2023–Aug 2024,2023-08-14,1.158973,1.0000,1.0000,1.0000,0.0000,0,-0.0211,0.0947,363.9944,72.3286
tv12%_lb20d_ovly,2023–Aug 2024,2023-08-15,1.146674,1.0000,1.0000,1.0000,0.0000,0,-0.0325,0.0983,360.1318,72.3555
tv12%_lb20d_ovly,2023–Aug 2024,2023-08-16,1.134532,1.0000,1.0000,1.0000,0.0000,0,-0.0396,0.0997,356.3184,72.3197
tv12%_lb20d_ovly,2023–Aug 2024,2023-08-17,1.122140,1.0000,1.0000,1.0000,0.0000,0,-0.0470,0.1004,352.4264,72.4001
tv12%_lb20d_ovly,2023–Aug 2024,2023-08-18,1.120731,1.0000,1.0000,1.0000,0.0000,0,-0.0465,0.1005,351.9840,72.4270
tv12%_lb20d_ovly,2023–Aug 2024,2023-08-21,1.138788,1.0000,1.0000,1.0000,0.0000,0,-0.0403,0.1024,357.6551,72.3465
tv12%_lb20d_ovly,2023–Aug 2024,2023-08-22,1.137161,1.0000,1.0000,1.0000,0.0000,0,-0.0429,0.1011,357.1440,72.3107
tv12%_lb20d_ovly,2023–Aug 2024,2023-08-23,1.155092,1.0000,1.0000,1.0000,0.0000,0,-0.0322,0.1111,362.7756,72.4448
tv12%_lb20d_ovly,2023–Aug 2024,2023-08-24,1.130401,1.0000,1.0000,1.0000,0.0000,0,-0.0457,0.1184,355.0211,72.4001
tv12%_lb20d_ovly,2023–Aug 2024,2023-08-25,1.139164,1.0000,1.0000,1.0000,0.0000,0,-0.0389,0.1153,357.7730,72.3555
tv12%_lb20d_ovly,2023–Aug 2024,2023-08-28,1.147738,1.0000,1.0000,1.0000,0.0000,0,-0.0301,0.1182,360.4660,72.4001
tv12%_lb20d_ovly,2023–Aug 2024,2023-08-29,1.172805,1.0000,0.9158,0.9158,0.0000,0,-0.0034,0.1310,368.3385,72.5611
tv12%_lb20d_ovly,2023–Aug 2024,2023-08-30,1.179246,0.9158,0.9810,0.9810,0.0000,0,0.0000,0.1223,370.3927,72.5611
tv12%_lb20d_ovly,2023–Aug 2024,2023-08-31,1.182504,0.9810,0.9838,0.9838,0.0000,0,-0.0015,0.1220,371.5032,72.6326
tv12%_lb20d_ovly,2023–Aug 2024,2023-09-01,1.181265,0.9810,0.9933,0.9933,0.0000,0,0.0000,0.1208,371.1101,72.5931
tv12%_lb20d_ovly,2023–Aug 2024,2023-09-05,1.182710,0.9810,1.0000,1.0000,0.0000,0,-0.0043,0.1179,371.5819,72.5035
tv12%_lb20d_ovly,2023–Aug 2024,2023-09-06,1.172466,0.9810,1.0000,1.0000,0.0000,0,-0.0110,0.1193,368.3090,72.4229
tv12%_lb20d_ovly,2023–Aug 2024,2023-09-07,1.164282,0.9810,1.0000,1.0000,0.0000,0,-0.0141,0.1174,365.6750,72.5573
tv12%_lb20d_ovly,2023–Aug 2024,2023-09-08,1.165867,0.9810,1.0000,1.0000,0.0000,0,-0.0126,0.1175,366.1861,72.5215
tv12%_lb20d_ovly,2023–Aug 2024,2023-09-11,1.179349,0.9810,1.0000,1.0000,0.0000,0,-0.0061,0.1198,370.5008,72.5394
tv12%_lb20d_ovly,2023–Aug 2024,2023-09-12,1.166509,0.9810,1.0000,1.0000,0.0000,0,-0.0115,0.1199,366.3925,72.5035
tv12%_lb20d_ovly,2023–Aug 2024,2023-09-13,1.170887,0.9810,1.0000,1.0000,0.0000,0,-0.0104,0.1119,367.7881,72.5663
tv12%_lb20d_ovly,2023–Aug 2024,2023-09-14,1.180274,0.9810,1.0000,1.0000,0.0000,0,-0.0018,0.1116,370.7957,72.5484
tv12%_lb20d_ovly,2023–Aug 2024,2023-09-15,1.160437,0.9810,1.0000,1.0000,0.0000,0,-0.0139,0.1173,364.4465,72.5125
tv12%_lb20d_ovly,2023–Aug 2024,2023-09-18,1.161621,0.9810,1.0000,1.0000,0.0000,0,-0.0133,0.1173,364.8264,72.5035
tv12%_lb20d_ovly,2023–Aug 2024,2023-09-19,1.159176,0.9810,1.0000,1.0000,0.0000,0,-0.0153,0.1159,364.0488,72.4497
tv12%_lb20d_ovly,2023–Aug 2024,2023-09-20,1.142776,0.9810,0.9956,0.9956,0.0000,0,-0.0244,0.1205,358.8027,72.4050
tv12%_lb20d_ovly,2023–Aug 2024,2023-09-21,1.122244,0.9810,0.9415,0.9415,0.0000,0,-0.0405,0.1275,352.2278,72.4408
tv12%_lb20d_ovly,2023–Aug 2024,2023-09-22,1.122419,0.9810,1.0000,1.0000,0.0000,0,-0.0427,0.1183,352.2771,72.5125
tv12%_lb20d_ovly,2023–Aug 2024,2023-09-25,1.127641,0.9810,1.0000,1.0000,0.0000,0,-0.0386,0.1163,353.9503,72.4856
tv12%_lb20d_ovly,2023–Aug 2024,2023-09-26,1.111032,0.9810,0.9731,0.9731,0.0000,0,-0.0528,0.1233,348.6353,72.4946
tv12%_lb20d_ovly,2023–Aug 2024,2023-09-27,1.113570,0.9810,1.0000,1.0000,0.0000,0,-0.0524,0.1081,349.4522,72.4408
tv12%_lb20d_ovly,2023–Aug 2024,2023-09-28,1.122745,0.9810,1.0000,1.0000,0.0000,0,-0.0469,0.1096,352.3755,72.5663
tv12%_lb20d_ovly,2023–Aug 2024,2023-09-29,1.123548,0.9810,1.0000,1.0000,0.0000,0,-0.0492,0.1096,352.6314,72.5752
tv12%_lb20d_ovly,2023–Aug 2024,2023-10-02,1.132725,0.9810,1.0000,1.0000,0.0000,0,-0.0478,0.1087,355.5744,72.5024
tv12%_lb20d_ovly,2023–Aug 2024,2023-10-03,1.113208,0.9810,1.0000,1.0000,0.0000,0,-0.0606,0.1153,349.3341,72.4485
tv12%_lb20d_ovly,2023–Aug 2024,2023-10-04,1.128116,0.9810,1.0000,1.0000,0.0000,0,-0.0537,0.1199,354.0881,72.6103
tv12%_lb20d_ovly,2023–Aug 2024,2023-10-05,1.124877,0.9810,0.9993,0.9993,0.0000,0,-0.0541,0.1201,353.0447,72.6822
tv12%_lb20d_ovly,2023–Aug 2024,2023-10-06,1.143348,0.9810,0.9270,0.9270,0.0000,0,-0.0429,0.1295,358.9603,72.6193
tv12%_lb20d_ovly,2023–Aug 2024,2023-10-09,1.149071,0.9270,0.9280,0.9280,0.0000,0,-0.0367,0.1293,360.7909,72.8349
tv12%_lb20d_ovly,2023–Aug 2024,2023-10-10,1.154918,0.9270,0.9184,0.9184,0.0000,0,-0.0317,0.1307,362.7890,72.7900
tv12%_lb20d_ovly,2023–Aug 2024,2023-10-11,1.162536,0.9270,0.9108,0.9108,0.0000,0,-0.0278,0.1317,365.3776,72.7720
tv12%_lb20d_ovly,2023–Aug 2024,2023-10-12,1.158686,0.9270,0.9385,0.9385,0.0000,0,-0.0225,0.1279,364.1078,72.6822
tv12%_lb20d_ovly,2023–Aug 2024,2023-10-13,1.145238,0.9270,0.9790,0.9790,0.0000,0,-0.0273,0.1226,359.5311,72.7271
tv12%_lb20d_ovly,2023–Aug 2024,2023-10-16,1.157128,0.9790,0.9269,0.9269,0.0000,0,-0.0151,0.1295,363.5961,72.6822
tv12%_lb20d_ovly,2023–Aug 2024,2023-10-17,1.153303,0.9269,0.9272,0.9272,0.0000,0,-0.0060,0.1294,362.4052,72.5204
tv12%_lb20d_ovly,2023–Aug 2024,2023-10-18,1.139281,0.9269,0.8967,0.8967,0.0000,0,-0.0140,0.1338,357.6511,72.5204
tv12%_lb20d_ovly,2023–Aug 2024,2023-10-19,1.129514,0.9269,0.9664,0.9664,0.0000,0,-0.0227,0.1242,354.3047,72.6193
tv12%_lb20d_ovly,2023–Aug 2024,2023-10-20,1.114029,0.9269,0.9162,0.9162,0.0000,0,-0.0347,0.1310,349.0191,72.7361
tv12%_lb20d_ovly,2023–Aug 2024,2023-10-23,1.117195,0.9269,0.9267,0.9267,0.0000,0,-0.0363,0.1295,350.0723,72.7810
tv12%_lb20d_ovly,2023–Aug 2024,2023-10-24,1.127249,0.9269,0.9766,0.9766,0.0000,0,-0.0291,0.1229,353.4779,72.7631
tv12%_lb20d_ovly,2023–Aug 2024,2023-10-25,1.101585,0.9269,0.9041,0.9041,0.0000,0,-0.0430,0.1327,344.8263,72.6822
tv12%_lb20d_ovly,2023–Aug 2024,2023-10-26,1.082276,0.9269,0.8844,0.8844,0.0000,0,-0.0545,0.1357,338.2513,72.8260
tv12%_lb20d_ovly,2023–Aug 2024,2023-10-27,1.087141,0.9269,0.8823,0.8823,0.0000,0,-0.0588,0.1360,339.8754,72.8709
tv12%_lb20d_ovly,2023–Aug 2024,2023-10-30,1.098463,0.9269,0.8296,0.8296,0.0000,0,-0.0475,0.1446,343.7041,72.8439
tv12%_lb20d_ovly,2023–Aug 2024,2023-10-31,1.103195,0.8296,0.8593,0.8593,0.0000,0,-0.0415,0.1397,345.3478,72.8169
tv12%_lb20d_ovly,2023–Aug 2024,2023-11-01,1.119499,0.8296,0.8417,0.8417,0.0000,0,-0.0313,0.1426,351.3420,72.9792
tv12%_lb20d_ovly,2023–Aug 2024,2023-11-02,1.136383,0.8296,0.7593,0.7593,0.0000,0,-0.0127,0.1580,357.7200,72.9882
tv12%_lb20d_ovly,2023–Aug 2024,2023-11-03,1.147905,0.7593,0.7703,0.7703,0.0000,0,-0.0037,0.1558,361.9228,73.1865
tv12%_lb20d_ovly,2023–Aug 2024,2023-11-06,1.150950,0.7593,0.7770,0.7770,0.0000,0,-0.0014,0.1544,363.3992,73.0513
tv12%_lb20d_ovly,2023–Aug 2024,2023-11-07,1.159416,0.7593,0.7807,0.7807,0.0000,0,0.0000,0.1537,366.8344,73.1054
tv12%_lb20d_ovly,2023–Aug 2024,2023-11-08,1.159914,0.7593,0.7840,0.7840,0.0000,0,0.0000,0.1531,367.0705,73.0873
tv12%_lb20d_ovly,2023–Aug 2024,2023-11-09,1.152723,0.7593,0.7787,0.7787,0.0000,0,-0.0078,0.1541,364.2457,72.9792
tv12%_lb20d_ovly,2023–Aug 2024,2023-11-10,1.172470,0.7593,0.7399,0.7399,0.0000,0,0.0000,0.1622,372.4348,72.9972
tv12%_lb20d_ovly,2023–Aug 2024,2023-11-13,1.169798,0.7593,0.7575,0.7575,0.0000,0,-0.0010,0.1584,371.2733,73.0242
tv12%_lb20d_ovly,2023–Aug 2024,2023-11-14,1.190031,0.7593,0.6986,0.6986,0.0000,0,0.0000,0.1718,379.2655,73.3126
tv12%_lb20d_ovly,2023–Aug 2024,2023-11-15,1.190111,0.6986,0.7382,0.7382,0.0000,0,0.0000,0.1626,379.5510,73.1774
tv12%_lb20d_ovly,2023–Aug 2024,2023-11-16,1.191441,0.6986,0.7627,0.7627,0.0000,0,0.0000,0.1573,379.8758,73.3036
tv12%_lb20d_ovly,2023–Aug 2024,2023-11-17,1.191294,0.7627,0.8157,0.8157,0.0000,0,0.0000,0.1471,379.9643,73.2495
tv12%_lb20d_ovly,2023–Aug 2024,2023-11-20,1.202327,0.8157,0.8188,0.8188,0.0000,0,0.0000,0.1466,384.5903,73.2586
tv12%_lb20d_ovly,2023–Aug 2024,2023-11-21,1.196766,0.8157,0.8141,0.8141,0.0000,0,-0.0022,0.1474,382.3561,73.3036
tv12%_lb20d_ovly,2023–Aug 2024,2023-11-22,1.200788,0.8157,0.9127,0.9127,0.0000,0,0.0000,0.1315,383.9210,73.3126
tv12%_lb20d_ovly,2023–Aug 2024,2023-11-24,1.199128,0.9127,1.0000,1.0000,0.0000,0,0.0000,0.1175,383.3797,73.2586
tv12%_lb20d_ovly,2023–Aug 2024,2023-11-27,1.198197,1.0000,1.0000,1.0000,0.0000,0,-0.0018,0.1150,383.0451,73.3487
tv12%_lb20d_ovly,2023–Aug 2024,2023-11-28,1.201337,1.0000,1.0000,1.0000,0.0000,0,-0.0008,0.1129,384.0490,73.4838
tv12%_lb20d_ovly,2023–Aug 2024,2023-11-29,1.200167,1.0000,1.0000,1.0000,0.0000,0,-0.0015,0.1142,383.6750,73.6281
tv12%_lb20d_ovly,2023–Aug 2024,2023-11-30,1.197150,1.0000,1.0000,1.0000,0.0000,0,0.0000,0.1116,382.7104,73.5830
tv12%_lb20d_ovly,2023–Aug 2024,2023-12-01,1.200567,1.0000,1.0000,1.0000,0.0000,0,0.0000,0.0968,383.8029,73.7972
tv12%_lb20d_ovly,2023–Aug 2024,2023-12-04,1.189422,1.0000,1.0000,1.0000,0.0000,0,-0.0052,0.0985,380.2399,73.6887
tv12%_lb20d_ovly,2023–Aug 2024,2023-12-05,1.192408,1.0000,1.0000,1.0000,0.0000,0,-0.0054,0.0990,381.1947,73.7791
tv12%_lb20d_ovly,2023–Aug 2024,2023-12-06,1.185512,1.0000,1.0000,1.0000,0.0000,0,-0.0095,0.1015,378.9899,73.7611
tv12%_lb20d_ovly,2023–Aug 2024,2023-12-07,1.202076,1.0000,1.0000,1.0000,0.0000,0,-0.0019,0.1033,384.2853,73.8153
tv12%_lb20d_ovly,2023–Aug 2024,2023-12-08,1.207433,1.0000,1.0000,1.0000,0.0000,0,0.0000,0.0962,385.9979,73.6526
tv12%_lb20d_ovly,2023–Aug 2024,2023-12-11,1.217747,1.0000,1.0000,1.0000,0.0000,0,0.0000,0.0842,389.2951,73.6707
tv12%_lb20d_ovly,2023–Aug 2024,2023-12-12,1.227446,1.0000,1.0000,1.0000,0.0000,0,0.0000,0.0836,392.3956,73.6797
tv12%_lb20d_ovly,2023–Aug 2024,2023-12-13,1.243056,1.0000,1.0000,1.0000,0.0000,0,0.0000,0.0703,397.3858,74.0503
tv12%_lb20d_ovly,2023–Aug 2024,2023-12-14,1.241978,1.0000,1.0000,1.0000,0.0000,0,0.0000,0.0704,397.0413,74.1773
tv12%_lb20d_ovly,2023–Aug 2024,2023-12-15,1.247982,1.0000,1.0000,1.0000,0.0000,0,-0.0016,0.0717,398.9606,74.0956
tv12%_lb20d_ovly,2023–Aug 2024,2023-12-18,1.255842,1.0000,1.0000,1.0000,0.0000,0,0.0000,0.0726,401.4735,74.0866
tv12%_lb20d_ovly,2023–Aug 2024,2023-12-19,1.262259,1.0000,1.0000,1.0000,0.0000,0,0.0000,0.0713,403.5248,74.1138
tv12%_lb20d_ovly,2023–Aug 2024,2023-12-20,1.243502,1.0000,1.0000,1.0000,0.0000,0,-0.0139,0.0909,397.5286,74.2135
tv12%_lb20d_ovly,2023–Aug 2024,2023-12-21,1.257971,1.0000,1.0000,1.0000,0.0000,0,-0.0045,0.0946,402.1540,74.2861
tv12%_lb20d_ovly,2023–Aug 2024,2023-12-22,1.259853,1.0000,1.0000,1.0000,0.0000,0,-0.0025,0.0945,402.7556,74.3133
tv12%_lb20d_ovly,2023–Aug 2024,2023-12-26,1.267565,1.0000,1.0000,1.0000,0.0000,0,0.0000,0.0935,405.2212,74.2770
tv12%_lb20d_ovly,2023–Aug 2024,2023-12-27,1.270146,1.0000,1.0000,1.0000,0.0000,0,0.0000,0.0934,406.0461,74.3677
tv12%_lb20d_ovly,2023–Aug 2024,2023-12-28,1.269528,1.0000,1.0000,1.0000,0.0000,0,0.0000,0.0930,405.8488,74.3586
tv12%_lb20d_ovly,2023–Aug 2024,2023-12-29,1.264034,1.0000,1.0000,1.0000,0.0000,0,-0.0029,0.0948,404.0923,74.3949
tv12%_lb20d_ovly,2023–Aug 2024,2024-01-02,1.242644,1.0000,1.0000,1.0000,0.0000,0,-0.0085,0.0976,397.2542,74.3043
tv12%_lb20d_ovly,2023–Aug 2024,2024-01-03,1.229495,1.0000,1.0000,1.0000,0.0000,0,-0.0166,0.1009,393.0506,74.3224
tv12%_lb20d_ovly,2023–Aug 2024,2024-01-04,1.223167,1.0000,1.0000,1.0000,0.0000,0,-0.0197,0.1021,391.0278,74.2770
tv12%_lb20d_ovly,2023–Aug 2024,2024-01-05,1.224618,1.0000,1.0000,1.0000,0.0000,0,-0.0184,0.1001,391.4916,74.2589
tv12%_lb20d_ovly,2023–Aug 2024,2024-01-08,1.249928,1.0000,1.0000,1.0000,0.0000,0,-0.0044,0.1078,399.5829,74.3224
tv12%_lb20d_ovly,2023–Aug 2024,2024-01-09,1.252398,1.0000,1.0000,1.0000,0.0000,0,-0.0059,0.1081,400.3723,74.3405
tv12%_lb20d_ovly,2023–Aug 2024,2024-01-10,1.260886,1.0000,1.0000,1.0000,0.0000,0,-0.0003,0.1087,403.0859,74.3405
tv12%_lb20d_ovly,2023–Aug 2024,2024-01-11,1.263509,1.0000,1.0000,1.0000,0.0000,0,-0.0007,0.1085,403.9246,74.5128
tv12%_lb20d_ovly,2023–Aug 2024,2024-01-12,1.264158,1.0000,1.0000,1.0000,0.0000,0,-0.0000,0.0984,404.1318,74.6669
tv12%_lb20d_ovly,2023–Aug 2024,2024-01-16,1.264034,1.0000,1.0000,1.0000,0.0000,0,-0.0037,0.0993,404.0923,74.5491
tv12%_lb20d_ovly,2023–Aug 2024,2024-01-17,1.256904,1.0000,1.0000,1.0000,0.0000,0,-0.0092,0.1014,401.8130,74.4040
tv12%_lb20d_ovly,2023–Aug 2024,2024-01-18,1.274745,1.0000,1.0000,1.0000,0.0000,0,-0.0004,0.1042,407.5164,74.4402
tv12%_lb20d_ovly,2023–Aug 2024,2024-01-19,1.300024,1.0000,1.0000,1.0000,0.0000,0,0.0000,0.1109,415.5978,74.3858
tv12%_lb20d_ovly,2023–Aug 2024,2024-01-22,1.301722,1.0000,1.0000,1.0000,0.0000,0,0.0000,0.0963,416.1406,74.4221
tv12%_lb20d_ovly,2023–Aug 2024,2024-01-23,1.307123,1.0000,1.0000,1.0000,0.0000,0,0.0000,0.0920,417.8673,74.4130
tv12%_lb20d_ovly,2023–Aug 2024,2024-01-24,1.314377,1.0000,1.0000,1.0000,0.0000,0,0.0000,0.0919,420.1862,74.3768
tv12%_lb20d_ovly,2023–Aug 2024,2024-01-25,1.315982,1.0000,1.0000,1.0000,0.0000,0,0.0000,0.0925,420.6993,74.5128
tv12%_lb20d_ovly,2023–Aug 2024,2024-01-26,1.308142,1.0000,1.0000,1.0000,0.0000,0,-0.0013,0.0929,418.1930,74.4675
tv12%_lb20d_ovly,2023–Aug 2024,2024-01-29,1.321538,1.0000,1.0000,1.0000,0.0000,0,0.0000,0.0959,422.4754,74.5400
tv12%_lb20d_ovly,2023–Aug 2024,2024-01-30,1.312741,1.0000,1.0000,1.0000,0.0000,0,-0.0008,0.0949,419.6632,74.4947
tv12%_lb20d_ovly,2023–Aug 2024,2024-01-31,1.287030,1.0000,1.0000,1.0000,0.0000,0,-0.0171,0.1121,411.4436,74.6307
tv12%_lb20d_ovly,2023–Aug 2024,2024-02-01,1.302185,1.0000,1.0000,1.0000,0.0000,0,-0.0042,0.1141,416.2885,74.7417
tv12%_lb20d_ovly,2023–Aug 2024,2024-02-02,1.324192,1.0000,1.0000,1.0000,0.0000,0,0.0000,0.1159,423.3240,74.5052
tv12%_lb20d_ovly,2023–Aug 2024,2024-02-05,1.322464,1.0000,1.0000,1.0000,0.0000,0,-0.0036,0.1181,422.7715,74.3597
tv12%_lb20d_ovly,2023–Aug 2024,2024-02-06,1.319809,1.0000,1.0000,1.0000,0.0000,0,-0.0007,0.1099,421.9228,74.4779
tv12%_lb20d_ovly,2023–Aug 2024,2024-02-07,1.333391,1.0000,1.0000,1.0000,0.0000,0,0.0000,0.1112,426.2646,74.4506
tv12%_lb20d_ovly,2023–Aug 2024,2024-02-08,1.335860,1.0000,1.0000,1.0000,0.0000,0,0.0000,0.1108,427.0539,74.4324
tv12%_lb20d_ovly,2023–Aug 2024,2024-02-09,1.349009,1.0000,1.0000,1.0000,0.0000,0,0.0000,0.1110,431.2575,74.4051
tv12%_lb20d_ovly,2023–Aug 2024,2024-02-12,1.343731,1.0000,1.0000,1.0000,0.0000,0,-0.0004,0.1113,429.5701,74.4142
tv12%_lb20d_ovly,2023–Aug 2024,2024-02-13,1.322773,1.0000,0.9679,0.9679,0.0000,0,-0.0142,0.1240,422.8701,74.1778
tv12%_lb20d_ovly,2023–Aug 2024,2024-02-14,1.337187,1.0000,0.9754,0.9754,0.0000,0,-0.0052,0.1230,427.4782,74.2869
tv12%_lb20d_ovly,2023–Aug 2024,2024-02-15,1.341169,1.0000,0.9843,0.9843,0.0000,0,0.0000,0.1219,428.7512,74.3597
tv12%_lb20d_ovly,2023–Aug 2024,2024-02-16,1.329008,1.0000,1.0000,1.0000,0.0000,0,-0.0050,0.1190,424.8634,74.2687
tv12%_lb20d_ovly,2023–Aug 2024,2024-02-20,1.318976,1.0000,0.9858,0.9858,0.0000,0,-0.0105,0.1217,421.6564,74.3142
tv12%_lb20d_ovly,2023–Aug 2024,2024-02-21,1.313698,1.0000,0.9869,0.9869,0.0000,0,-0.0096,0.1216,419.9691,74.2505
tv12%_lb20d_ovly,2023–Aug 2024,2024-02-22,1.352157,1.0000,0.8607,0.8607,0.0000,0,0.0000,0.1394,432.2639,74.2414
tv12%_lb20d_ovly,2023–Aug 2024,2024-02-23,1.347988,0.8607,0.8633,0.8633,0.0000,0,0.0000,0.1390,430.9911,74.2778
tv12%_lb20d_ovly,2023–Aug 2024,2024-02-26,1.347239,0.8607,0.8571,0.8571,0.0000,0,-0.0037,0.1400,430.7641,74.2232
tv12%_lb20d_ovly,2023–Aug 2024,2024-02-27,1.350028,0.8607,0.8684,0.8684,0.0000,0,-0.0018,0.1382,431.8001,74.2232
tv12%_lb20d_ovly,2023–Aug 2024,2024-02-28,1.344025,0.8607,0.8675,0.8675,0.0000,0,-0.0031,0.1383,429.5011,74.2960
tv12%_lb20d_ovly,2023–Aug 2024,2024-02-29,1.354053,0.8607,0.9921,0.9921,0.0000,0,0.0000,0.1209,433.1816,74.3415
tv12%_lb20d_ovly,2023–Aug 2024,2024-03-01,1.371790,0.9921,1.0000,1.0000,0.0000,0,0.0000,0.1174,439.7040,74.4874
tv12%_lb20d_ovly,2023–Aug 2024,2024-03-04,1.366923,0.9921,1.0000,1.0000,0.0000,0,-0.0011,0.1139,438.1351,74.4144
tv12%_lb20d_ovly,2023–Aug 2024,2024-03-05,1.342588,0.9921,0.9995,0.9995,0.0000,0,-0.0111,0.1201,430.2707,74.4692
tv12%_lb20d_ovly,2023–Aug 2024,2024-03-06,1.350961,0.9921,0.9947,0.9947,0.0000,0,-0.0060,0.1206,432.9745,74.4874
tv12%_lb20d_ovly,2023–Aug 2024,2024-03-07,1.371318,0.9921,0.9842,0.9842,0.0000,0,0.0000,0.1219,439.5462,74.5786
tv12%_lb20d_ovly,2023–Aug 2024,2024-03-08,1.351684,0.9921,0.9608,0.9608,0.0000,0,-0.0060,0.1249,433.2014,74.6151
tv12%_lb20d_ovly,2023–Aug 2024,2024-03-11,1.346696,0.9921,0.9678,0.9678,0.0000,0,-0.0069,0.1240,431.5929,74.5513
tv12%_lb20d_ovly,2023–Aug 2024,2024-03-12,1.365839,0.9921,0.9338,0.9338,0.0000,0,0.0000,0.1285,437.7799,74.4783
tv12%_lb20d_ovly,2023–Aug 2024,2024-03-13,1.355339,0.9338,1.0000,1.0000,0.0000,0,-0.0016,0.1157,434.4151,74.4418
tv12%_lb20d_ovly,2023–Aug 2024,2024-03-14,1.351981,1.0000,1.0000,1.0000,0.0000,0,-0.0035,0.1136,433.3198,74.3779
tv12%_lb20d_ovly,2023–Aug 2024,2024-03-15,1.335911,1.0000,1.0000,1.0000,0.0000,0,-0.0104,0.1156,428.1690,74.3324
tv12%_lb20d_ovly,2023–Aug 2024,2024-03-18,1.348652,1.0000,1.0000,1.0000,0.0000,0,-0.0045,0.1147,432.2526,74.3415
tv12%_lb20d_ovly,2023–Aug 2024,2024-03-19,1.352012,1.0000,1.0000,1.0000,0.0000,0,0.0000,0.1125,433.3295,74.4053
tv12%_lb20d_ovly,2023–Aug 2024,2024-03-20,1.368042,1.0000,1.0000,1.0000,0.0000,0,0.0000,0.1152,438.4674,74.5239
tv12%_lb20d_ovly,2023–Aug 2024,2024-03-21,1.374516,1.0000,1.0000,1.0000,0.0000,0,0.0000,0.0936,440.5423,74.5239
tv12%_lb20d_ovly,2023–Aug 2024,2024-03-22,1.376088,1.0000,1.0000,1.0000,0.0000,0,-0.0019,0.0944,441.0462,74.5786
tv12%_lb20d_ovly,2023–Aug 2024,2024-03-25,1.371094,1.0000,1.0000,1.0000,0.0000,0,-0.0047,0.0938,439.4456,74.5421
tv12%_lb20d_ovly,2023–Aug 2024,2024-03-26,1.366655,1.0000,1.0000,1.0000,0.0000,0,-0.0065,0.0946,438.0228,74.5604
tv12%_lb20d_ovly,2023–Aug 2024,2024-03-27,1.371310,1.0000,1.0000,1.0000,0.0000,0,0.0000,0.0972,439.5147,74.6425
tv12%_lb20d_ovly,2023–Aug 2024,2024-03-28,1.368782,1.0000,1.0000,1.0000,0.0000,0,-0.0002,0.0972,438.7046,74.5969
tv12%_lb20d_ovly,2023–Aug 2024,2024-04-01,1.371680,1.0000,1.0000,1.0000,0.0000,0,-0.0019,0.0934,439.6334,74.4413
tv12%_lb20d_ovly,2023–Aug 2024,2024-04-02,1.359842,1.0000,1.0000,1.0000,0.0000,0,-0.0083,0.0968,435.8392,74.4779
tv12%_lb20d_ovly,2023–Aug 2024,2024-04-03,1.362894,1.0000,1.0000,1.0000,0.0000,0,-0.0072,0.0880,436.8174,74.5328
tv12%_lb20d_ovly,2023–Aug 2024,2024-04-04,1.342054,1.0000,1.0000,1.0000,0.0000,0,-0.0193,0.0991,430.1381,74.6060
tv12%_lb20d_ovly,2023–Aug 2024,2024-04-05,1.357869,1.0000,1.0000,1.0000,0.0000,0,-0.0091,0.0997,435.2068,74.4870
tv12%_lb20d_ovly,2023–Aug 2024,2024-04-08,1.358270,1.0000,1.0000,1.0000,0.0000,0,-0.0085,0.0967,435.3353,74.4138
tv12%_lb20d_ovly,2023–Aug 2024,2024-04-09,1.363295,1.0000,1.0000,1.0000,0.0000,0,-0.0074,0.0965,436.9458,74.4870
tv12%_lb20d_ovly,2023–Aug 2024,2024-04-10,1.351395,1.0000,1.0000,1.0000,0.0000,0,-0.0173,0.0968,433.1319,74.1851
tv12%_lb20d_ovly,2023–Aug 2024,2024-04-11,1.372975,1.0000,1.0000,1.0000,0.0000,0,-0.0099,0.1003,440.0483,74.2766
tv12%_lb20d_ovly,2023–Aug 2024,2024-04-12,1.351087,1.0000,1.0000,1.0000,0.0000,0,-0.0235,0.1122,433.0331,74.3223
tv12%_lb20d_ovly,2023–Aug 2024,2024-04-15,1.328860,1.0000,1.0000,1.0000,0.0000,0,-0.0358,0.1183,425.9093,74.2949
tv12%_lb20d_ovly,2023–Aug 2024,2024-04-16,1.328983,1.0000,1.0000,1.0000,0.0000,0,-0.0375,0.1159,425.9488,74.2491
tv12%_lb20d_ovly,2023–Aug 2024,2024-04-17,1.312768,1.0000,1.0000,1.0000,0.0000,0,-0.0432,0.1146,420.7516,74.3040
tv12%_lb20d_ovly,2023–Aug 2024,2024-04-18,1.305277,1.0000,1.0000,1.0000,0.0000,0,-0.0452,0.1074,418.3507,74.2674
tv12%_lb20d_ovly,2023–Aug 2024,2024-04-19,1.278272,1.0000,1.0000,1.0000,0.0000,0,-0.0535,0.1079,409.6954,74.2857
tv12%_lb20d_ovly,2023–Aug 2024,2024-04-22,1.291127,1.0000,1.0000,1.0000,0.0000,0,-0.0448,0.1158,413.8155,74.3223
tv12%_lb20d_ovly,2023–Aug 2024,2024-04-23,1.310395,1.0000,0.9537,0.9537,0.0000,0,-0.0335,0.1258,419.9909,74.3864
tv12%_lb20d_ovly,2023–Aug 2024,2024-04-24,1.314834,1.0000,0.9535,0.9535,0.0000,0,-0.0339,0.1259,421.4137,74.3589
tv12%_lb20d_ovly,2023–Aug 2024,2024-04-25,1.308483,1.0000,0.9937,0.9937,0.0000,0,-0.0374,0.1208,419.3783,74.3040
tv12%_lb20d_ovly,2023–Aug 2024,2024-04-26,1.328675,1.0000,0.9431,0.9431,0.0000,0,-0.0266,0.1272,425.8501,74.3223
tv12%_lb20d_ovly,2023–Aug 2024,2024-04-29,1.333994,0.9431,0.9343,0.9343,0.0000,0,-0.0180,0.1284,427.5791,74.3589
tv12%_lb20d_ovly,2023–Aug 2024,2024-04-30,1.310177,0.9431,0.8710,0.8710,0.0000,0,-0.0336,0.1378,419.5166,74.2674
tv12%_lb20d_ovly,2023–Aug 2024,2024-05-01,1.301298,0.8710,0.8728,0.8728,0.0000,0,-0.0365,0.1375,416.4832,74.4161
tv12%_lb20d_ovly,2023–Aug 2024,2024-05-02,1.316013,0.8710,0.8749,0.8749,0.0000,0,-0.0275,0.1372,421.7990,74.5263
tv12%_lb20d_ovly,2023–Aug 2024,2024-05-03,1.339324,0.8710,0.8609,0.8609,0.0000,0,-0.0155,0.1394,430.2765,74.6457
tv12%_lb20d_ovly,2023–Aug 2024,2024-05-06,1.352081,0.8710,0.8292,0.8292,0.0000,0,-0.0053,0.1447,434.9895,74.6365
tv12%_lb20d_ovly,2023–Aug 2024,2024-05-07,1.352290,0.8710,0.8293,0.8293,0.0000,0,-0.0017,0.1447,435.0587,74.6457
tv12%_lb20d_ovly,2023–Aug 2024,2024-05-08,1.351551,0.8710,0.8575,0.8575,0.0000,0,-0.0016,0.1399,434.8017,74.6273
tv12%_lb20d_ovly,2023–Aug 2024,2024-05-09,1.354269,0.8710,0.8641,0.8641,0.0000,0,0.0000,0.1389,435.7502,74.6916
tv12%_lb20d_ovly,2023–Aug 2024,2024-05-10,1.356901,0.8710,0.9340,0.9340,0.0000,0,0.0000,0.1285,436.7779,74.6273
tv12%_lb20d_ovly,2023–Aug 2024,2024-05-13,1.359585,0.9340,1.0000,1.0000,0.0000,0,0.0000,0.1182,437.7856,74.6457
tv12%_lb20d_ovly,2023–Aug 2024,2024-05-14,1.367751,1.0000,1.0000,1.0000,0.0000,0,0.0000,0.1179,440.6016,74.7191
tv12%_lb20d_ovly,2023–Aug 2024,2024-05-15,1.389130,1.0000,1.0000,1.0000,0.0000,0,0.0000,0.1195,447.4883,74.8568
tv12%_lb20d_ovly,2023–Aug 2024,2024-05-16,1.386308,1.0000,1.0000,1.0000,0.0000,0,-0.0021,0.1195,446.5793,74.8018
tv12%_lb20d_ovly,2023–Aug 2024,2024-05-17,1.385633,1.0000,1.0000,1.0000,0.0000,0,-0.0006,0.1116,446.3620,74.7558
tv12%_lb20d_ovly,2023–Aug 2024,2024-05-20,1.395295,1.0000,1.0000,1.0000,0.0000,0,0.0000,0.1097,449.4743,74.7375
tv12%_lb20d_ovly,2023–Aug 2024,2024-05-21,1.398024,1.0000,1.0000,1.0000,0.0000,0,0.0000,0.1046,450.3536,74.7742
tv12%_lb20d_ovly,2023–Aug 2024,2024-05-22,1.397748,1.0000,1.0000,1.0000,0.0000,0,-0.0029,0.1058,450.2647,74.7191
tv12%_lb20d_ovly,2023–Aug 2024,2024-05-23,1.391461,1.0000,1.0000,1.0000,0.0000,0,-0.0102,0.1092,448.2392,74.6824
tv12%_lb20d_ovly,2023–Aug 2024,2024-05-24,1.404619,1.0000,1.0000,1.0000,0.0000,0,-0.0036,0.1072,452.4780,74.7100
tv12%_lb20d_ovly,2023–Aug 2024,2024-05-28,1.409925,1.0000,1.0000,1.0000,0.0000,0,-0.0029,0.1071,454.1873,74.6457
tv12%_lb20d_ovly,2023–Aug 2024,2024-05-29,1.399987,1.0000,1.0000,1.0000,0.0000,0,-0.0099,0.0908,450.9860,74.6181
tv12%_lb20d_ovly,2023–Aug 2024,2024-05-30,1.384989,1.0000,1.0000,1.0000,0.0000,0,-0.0165,0.0943,446.1544,74.7008
tv12%_lb20d_ovly,2023–Aug 2024,2024-05-31,1.382413,1.0000,1.0000,1.0000,0.0000,0,-0.0075,0.0941,445.3245,74.8018
tv12%_lb20d_ovly,2023–Aug 2024,2024-06-03,1.389835,1.0000,1.0000,1.0000,0.0000,0,-0.0067,0.0862,447.7156,74.8865
tv12%_lb20d_ovly,2023–Aug 2024,2024-06-04,1.393638,1.0000,1.0000,1.0000,0.0000,0,-0.0056,0.0798,448.9408,74.9602
tv12%_lb20d_ovly,2023–Aug 2024,2024-06-05,1.421734,1.0000,1.0000,1.0000,0.0000,0,0.0000,0.0884,457.9913,75.0339
tv12%_lb20d_ovly,2023–Aug 2024,2024-06-06,1.421243,1.0000,1.0000,1.0000,0.0000,0,-0.0000,0.0884,457.8332,75.0431
tv12%_lb20d_ovly,2023–Aug 2024,2024-06-07,1.419986,1.0000,1.0000,1.0000,0.0000,0,-0.0012,0.0876,457.4281,74.8497
tv12%_lb20d_ovly,2023–Aug 2024,2024-06-10,1.425721,1.0000,1.0000,1.0000,0.0000,0,0.0000,0.0878,459.2757,74.8589
tv12%_lb20d_ovly,2023–Aug 2024,2024-06-11,1.435506,1.0000,1.0000,1.0000,0.0000,0,0.0000,0.0877,462.4277,74.9418
tv12%_lb20d_ovly,2023–Aug 2024,2024-06-12,1.454307,1.0000,1.0000,1.0000,0.0000,0,0.0000,0.0903,468.4844,75.0431
tv12%_lb20d_ovly,2023–Aug 2024,2024-06-13,1.462190,1.0000,1.0000,1.0000,0.0000,0,0.0000,0.0812,471.0237,75.1628
tv12%_lb20d_ovly,2023–Aug 2024,2024-06-14,1.469766,1.0000,1.0000,1.0000,0.0000,0,0.0000,0.0803,473.4642,75.1721
tv12%_lb20d_ovly,2023–Aug 2024,2024-06-17,1.487770,1.0000,1.0000,1.0000,0.0000,0,0.0000,0.0837,479.2640,75.0984
tv12%_lb20d_ovly,2023–Aug 2024,2024-06-18,1.488230,1.0000,1.0000,1.0000,0.0000,0,0.0000,0.0837,479.4123,75.1997
tv12%_lb20d_ovly,2023–Aug 2024,2024-06-20,1.476759,1.0000,1.0000,1.0000,0.0000,0,-0.0027,0.0851,475.7169,75.1721
tv12%_lb20d_ovly,2023–Aug 2024,2024-06-21,1.472803,1.0000,1.0000,1.0000,0.0000,0,-0.0041,0.0842,474.4424,75.1997
tv12%_lb20d_ovly,2023–Aug 2024,2024-06-24,1.456035,1.0000,1.0000,1.0000,0.0000,0,-0.0073,0.0797,469.0410,75.2089
tv12%_lb20d_ovly,2023–Aug 2024,2024-06-25,1.472686,1.0000,1.0000,1.0000,0.0000,0,-0.0035,0.0780,474.4048,75.2181
tv12%_lb20d_ovly,2023–Aug 2024,2024-06-26,1.475727,1.0000,1.0000,1.0000,0.0000,0,-0.0022,0.0780,475.3845,75.1444
tv12%_lb20d_ovly,2023–Aug 2024,2024-06-27,1.479536,1.0000,1.0000,1.0000,0.0000,0,-0.0007,0.0710,476.6116,75.1997
tv12%_lb20d_ovly,2023–Aug 2024,2024-06-28,1.471856,1.0000,1.0000,1.0000,0.0000,0,-0.0046,0.0671,474.1375,75.2089
tv12%_lb20d_ovly,2023–Aug 2024,2024-07-01,1.480489,1.0000,1.0000,1.0000,0.0000,0,-0.0025,0.0620,476.9184,75.1442
tv12%_lb20d_ovly,2023–Aug 2024,2024-07-02,1.496034,1.0000,1.0000,1.0000,0.0000,0,0.0000,0.0642,481.9259,75.2089
tv12%_lb20d_ovly,2023–Aug 2024,2024-07-03,1.508506,1.0000,1.0000,1.0000,0.0000,0,0.0000,0.0646,485.9437,75.3198
tv12%_lb20d_ovly,2023–Aug 2024,2024-07-05,1.524235,1.0000,1.0000,1.0000,0.0000,0,0.0000,0.0557,491.0106,75.4584
tv12%_lb20d_ovly,2023–Aug 2024,2024-07-08,1.527860,1.0000,1.0000,1.0000,0.0000,0,0.0000,0.0553,492.1784,75.4492
tv12%_lb20d_ovly,2023–Aug 2024,2024-07-09,1.529181,1.0000,1.0000,1.0000,0.0000,0,0.0000,0.0541,492.6039,75.4307
tv12%_lb20d_ovly,2023–Aug 2024,2024-07-10,1.545125,1.0000,1.0000,1.0000,0.0000,0,0.0000,0.0606,497.7400,75.4584
tv12%_lb20d_ovly,2023–Aug 2024,2024-07-11,1.511240,1.0000,1.0000,1.0000,0.0000,0,-0.0086,0.0724,486.8245,75.6340
tv12%_lb20d_ovly,2023–Aug 2024,2024-07-12,1.520119,1.0000,1.0000,1.0000,0.0000,0,-0.0024,0.0705,489.6845,75.7449
tv12%_lb20d_ovly,2023–Aug 2024,2024-07-15,1.524204,1.0000,1.0000,1.0000,0.0000,0,0.0000,0.0706,491.0007,75.7449
tv12%_lb20d_ovly,2023–Aug 2024,2024-07-16,1.524788,1.0000,1.0000,1.0000,0.0000,0,0.0000,0.0718,491.1888,75.7726
tv12%_lb20d_ovly,2023–Aug 2024,2024-07-17,1.480028,1.0000,1.0000,1.0000,0.0000,0,-0.0140,0.0889,476.7700,75.7819
tv12%_lb20d_ovly,2023–Aug 2024,2024-07-18,1.473024,1.0000,1.0000,1.0000,0.0000,0,-0.0216,0.0940,474.5136,75.7449
tv12%_lb20d_ovly,2023–Aug 2024,2024-07-19,1.459967,1.0000,1.0000,1.0000,0.0000,0,-0.0281,0.0968,470.3077,75.7080
tv12%_lb20d_ovly,2023–Aug 2024,2024-07-22,1.481718,1.0000,1.0000,1.0000,0.0000,0,-0.0181,0.1027,477.3143,75.7172
tv12%_lb20d_ovly,2023–Aug 2024,2024-07-23,1.476495,1.0000,1.0000,1.0000,0.0000,0,-0.0196,0.1019,475.6319,75.7542
tv12%_lb20d_ovly,2023–Aug 2024,2024-07-24,1.423533,1.0000,0.9096,0.9096,0.0000,0,-0.0418,0.1319,458.5708,75.7911
tv12%_lb20d_ovly,2023–Aug 2024,2024-07-25,1.407707,0.9096,0.9030,0.9030,0.0000,0,-0.0468,0.1329,453.5139,75.8004
tv12%_lb20d_ovly,2023–Aug 2024,2024-07-26,1.421010,0.9096,0.8620,0.8620,0.0000,0,-0.0362,0.1392,458.1650,75.9020
tv12%_lb20d_ovly,2023–Aug 2024,2024-07-29,1.423622,0.9096,0.8664,0.8664,0.0000,0,-0.0356,0.1385,459.0854,75.9113
tv12%_lb20d_ovly,2023–Aug 2024,2024-07-30,1.405888,0.9096,0.8605,0.8605,0.0000,0,-0.0405,0.1394,452.7815,75.9390
tv12%_lb20d_ovly,2023–Aug 2024,2024-07-31,1.443996,0.9096,0.8033,0.8033,0.0000,0,-0.0249,0.1494,466.1810,76.0961
tv12%_lb20d_ovly,2023–Aug 2024,2024-08-01,1.412257,0.8033,0.7651,0.7651,0.0000,0,-0.0387,0.1568,454.8894,76.2278
tv12%_lb20d_ovly,2023–Aug 2024,2024-08-02,1.386885,0.8033,0.7179,0.7179,0.0000,0,-0.0566,0.1672,444.0927,76.6543
tv12%_lb20d_ovly,2023–Aug 2024,2024-08-05,1.353486,0.7179,0.6217,0.6217,0.0000,0,-0.0841,0.1930,430.8515,76.6357
tv12%_lb20d_ovly,2023–Aug 2024,2024-08-06,1.362177,0.6217,0.6070,0.6070,0.0000,0,-0.0756,0.1977,434.9684,76.5431
tv12%_lb20d_ovly,2023–Aug 2024,2024-08-07,1.352693,0.6217,0.8752,0.6252,0.2500,0,-0.0818,0.1919,430.2577,76.4967
tv12%_lb20d_ovly,2023–Aug 2024,2024-08-08,1.377821,0.8752,0.8130,0.5630,0.2500,0,-0.0606,0.2131,443.4197,76.4596
tv12%_lb20d_ovly,2023–Aug 2024,2024-08-09,1.384074,0.8130,0.8155,0.5655,0.2500,0,-0.0564,0.2122,445.7355,76.4781
tv12%_lb20d_ovly,2023–Aug 2024,2024-08-12,1.386654,0.8130,0.8170,0.5670,0.2500,0,-0.0559,0.2116,446.6954,76.5245
tv12%_lb20d_ovly,2023–Aug 2024,2024-08-13,1.415037,0.8130,0.5449,0.5449,0.0000,0,-0.0268,0.2202,457.7791,76.6450
tv12%_lb20d_ovly,2023–Aug 2024,2024-08-14,1.414999,0.5449,0.5551,0.5551,0.0000,0,-0.0197,0.2162,457.9276,76.6357
tv12%_lb20d_ovly,2023–Aug 2024,2024-08-15,1.432920,0.5449,0.5359,0.5359,0.0000,0,-0.0028,0.2239,469.4962,76.4503
tv12%_lb20d_ovly,2023–Aug 2024,2024-08-16,1.434636,0.5449,0.5390,0.5390,0.0000,0,-0.0006,0.2226,470.0999,76.5338
tv12%_lb20d_ovly,2023–Aug 2024,2024-08-19,1.444747,0.5449,0.5400,0.5400,0.0000,0,0.0000,0.2222,476.2752,76.5152
tv12%_lb20d_ovly,2023–Aug 2024,2024-08-20,1.444051,0.5449,0.5400,0.5400,0.0000,0,-0.0016,0.2222,475.2757,76.6265
tv12%_lb20d_ovly,2023–Aug 2024,2024-08-21,1.448437,0.5449,0.5869,0.5869,0.0000,0,0.0000,0.2045,477.4923,76.7100
tv12%_lb20d_ovly,2023–Aug 2024,2024-08-22,1.435046,0.5449,0.5829,0.5829,0.0000,0,-0.0078,0.2059,469.9218,76.6079
tv12%_lb20d_ovly,2023–Aug 2024,2024-08-23,1.445029,0.5449,0.5839,0.5839,0.0000,0,0.0000,0.2055,475.0184,76.7841
tv12%_lb20d_ovly,2023–Aug 2024,2024-08-26,1.437067,0.5449,0.5825,0.5825,0.0000,0,-0.0024,0.2060,470.4067,76.7470
tv12%_lb20d_ovly,2023–Aug 2024,2024-08-27,1.439801,0.5449,0.5867,0.5867,0.0000,0,-0.0010,0.2046,471.8120,76.7934
tv12%_lb20d_ovly,2023–Aug 2024,2024-08-28,1.430819,0.5449,0.6034,0.6034,0.0000,0,-0.0068,0.1989,466.4581,76.7841
tv12%_lb20d_ovly,2023–Aug 2024,2024-08-29,1.429516,0.6034,0.6284,0.6284,0.0000,0,-0.0067,0.1910,465.7753,76.7748
tv12%_lb20d_ovly,2023–Aug 2024,2024-08-30,1.439796,0.6034,0.6772,0.6772,0.0000,0,0.0000,0.1772,471.3270,76.7748
tv12%_lb20d_ovly,Aug 2024–Aug 2026,2024-08-01,1.000000,0.0000,0.0000,0.0000,0.0000,0,0.0000,0.0000,454.8895,76.2278
tv12%_lb20d_ovly,Aug 2024–Aug 2026,2024-08-02,1.005595,0.0000,0.0000,0.0000,0.0000,0,0.0000,0.0000,444.0927,76.6543
tv12%_lb20d_ovly,Aug 2024–Aug 2026,2024-08-05,1.005352,0.0000,0.0000,0.0000,0.0000,0,0.0000,0.0000,430.8515,76.6358
tv12%_lb20d_ovly,Aug 2024–Aug 2026,2024-08-06,1.004136,0.0000,0.0000,0.0000,0.0000,0,0.0000,0.0000,434.9684,76.5430
tv12%_lb20d_ovly,Aug 2024–Aug 2026,2024-08-07,1.003527,0.0000,0.0000,0.0000,0.0000,0,0.0000,0.0000,430.2577,76.4967
tv12%_lb20d_ovly,Aug 2024–Aug 2026,2024-08-08,1.003041,0.0000,0.0000,0.0000,0.0000,0,0.0000,0.0000,443.4197,76.4596
tv12%_lb20d_ovly,Aug 2024–Aug 2026,2024-08-09,1.003284,0.0000,0.0000,0.0000,0.0000,0,0.0000,0.0000,445.7354,76.4781
tv12%_lb20d_ovly,Aug 2024–Aug 2026,2024-08-12,1.003892,0.0000,0.0000,0.0000,0.0000,0,0.0000,0.0000,446.6953,76.5245
tv12%_lb20d_ovly,Aug 2024–Aug 2026,2024-08-13,1.005473,0.0000,0.0000,0.0000,0.0000,0,0.0000,0.0000,457.7791,76.6450
tv12%_lb20d_ovly,Aug 2024–Aug 2026,2024-08-14,1.005352,0.0000,0.0000,0.0000,0.0000,0,0.0000,0.0000,457.9276,76.6358
tv12%_lb20d_ovly,Aug 2024–Aug 2026,2024-08-15,1.002919,0.0000,0.0000,0.0000,0.0000,0,0.0000,0.0000,469.4962,76.4503
tv12%_lb20d_ovly,Aug 2024–Aug 2026,2024-08-16,1.004014,0.0000,0.0000,0.0000,0.0000,0,0.0000,0.0000,470.0999,76.5338
tv12%_lb20d_ovly,Aug 2024–Aug 2026,2024-08-19,1.003771,0.0000,0.0000,0.0000,0.0000,0,0.0000,0.0000,476.2751,76.5152
tv12%_lb20d_ovly,Aug 2024–Aug 2026,2024-08-20,1.005230,0.0000,0.0000,0.0000,0.0000,0,0.0000,0.0000,475.2756,76.6265
tv12%_lb20d_ovly,Aug 2024–Aug 2026,2024-08-21,1.006325,0.0000,0.0000,0.0000,0.0000,0,0.0000,0.0000,477.4924,76.7099
tv12%_lb20d_ovly,Aug 2024–Aug 2026,2024-08-22,1.004987,0.0000,0.0000,0.0000,0.0000,0,0.0000,0.0000,469.9218,76.6079
tv12%_lb20d_ovly,Aug 2024–Aug 2026,2024-08-23,1.007298,0.0000,0.0000,0.0000,0.0000,0,0.0000,0.0000,475.0183,76.7841
tv12%_lb20d_ovly,Aug 2024–Aug 2026,2024-08-26,1.006811,0.0000,0.0000,0.0000,0.0000,0,0.0000,0.0000,470.4067,76.7470
tv12%_lb20d_ovly,Aug 2024–Aug 2026,2024-08-27,1.007420,0.0000,0.0000,0.0000,0.0000,0,0.0000,0.0000,471.8120,76.7934
tv12%_lb20d_ovly,Aug 2024–Aug 2026,2024-08-28,1.007298,0.0000,0.0000,0.0000,0.0000,0,-0.0068,0.0000,466.4581,76.7841
tv12%_lb20d_ovly,Aug 2024–Aug 2026,2024-08-29,1.007176,0.0000,0.0000,0.6284,0.0000,0,-0.0067,0.1910,465.7753,76.7748
tv12%_lb20d_ovly,Aug 2024–Aug 2026,2024-08-30,1.007176,0.0000,0.0000,0.6772,0.0000,0,0.0000,0.1772,471.3270,76.7748
tv12%_lb20d_ovly,Aug 2024–Aug 2026,2024-09-03,1.008251,0.0000,0.0000,0.7613,0.0000,0,-0.0206,0.1576,457.0171,76.8567
tv12%_lb20d_ovly,Aug 2024–Aug 2026,2024-09-04,1.010448,0.0000,0.0000,0.7641,0.0000,0,-0.0226,0.1571,455.8296,77.0242
tv12%_lb20d_ovly,Aug 2024–Aug 2026,2024-09-05,1.010814,0.0000,0.0000,0.7773,0.0000,0,-0.0250,0.1544,456.2551,77.0521
tv12%_lb20d_ovly,Aug 2024–Aug 2026,2024-09-06,1.012645,0.0000,0.0000,0.7959,0.0000,0,-0.0414,0.1508,444.0333,77.1917
tv12%_lb20d_ovly,Aug 2024–Aug 2026,2024-09-09,1.012767,0.0000,0.0000,0.7757,0.0000,0,-0.0306,0.1547,449.7434,77.2010
tv12%_lb20d_ovly,Aug 2024–Aug 2026,2024-09-10,1.014232,0.0000,0.0000,0.7739,0.0000,0,-0.0264,0.1551,453.8998,77.3126
tv12%_lb20d_ovly,Aug 2024–Aug 2026,2024-09-11,1.013377,0.0000,0.0000,0.8072,0.0000,0,-0.0164,0.1487,463.7564,77.2475
tv12%_lb20d_ovly,Aug 2024–Aug 2026,2024-09-12,1.013499,0.0000,0.0000,0.7960,0.0000,0,-0.0081,0.1508,468.3087,77.2568
tv12%_lb20d_ovly,Aug 2024–Aug 2026,2024-09-13,1.014964,0.0000,0.0000,0.8571,0.0000,0,-0.0030,0.1400,470.4067,77.3685
tv12%_lb20d_ovly,Aug 2024–Aug 2026,2024-09-16,1.015574,0.0000,0.0000,0.8576,0.0000,0,-0.0015,0.1399,468.3284,77.4150
tv12%_lb20d_ovly,Aug 2024–Aug 2026,2024-09-17,1.014842,0.0000,0.0000,0.8820,0.0000,0,-0.0011,0.1360,468.5759,77.3592
tv12%_lb20d_ovly,Aug 2024–Aug 2026,2024-09-18,1.014476,0.0000,0.0000,0.8799,0.0000,0,-0.0040,0.1364,466.5472,77.3312
tv12%_lb20d_ovly,Aug 2024–Aug 2026,2024-09-19,1.015330,0.0000,0.0000,0.8084,0.0000,0,0.0000,0.1484,478.3434,77.3964
tv12%_lb20d_ovly,Aug 2024–Aug 2026,2024-09-20,1.015697,0.0000,0.0000,0.8266,0.0000,0,-0.0017,0.1452,477.4330,77.4243
tv12%_lb20d_ovly,Aug 2024–Aug 2026,2024-09-23,1.015697,0.0000,0.0000,0.8507,0.0000,0,0.0000,0.1411,478.6985,77.4243
tv12%_lb20d_ovly,Aug 2024–Aug 2026,2024-09-24,1.016673,0.0000,0.0000,0.8529,0.0000,0,0.0000,0.1407,481.0076,77.4987
tv12%_lb20d_ovly,Aug 2024–Aug 2026,2024-09-25,1.015819,0.0000,0.0000,0.8500,0.0000,0,-0.0022,0.1412,481.4536,77.4336
tv12%_lb20d_ovly,Aug 2024–Aug 2026,2024-09-26,1.014842,0.0000,0.0000,0.8617,0.0000,0,0.0000,0.1393,485.0707,77.3592
tv12%_lb20d_ovly,Aug 2024–Aug 2026,2024-09-27,1.016429,0.0000,0.0000,0.8599,0.0000,0,-0.0015,0.1396,482.3752,77.4801
tv12%_lb20d_ovly,Aug 2024–Aug 2026,2024-09-30,1.014964,0.0000,0.0000,0.8784,0.0000,0,0.0000,0.1366,483.6833,77.3685
tv12%_lb20d_ovly,Aug 2024–Aug 2026,2024-10-01,1.015613,0.0000,0.0000,1.0000,0.0000,0,-0.0090,0.1165,476.9444,77.4179
tv12%_lb20d_ovly,Aug 2024–Aug 2026,2024-10-02,1.015368,0.0000,0.0000,1.0000,0.0000,0,-0.0085,0.1158,477.6183,77.3993
tv12%_lb20d_ovly,Aug 2024–Aug 2026,2024-10-03,1.014021,0.0000,0.0000,1.0000,0.0000,0,-0.0104,0.1156,477.2615,77.2966
tv12%_lb20d_ovly,Aug 2024–Aug 2026,2024-10-04,1.010592,0.0000,0.0000,1.0000,0.0000,0,-0.0014,0.0946,482.9401,77.0352
tv12%_lb20d_ovly,Aug 2024–Aug 2026,2024-10-07,1.009245,0.0000,0.0000,1.0000,0.0000,0,-0.0104,0.0989,477.7670,76.9325
tv12%_lb20d_ovly,Aug 2024–Aug 2026,2024-10-08,1.010102,0.0000,0.0000,1.0000,0.0000,0,-0.0010,0.1020,484.9023,76.9979
tv12%_lb20d_ovly,Aug 2024–Aug 2026,2024-10-09,1.009122,0.0000,0.0000,1.0000,0.0000,0,0.0000,0.0992,488.7177,76.9232
tv12%_lb20d_ovly,Aug 2024–Aug 2026,2024-10-10,1.009980,0.0000,0.0000,1.0000,0.0000,0,-0.0018,0.0973,488.1627,76.9885
tv12%_lb20d_ovly,Aug 2024–Aug 2026,2024-10-11,1.010837,0.0000,0.0000,1.0000,0.0000,0,0.0000,0.0977,488.9258,77.0539
tv12%_lb20d_ovly,Aug 2024–Aug 2026,2024-10-14,1.010347,0.0000,0.0000,1.0000,0.0000,0,0.0000,0.1004,493.0286,77.0165
tv12%_lb20d_ovly,Aug 2024–Aug 2026,2024-10-15,1.010837,0.0000,0.0000,1.0000,0.0000,0,-0.0078,0.1062,486.4383,77.0539
tv12%_lb20d_ovly,Aug 2024–Aug 2026,2024-10-16,1.011449,0.0000,0.0000,1.0000,0.0000,0,-0.0035,0.1052,486.4978,77.1005
tv12%_lb20d_ovly,Aug 2024–Aug 2026,2024-10-17,1.010592,0.0000,0.0000,1.0000,0.0000,0,-0.0034,0.0892,486.8347,77.0352
tv12%_lb20d_ovly,Aug 2024–Aug 2026,2024-10-18,1.011449,0.0000,0.0000,1.0000,0.0000,0,0.0000,0.0890,490.0258,77.1005
tv12%_lb20d_ovly,Aug 2024–Aug 2026,2024-10-21,1.009980,0.0000,0.0000,1.0000,0.0000,0,-0.0016,0.0896,490.9673,76.9885
tv12%_lb20d_ovly,Aug 2024–Aug 2026,2024-10-22,1.009858,0.0000,0.0000,1.0000,0.0000,0,-0.0022,0.0895,491.5024,76.9792
tv12%_lb20d_ovly,Aug 2024–Aug 2026,2024-10-23,1.009245,0.0000,0.0000,1.0000,0.0000,0,-0.0113,0.0961,483.9707,76.9325
tv12%_lb20d_ovly,Aug 2024–Aug 2026,2024-10-24,1.009735,0.0000,0.0000,1.0000,0.0000,0,-0.0092,0.0955,487.8951,76.9699
tv12%_lb20d_ovly,Aug 2024–Aug 2026,2024-10-25,1.009368,0.0000,1.0000,1.0000,0.0000,0,-0.0095,0.0952,490.8682,76.9419
tv12%_lb20d_ovly,Aug 2024–Aug 2026,2024-10-28,1.007869,1.0000,1.0000,1.0000,0.0000,0,-0.0064,0.0949,490.9474,76.9045
tv12%_lb20d_ovly,Aug 2024–Aug 2026,2024-10-29,1.017553,1.0000,1.0000,1.0000,0.0000,0,-0.0048,0.0878,495.6647,76.9325
tv12%_lb20d_ovly,Aug 2024–Aug 2026,2024-10-30,1.009863,1.0000,1.0000,1.0000,0.0000,0,-0.0078,0.0891,491.9187,76.8672
tv12%_lb20d_ovly,Aug 2024–Aug 2026,2024-10-31,0.984371,1.0000,1.0000,1.0000,0.0000,0,-0.0273,0.1155,479.5013,76.8858
tv12%_lb20d_ovly,Aug 2024–Aug 2026,2024-11-01,0.991654,1.0000,1.0000,1.0000,0.0000,0,-0.0232,0.1117,483.0490,76.8606
tv12%_lb20d_ovly,Aug 2024–Aug 2026,2024-11-04,0.988765,1.0000,1.0000,1.0000,0.0000,0,-0.0253,0.1070,481.6418,76.9167
tv12%_lb20d_ovly,Aug 2024–Aug 2026,2024-11-05,1.001379,1.0000,1.0000,1.0000,0.0000,0,-0.0135,0.1103,487.7861,76.8980
tv12%_lb20d_ovly,Aug 2024–Aug 2026,2024-11-06,1.028579,1.0000,0.8663,0.8663,0.0000,0,0.0000,0.1385,501.0359,76.8043
tv12%_lb20d_ovly,Aug 2024–Aug 2026,2024-11-07,1.044634,0.8663,0.8577,0.8577,0.0000,0,0.0000,0.1399,508.9243,76.9355
tv12%_lb20d_ovly,Aug 2024–Aug 2026,2024-11-08,1.045590,0.8663,0.8611,0.8611,0.0000,0,0.0000,0.1394,509.5190,76.8793
tv12%_lb20d_ovly,Aug 2024–Aug 2026,2024-11-11,1.044959,0.8663,0.8747,0.8747,0.0000,0,0.0000,0.1372,509.2217,76.8231
tv12%_lb20d_ovly,Aug 2024–Aug 2026,2024-11-12,1.043184,0.8663,0.8951,0.8951,0.0000,0,-0.0031,0.1341,508.3000,76.7481
tv12%_lb20d_ovly,Aug 2024–Aug 2026,2024-11-13,1.042225,0.8663,0.8978,0.8978,0.0000,0,-0.0026,0.1337,507.6460,76.8606
tv12%_lb20d_ovly,Aug 2024–Aug 2026,2024-11-14,1.035746,0.8663,0.8797,0.8797,0.0000,0,-0.0090,0.1364,504.1180,76.7481
tv12%_lb20d_ovly,Aug 2024–Aug 2026,2024-11-15,1.014519,0.8663,0.8311,0.8311,0.0000,0,-0.0217,0.1444,492.1069,76.8324
tv12%_lb20d_ovly,Aug 2024–Aug 2026,2024-11-18,1.020725,0.8663,0.8281,0.8281,0.0000,0,-0.0177,0.1449,495.5259,76.8887
tv12%_lb20d_ovly,Aug 2024–Aug 2026,2024-11-19,1.026809,0.8663,0.8258,0.8258,0.0000,0,-0.0141,0.1453,498.9350,76.8887
tv12%_lb20d_ovly,Aug 2024–Aug 2026,2024-11-20,1.026229,0.8663,0.8530,0.8530,0.0000,0,-0.0138,0.1407,498.6476,76.8512
tv12%_lb20d_ovly,Aug 2024–Aug 2026,2024-11-21,1.029394,0.8663,0.8483,0.8483,0.0000,0,-0.0085,0.1415,500.4413,76.8324
tv12%_lb20d_ovly,Aug 2024–Aug 2026,2024-11-22,1.030808,0.8663,0.8482,0.8482,0.0000,0,-0.0054,0.1415,501.2441,76.8231
tv12%_lb20d_ovly,Aug 2024–Aug 2026,2024-11-25,1.032489,0.8663,0.8479,0.8479,0.0000,0,-0.0021,0.1415,502.0369,76.9730
tv12%_lb20d_ovly,Aug 2024–Aug 2026,2024-11-26,1.037292,0.8663,0.8441,0.8441,0.0000,0,0.0000,0.1422,504.7324,76.9730
tv12%_lb20d_ovly,Aug 2024–Aug 2026,2024-11-27,1.030301,0.8663,0.8441,0.8441,0.0000,0,-0.0030,0.1422,500.7584,77.0198
tv12%_lb20d_ovly,Aug 2024–Aug 2026,2024-11-29,1.038311,0.8663,1.0000,1.0000,0.0000,0,0.0000,0.1182,505.1585,77.1135
tv12%_lb20d_ovly,Aug 2024–Aug 2026,2024-12-02,1.047957,1.0000,1.0000,1.0000,0.0000,0,0.0000,0.1182,510.6586,77.1088
tv12%_lb20d_ovly,Aug 2024–Aug 2026,2024-12-03,1.051170,1.0000,1.0000,1.0000,0.0000,0,0.0000,0.1171,512.2245,77.1182
tv12%_lb20d_ovly,Aug 2024–Aug 2026,2024-12-04,1.064166,1.0000,1.0000,1.0000,0.0000,0,0.0000,0.1128,518.5570,77.2028
tv12%_lb20d_ovly,Aug 2024–Aug 2026,2024-12-05,1.061217,1.0000,1.0000,1.0000,0.0000,0,-0.0016,0.0782,517.1201,77.2028
tv12%_lb20d_ovly,Aug 2024–Aug 2026,2024-12-06,1.070714,1.0000,1.0000,1.0000,0.0000,0,0.0000,0.0746,521.7481,77.2779
tv12%_lb20d_ovly,Aug 2024–Aug 2026,2024-12-09,1.062376,1.0000,1.0000,1.0000,0.0000,0,-0.0051,0.0766,517.6849,77.2497
tv12%_lb20d_ovly,Aug 2024–Aug 2026,2024-12-10,1.058756,1.0000,1.0000,1.0000,0.0000,0,-0.0082,0.0776,515.9209,77.2403
tv12%_lb20d_ovly,Aug 2024–Aug 2026,2024-12-11,1.077710,1.0000,1.0000,1.0000,0.0000,0,-0.0006,0.0807,525.1571,77.2215
tv12%_lb20d_ovly,Aug 2024–Aug 2026,2024-12-12,1.070755,1.0000,1.0000,1.0000,0.0000,0,-0.0057,0.0835,521.7679,77.1839
tv12%_lb20d_ovly,Aug 2024–Aug 2026,2024-12-13,1.078951,1.0000,1.0000,1.0000,0.0000,0,-0.0059,0.0793,525.7617,77.1464
tv12%_lb20d_ovly,Aug 2024–Aug 2026,2024-12-16,1.094488,1.0000,1.0000,1.0000,0.0000,0,-0.0017,0.0610,533.3330,77.1557
tv12%_lb20d_ovly,Aug 2024–Aug 2026,2024-12-17,1.089669,1.0000,1.0000,1.0000,0.0000,0,-0.0058,0.0638,530.9844,77.1651
tv12%_lb20d_ovly,Aug 2024–Aug 2026,2024-12-18,1.050356,1.0000,0.9345,0.9345,0.0000,0,-0.0354,0.1284,511.8280,77.0237
tv12%_lb20d_ovly,Aug 2024–Aug 2026,2024-12-19,1.045610,0.9345,0.9347,0.9347,0.0000,0,-0.0357,0.1284,509.5487,77.1086
tv12%_lb20d_ovly,Aug 2024–Aug 2026,2024-12-20,1.054152,0.9345,0.8937,0.8937,0.0000,0,-0.0241,0.1343,513.9984,77.1180
tv12%_lb20d_ovly,Aug 2024–Aug 2026,2024-12-23,1.063707,0.9345,0.8853,0.8853,0.0000,0,-0.0183,0.1356,519.0061,77.0709
tv12%_lb20d_ovly,Aug 2024–Aug 2026,2024-12-24,1.077220,0.9345,0.8532,0.8532,0.0000,0,-0.0074,0.1407,526.0437,77.1086
tv12%_lb20d_ovly,Aug 2024–Aug 2026,2024-12-26,1.076466,0.8532,0.8600,0.8600,0.0000,0,-0.0073,0.1395,525.6863,77.1274
tv12%_lb20d_ovly,Aug 2024–Aug 2026,2024-12-27,1.064296,0.8532,0.8312,0.8312,0.0000,0,-0.0178,0.1444,518.6984,77.1463
tv12%_lb20d_ovly,Aug 2024–Aug 2026,2024-12-30,1.052449,0.8532,0.8127,0.8127,0.0000,0,-0.0290,0.1477,511.7998,77.2595
tv12%_lb20d_ovly,Aug 2024–Aug 2026,2024-12-31,1.044915,0.8532,0.8134,0.8134,0.0000,0,-0.0325,0.1475,507.4521,77.3066
tv12%_lb20d_ovly,Aug 2024–Aug 2026,2025-01-02,1.043134,0.8532,0.8139,0.8139,0.0000,0,-0.0349,0.1474,506.4595,77.2878
tv12%_lb20d_ovly,Aug 2024–Aug 2026,2025-01-03,1.057698,0.8532,0.7829,0.7829,0.0000,0,-0.0228,0.1533,514.7477,77.2878
tv12%_lb20d_ovly,Aug 2024–Aug 2026,2025-01-06,1.068033,0.7829,0.7733,0.7733,0.0000,0,-0.0172,0.1552,520.6638,77.3066
tv12%_lb20d_ovly,Aug 2024–Aug 2026,2025-01-07,1.052970,0.7829,0.7536,0.7536,0.0000,0,-0.0277,0.1592,511.3729,77.2595
tv12%_lb20d_ovly,Aug 2024–Aug 2026,2025-01-08,1.053254,0.7829,0.7551,0.7551,0.0000,0,-0.0263,0.1589,511.4623,77.3066
tv12%_lb20d_ovly,Aug 2024–Aug 2026,2025-01-10,1.039904,0.7829,0.7196,0.7196,0.0000,0,-0.0412,0.1668,503.4420,77.1651
tv12%_lb20d_ovly,Aug 2024–Aug 2026,2025-01-13,1.037277,0.7196,0.7337,0.7337,0.0000,0,-0.0386,0.1635,501.8240,77.1840
tv12%_lb20d_ovly,Aug 2024–Aug 2026,2025-01-14,1.036639,0.7196,0.7338,0.7338,0.0000,0,-0.0373,0.1635,501.3476,77.2029
tv12%_lb20d_ovly,Aug 2024–Aug 2026,2025-01-15,1.054440,0.7196,0.6745,0.6745,0.0000,0,-0.0198,0.1779,512.8817,77.3726
tv12%_lb20d_ovly,Aug 2024–Aug 2026,2025-01-16,1.049305,0.7196,0.6782,0.6782,0.0000,0,-0.0176,0.1769,509.2885,77.4198
tv12%_lb20d_ovly,Aug 2024–Aug 2026,2025-01-17,1.061978,0.7196,0.6638,0.6638,0.0000,0,-0.0063,0.1808,517.8845,77.4009
tv12%_lb20d_ovly,Aug 2024–Aug 2026,2025-01-21,1.066509,0.6638,0.8277,0.8277,0.0000,0,0.0000,0.1450,520.9218,77.4292
tv12%_lb20d_ovly,Aug 2024–Aug 2026,2025-01-22,1.075297,0.8277,0.8248,0.8248,0.0000,0,0.0000,0.1455,527.5822,77.4103
tv12%_lb20d_ovly,Aug 2024–Aug 2026,2025-01-23,1.077189,0.8277,0.8493,0.8493,0.0000,0,0.0000,0.1413,528.7040,77.4103
tv12%_lb20d_ovly,Aug 2024–Aug 2026,2025-01-24,1.072264,0.8277,0.8503,0.8503,0.0000,0,-0.0029,0.1411,525.7162,77.4575
tv12%_lb20d_ovly,Aug 2024–Aug 2026,2025-01-27,1.046695,0.8277,0.8221,0.8221,0.0000,0,-0.0170,0.1460,510.4101,77.5706
tv12%_lb20d_ovly,Aug 2024–Aug 2026,2025-01-28,1.059543,0.8277,0.8042,0.8042,0.0000,0,-0.0086,0.1492,517.9539,77.5895
tv12%_lb20d_ovly,Aug 2024–Aug 2026,2025-01-29,1.057785,0.8277,0.8285,0.8285,0.0000,0,-0.0130,0.1448,516.9812,77.5424
tv12%_lb20d_ovly,Aug 2024–Aug 2026,2025-01-30,1.061628,0.8277,0.8667,0.8667,0.0000,0,-0.0077,0.1385,519.1848,77.5895
tv12%_lb20d_ovly,Aug 2024–Aug 2026,2025-01-31,1.060373,0.8277,0.8608,0.8608,0.0000,0,-0.0130,0.1394,518.4304,77.5989
tv12%_lb20d_ovly,Aug 2024–Aug 2026,2025-02-03,1.053222,0.8277,0.8465,0.8465,0.0000,0,-0.0196,0.1418,514.2812,77.5450
tv12%_lb20d_ovly,Aug 2024–Aug 2026,2025-02-04,1.064100,0.8277,0.8754,0.8754,0.0000,0,-0.0131,0.1371,520.5942,77.6207
tv12%_lb20d_ovly,Aug 2024–Aug 2026,2025-02-05,1.068208,0.8277,0.8798,0.8798,0.0000,0,-0.0091,0.1364,522.9567,77.6680
tv12%_lb20d_ovly,Aug 2024–Aug 2026,2025-02-06,1.072700,0.8798,0.9310,0.9310,0.0000,0,-0.0056,0.1289,525.6863,77.6396
tv12%_lb20d_ovly,Aug 2024–Aug 2026,2025-02-07,1.060601,0.9310,0.8932,0.8932,0.0000,0,-0.0147,0.1343,519.0557,77.5545
tv12%_lb20d_ovly,Aug 2024–Aug 2026,2025-02-10,1.072589,0.9310,0.9919,0.9919,0.0000,0,-0.0080,0.1210,525.3389,77.5923
tv12%_lb20d_ovly,Aug 2024–Aug 2026,2025-02-11,1.070129,0.9919,0.9913,0.9913,0.0000,0,-0.0073,0.1211,524.0883,77.5734
tv12%_lb20d_ovly,Aug 2024–Aug 2026,2025-02-12,1.070740,0.9919,0.9798,0.9798,0.0000,0,-0.0105,0.1225,524.3960,77.4693
tv12%_lb20d_ovly,Aug 2024–Aug 2026,2025-02-13,1.086031,0.9919,1.0000,1.0000,0.0000,0,-0.0000,0.1117,531.9398,77.5734
tv12%_lb20d_ovly,Aug 2024–Aug 2026,2025-02-14,1.090566,0.9919,1.0000,1.0000,0.0000,0,-0.0001,0.1111,534.1732,77.6775
tv12%_lb20d_ovly,Aug 2024–Aug 2026,2025-02-18,1.093011,0.9919,1.0000,1.0000,0.0000,0,0.0000,0.1067,535.3842,77.6112
tv12%_lb20d_ovly,Aug 2024–Aug 2026,2025-02-19,1.093319,0.9919,1.0000,1.0000,0.0000,0,0.0000,0.1026,535.5331,77.6680
tv12%_lb20d_ovly,Aug 2024–Aug 2026,2025-02-20,1.088717,0.9919,1.0000,1.0000,0.0000,0,-0.0042,0.1025,533.2599,77.6775
tv12%_lb20d_ovly,Aug 2024–Aug 2026,2025-02-21,1.066318,0.9919,1.0000,1.0000,0.0000,0,-0.0212,0.1179,522.1923,77.8099
tv12%_lb20d_ovly,Aug 2024–Aug 2026,2025-02-24,1.053838,0.9919,1.0000,1.0000,0.0000,0,-0.0256,0.1184,516.0283,77.8667
tv12%_lb20d_ovly,Aug 2024–Aug 2026,2025-02-25,1.040679,0.9919,1.0000,1.0000,0.0000,0,-0.0305,0.1088,509.5267,77.9708
tv12%_lb20d_ovly,Aug 2024–Aug 2026,2025-02-26,1.043176,0.9919,1.0000,1.0000,0.0000,0,-0.0300,0.1036,510.7575,77.9992
tv12%_lb20d_ovly,Aug 2024–Aug 2026,2025-02-27,1.014442,0.9919,1.0000,1.0000,0.0000,0,-0.0455,0.1164,496.5731,78.0275
tv12%_lb20d_ovly,Aug 2024–Aug 2026,2025-02-28,1.030347,0.9919,0.9297,0.9297,0.0000,0,-0.0306,0.1291,504.4147,78.1695
tv12%_lb20d_ovly,Aug 2024–Aug 2026,2025-03-03,1.007925,0.9297,0.8479,0.8479,0.0000,0,-0.0476,0.1415,493.3769,78.2197
tv12%_lb20d_ovly,Aug 2024–Aug 2026,2025-03-04,1.005024,0.8479,0.8265,0.8265,0.0000,0,-0.0588,0.1452,491.8880,78.2292
tv12%_lb20d_ovly,Aug 2024–Aug 2026,2025-03-05,1.015966,0.8479,0.8057,0.8057,0.0000,0,-0.0487,0.1489,498.3003,78.1438
tv12%_lb20d_ovly,Aug 2024–Aug 2026,2025-03-06,0.992362,0.8479,0.7593,0.7593,0.0000,0,-0.0656,0.1580,484.5923,78.1913
tv12%_lb20d_ovly,Aug 2024–Aug 2026,2025-03-07,0.998443,0.7593,1.0000,0.7532,0.2500,0,-0.0604,0.1593,488.1558,78.1818
tv12%_lb20d_ovly,Aug 2024–Aug 2026,2025-03-10,0.969266,1.0000,0.6656,0.6656,0.0000,0,-0.0854,0.1803,469.2367,78.3241
tv12%_lb20d_ovly,Aug 2024–Aug 2026,2025-03-11,0.966626,0.6656,0.6785,0.6785,0.0000,0,-0.0930,0.1769,468.1150,78.2767
tv12%_lb20d_ovly,Aug 2024–Aug 2026,2025-03-12,0.973649,0.6656,0.9194,0.6694,0.2500,0,-0.0882,0.1793,473.3957,78.2197
tv12%_lb20d_ovly,Aug 2024–Aug 2026,2025-03-13,0.961982,0.9194,1.0000,0.6582,0.5000,0,-0.1004,0.1823,464.8791,78.2767
tv12%_lb20d_ovly,Aug 2024–Aug 2026,2025-03-14,0.983224,1.0000,0.8621,0.6121,0.2500,0,-0.0818,0.1961,476.1154,78.2197
tv12%_lb20d_ovly,Aug 2024–Aug 2026,2025-03-17,0.989463,0.8621,0.8500,0.6000,0.2500,0,-0.0747,0.2000,479.2024,78.1913
tv12%_lb20d_ovly,Aug 2024–Aug 2026,2025-03-18,0.974922,0.8621,0.8500,0.6000,0.2500,0,-0.0847,0.2000,471.0333,78.1913
tv12%_lb20d_ovly,Aug 2024–Aug 2026,2025-03-19,0.986364,0.8621,0.8327,0.5827,0.2500,0,-0.0709,0.2059,477.3364,78.3052
tv12%_lb20d_ovly,Aug 2024–Aug 2026,2025-03-20,0.983515,0.8621,0.8326,0.5826,0.2500,0,-0.0574,0.2060,475.7184,78.3241
tv12%_lb20d_ovly,Aug 2024–Aug 2026,2025-03-21,0.986392,0.8621,0.8496,0.5996,0.2500,0,-0.0528,0.2001,477.2867,78.3716
tv12%_lb20d_ovly,Aug 2024–Aug 2026,2025-03-24,1.004870,0.8621,0.5634,0.5634,0.0000,0,-0.0315,0.2130,487.7604,78.2672
tv12%_lb20d_ovly,Aug 2024–Aug 2026,2025-03-25,1.009562,0.5634,0.5630,0.5630,0.0000,0,-0.0292,0.2131,490.5439,78.2957
tv12%_lb20d_ovly,Aug 2024–Aug 2026,2025-03-26,0.998990,0.5634,0.5550,0.5550,0.0000,0,-0.0402,0.2162,481.5175,78.2767
tv12%_lb20d_ovly,Aug 2024–Aug 2026,2025-03-27,0.995994,0.5634,0.5718,0.5718,0.0000,0,-0.0427,0.2098,478.7739,78.3146
tv12%_lb20d_ovly,Aug 2024–Aug 2026,2025-03-28,0.982010,0.5634,0.5711,0.5711,0.0000,0,-0.0453,0.2101,466.1688,78.4570
tv12%_lb20d_ovly,Aug 2024–Aug 2026,2025-03-31,0.982298,0.5634,0.5836,0.5836,0.0000,0,-0.0377,0.2056,466.1489,78.5139
tv12%_lb20d_ovly,Aug 2024–Aug 2026,2025-04-01,0.986915,0.5634,0.5917,0.5917,0.0000,0,-0.0350,0.2028,469.9066,78.5425
tv12%_lb20d_ovly,Aug 2024–Aug 2026,2025-04-02,0.990660,0.5634,0.6001,0.6001,0.0000,0,-0.0190,0.2000,473.3362,78.4854
tv12%_lb20d_ovly,Aug 2024–Aug 2026,2025-04-03,0.962407,0.5634,0.4614,0.4614,0.0000,0,-0.0674,0.2601,447.9968,78.7806
tv12%_lb20d_ovly,Aug 2024–Aug 2026,2025-04-04,0.928381,0.4614,0.3665,0.3665,0.0000,0,-0.1220,0.3274,420.1722,78.7330
tv12%_lb20d_ovly,Aug 2024–Aug 2026,2025-04-07,0.929387,0.3665,0.3768,0.3768,0.0000,0,-0.1235,0.3185,421.1862,78.7425
tv12%_lb20d_ovly,Aug 2024–Aug 2026,2025-04-08,0.922897,0.3665,0.3744,0.3744,0.0000,0,-0.1372,0.3206,413.6012,78.6949
tv12%_lb20d_ovly,Aug 2024–Aug 2026,2025-04-09,0.963145,0.3665,0.2437,0.2437,0.0000,0,-0.0466,0.4925,463.2461,78.6473
tv12%_lb20d_ovly,Aug 2024–Aug 2026,2025-04-10,0.947940,0.2437,0.2329,0.2329,0.0000,0,-0.0884,0.5152,443.5433,78.6377
tv12%_lb20d_ovly,Aug 2024–Aug 2026,2025-04-11,0.950893,0.2437,0.4836,0.2336,0.2500,0,-0.0722,0.5137,451.7147,78.4949
tv12%_lb20d_ovly,Aug 2024–Aug 2026,2025-04-14,0.953806,0.4836,0.4833,0.2333,0.2500,0,-0.0631,0.5143,454.7765,78.6663
tv12%_lb20d_ovly,Aug 2024–Aug 2026,2025-04-15,0.954320,0.4836,0.4838,0.2338,0.2500,0,-0.0658,0.5133,455.2835,78.6663
tv12%_lb20d_ovly,Aug 2024–Aug 2026,2025-04-16,0.941060,0.4836,0.4826,0.2326,0.2500,0,-0.0865,0.5159,441.5551,78.7711
tv12%_lb20d_ovly,Aug 2024–Aug 2026,2025-04-17,0.941154,0.4836,0.4825,0.2325,0.2500,0,-0.0852,0.5162,441.4756,78.7996
tv12%_lb20d_ovly,Aug 2024–Aug 2026,2025-04-21,0.929597,0.4836,0.2500,0.2303,0.5000,1,-0.1070,0.5211,430.5504,78.7520
tv12%_lb20d_ovly,Aug 2024–Aug 2026,2025-04-22,0.941353,0.2500,0.4780,0.2280,0.2500,0,-0.0838,0.5264,441.8533,78.7806
tv12%_lb20d_ovly,Aug 2024–Aug 2026,2025-04-23,0.945962,0.4780,0.4762,0.2262,0.2500,0,-0.0583,0.5305,451.8737,78.7234
tv12%_lb20d_ovly,Aug 2024–Aug 2026,2025-04-24,0.959282,0.4780,0.2237,0.2237,0.0000,0,-0.0360,0.5364,464.5882,78.8187
tv12%_lb20d_ovly,Aug 2024–Aug 2026,2025-04-25,0.964572,0.2237,0.2233,0.2233,0.0000,0,-0.0246,0.5374,469.7674,78.8853
tv12%_lb20d_ovly,Aug 2024–Aug 2026,2025-04-28,0.965588,0.2237,0.2253,0.2253,0.0000,0,-0.0242,0.5327,469.6183,78.9996
tv12%_lb20d_ovly,Aug 2024–Aug 2026,2025-04-29,0.967466,0.2237,0.2253,0.2253,0.0000,0,-0.0181,0.5327,472.7198,79.0472
tv12%_lb20d_ovly,Aug 2024–Aug 2026,2025-04-30,0.968434,0.2237,0.2253,0.2253,0.0000,0,-0.0177,0.5325,472.6602,79.1520
tv12%_lb20d_ovly,Aug 2024–Aug 2026,2025-05-01,0.969712,0.2237,0.2253,0.2253,0.0000,0,0.0000,0.5327,478.8335,78.9886
tv12%_lb20d_ovly,Aug 2024–Aug 2026,2025-05-02,0.971476,0.2237,0.2396,0.2396,0.0000,0,0.0000,0.5009,485.9412,78.8358
tv12%_lb20d_ovly,Aug 2024–Aug 2026,2025-05-05,0.970095,0.2237,0.2703,0.2703,0.0000,0,-0.0057,0.4440,483.0583,78.8262
tv12%_lb20d_ovly,Aug 2024–Aug 2026,2025-05-06,0.968716,0.2237,0.2691,0.2691,0.0000,0,-0.0140,0.4460,478.5650,78.8931
tv12%_lb20d_ovly,Aug 2024–Aug 2026,2025-05-07,0.969839,0.2237,0.2732,0.2732,0.0000,0,-0.0099,0.4392,480.4439,78.9217
tv12%_lb20d_ovly,Aug 2024–Aug 2026,2025-05-08,0.970530,0.2237,0.4516,0.4516,0.0000,0,-0.0030,0.2657,485.4044,78.7594
tv12%_lb20d_ovly,Aug 2024–Aug 2026,2025-05-09,0.970532,0.4516,0.5924,0.5924,0.0000,0,-0.0043,0.2026,485.0863,78.7976
tv12%_lb20d_ovly,Aug 2024–Aug 2026,2025-05-12,0.987282,0.5924,0.5403,0.5403,0.0000,0,0.0000,0.2221,504.8488,78.6543
tv12%_lb20d_ovly,Aug 2024–Aug 2026,2025-05-13,0.996045,0.5403,0.5420,0.5420,0.0000,0,0.0000,0.2214,512.5431,78.6352
tv12%_lb20d_ovly,Aug 2024–Aug 2026,2025-05-14,0.998937,0.5403,0.5451,0.5451,0.0000,0,0.0000,0.2202,515.6148,78.5779
tv12%_lb20d_ovly,Aug 2024–Aug 2026,2025-05-15,1.000423,0.5403,0.6127,0.6127,0.0000,0,0.0000,0.1959,516.1815,78.7307
tv12%_lb20d_ovly,Aug 2024–Aug 2026,2025-05-16,1.002591,0.6127,0.6149,0.6149,0.0000,0,0.0000,0.1952,518.4281,78.7116
tv12%_lb20d_ovly,Aug 2024–Aug 2026,2025-05-19,1.003322,0.6127,0.7450,0.7450,0.0000,0,0.0000,0.1611,518.9252,78.7402
tv12%_lb20d_ovly,Aug 2024–Aug 2026,2025-05-20,1.001187,0.7450,0.8014,0.8014,0.0000,0,-0.0034,0.1497,517.1954,78.7498
tv12%_lb20d_ovly,Aug 2024–Aug 2026,2025-05-21,0.990611,0.8014,0.7242,0.7242,0.0000,0,-0.0202,0.1657,510.0081,78.7020
tv12%_lb20d_ovly,Aug 2024–Aug 2026,2025-05-22,0.992139,0.7242,0.7790,0.7790,0.0000,0,-0.0198,0.1540,510.9624,78.7498
tv12%_lb20d_ovly,Aug 2024–Aug 2026,2025-05-23,0.985597,0.7790,0.7630,0.7630,0.0000,0,-0.0265,0.1573,506.2306,78.7976
tv12%_lb20d_ovly,Aug 2024–Aug 2026,2025-05-27,1.003739,0.7790,0.7080,0.7080,0.0000,0,-0.0062,0.1695,518.1398,78.8262
tv12%_lb20d_ovly,Aug 2024–Aug 2026,2025-05-28,1.000041,0.7080,0.6965,0.6965,0.0000,0,-0.0120,0.1723,515.8434,78.7689
tv12%_lb20d_ovly,Aug 2024–Aug 2026,2025-05-29,1.001752,0.7080,0.6974,0.6974,0.0000,0,-0.0081,0.1721,516.8574,78.8549
tv12%_lb20d_ovly,Aug 2024–Aug 2026,2025-05-30,1.000988,0.7080,0.6976,0.6976,0.0000,0,-0.0092,0.1720,516.0423,78.9504
tv12%_lb20d_ovly,Aug 2024–Aug 2026,2025-06-02,1.006344,0.7080,0.7207,0.7207,0.0000,0,-0.0036,0.1665,520.1182,78.8852
tv12%_lb20d_ovly,Aug 2024–Aug 2026,2025-06-03,1.011842,0.7080,0.7310,0.7310,0.0000,0,0.0000,0.1642,524.1838,78.8661
tv12%_lb20d_ovly,Aug 2024–Aug 2026,2025-06-04,1.014378,0.7080,0.7535,0.7535,0.0000,0,-0.0003,0.1593,525.6452,79.0098
tv12%_lb20d_ovly,Aug 2024–Aug 2026,2025-06-05,1.008649,0.7080,0.7419,0.7419,0.0000,0,-0.0051,0.1617,521.6887,78.9236
tv12%_lb20d_ovly,Aug 2024–Aug 2026,2025-06-06,1.015129,0.7080,0.7350,0.7350,0.0000,0,0.0000,0.1633,526.7883,78.7894
tv12%_lb20d_ovly,Aug 2024–Aug 2026,2025-06-09,1.016404,0.7080,0.7375,0.7375,0.0000,0,0.0000,0.1627,527.5638,78.8469
tv12%_lb20d_ovly,Aug 2024–Aug 2026,2025-06-10,1.021163,0.7080,0.9944,0.9944,0.0000,0,0.0000,0.1207,531.0531,78.8469
tv12%_lb20d_ovly,Aug 2024–Aug 2026,2025-06-11,1.018906,0.9944,0.9979,0.9979,0.0000,0,-0.0029,0.1203,529.2637,78.9715
tv12%_lb20d_ovly,Aug 2024–Aug 2026,2025-06-12,1.021290,0.9944,0.9946,0.9946,0.0000,0,0.0000,0.1207,530.5062,79.0386
tv12%_lb20d_ovly,Aug 2024–Aug 2026,2025-06-13,1.008536,0.9944,0.9392,0.9392,0.0000,0,-0.0112,0.1278,523.8459,78.9811
tv12%_lb20d_ovly,Aug 2024–Aug 2026,2025-06-16,1.022428,0.9392,0.9221,0.9221,0.0000,0,-0.0018,0.1301,531.1325,78.9715
tv12%_lb20d_ovly,Aug 2024–Aug 2026,2025-06-17,1.013095,0.9392,0.8941,0.8941,0.0000,0,-0.0103,0.1342,525.9534,79.0098
tv12%_lb20d_ovly,Aug 2024–Aug 2026,2025-06-18,1.012963,0.9392,0.8985,0.8985,0.0000,0,-0.0105,0.1336,525.8639,79.0482
tv12%_lb20d_ovly,Aug 2024–Aug 2026,2025-06-20,1.009124,0.9392,1.0000,1.0000,0.0000,0,-0.0128,0.1174,523.7167,79.1057
tv12%_lb20d_ovly,Aug 2024–Aug 2026,2025-06-23,1.018888,1.0000,0.9887,0.9887,0.0000,0,-0.0030,0.1214,529.1017,79.2111
tv12%_lb20d_ovly,Aug 2024–Aug 2026,2025-06-24,1.034469,1.0000,0.9882,0.9882,0.0000,0,0.0000,0.1214,537.1929,79.2782
tv12%_lb20d_ovly,Aug 2024–Aug 2026,2025-06-25,1.037114,1.0000,1.0000,1.0000,0.0000,0,0.0000,0.1009,538.5661,79.2878
tv12%_lb20d_ovly,Aug 2024–Aug 2026,2025-06-26,1.046811,1.0000,1.0000,1.0000,0.0000,0,0.0000,0.0994,543.6019,79.3836
tv12%_lb20d_ovly,Aug 2024–Aug 2026,2025-06-27,1.050395,1.0000,1.0000,1.0000,0.0000,0,0.0000,0.0997,545.4630,79.3548
tv12%_lb20d_ovly,Aug 2024–Aug 2026,2025-06-30,1.057199,1.0000,1.0000,1.0000,0.0000,0,0.0000,0.0993,548.9959,79.4124
tv12%_lb20d_ovly,Aug 2024–Aug 2026,2025-07-01,1.048287,1.0000,1.0000,1.0000,0.0000,0,-0.0003,0.0991,544.3682,79.3297
tv12%_lb20d_ovly,Aug 2024–Aug 2026,2025-07-02,1.055589,1.0000,1.0000,1.0000,0.0000,0,0.0000,0.0986,548.1599,79.3201
tv12%_lb20d_ovly,Aug 2024–Aug 2026,2025-07-03,1.065976,1.0000,1.0000,1.0000,0.0000,0,0.0000,0.1002,553.5540,79.2335
tv12%_lb20d_ovly,Aug 2024–Aug 2026,2025-07-07,1.057946,1.0000,1.0000,1.0000,0.0000,0,-0.0075,0.1032,549.3841,79.2143
tv12%_lb20d_ovly,Aug 2024–Aug 2026,2025-07-08,1.058540,1.0000,1.0000,1.0000,0.0000,0,-0.0080,0.0994,549.6926,79.2239
tv12%_lb20d_ovly,Aug 2024–Aug 2026,2025-07-09,1.066034,1.0000,1.0000,1.0000,0.0000,0,-0.0020,0.1004,553.5839,79.2912
tv12%_lb20d_ovly,Aug 2024–Aug 2026,2025-07-10,1.064500,1.0000,1.0000,1.0000,0.0000,0,0.0000,0.0995,552.7877,79.2912
tv12%_lb20d_ovly,Aug 2024–Aug 2026,2025-07-11,1.062105,1.0000,1.0000,1.0000,0.0000,0,-0.0035,0.1000,551.5436,79.2720
tv12%_lb20d_ovly,Aug 2024–Aug 2026,2025-07-14,1.065957,1.0000,1.0000,1.0000,0.0000,0,-0.0016,0.0997,553.5441,79.2816
tv12%_lb20d_ovly,Aug 2024–Aug 2026,2025-07-15,1.066934,1.0000,1.0000,1.0000,0.0000,0,-0.0059,0.0902,554.0515,79.2047
tv12%_lb20d_ovly,Aug 2024–Aug 2026,2025-07-16,1.068027,1.0000,1.0000,1.0000,0.0000,0,-0.0026,0.0862,554.6188,79.3104
tv12%_lb20d_ovly,Aug 2024–Aug 2026,2025-07-17,1.076670,1.0000,1.0000,1.0000,0.0000,0,0.0000,0.0779,559.1072,79.2816
tv12%_lb20d_ovly,Aug 2024–Aug 2026,2025-07-18,1.075635,1.0000,1.0000,1.0000,0.0000,0,-0.0007,0.0782,558.5698,79.3489
tv12%_lb20d_ovly,Aug 2024–Aug 2026,2025-07-21,1.081212,1.0000,1.0000,1.0000,0.0000,0,0.0000,0.0760,561.4659,79.3970
tv12%_lb20d_ovly,Aug 2024–Aug 2026,2025-07-22,1.075616,1.0000,1.0000,1.0000,0.0000,0,0.0000,0.0718,558.5599,79.4547
tv12%_lb20d_ovly,Aug 2024–Aug 2026,2025-07-23,1.080522,1.0000,1.0000,1.0000,0.0000,0,0.0000,0.0683,561.1076,79.3874
tv12%_lb20d_ovly,Aug 2024–Aug 2026,2025-07-24,1.082822,1.0000,1.0000,1.0000,0.0000,0,0.0000,0.0683,562.3018,79.3201
tv12%_lb20d_ovly,Aug 2024–Aug 2026,2025-07-25,1.085428,1.0000,1.0000,1.0000,0.0000,0,0.0000,0.0656,563.6553,79.3681
tv12%_lb20d_ovly,Aug 2024–Aug 2026,2025-07-28,1.088820,1.0000,1.0000,1.0000,0.0000,0,-0.0003,0.0651,565.4169,79.3585
tv12%_lb20d_ovly,Aug 2024–Aug 2026,2025-07-29,1.087134,1.0000,1.0000,1.0000,0.0000,0,-0.0029,0.0659,564.5411,79.4258
tv12%_lb20d_ovly,Aug 2024–Aug 2026,2025-07-30,1.088590,1.0000,1.0000,1.0000,0.0000,0,-0.0041,0.0663,565.2974,79.3393
tv12%_lb20d_ovly,Aug 2024–Aug 2026,2025-07-31,1.082822,1.0000,1.0000,1.0000,0.0000,0,-0.0079,0.0675,562.3018,79.3393
tv12%_lb20d_ovly,Aug 2024–Aug 2026,2025-08-01,1.061491,1.0000,1.0000,1.0000,0.0000,0,-0.0241,0.0870,551.2252,79.7348
tv12%_lb20d_ovly,Aug 2024–Aug 2026,2025-08-04,1.081078,1.0000,1.0000,1.0000,0.0000,0,-0.0093,0.0984,561.3962,79.7541
tv12%_lb20d_ovly,Aug 2024–Aug 2026,2025-08-05,1.073738,1.0000,1.0000,1.0000,0.0000,0,-0.0143,0.1005,557.5846,79.7251
tv12%_lb20d_ovly,Aug 2024–Aug 2026,2025-08-06,1.087249,1.0000,1.0000,1.0000,0.0000,0,-0.0068,0.1019,564.6008,79.7541
tv12%_lb20d_ovly,Aug 2024–Aug 2026,2025-08-07,1.090928,1.0000,1.0000,1.0000,0.0000,0,-0.0076,0.1017,566.5115,79.7155
tv12%_lb20d_ovly,Aug 2024–Aug 2026,2025-08-08,1.101105,1.0000,1.0000,1.0000,0.0000,0,0.0000,0.1036,571.7961,79.6962
tv12%_lb20d_ovly,Aug 2024–Aug 2026,2025-08-11,1.097847,1.0000,1.0000,1.0000,0.0000,0,-0.0020,0.1041,570.1042,79.6962
tv12%_lb20d_ovly,Aug 2024–Aug 2026,2025-08-12,1.111645,1.0000,1.0000,1.0000,0.0000,0,0.0000,0.1077,577.2697,79.7541
tv12%_lb20d_ovly,Aug 2024–Aug 2026,2025-08-13,1.112201,1.0000,1.0000,1.0000,0.0000,0,0.0000,0.1077,577.5584,79.8602
tv12%_lb20d_ovly,Aug 2024–Aug 2026,2025-08-14,1.111339,1.0000,1.0000,1.0000,0.0000,0,0.0000,0.1065,577.1105,79.7734
tv12%_lb20d_ovly,Aug 2024–Aug 2026,2025-08-15,1.106452,1.0000,1.0000,1.0000,0.0000,0,-0.0023,0.1070,574.5728,79.7444
tv12%_lb20d_ovly,Aug 2024–Aug 2026,2025-08-18,1.106011,1.0000,1.0000,1.0000,0.0000,0,-0.0026,0.1071,574.3439,79.7444
tv12%_lb20d_ovly,Aug 2024–Aug 2026,2025-08-19,1.091005,1.0000,1.0000,1.0000,0.0000,0,-0.0080,0.1096,566.5514,79.7830
tv12%_lb20d_ovly,Aug 2024–Aug 2026,2025-08-20,1.084527,1.0000,1.0000,1.0000,0.0000,0,-0.0106,0.1065,563.1876,79.8120
tv12%_lb20d_ovly,Aug 2024–Aug 2026,2025-08-21,1.079506,1.0000,1.0000,1.0000,0.0000,0,-0.0146,0.1076,560.5802,79.7444
tv12%_lb20d_ovly,Aug 2024–Aug 2026,2025-08-22,1.096160,1.0000,1.0000,1.0000,0.0000,0,0.0000,0.1196,569.2285,79.9180
tv12%_lb20d_ovly,Aug 2024–Aug 2026,2025-08-25,1.092998,1.0000,0.9923,0.9923,0.0000,0,-0.0044,0.1209,567.5865,79.8795
tv12%_lb20d_ovly,Aug 2024–Aug 2026,2025-08-26,1.097387,1.0000,0.9913,0.9913,0.0000,0,-0.0002,0.1211,569.8654,79.9470
tv12%_lb20d_ovly,Aug 2024–Aug 2026,2025-08-27,1.099073,1.0000,0.9924,0.9924,0.0000,0,0.0000,0.1209,570.7412,80.0049
tv12%_lb20d_ovly,Aug 2024–Aug 2026,2025-08-28,1.105953,1.0000,1.0000,1.0000,0.0000,0,0.0000,0.1199,574.3140,79.9759
tv12%_lb20d_ovly,Aug 2024–Aug 2026,2025-08-29,1.093151,1.0000,1.0000,1.0000,0.0000,0,-0.0060,0.1039,567.6660,80.0435
tv12%_lb20d_ovly,Aug 2024–Aug 2026,2025-09-02,1.083991,1.0000,1.0000,1.0000,0.0000,0,-0.0133,0.0963,562.9090,80.0028
tv12%_lb20d_ovly,Aug 2024–Aug 2026,2025-09-03,1.092519,1.0000,1.0000,1.0000,0.0000,0,-0.0080,0.0951,567.3376,80.0609
tv12%_lb20d_ovly,Aug 2024–Aug 2026,2025-09-04,1.102408,1.0000,1.0000,1.0000,0.0000,0,0.0000,0.0957,572.4728,80.1189
tv12%_lb20d_ovly,Aug 2024–Aug 2026,2025-09-05,1.103999,1.0000,1.0000,1.0000,0.0000,0,-0.0029,0.0966,573.2989,80.2350
tv12%_lb20d_ovly,Aug 2024–Aug 2026,2025-09-08,1.109384,1.0000,1.0000,1.0000,0.0000,0,-0.0004,0.0936,576.0954,80.2834
tv12%_lb20d_ovly,Aug 2024–Aug 2026,2025-09-09,1.112527,1.0000,1.0000,1.0000,0.0000,0,0.0000,0.0931,577.7275,80.2157
tv12%_lb20d_ovly,Aug 2024–Aug 2026,2025-09-10,1.112891,1.0000,1.0000,1.0000,0.0000,0,0.0000,0.0865,577.9167,80.2254
tv12%_lb20d_ovly,Aug 2024–Aug 2026,2025-09-11,1.119369,1.0000,1.0000,1.0000,0.0000,0,0.0000,0.0901,581.2805,80.2544
tv12%_lb20d_ovly,Aug 2024–Aug 2026,2025-09-12,1.124313,1.0000,1.0000,1.0000,0.0000,0,-0.0003,0.0902,583.8481,80.2447
tv12%_lb20d_ovly,Aug 2024–Aug 2026,2025-09-15,1.133934,1.0000,1.0000,1.0000,0.0000,0,0.0000,0.0906,588.8440,80.2738
tv12%_lb20d_ovly,Aug 2024–Aug 2026,2025-09-16,1.132975,1.0000,1.0000,1.0000,0.0000,0,-0.0014,0.0909,588.3464,80.3124
tv12%_lb20d_ovly,Aug 2024–Aug 2026,2025-09-17,1.130714,1.0000,1.0000,1.0000,0.0000,0,-0.0026,0.0880,587.1721,80.2738
tv12%_lb20d_ovly,Aug 2024–Aug 2026,2025-09-18,1.140910,1.0000,1.0000,1.0000,0.0000,0,0.0000,0.0872,592.4666,80.2447
tv12%_lb20d_ovly,Aug 2024–Aug 2026,2025-09-19,1.148633,1.0000,1.0000,1.0000,0.0000,0,0.0000,0.0850,596.4772,80.2738
tv12%_lb20d_ovly,Aug 2024–Aug 2026,2025-09-22,1.155433,1.0000,1.0000,1.0000,0.0000,0,0.0000,0.0708,600.0084,80.2350
tv12%_lb20d_ovly,Aug 2024–Aug 2026,2025-09-23,1.147758,1.0000,1.0000,1.0000,0.0000,0,-0.0054,0.0721,596.0229,80.2641
tv12%_lb20d_ovly,Aug 2024–Aug 2026,2025-09-24,1.143729,1.0000,1.0000,1.0000,0.0000,0,-0.0086,0.0735,593.9305,80.2254
tv12%_lb20d_ovly,Aug 2024–Aug 2026,2025-09-25,1.138798,1.0000,1.0000,1.0000,0.0000,0,-0.0132,0.0764,591.3699,80.1576
tv12%_lb20d_ovly,Aug 2024–Aug 2026,2025-09-26,1.143479,1.0000,1.0000,1.0000,0.0000,0,-0.0075,0.0777,593.8010,80.2060
tv12%_lb20d_ovly,Aug 2024–Aug 2026,2025-09-29,1.148775,1.0000,1.0000,1.0000,0.0000,0,-0.0047,0.0732,596.5510,80.2350
tv12%_lb20d_ovly,Aug 2024–Aug 2026,2025-09-30,1.151922,1.0000,1.0000,1.0000,0.0000,0,-0.0010,0.0653,598.1851,80.2738
tv12%_lb20d_ovly,Aug 2024–Aug 2026,2025-10-01,1.157447,1.0000,1.0000,1.0000,0.0000,0,0.0000,0.0643,601.0545,80.3669
tv12%_lb20d_ovly,Aug 2024–Aug 2026,2025-10-02,1.162206,1.0000,1.0000,1.0000,0.0000,0,0.0000,0.0599,603.5255,80.3863
tv12%_lb20d_ovly,Aug 2024–Aug 2026,2025-10-03,1.157313,1.0000,1.0000,1.0000,0.0000,0,-0.0000,0.0578,600.9848,80.3572
tv12%_lb20d_ovly,Aug 2024–Aug 2026,2025-10-06,1.166005,1.0000,1.0000,1.0000,0.0000,0,0.0000,0.0581,605.4983,80.3378
tv12%_lb20d_ovly,Aug 2024–Aug 2026,2025-10-07,1.159865,1.0000,1.0000,1.0000,0.0000,0,-0.0037,0.0613,602.3099,80.3766
tv12%_lb20d_ovly,Aug 2024–Aug 2026,2025-10-08,1.173162,1.0000,1.0000,1.0000,0.0000,0,0.0000,0.0631,609.2147,80.3669
tv12%_lb20d_ovly,Aug 2024–Aug 2026,2025-10-09,1.171742,1.0000,1.0000,1.0000,0.0000,0,-0.0029,0.0601,608.4774,80.3572
tv12%_lb20d_ovly,Aug 2024–Aug 2026,2025-10-10,1.131066,1.0000,1.0000,1.0000,0.0000,0,-0.0298,0.1180,587.3546,80.4931
tv12%_lb20d_ovly,Aug 2024–Aug 2026,2025-10-13,1.155068,1.0000,0.9312,0.9312,0.0000,0,-0.0150,0.1289,599.8190,80.6484
tv12%_lb20d_ovly,Aug 2024–Aug 2026,2025-10-14,1.147296,0.9312,0.9314,0.9314,0.0000,0,-0.0162,0.1288,595.8237,80.5902
tv12%_lb20d_ovly,Aug 2024–Aug 2026,2025-10-15,1.154797,0.9312,0.9266,0.9266,0.0000,0,-0.0118,0.1295,600.0283,80.5513
tv12%_lb20d_ovly,Aug 2024–Aug 2026,2025-10-16,1.150920,0.9312,0.9151,0.9151,0.0000,0,-0.0185,0.1311,597.8064,80.6581
tv12%_lb20d_ovly,Aug 2024–Aug 2026,2025-10-17,1.157949,0.9312,0.9125,0.9125,0.0000,0,-0.0130,0.1315,601.7321,80.6484
tv12%_lb20d_ovly,Aug 2024–Aug 2026,2025-10-20,1.171546,0.9312,0.8849,0.8849,0.0000,0,-0.0027,0.1356,609.3143,80.6581
tv12%_lb20d_ovly,Aug 2024–Aug 2026,2025-10-21,1.171280,0.9312,0.8962,0.8962,0.0000,0,-0.0027,0.1339,609.1550,80.6775
tv12%_lb20d_ovly,Aug 2024–Aug 2026,2025-10-22,1.160772,0.9312,0.8899,0.8899,0.0000,0,-0.0079,0.1348,603.2864,80.6775
tv12%_lb20d_ovly,Aug 2024–Aug 2026,2025-10-23,1.169802,0.9312,0.8908,0.8908,0.0000,0,-0.0020,0.1347,608.3578,80.6193
tv12%_lb20d_ovly,Aug 2024–Aug 2026,2025-10-24,1.181483,0.9312,0.8817,0.8817,0.0000,0,0.0000,0.1361,614.8541,80.6678
tv12%_lb20d_ovly,Aug 2024–Aug 2026,2025-10-27,1.201058,0.9312,0.8503,0.8503,0.0000,0,0.0000,0.1411,625.8041,80.6484
tv12%_lb20d_ovly,Aug 2024–Aug 2026,2025-10-28,1.209571,0.8503,0.8513,0.8513,0.0000,0,0.0000,0.1410,630.6166,80.6581
tv12%_lb20d_ovly,Aug 2024–Aug 2026,2025-10-29,1.213853,0.8503,0.8521,0.8521,0.0000,0,0.0000,0.1408,633.4562,80.5028
tv12%_lb20d_ovly,Aug 2024–Aug 2026,2025-10-30,1.198096,0.8503,0.8129,0.8129,0.0000,0,-0.0110,0.1476,623.7715,80.5125
tv12%_lb20d_ovly,Aug 2024–Aug 2026,2025-10-31,1.203075,0.8503,0.8117,0.8117,0.0000,0,-0.0078,0.1478,626.7806,80.5416
tv12%_lb20d_ovly,Aug 2024–Aug 2026,2025-11-03,1.207976,0.8503,0.8132,0.8132,0.0000,0,-0.0059,0.1476,629.7796,80.5446
tv12%_lb20d_ovly,Aug 2024–Aug 2026,2025-11-04,1.187193,0.8503,0.7808,0.7808,0.0000,0,-0.0177,0.1537,616.9963,80.5738
tv12%_lb20d_ovly,Aug 2024–Aug 2026,2025-11-05,1.193551,0.7808,0.7855,0.7855,0.0000,0,-0.0143,0.1528,621.0117,80.5154
tv12%_lb20d_ovly,Aug 2024–Aug 2026,2025-11-06,1.176509,0.7808,0.7620,0.7620,0.0000,0,-0.0248,0.1575,609.4439,80.6127
tv12%_lb20d_ovly,Aug 2024–Aug 2026,2025-11-07,1.173735,0.7808,1.0000,1.0000,0.0000,0,-0.0239,0.1199,607.5209,80.6517
tv12%_lb20d_ovly,Aug 2024–Aug 2026,2025-11-10,1.193686,1.0000,0.9978,0.9978,0.0000,0,-0.0087,0.1203,620.9619,80.6322
tv12%_lb20d_ovly,Aug 2024–Aug 2026,2025-11-11,1.190506,1.0000,1.0000,1.0000,0.0000,0,-0.0064,0.1199,619.3079,80.7003
tv12%_lb20d_ovly,Aug 2024–Aug 2026,2025-11-12,1.189568,1.0000,1.0000,1.0000,0.0000,0,-0.0058,0.1195,618.8196,80.6711
tv12%_lb20d_ovly,Aug 2024–Aug 2026,2025-11-13,1.165282,1.0000,0.9032,0.9032,0.0000,0,-0.0223,0.1329,606.1859,80.6225
tv12%_lb20d_ovly,Aug 2024–Aug 2026,2025-11-14,1.166050,0.9032,0.9113,0.9113,0.0000,0,-0.0225,0.1317,606.6441,80.6517
tv12%_lb20d_ovly,Aug 2024–Aug 2026,2025-11-17,1.157042,0.9032,0.9172,0.9172,0.0000,0,-0.0316,0.1308,601.4631,80.6419
tv12%_lb20d_ovly,Aug 2024–Aug 2026,2025-11-18,1.144385,0.9032,0.8964,0.8964,0.0000,0,-0.0397,0.1339,594.1397,80.6906
tv12%_lb20d_ovly,Aug 2024–Aug 2026,2025-11-19,1.150543,0.9032,0.8968,0.8968,0.0000,0,-0.0360,0.1338,597.6868,80.6809
tv12%_lb20d_ovly,Aug 2024–Aug 2026,2025-11-20,1.126038,0.9032,0.8475,0.8475,0.0000,0,-0.0507,0.1416,583.5385,80.7490
tv12%_lb20d_ovly,Aug 2024–Aug 2026,2025-11-21,1.133747,0.8475,0.8373,0.8373,0.0000,0,-0.0413,0.1433,587.9225,80.8464
tv12%_lb20d_ovly,Aug 2024–Aug 2026,2025-11-24,1.158339,0.8475,0.8156,0.8156,0.0000,0,-0.0271,0.1471,602.9576,80.8561
tv12%_lb20d_ovly,Aug 2024–Aug 2026,2025-11-25,1.164496,0.8475,0.7929,0.7929,0.0000,0,-0.0180,0.1513,606.6741,80.9048
tv12%_lb20d_ovly,Aug 2024–Aug 2026,2025-11-26,1.173130,0.7929,0.7803,0.7803,0.0000,0,-0.0054,0.1538,612.0344,80.8951
tv12%_lb20d_ovly,Aug 2024–Aug 2026,2025-11-28,1.180671,0.7929,0.8002,0.8002,0.0000,0,0.0000,0.1500,616.9963,80.8951
tv12%_lb20d_ovly,Aug 2024–Aug 2026,2025-12-01,1.177317,0.7929,0.7976,0.7976,0.0000,0,-0.0046,0.1505,614.9238,80.8257
tv12%_lb20d_ovly,Aug 2024–Aug 2026,2025-12-02,1.184770,0.7929,0.7976,0.7976,0.0000,0,-0.0027,0.1505,619.7363,80.8746
tv12%_lb20d_ovly,Aug 2024–Aug 2026,2025-12-03,1.187214,0.7929,0.8319,0.8319,0.0000,0,0.0000,0.1442,621.2507,80.9234
tv12%_lb20d_ovly,Aug 2024–Aug 2026,2025-12-04,1.186160,0.7929,0.8342,0.8342,0.0000,0,0.0000,0.1439,620.6729,80.8648
tv12%_lb20d_ovly,Aug 2024–Aug 2026,2025-12-05,1.189906,0.7929,0.8723,0.8723,0.0000,0,0.0000,0.1376,623.2036,80.8355
tv12%_lb20d_ovly,Aug 2024–Aug 2026,2025-12-08,1.187942,0.8723,0.8673,0.8673,0.0000,0,-0.0030,0.1384,622.0080,80.8160
tv12%_lb20d_ovly,Aug 2024–Aug 2026,2025-12-09,1.189147,0.8723,0.9428,0.9428,0.0000,0,-0.0039,0.1273,622.7751,80.7769
tv12%_lb20d_ovly,Aug 2024–Aug 2026,2025-12-10,1.193569,0.9428,0.9290,0.9290,0.0000,0,0.0000,0.1292,625.3259,80.9136
tv12%_lb20d_ovly,Aug 2024–Aug 2026,2025-12-11,1.189937,0.9428,0.9277,0.9277,0.0000,0,0.0000,0.1294,623.3033,80.9234
tv12%_lb20d_ovly,Aug 2024–Aug 2026,2025-12-12,1.168496,0.9428,0.9972,0.9972,0.0000,0,-0.0108,0.1203,611.3868,80.9332
tv12%_lb20d_ovly,Aug 2024–Aug 2026,2025-12-15,1.162944,0.9972,0.9953,0.9953,0.0000,0,-0.0122,0.1206,608.3180,80.9820
tv12%_lb20d_ovly,Aug 2024–Aug 2026,2025-12-16,1.165243,0.9972,1.0000,1.0000,0.0000,0,-0.0149,0.1155,609.5236,81.0211
tv12%_lb20d_ovly,Aug 2024–Aug 2026,2025-12-17,1.143704,0.9972,1.0000,1.0000,0.0000,0,-0.0258,0.1186,598.2249,81.0308
tv12%_lb20d_ovly,Aug 2024–Aug 2026,2025-12-18,1.160232,0.9972,0.9953,0.9953,0.0000,0,-0.0184,0.1206,606.8932,81.0894
tv12%_lb20d_ovly,Aug 2024–Aug 2026,2025-12-19,1.175314,0.9972,1.0000,1.0000,0.0000,0,-0.0095,0.1069,614.8043,81.0747
tv12%_lb20d_ovly,Aug 2024–Aug 2026,2025-12-22,1.180931,0.9972,1.0000,1.0000,0.0000,0,-0.0034,0.1041,617.7513,81.0356
tv12%_lb20d_ovly,Aug 2024–Aug 2026,2025-12-23,1.186444,0.9972,1.0000,1.0000,0.0000,0,0.0000,0.0937,620.6445,80.9964
tv12%_lb20d_ovly,Aug 2024–Aug 2026,2025-12-24,1.189908,0.9972,1.0000,1.0000,0.0000,0,0.0000,0.0894,622.4603,81.0454
tv12%_lb20d_ovly,Aug 2024–Aug 2026,2025-12-26,1.189834,0.9972,1.0000,1.0000,0.0000,0,-0.0001,0.0870,622.4203,81.1041
tv12%_lb20d_ovly,Aug 2024–Aug 2026,2025-12-29,1.184092,0.9972,1.0000,1.0000,0.0000,0,-0.0037,0.0867,619.4074,81.1433
tv12%_lb20d_ovly,Aug 2024–Aug 2026,2025-12-30,1.181354,0.9972,1.0000,1.0000,0.0000,0,-0.0049,0.0849,617.9708,81.1629
tv12%_lb20d_ovly,Aug 2024–Aug 2026,2025-12-31,1.171615,0.9972,1.0000,1.0000,0.0000,0,-0.0123,0.0894,612.8629,81.1335
tv12%_lb20d_ovly,Aug 2024–Aug 2026,2026-01-02,1.169354,0.9972,1.0000,1.0000,0.0000,0,-0.0104,0.0888,611.6757,81.1727
tv12%_lb20d_ovly,Aug 2024–Aug 2026,2026-01-05,1.178617,0.9972,1.0000,1.0000,0.0000,0,-0.0039,0.0918,616.5342,81.2021
tv12%_lb20d_ovly,Aug 2024–Aug 2026,2026-01-06,1.188945,0.9972,1.0000,1.0000,0.0000,0,0.0000,0.0938,621.9514,81.2119
tv12%_lb20d_ovly,Aug 2024–Aug 2026,2026-01-07,1.190086,0.9972,1.0000,1.0000,0.0000,0,-0.0032,0.0939,622.5500,81.2021
tv12%_lb20d_ovly,Aug 2024–Aug 2026,2026-01-08,1.183333,0.9972,1.0000,1.0000,0.0000,0,-0.0033,0.0938,619.0084,81.1727
tv12%_lb20d_ovly,Aug 2024–Aug 2026,2026-01-09,1.195085,0.9972,1.0000,1.0000,0.0000,0,0.0000,0.0937,625.1738,81.1433
tv12%_lb20d_ovly,Aug 2024–Aug 2026,2026-01-12,1.196074,0.9972,1.0000,1.0000,0.0000,0,0.0000,0.0936,625.6926,81.1433
tv12%_lb20d_ovly,Aug 2024–Aug 2026,2026-01-13,1.194306,0.9972,1.0000,1.0000,0.0000,0,-0.0020,0.0841,624.7648,81.1629
tv12%_lb20d_ovly,Aug 2024–Aug 2026,2026-01-14,1.181584,0.9972,1.0000,1.0000,0.0000,0,-0.0069,0.0863,618.0905,81.1825
tv12%_lb20d_ovly,Aug 2024–Aug 2026,2026-01-15,1.185823,0.9972,1.0000,1.0000,0.0000,0,-0.0042,0.0855,620.3153,81.1237
tv12%_lb20d_ovly,Aug 2024–Aug 2026,2026-01-16,1.184833,0.9972,1.0000,1.0000,0.0000,0,-0.0050,0.0729,619.7965,81.1041
tv12%_lb20d_ovly,Aug 2024–Aug 2026,2026-01-20,1.159729,0.9972,1.0000,1.0000,0.0000,0,-0.0253,0.1043,606.6276,81.1139
tv12%_lb20d_ovly,Aug 2024–Aug 2026,2026-01-21,1.175365,0.9972,1.0000,1.0000,0.0000,0,-0.0140,0.1073,614.8282,81.1531
tv12%_lb20d_ovly,Aug 2024–Aug 2026,2026-01-22,1.183884,0.9972,1.0000,1.0000,0.0000,0,-0.0089,0.1067,619.2977,81.1237
tv12%_lb20d_ovly,Aug 2024–Aug 2026,2026-01-23,1.187613,0.9972,1.0000,1.0000,0.0000,0,-0.0085,0.1055,621.2531,81.1531
tv12%_lb20d_ovly,Aug 2024–Aug 2026,2026-01-26,1.192825,0.9972,1.0000,1.0000,0.0000,0,-0.0035,0.1063,623.9866,81.1825
tv12%_lb20d_ovly,Aug 2024–Aug 2026,2026-01-27,1.203609,0.9972,1.0000,1.0000,0.0000,0,0.0000,0.1071,629.6432,81.2021
tv12%_lb20d_ovly,Aug 2024–Aug 2026,2026-01-28,1.207584,0.9972,1.0000,1.0000,0.0000,0,-0.0001,0.1061,631.7283,81.2021
tv12%_lb20d_ovly,Aug 2024–Aug 2026,2026-01-29,1.200377,0.9972,1.0000,1.0000,0.0000,0,-0.0021,0.1064,627.9473,81.2315
tv12%_lb20d_ovly,Aug 2024–Aug 2026,2026-01-30,1.186003,0.9972,1.0000,1.0000,0.0000,0,-0.0051,0.1031,620.4051,81.3001
tv12%_lb20d_ovly,Aug 2024–Aug 2026,2026-02-02,1.194122,0.9972,1.0000,1.0000,0.0000,0,-0.0001,0.1041,624.6650,81.2607
tv12%_lb20d_ovly,Aug 2024–Aug 2026,2026-02-03,1.175826,0.9972,1.0000,1.0000,0.0000,0,-0.0086,0.1068,615.0677,81.2509
tv12%_lb20d_ovly,Aug 2024–Aug 2026,2026-02-04,1.155344,0.9972,1.0000,1.0000,0.0000,0,-0.0134,0.1059,604.3231,81.2902
tv12%_lb20d_ovly,Aug 2024–Aug 2026,2026-02-05,1.138764,0.9972,1.0000,1.0000,0.0000,0,-0.0257,0.1141,595.6237,81.4180
tv12%_lb20d_ovly,Aug 2024–Aug 2026,2026-02-06,1.162768,0.9972,0.8942,0.8942,0.0000,0,-0.0070,0.1342,608.2139,81.4180
tv12%_lb20d_ovly,Aug 2024–Aug 2026,2026-02-09,1.171531,0.8942,0.9009,0.9009,0.0000,0,-0.0022,0.1332,612.8729,81.4376
tv12%_lb20d_ovly,Aug 2024–Aug 2026,2026-02-10,1.166745,0.8942,0.8997,0.8997,0.0000,0,-0.0048,0.1334,610.0295,81.4868
tv12%_lb20d_ovly,Aug 2024–Aug 2026,2026-02-11,1.169424,0.8942,0.9009,0.9009,0.0000,0,-0.0051,0.1332,611.6657,81.4081
tv12%_lb20d_ovly,Aug 2024–Aug 2026,2026-02-12,1.148275,0.8942,0.8376,0.8376,0.0000,0,-0.0204,0.1433,599.2251,81.4868
tv12%_lb20d_ovly,Aug 2024–Aug 2026,2026-02-13,1.150589,0.8376,0.8403,0.8403,0.0000,0,-0.0198,0.1428,600.5021,81.6145
tv12%_lb20d_ovly,Aug 2024–Aug 2026,2026-02-17,1.149528,0.8376,0.8388,0.8388,0.0000,0,-0.0182,0.1431,599.8835,81.5850
tv12%_lb20d_ovly,Aug 2024–Aug 2026,2026-02-18,1.156606,0.8376,0.9736,0.9736,0.0000,0,-0.0132,0.1233,604.3629,81.5359
tv12%_lb20d_ovly,Aug 2024–Aug 2026,2026-02-19,1.152739,0.9736,1.0000,1.0000,0.0000,0,-0.0158,0.1168,602.0484,81.5359
tv12%_lb20d_ovly,Aug 2024–Aug 2026,2026-02-20,1.162674,0.9736,1.0000,1.0000,0.0000,0,-0.0087,0.1182,607.3759,81.5457
tv12%_lb20d_ovly,Aug 2024–Aug 2026,2026-02-23,1.148940,0.9736,0.9700,0.9700,0.0000,0,-0.0188,0.1237,599.9932,81.6145
tv12%_lb20d_ovly,Aug 2024–Aug 2026,2026-02-24,1.160956,0.9736,0.9582,0.9582,0.0000,0,-0.0117,0.1252,606.4380,81.6145
tv12%_lb20d_ovly,Aug 2024–Aug 2026,2026-02-25,1.177330,0.9736,0.9358,0.9358,0.0000,0,-0.0033,0.1282,615.2273,81.5948
tv12%_lb20d_ovly,Aug 2024–Aug 2026,2026-02-26,1.163513,0.9736,0.9255,0.9255,0.0000,0,-0.0088,0.1297,607.8048,81.6243
tv12%_lb20d_ovly,Aug 2024–Aug 2026,2026-02-27,1.159927,0.9736,0.9196,0.9196,0.0000,0,-0.0135,0.1305,605.8594,81.7324
tv12%_lb20d_ovly,Aug 2024–Aug 2026,2026-03-02,1.161298,0.9196,0.9214,0.9214,0.0000,0,-0.0130,0.1302,606.6575,81.5876
tv12%_lb20d_ovly,Aug 2024–Aug 2026,2026-03-03,1.149854,0.9196,0.9097,0.9097,0.0000,0,-0.0196,0.1319,600.1629,81.5777
tv12%_lb20d_ovly,Aug 2024–Aug 2026,2026-03-04,1.165916,0.9196,0.9100,0.9100,0.0000,0,-0.0127,0.1319,609.3113,81.5285
tv12%_lb20d_ovly,Aug 2024–Aug 2026,2026-03-05,1.162618,0.9196,0.9075,0.9075,0.0000,0,-0.0182,0.1322,607.4755,81.4693
tv12%_lb20d_ovly,Aug 2024–Aug 2026,2026-03-06,1.146580,0.9196,0.9022,0.9022,0.0000,0,-0.0311,0.1330,598.3372,81.5088
tv12%_lb20d_ovly,Aug 2024–Aug 2026,2026-03-09,1.160707,0.9196,1.0000,1.0000,0.0000,0,-0.0226,0.1172,606.3283,81.5482
tv12%_lb20d_ovly,Aug 2024–Aug 2026,2026-03-10,1.160575,1.0000,1.0000,1.0000,0.0000,0,-0.0230,0.1153,606.3383,81.4989
tv12%_lb20d_ovly,Aug 2024–Aug 2026,2026-03-11,1.160422,1.0000,1.0000,1.0000,0.0000,0,-0.0243,0.1151,606.2585,81.4201
tv12%_lb20d_ovly,Aug 2024–Aug 2026,2026-03-12,1.140505,1.0000,0.9563,0.9563,0.0000,0,-0.0391,0.1255,595.8531,81.2822
tv12%_lb20d_ovly,Aug 2024–Aug 2026,2026-03-13,1.133745,1.0000,1.0000,1.0000,0.0000,0,-0.0445,0.1157,592.3214,81.3314
tv12%_lb20d_ovly,Aug 2024–Aug 2026,2026-03-16,1.146463,1.0000,0.9784,0.9784,0.0000,0,-0.0348,0.1226,598.9657,81.4299
tv12%_lb20d_ovly,Aug 2024–Aug 2026,2026-03-17,1.152058,1.0000,0.9757,0.9757,0.0000,0,-0.0323,0.1230,601.8888,81.4398
tv12%_lb20d_ovly,Aug 2024–Aug 2026,2026-03-18,1.135999,1.0000,0.9281,0.9281,0.0000,0,-0.0458,0.1293,593.4987,81.2920
tv12%_lb20d_ovly,Aug 2024–Aug 2026,2026-03-19,1.132327,0.9281,0.9282,0.9282,0.0000,0,-0.0481,0.1293,591.6230,81.2723
tv12%_lb20d_ovly,Aug 2024–Aug 2026,2026-03-20,1.112726,0.9281,0.9091,0.9091,0.0000,0,-0.0618,0.1320,580.6888,81.0949
tv12%_lb20d_ovly,Aug 2024–Aug 2026,2026-03-23,1.124698,0.9281,0.8753,0.8753,0.0000,0,-0.0519,0.1371,587.3546,81.2132
tv12%_lb20d_ovly,Aug 2024–Aug 2026,2026-03-24,1.117385,0.8753,1.0000,0.9034,0.2500,0,-0.0551,0.1328,583.3389,81.0949
tv12%_lb20d_ovly,Aug 2024–Aug 2026,2026-03-25,1.123828,1.0000,0.9223,0.9223,0.0000,0,-0.0445,0.1301,587.1747,81.1836
tv12%_lb20d_ovly,Aug 2024–Aug 2026,2026-03-26,1.096920,0.9223,1.0000,0.8511,0.2500,0,-0.0576,0.1410,573.1601,81.0063
tv12%_lb20d_ovly,Aug 2024–Aug 2026,2026-03-27,1.077248,1.0000,0.8027,0.8027,0.0000,0,-0.0737,0.1495,561.9625,81.1738
tv12%_lb20d_ovly,Aug 2024–Aug 2026,2026-03-30,1.068803,0.8027,0.8074,0.8074,0.0000,0,-0.0751,0.1486,557.6672,81.2822
tv12%_lb20d_ovly,Aug 2024–Aug 2026,2026-03-31,1.098026,0.8027,0.6416,0.6416,0.0000,0,-0.0482,0.1870,576.5464,81.3511
tv12%_lb20d_ovly,Aug 2024–Aug 2026,2026-04-01,1.108728,0.6416,0.6406,0.6406,0.0000,0,-0.0356,0.1873,583.6686,81.3482
tv12%_lb20d_ovly,Aug 2024–Aug 2026,2026-04-02,1.109737,0.6416,0.6412,0.6412,0.0000,0,-0.0304,0.1871,584.3378,81.3877
tv12%_lb20d_ovly,Aug 2024–Aug 2026,2026-04-06,1.113635,0.6416,0.6543,0.6543,0.0000,0,-0.0259,0.1834,587.8540,81.3086
tv12%_lb20d_ovly,Aug 2024–Aug 2026,2026-04-07,1.114036,0.6416,0.6667,0.6667,0.0000,0,-0.0239,0.1800,587.9439,81.3679
tv12%_lb20d_ovly,Aug 2024–Aug 2026,2026-04-08,1.135676,0.6416,0.5913,0.5913,0.0000,0,0.0000,0.2030,605.4247,81.4470
tv12%_lb20d_ovly,Aug 2024–Aug 2026,2026-04-09,1.140647,0.5913,0.5886,0.5886,0.0000,0,0.0000,0.2039,609.5202,81.4667
tv12%_lb20d_ovly,Aug 2024–Aug 2026,2026-04-10,1.141450,0.5913,0.6142,0.6142,0.0000,0,-0.0007,0.1954,610.3992,81.4371
tv12%_lb20d_ovly,Aug 2024–Aug 2026,2026-04-13,1.148770,0.5913,0.6126,0.6126,0.0000,0,0.0000,0.1959,616.7123,81.4964
tv12%_lb20d_ovly,Aug 2024–Aug 2026,2026-04-14,1.161444,0.5913,0.6088,0.6088,0.0000,0,0.0000,0.1971,627.9099,81.5557
tv12%_lb20d_ovly,Aug 2024–Aug 2026,2026-04-15,1.170943,0.5913,0.6054,0.6054,0.0000,0,0.0000,0.1982,636.7003,81.5359
tv12%_lb20d_ovly,Aug 2024–Aug 2026,2026-04-16,1.174104,0.5913,0.6362,0.6362,0.0000,0,0.0000,0.1886,639.7669,81.5063
tv12%_lb20d_ovly,Aug 2024–Aug 2026,2026-04-17,1.184118,0.5913,0.6317,0.6317,0.0000,0,0.0000,0.1900,648.1377,81.6644
tv12%_lb20d_ovly,Aug 2024–Aug 2026,2026-04-20,1.181661,0.5913,0.6707,0.6707,0.0000,0,-0.0020,0.1789,646.0800,81.6248
tv12%_lb20d_ovly,Aug 2024–Aug 2026,2026-04-21,1.178208,0.6707,0.6611,0.6611,0.0000,0,-0.0085,0.1815,643.6227,81.5063
tv12%_lb20d_ovly,Aug 2024–Aug 2026,2026-04-22,1.191616,0.6707,0.6631,0.6631,0.0000,0,0.0000,0.1810,654.3909,81.5458
tv12%_lb20d_ovly,Aug 2024–Aug 2026,2026-04-23,1.186925,0.6707,0.6552,0.6552,0.0000,0,-0.0039,0.1832,650.7049,81.5063
tv12%_lb20d_ovly,Aug 2024–Aug 2026,2026-04-24,1.202577,0.6707,0.7302,0.7302,0.0000,0,0.0000,0.1643,663.1512,81.5952
tv12%_lb20d_ovly,Aug 2024–Aug 2026,2026-04-27,1.202835,0.7302,0.8414,0.8414,0.0000,0,0.0000,0.1426,663.5009,81.5754
tv12%_lb20d_ovly,Aug 2024–Aug 2026,2026-04-28,1.193673,0.8414,0.8330,0.8330,0.0000,0,-0.0049,0.1441,656.8282,81.5260
tv12%_lb20d_ovly,Aug 2024–Aug 2026,2026-04-29,1.199560,0.8414,1.0000,1.0000,0.0000,0,-0.0050,0.1177,660.8438,81.4173
tv12%_lb20d_ovly,Aug 2024–Aug 2026,2026-04-30,1.208989,1.0000,1.0000,1.0000,0.0000,0,0.0000,0.1188,667.0070,81.5063
tv12%_lb20d_ovly,Aug 2024–Aug 2026,2026-05-01,1.220595,1.0000,1.0000,1.0000,0.0000,0,0.0000,0.1182,673.4100,81.5191
tv12%_lb20d_ovly,Aug 2024–Aug 2026,2026-05-04,1.218296,1.0000,0.9844,0.9844,0.0000,0,-0.0037,0.1219,672.1414,81.4200
tv12%_lb20d_ovly,Aug 2024–Aug 2026,2026-05-05,1.234102,1.0000,0.9862,0.9862,0.0000,0,0.0000,0.1217,680.8618,81.4597
tv12%_lb20d_ovly,Aug 2024–Aug 2026,2026-05-06,1.259740,1.0000,1.0000,1.0000,0.0000,0,0.0000,0.1013,695.0062,81.5687
tv12%_lb20d_ovly,Aug 2024–Aug 2026,2026-05-07,1.258237,1.0000,1.0000,1.0000,0.0000,0,-0.0031,0.1042,694.1771,81.4993
tv12%_lb20d_ovly,Aug 2024–Aug 2026,2026-05-08,1.287731,1.0000,1.0000,1.0000,0.0000,0,0.0000,0.1041,710.4492,81.5687
tv12%_lb20d_ovly,Aug 2024–Aug 2026,2026-05-11,1.291461,1.0000,1.0000,1.0000,0.0000,0,0.0000,0.1021,712.5070,81.4894
tv12%_lb20d_ovly,Aug 2024–Aug 2026,2026-05-12,1.280507,1.0000,1.0000,1.0000,0.0000,0,-0.0015,0.0987,706.4636,81.4299
tv12%_lb20d_ovly,Aug 2024–Aug 2026,2026-05-13,1.294032,1.0000,1.0000,1.0000,0.0000,0,0.0000,0.0975,713.9255,81.4597
tv12%_lb20d_ovly,Aug 2024–Aug 2026,2026-05-14,1.303229,1.0000,1.0000,1.0000,0.0000,0,0.0000,0.0990,718.9998,81.4299
tv12%_lb20d_ovly,Aug 2024–Aug 2026,2026-05-15,1.283567,1.0000,1.0000,1.0000,0.0000,0,-0.0120,0.1073,708.1518,81.3308
tv12%_lb20d_ovly,Aug 2024–Aug 2026,2026-05-18,1.278044,1.0000,1.0000,1.0000,0.0000,0,-0.0127,0.1067,705.1051,81.3705
tv12%_lb20d_ovly,Aug 2024–Aug 2026,2026-05-19,1.270169,1.0000,1.0000,1.0000,0.0000,0,-0.0193,0.1068,700.7599,81.3110
tv12%_lb20d_ovly,Aug 2024–Aug 2026,2026-05-20,1.291207,1.0000,1.0000,1.0000,0.0000,0,-0.0092,0.1070,712.3672,81.4200
tv12%_lb20d_ovly,Aug 2024–Aug 2026,2026-05-21,1.293670,1.0000,1.0000,1.0000,0.0000,0,-0.0073,0.1046,713.7256,81.4101
tv12%_lb20d_ovly,Aug 2024–Aug 2026,2026-05-22,1.299156,1.0000,1.0000,1.0000,0.0000,0,-0.0034,0.1029,716.7523,81.3903
tv12%_lb20d_ovly,Aug 2024–Aug 2026,2026-05-26,1.322222,1.0000,1.0000,1.0000,0.0000,0,0.0000,0.1041,729.4784,81.4795
tv12%_lb20d_ovly,Aug 2024–Aug 2026,2026-05-27,1.320720,1.0000,1.0000,1.0000,0.0000,0,-0.0002,0.1010,728.6493,81.4894
tv12%_lb20d_ovly,Aug 2024–Aug 2026,2026-05-28,1.331855,1.0000,1.0000,1.0000,0.0000,0,0.0000,0.1009,734.7925,81.5291
tv12%_lb20d_ovly,Aug 2024–Aug 2026,2026-05-29,1.336761,1.0000,1.0000,1.0000,0.0000,0,0.0000,0.0975,737.4995,81.5687
tv12%_lb20d_ovly,Aug 2024–Aug 2026,2026-06-01,1.344782,1.0000,1.0000,1.0000,0.0000,0,0.0000,0.0975,741.9247,81.5220
tv12%_lb20d_ovly,Aug 2024–Aug 2026,2026-06-02,1.350974,1.0000,1.0000,1.0000,0.0000,0,0.0000,0.0948,745.3409,81.5220
tv12%_lb20d_ovly,Aug 2024–Aug 2026,2026-06-03,1.347444,1.0000,1.0000,1.0000,0.0000,0,-0.0070,0.0989,743.3931,81.4822
tv12%_lb20d_ovly,Aug 2024–Aug 2026,2026-06-04,1.340926,1.0000,1.0000,1.0000,0.0000,0,-0.0033,0.0890,739.7970,81.5419
tv12%_lb20d_ovly,Aug 2024–Aug 2026,2026-06-05,1.276560,1.0000,0.9081,0.9081,0.0000,0,-0.0290,0.1322,704.2860,81.3729
tv12%_lb20d_ovly,Aug 2024–Aug 2026,2026-06-08,1.296375,0.9081,0.9293,0.9293,0.0000,0,-0.0268,0.1291,715.2839,81.4126
tv12%_lb20d_ovly,Aug 2024–Aug 2026,2026-06-09,1.282887,0.9081,0.9281,0.9281,0.0000,0,-0.0296,0.1293,707.0530,81.4524
tv12%_lb20d_ovly,Aug 2024–Aug 2026,2026-06-10,1.259616,0.9081,0.8519,0.8519,0.0000,0,-0.0449,0.1409,692.9285,81.4524
tv12%_lb20d_ovly,Aug 2024–Aug 2026,2026-06-11,1.298388,0.8519,0.7849,0.7849,0.0000,0,-0.0287,0.1529,716.3328,81.6015
tv12%_lb20d_ovly,Aug 2024–Aug 2026,2026-06-12,1.304762,0.7849,0.7927,0.7927,0.0000,0,-0.0235,0.1514,720.5482,81.5816
tv12%_lb20d_ovly,Aug 2024–Aug 2026,2026-06-15,1.337071,0.7849,0.7623,0.7623,0.0000,0,-0.0062,0.1574,743.1833,81.6214
tv12%_lb20d_ovly,Aug 2024–Aug 2026,2026-06-16,1.317195,0.7849,0.7533,0.7533,0.0000,0,-0.0122,0.1593,729.0588,81.6413
tv12%_lb20d_ovly,Aug 2024–Aug 2026,2026-06-17,1.305921,0.7849,0.7306,0.7306,0.0000,0,-0.0245,0.1643,721.7169,81.3928
tv12%_lb20d_ovly,Aug 2024–Aug 2026,2026-06-18,1.331919,0.7306,0.7301,0.7301,0.0000,0,-0.0144,0.1644,739.8070,81.5021
tv12%_lb20d_ovly,Aug 2024–Aug 2026,2026-06-22,1.329126,0.7306,0.7283,0.7283,0.0000,0,-0.0175,0.1648,737.9500,81.4226
tv12%_lb20d_ovly,Aug 2024–Aug 2026,2026-06-23,1.297414,0.7306,0.6966,0.6966,0.0000,0,-0.0317,0.1723,713.6500,81.4822
tv12%_lb20d_ovly,Aug 2024–Aug 2026,2026-06-24,1.293816,0.7306,0.7055,0.7055,0.0000,0,-0.0322,0.1701,710.6200,81.5816
tv12%_lb20d_ovly,Aug 2024–Aug 2026,2026-06-25,1.301563,0.7306,0.7046,0.7046,0.0000,0,-0.0308,0.1703,716.3800,81.6015
tv12%_lb20d_ovly,Aug 2024–Aug 2026,2026-06-26,1.288902,0.7306,0.7063,0.7063,0.0000,0,-0.0378,0.1699,706.5200,81.7009
tv12%_lb20d_ovly,Aug 2024–Aug 2026,2026-06-29,1.312221,0.7306,0.6627,0.6627,0.0000,0,-0.0219,0.1811,724.0800,81.6810
tv12%_lb20d_ovly,Aug 2024–Aug 2026,2026-06-30,1.328184,0.6627,0.6548,0.6548,0.0000,0,-0.0143,0.1833,736.4000,81.6214
tv12%_lb20d_ovly,Aug 2024–Aug 2026,2026-07-01,1.314586,0.6627,0.6553,0.6553,0.0000,0,-0.0124,0.1831,725.1700,81.5895
tv12%_lb20d_ovly,Aug 2024–Aug 2026,2026-07-02,1.300026,0.6627,0.6606,0.6606,0.0000,0,-0.0137,0.1817,712.6000,81.6892
tv12%_lb20d_ovly,Aug 2024–Aug 2026,2026-07-06,1.312597,0.6627,0.6521,0.6521,0.0000,0,-0.0021,0.1840,722.8200,81.7291
tv12%_lb20d_ovly,Aug 2024–Aug 2026,2026-07-07,1.295834,0.6627,0.7599,0.7599,0.0000,0,-0.0069,0.1579,709.4300,81.6094
tv12%_lb20d_ovly,Aug 2024–Aug 2026,2026-07-08,1.298034,0.7599,0.7575,0.7575,0.0000,0,-0.0099,0.1584,711.4400,81.5895
tv12%_lb20d_ovly,Aug 2024–Aug 2026,2026-07-09,1.314716,0.7599,0.7490,0.7490,0.0000,0,-0.0016,0.1602,723.2800,81.6593
tv12%_lb20d_ovly,Aug 2024–Aug 2026,2026-07-10,1.317681,0.7599,0.8146,0.8146,0.0000,0,0.0000,0.1473,725.5100,81.6294
tv12%_lb20d_ovly,Aug 2024–Aug 2026,2026-07-13,1.298258,0.8146,0.8550,0.8550,0.0000,0,-0.0077,0.1404,711.7400,81.5396
tv12%_lb20d_ovly,Aug 2024–Aug 2026,2026-07-14,1.310482,0.8146,0.8589,0.8589,0.0000,0,-0.0041,0.1397,719.6900,81.6792
tv12%_lb20d_ovly,Aug 2024–Aug 2026,2026-07-15,1.307798,0.8146,0.9533,0.9533,0.0000,0,-0.0002,0.1259,717.7400,81.7490
tv12%_lb20d_ovly,Aug 2024–Aug 2026,2026-07-16,1.290104,0.9533,0.9559,0.9559,0.0000,0,-0.0056,0.1255,705.9400,81.7490
tv12%_lb20d_ovly,Aug 2024–Aug 2026,2026-07-17,1.271612,0.9533,0.9811,0.9811,0.0000,0,-0.0154,0.1223,695.3300,81.7390
tv12%_lb20d_ovly,Aug 2024–Aug 2026,2026-07-20,1.272863,0.9533,1.0000,1.0000,0.0000,0,-0.0170,0.1165,696.0600,81.7091
tv12%_lb20d_ovly,Aug 2024–Aug 2026,2026-07-21,1.295319,0.9533,1.0000,1.0000,0.0000,0,-0.0088,0.1199,708.9700,81.6393
tv12%_lb20d_ovly,Aug 2024–Aug 2026,2026-07-22,1.288969,0.9533,1.0000,1.0000,0.0000,0,-0.0100,0.1064,705.3500,81.5795
tv12%_lb20d_ovly,Aug 2024–Aug 2026,2026-07-23,1.265598,0.9533,1.0000,1.0000,0.0000,0,-0.0222,0.1165,691.9600,81.5197
tv12%_lb20d_ovly,Aug 2024–Aug 2026,2026-07-24,1.252177,0.9533,1.0000,1.0000,0.0000,0,-0.0212,0.1165,684.2300,81.5995
tv12%_lb20d_ovly,Aug 2024–Aug 2026,2026-07-27,1.248510,0.9533,1.0000,1.0000,0.0000,0,-0.0210,0.1130,682.1200,81.6194
tv12%_lb20d_ovly,Aug 2024–Aug 2026,2026-07-28,1.236990,0.9533,1.0000,1.0000,0.0000,0,-0.0187,0.0971,675.4900,81.6892
tv12%_lb20d_ovly,Aug 2024–Aug 2026,2026-07-29,1.213003,0.9533,1.0000,1.0000,0.0000,0,-0.0338,0.1070,661.7300,81.7390
tv12%_lb20d_ovly,Aug 2024–Aug 2026,2026-07-30,1.251149,0.9533,0.9656,0.9656,0.0000,0,-0.0176,0.1243,683.5500,81.7590
tv12%_lb20d_ovly,Aug 2024–Aug 2026,2026-07-31,1.258889,0.9533,0.9452,0.9452,0.0000,0,-0.0105,0.1270,687.9900,81.7490
tv12%_lb20d_ovly,Aug 2024–Aug 2026,2026-08-03,1.279977,0.9533,0.9013,0.9013,0.0000,0,0.0000,0.1331,700.0700,81.7700
tv12%_lb20d_ovly,Aug 2024–Aug 2026,2026-08-04,1.321431,0.9013,0.8268,0.8268,0.0000,0,0.0000,0.1451,723.8500,81.8700
tv12%_lb20d_ovly,Aug 2024–Aug 2026,2026-08-05,1.310604,0.8268,0.8291,0.8291,0.0000,0,-0.0020,0.1447,717.3000,81.9000
tv12%_lb20d_ovly,Aug 2024–Aug 2026,2026-08-06,1.306324,0.8268,0.8402,0.8402,0.0000,0,-0.0036,0.1428,714.6500,81.8000
tv12%_lb20d_ovly,Aug 2024–Aug 2026,2026-08-07,1.319320,0.8268,0.8362,0.8362,0.0000,0,0.0000,0.1435,723.0300,81.9200
tv12%_lb20d_ovly,Aug 2024–Aug 2026,2026-08-10,1.315894,0.8268,0.8585,0.8585,0.0000,0,-0.0003,0.1398,720.8700,81.8600
tv12%_lb20d_ovly,Aug 2024–Aug 2026,2026-08-11,1.312270,0.8268,0.8537,0.8537,0.0000,0,-0.0035,0.1406,718.4500,81.8700
tv12%_lb20d_ovly,Aug 2024–Aug 2026,2026-08-12,1.320337,0.8268,0.8554,0.8554,0.0000,0,-0.0010,0.1403,723.7000,81.9200
tv12%_lb20d_ovly,Aug 2024–Aug 2026,2026-08-13,1.333269,0.8268,0.8605,0.8605,0.0000,0,0.0000,0.1395,732.0700,82.0300
tv12%_lb20d_ovly,Aug 2024–Aug 2026,2026-08-14,1.331679,0.8268,0.9002,0.9002,0.0000,0,-0.0020,0.1333,731.0700,82.0000
tv12%_lb20d_ovly,Aug 2024–Aug 2026,2026-08-17,1.329774,0.9002,0.8893,0.8893,0.0000,0,-0.0067,0.1349,729.8700,82.0000
tv12%_lb20d_ovly,Aug 2024–Aug 2026,2026-08-18,1.309535,0.9002,0.8809,0.8809,0.0000,0,-0.0134,0.1362,717.5100,82.0200
tv12%_lb20d_ovly,Aug 2024–Aug 2026,2026-08-19,1.307249,0.9002,0.8827,0.8827,0.0000,0,-0.0113,0.1359,716.0800,82.0600
tv12%_lb20d_ovly,Aug 2024–Aug 2026,2026-08-20,1.298722,0.9002,0.9146,0.9146,0.0000,0,-0.0196,0.1312,710.9300,82.0200
tv12%_lb20d_ovly,Aug 2024–Aug 2026,2026-08-21,1.302818,0.9002,0.9127,0.9127,0.0000,0,-0.0156,0.1315,713.4400,82.0000
tv12%_lb60d_ovly,2022 bear,2022-01-03,1.000000,0.0000,0.0000,0.0000,0.0000,0,0.0000,0.0000,390.7567,74.2173
tv12%_lb60d_ovly,2022 bear,2022-01-04,1.000585,0.0000,0.0000,0.0000,0.0000,0,0.0000,0.0000,385.6885,74.2608
tv12%_lb60d_ovly,2022 bear,2022-01-05,0.999297,0.0000,0.0000,0.0000,0.0000,0,0.0000,0.0000,373.8396,74.1652
tv12%_lb60d_ovly,2022 bear,2022-01-06,0.998478,0.0000,0.0000,0.0000,0.0000,0,0.0000,0.0000,373.5770,74.1044
tv12%_lb60d_ovly,2022 bear,2022-01-07,0.998244,0.0000,0.0000,0.0000,0.0000,0,0.0000,0.0000,369.5301,74.0870
tv12%_lb60d_ovly,2022 bear,2022-01-10,0.997659,0.0000,0.0000,0.0000,0.0000,0,0.0000,0.0000,369.7733,74.0436
tv12%_lb60d_ovly,2022 bear,2022-01-11,0.998010,0.0000,0.0000,0.0000,0.0000,0,0.0000,0.0000,375.3281,74.0696
tv12%_lb60d_ovly,2022 bear,2022-01-12,0.997659,0.0000,0.0000,0.0000,0.0000,0,0.0000,0.0000,376.8165,74.0436
tv12%_lb60d_ovly,2022 bear,2022-01-13,0.998127,0.0000,0.0000,0.0000,0.0000,0,0.0000,0.0000,367.3900,74.0784
tv12%_lb60d_ovly,2022 bear,2022-01-14,0.996840,0.0000,0.0000,0.0000,0.0000,0,0.0000,0.0000,369.6761,73.9828
tv12%_lb60d_ovly,2022 bear,2022-01-18,0.995318,0.0000,0.0000,0.0000,0.0000,0,0.0000,0.0000,360.4733,73.8699
tv12%_lb60d_ovly,2022 bear,2022-01-19,0.995787,0.0000,0.0000,0.0000,0.0000,0,0.0000,0.0000,356.5141,73.9046
tv12%_lb60d_ovly,2022 bear,2022-01-20,0.995553,0.0000,0.0000,0.0000,0.0000,0,0.0000,0.0000,351.8836,73.8873
tv12%_lb60d_ovly,2022 bear,2022-01-21,0.996372,0.0000,0.0000,0.0000,0.0000,0,0.0000,0.0000,342.1262,73.9481
tv12%_lb60d_ovly,2022 bear,2022-01-24,0.996957,0.0000,0.0000,0.0000,0.0000,0,0.0000,0.0000,343.6924,73.9915
tv12%_lb60d_ovly,2022 bear,2022-01-25,0.996489,0.0000,0.0000,0.0000,0.0000,0,0.0000,0.0000,335.7251,73.9567
tv12%_lb60d_ovly,2022 bear,2022-01-26,0.994733,0.0000,0.0000,0.0000,0.0000,0,0.0000,0.0000,335.1998,73.8265
tv12%_lb60d_ovly,2022 bear,2022-01-27,0.993914,0.0000,0.0000,0.0000,0.0000,0,0.0000,0.0000,331.8242,73.7657
tv12%_lb60d_ovly,2022 bear,2022-01-28,0.994265,0.0000,0.0000,0.0000,0.0000,0,0.0000,0.0000,342.2333,73.7917
tv12%_lb60d_ovly,2022 bear,2022-01-31,0.994265,0.0000,0.0000,0.0000,0.0000,0,-0.0582,0.0000,353.1772,73.7917
tv12%_lb60d_ovly,2022 bear,2022-02-01,0.994183,0.0000,0.0000,0.0000,0.0000,0,-0.0515,0.0000,355.5801,73.7856
tv12%_lb60d_ovly,2022 bear,2022-02-02,0.994417,0.0000,0.0000,0.0000,0.0000,0,-0.0290,0.0000,358.4693,73.8030
tv12%_lb60d_ovly,2022 bear,2022-02-03,0.993597,0.0000,0.0000,0.0000,0.0000,0,-0.0518,0.0000,343.9356,73.7422
tv12%_lb60d_ovly,2022 bear,2022-02-04,0.991607,0.0000,0.0000,0.0000,0.0000,0,-0.0474,0.0000,348.2744,73.5945
tv12%_lb60d_ovly,2022 bear,2022-02-07,0.991842,0.0000,0.0000,0.0000,0.0000,0,-0.0504,0.0000,345.4727,73.6119
tv12%_lb60d_ovly,2022 bear,2022-02-08,0.990788,0.0000,0.0000,0.0000,0.0000,0,-0.0426,0.0000,349.3542,73.5336
tv12%_lb60d_ovly,2022 bear,2022-02-09,0.990671,0.0000,0.0000,0.0000,0.0000,0,-0.0286,0.0000,356.7572,73.5250
tv12%_lb60d_ovly,2022 bear,2022-02-10,0.985637,0.0000,0.0000,0.0000,0.0000,0,-0.0331,0.0000,348.6829,73.1513
tv12%_lb60d_ovly,2022 bear,2022-02-11,0.988681,0.0000,0.0000,0.0000,0.0000,0,-0.0522,0.0000,337.6221,73.3773
tv12%_lb60d_ovly,2022 bear,2022-02-14,0.986573,0.0000,0.0000,0.0000,0.0000,0,-0.0405,0.0000,338.0404,73.2209
tv12%_lb60d_ovly,2022 bear,2022-02-15,0.986924,0.0000,0.0000,0.0000,0.0000,0,-0.0250,0.0000,346.4455,73.2469
tv12%_lb60d_ovly,2022 bear,2022-02-16,0.988213,0.0000,0.0000,0.0000,0.0000,0,-0.0239,0.0000,346.3579,73.3425
tv12%_lb60d_ovly,2022 bear,2022-02-17,0.988798,0.0000,0.0000,0.0000,0.0000,0,-0.0448,0.0000,336.0560,73.3859
tv12%_lb60d_ovly,2022 bear,2022-02-18,0.988915,0.0000,0.0000,0.0000,0.0000,0,-0.0509,0.0000,332.2231,73.3946
tv12%_lb60d_ovly,2022 bear,2022-02-22,0.987978,0.0000,0.0000,0.0000,0.0000,0,-0.0611,0.0000,328.8863,73.3251
tv12%_lb60d_ovly,2022 bear,2022-02-23,0.987393,0.0000,0.0000,0.0000,0.0000,0,-0.0778,0.0000,320.4619,73.2817
tv12%_lb60d_ovly,2022 bear,2022-02-24,0.988213,0.0000,0.0000,0.0000,0.0000,0,-0.0639,0.0000,331.2308,73.3425
tv12%_lb60d_ovly,2022 bear,2022-02-25,0.988213,0.0000,0.0000,0.0000,0.0000,0,-0.0433,0.0000,336.3672,73.3425
tv12%_lb60d_ovly,2022 bear,2022-02-28,0.989969,0.0000,0.0000,0.0000,0.0000,0,-0.0457,0.0000,337.3692,73.4728
tv12%_lb60d_ovly,2022 bear,2022-03-01,0.992252,0.0000,0.0000,0.0000,0.0000,0,-0.0602,0.0000,332.2036,73.6423
tv12%_lb60d_ovly,2022 bear,2022-03-02,0.988973,0.0000,0.0000,0.0000,0.0000,0,-0.0429,0.0000,337.7777,73.3989
tv12%_lb60d_ovly,2022 bear,2022-03-03,0.988973,0.0000,0.0000,0.0000,0.0000,0,-0.0477,0.0000,332.9526,73.3989
tv12%_lb60d_ovly,2022 bear,2022-03-04,0.990027,0.0000,0.0000,0.0000,0.0000,0,-0.0554,0.0000,328.1275,73.4772
tv12%_lb60d_ovly,2022 bear,2022-03-07,0.988739,0.0000,0.0000,0.0000,0.0000,0,-0.0833,0.0000,316.0258,73.3816
tv12%_lb60d_ovly,2022 bear,2022-03-08,0.987450,0.0000,0.0000,0.0000,0.0000,0,-0.0902,0.0000,314.5569,73.2859
tv12%_lb60d_ovly,2022 bear,2022-03-09,0.986865,0.0000,0.0000,0.0000,0.0000,0,-0.0659,0.0000,325.8804,73.2425
tv12%_lb60d_ovly,2022 bear,2022-03-10,0.986045,0.0000,0.0000,0.0000,0.0000,0,-0.0531,0.0000,322.2615,73.1817
tv12%_lb60d_ovly,2022 bear,2022-03-11,0.985694,0.0000,0.0000,0.0000,0.0000,0,-0.0594,0.0000,315.5783,73.1556
tv12%_lb60d_ovly,2022 bear,2022-03-14,0.983118,0.0000,0.0000,0.0000,0.0000,0,-0.0663,0.0000,309.5176,72.9644
tv12%_lb60d_ovly,2022 bear,2022-03-15,0.983469,0.0000,0.0000,0.0000,0.0000,0,-0.0457,0.0000,319.2263,72.9904
tv12%_lb60d_ovly,2022 bear,2022-03-16,0.982532,0.0000,0.0000,0.0000,0.0000,0,-0.0246,0.0000,331.0655,72.9209
tv12%_lb60d_ovly,2022 bear,2022-03-17,0.982181,0.0000,0.0000,0.0000,0.0000,0,0.0000,0.0000,335.0734,72.8949
tv12%_lb60d_ovly,2022 bear,2022-03-18,0.981947,0.0000,0.0000,0.0000,0.0000,0,0.0000,0.0000,341.9316,72.8775
tv12%_lb60d_ovly,2022 bear,2022-03-21,0.978667,0.0000,0.0000,0.0000,0.0000,0,-0.0003,0.0000,340.9810,72.6341
tv12%_lb60d_ovly,2022 bear,2022-03-22,0.977965,0.0000,0.0000,0.0000,0.0000,0,0.0000,0.0000,347.6823,72.5819
tv12%_lb60d_ovly,2022 bear,2022-03-23,0.978784,0.0000,0.0000,0.0000,0.0000,0,-0.0129,0.0000,342.6855,72.6428
tv12%_lb60d_ovly,2022 bear,2022-03-24,0.978550,0.0000,0.0000,0.0000,0.0000,0,0.0000,0.0000,350.3023,72.6254
tv12%_lb60d_ovly,2022 bear,2022-03-25,0.975857,0.0000,0.0000,0.0000,0.0000,0,0.0000,0.0000,350.0102,72.4255
tv12%_lb60d_ovly,2022 bear,2022-03-28,0.974920,0.0000,0.0000,0.0000,0.0000,0,0.0000,0.0000,355.4256,72.3560
tv12%_lb60d_ovly,2022 bear,2022-03-29,0.975388,0.0000,0.0000,0.0000,0.0000,0,0.0000,0.0000,361.5423,72.3907
tv12%_lb60d_ovly,2022 bear,2022-03-30,0.976091,0.0000,0.5550,0.5550,0.0000,0,-0.0062,0.2162,357.5489,72.4429
tv12%_lb60d_ovly,2022 bear,2022-03-31,0.975549,0.5550,0.5495,0.5495,0.0000,0,-0.0215,0.2184,353.1172,72.4429
tv12%_lb60d_ovly,2022 bear,2022-04-01,0.973612,0.5550,0.5580,0.5580,0.0000,0,-0.0187,0.2150,352.4451,72.2916
tv12%_lb60d_ovly,2022 bear,2022-04-04,0.984997,0.5550,0.5560,0.5560,0.0000,0,-0.0103,0.2158,359.7014,72.3350
tv12%_lb60d_ovly,2022 bear,2022-04-05,0.972069,0.5550,0.5525,0.5525,0.0000,0,-0.0228,0.2172,351.7147,72.2047
tv12%_lb60d_ovly,2022 bear,2022-04-06,0.960669,0.5550,0.5503,0.5503,0.0000,0,-0.0326,0.2181,344.0783,72.2568
tv12%_lb60d_ovly,2022 bear,2022-04-07,0.962246,0.5550,0.5518,0.5518,0.0000,0,-0.0277,0.2175,344.8965,72.3090
tv12%_lb60d_ovly,2022 bear,2022-04-08,0.954266,0.5550,0.5520,0.5520,0.0000,0,-0.0303,0.2174,340.0752,72.2220
tv12%_lb60d_ovly,2022 bear,2022-04-11,0.941839,0.5550,0.5495,0.5495,0.0000,0,-0.0469,0.2184,332.0299,72.2394
tv12%_lb60d_ovly,2022 bear,2022-04-12,0.940691,0.5550,0.5494,0.5494,0.0000,0,-0.0504,0.2184,330.6273,72.4220
tv12%_lb60d_ovly,2022 bear,2022-04-13,0.951504,0.5550,0.5531,0.5531,0.0000,0,-0.0395,0.2170,337.3480,72.4568
tv12%_lb60d_ovly,2022 bear,2022-04-14,0.938666,0.5550,0.5520,0.5520,0.0000,0,-0.0515,0.2174,329.6338,72.3263
tv12%_lb60d_ovly,2022 bear,2022-04-18,0.939066,0.5550,0.5549,0.5549,0.0000,0,-0.0511,0.2163,329.8871,72.3263
tv12%_lb60d_ovly,2022 bear,2022-04-19,0.949760,0.5550,0.5584,0.5584,0.0000,0,-0.0358,0.2149,337.2603,72.1612
tv12%_lb60d_ovly,2022 bear,2022-04-20,0.942327,0.5550,0.5588,0.5588,0.0000,0,-0.0365,0.2148,332.3416,72.2047
tv12%_lb60d_ovly,2022 bear,2022-04-21,0.930800,0.5550,0.5568,0.5568,0.0000,0,-0.0509,0.2155,325.4651,72.0829
tv12%_lb60d_ovly,2022 bear,2022-04-22,0.917173,0.5550,0.5381,0.5381,0.0000,0,-0.0769,0.2230,316.9425,72.0655
tv12%_lb60d_ovly,2022 bear,2022-04-25,0.924352,0.5550,0.5379,0.5379,0.0000,0,-0.0716,0.2231,321.0138,72.1785
tv12%_lb60d_ovly,2022 bear,2022-04-26,0.905733,0.5550,0.5331,0.5331,0.0000,0,-0.0985,0.2251,308.8972,72.3090
tv12%_lb60d_ovly,2022 bear,2022-04-27,0.904937,0.5550,0.5410,0.5410,0.0000,0,-0.0903,0.2218,308.5270,72.2742
tv12%_lb60d_ovly,2022 bear,2022-04-28,0.922482,0.5550,0.5271,0.5271,0.0000,0,-0.0635,0.2277,319.4846,72.2220
tv12%_lb60d_ovly,2022 bear,2022-04-29,0.898655,0.5550,0.5028,0.5028,0.0000,0,-0.0981,0.2387,305.1083,72.0829
tv12%_lb60d_ovly,2022 bear,2022-05-02,0.906905,0.5028,0.5114,0.5114,0.0000,0,-0.0926,0.2347,310.2024,72.0777
tv12%_lb60d_ovly,2022 bear,2022-05-03,0.907174,0.5028,0.5114,0.5114,0.0000,0,-0.0768,0.2346,310.5335,72.0429
tv12%_lb60d_ovly,2022 bear,2022-05-04,0.923795,0.5028,0.4935,0.4935,0.0000,0,-0.0439,0.2431,321.0333,72.2343
tv12%_lb60d_ovly,2022 bear,2022-05-05,0.899627,0.5028,0.4742,0.4742,0.0000,0,-0.0779,0.2531,304.8647,72.1125
tv12%_lb60d_ovly,2022 bear,2022-05-06,0.894154,0.5028,0.4780,0.4780,0.0000,0,-0.0809,0.2510,301.2122,72.1038
tv12%_lb60d_ovly,2022 bear,2022-05-09,0.877690,0.5028,0.4674,0.4674,0.0000,0,-0.1053,0.2567,289.4268,72.2865
tv12%_lb60d_ovly,2022 bear,2022-05-10,0.882788,0.5028,0.9722,0.4722,0.5000,0,-0.1032,0.2541,292.9429,72.2430
tv12%_lb60d_ovly,2022 bear,2022-05-11,0.869269,0.9722,0.9691,0.4691,0.5000,0,-0.1175,0.2558,284.2548,72.2517
tv12%_lb60d_ovly,2022 bear,2022-05-12,0.867306,0.9722,0.9741,0.4741,0.5000,0,-0.1184,0.2531,283.5827,72.3560
tv12%_lb60d_ovly,2022 bear,2022-05-13,0.898546,0.9722,0.7142,0.4642,0.2500,0,-0.0973,0.2585,294.0923,72.3300
tv12%_lb60d_ovly,2022 bear,2022-05-16,0.888206,0.7142,0.9702,0.4702,0.5000,0,-0.1010,0.2552,290.6832,72.3735
tv12%_lb60d_ovly,2022 bear,2022-05-17,0.903856,0.9702,0.7136,0.4636,0.2500,0,-0.0818,0.2588,298.2123,72.2169
tv12%_lb60d_ovly,2022 bear,2022-05-18,0.860600,0.7136,0.9429,0.4429,0.5000,0,-0.1055,0.2709,283.5729,72.2517
tv12%_lb60d_ovly,2022 bear,2022-05-19,0.857468,0.9429,0.6961,0.4461,0.2500,0,-0.0923,0.2690,282.0535,72.3560
tv12%_lb60d_ovly,2022 bear,2022-05-20,0.854780,0.6961,0.6997,0.4497,0.2500,0,-0.0919,0.2669,281.1768,72.4083
tv12%_lb60d_ovly,2022 bear,2022-05-23,0.864550,0.6961,0.7016,0.4516,0.2500,0,-0.0749,0.2657,285.8521,72.3735
tv12%_lb60d_ovly,2022 bear,2022-05-24,0.852353,0.6961,0.7011,0.4511,0.2500,0,-0.0820,0.2660,279.7743,72.5388
tv12%_lb60d_ovly,2022 bear,2022-05-25,0.860843,0.6961,0.7023,0.4523,0.2500,0,-0.0739,0.2653,283.6898,72.5910
tv12%_lb60d_ovly,2022 bear,2022-05-26,0.877510,0.6961,0.7014,0.4514,0.2500,0,-0.0554,0.2658,291.5501,72.6084
tv12%_lb60d_ovly,2022 bear,2022-05-27,0.897513,0.6961,0.4432,0.4432,0.0000,0,-0.0322,0.2708,301.0661,72.6258
tv12%_lb60d_ovly,2022 bear,2022-05-31,0.895204,0.4432,0.4436,0.4436,0.0000,0,-0.0376,0.2705,300.2675,72.5127
tv12%_lb60d_ovly,2022 bear,2022-06-01,0.891342,0.4432,0.4544,0.4544,0.0000,0,-0.0454,0.2641,298.0467,72.3777
tv12%_lb60d_ovly,2022 bear,2022-06-02,0.902280,0.4432,0.4503,0.4503,0.0000,0,0.0000,0.2665,306.2089,72.3951
tv12%_lb60d_ovly,2022 bear,2022-06-03,0.891694,0.4432,0.4564,0.4564,0.0000,0,-0.0164,0.2629,298.2415,72.3690
tv12%_lb60d_ovly,2022 bear,2022-06-06,0.892354,0.4432,0.4565,0.4565,0.0000,0,-0.0134,0.2629,299.2350,72.2733
tv12%_lb60d_ovly,2022 bear,2022-06-07,0.895825,0.4432,0.4573,0.4573,0.0000,0,-0.0040,0.2624,301.8161,72.2820
tv12%_lb60d_ovly,2022 bear,2022-06-08,0.892607,0.4432,0.4564,0.4564,0.0000,0,-0.0148,0.2629,299.6442,72.2297
tv12%_lb60d_ovly,2022 bear,2022-06-09,0.881652,0.4432,0.4556,0.4556,0.0000,0,-0.0382,0.2634,291.6182,72.1775
tv12%_lb60d_ovly,2022 bear,2022-06-10,0.865797,0.4432,0.7023,0.4523,0.2500,0,-0.0661,0.2653,281.3327,71.8728
tv12%_lb60d_ovly,2022 bear,2022-06-13,0.845283,0.7023,0.4377,0.4377,0.0000,0,-0.1016,0.2742,268.2517,71.5071
tv12%_lb60d_ovly,2022 bear,2022-06-14,0.845647,0.4377,0.2500,0.4400,0.5000,1,-0.1043,0.2727,268.7388,71.3678
tv12%_lb60d_ovly,2022 bear,2022-06-15,0.856585,0.2500,0.6865,0.4365,0.2500,0,-0.0915,0.2749,275.4497,71.6464
tv12%_lb60d_ovly,2022 bear,2022-06-16,0.848434,0.6865,0.2500,0.4279,0.5000,1,-0.1216,0.2805,264.3363,71.7421
tv12%_lb60d_ovly,2022 bear,2022-06-17,0.855078,0.2500,0.2500,0.4286,0.5000,1,-0.1197,0.2800,267.5504,71.7247
tv12%_lb60d_ovly,2022 bear,2022-06-21,0.860238,0.2500,0.2500,0.4234,0.2500,1,-0.0975,0.2834,274.3007,71.6986
tv12%_lb60d_ovly,2022 bear,2022-06-22,0.861804,0.2500,0.2500,0.4241,0.2500,1,-0.0991,0.2830,273.9005,71.9076
tv12%_lb60d_ovly,2022 bear,2022-06-23,0.865561,0.2500,0.2500,0.4234,0.2500,1,-0.0903,0.2834,277.9797,71.9685
tv12%_lb60d_ovly,2022 bear,2022-06-24,0.872818,0.2500,0.2500,0.4132,0.2500,1,-0.0614,0.2904,287.5043,71.9511
tv12%_lb60d_ovly,2022 bear,2022-06-27,0.870506,0.2500,0.6633,0.4133,0.2500,0,-0.0650,0.2903,285.3965,71.8728
tv12%_lb60d_ovly,2022 bear,2022-06-28,0.863360,0.6633,0.2500,0.4117,0.2500,1,-0.0841,0.2915,276.7013,71.8553
tv12%_lb60d_ovly,2022 bear,2022-06-29,0.863880,0.2500,0.2500,0.4120,0.2500,1,-0.0848,0.2913,276.9550,71.9424
tv12%_lb60d_ovly,2022 bear,2022-06-30,0.862456,0.2500,0.2500,0.4131,0.2500,1,-0.0923,0.2905,273.5199,72.0817
tv12%_lb60d_ovly,2022 bear,2022-07-01,0.865826,0.2500,0.2500,0.4122,0.2500,1,-0.0790,0.2911,275.3253,72.2987
tv12%_lb60d_ovly,2022 bear,2022-07-05,0.869454,0.2500,0.6625,0.4125,0.2500,0,-0.0773,0.2909,280.0388,72.2900
tv12%_lb60d_ovly,2022 bear,2022-07-06,0.868681,0.6625,0.6628,0.4128,0.2500,0,-0.0742,0.2907,281.8345,72.0896
tv12%_lb60d_ovly,2022 bear,2022-07-07,0.880784,0.6625,0.4097,0.4097,0.0000,0,-0.0500,0.2929,287.8654,72.0373
tv12%_lb60d_ovly,2022 bear,2022-07-08,0.880934,0.4097,0.4120,0.4120,0.0000,0,-0.0276,0.2912,288.2265,71.9501
tv12%_lb60d_ovly,2022 bear,2022-07-11,0.873412,0.4097,0.4111,0.4111,0.0000,0,-0.0150,0.2919,282.0687,71.9763
tv12%_lb60d_ovly,2022 bear,2022-07-12,0.870195,0.4097,0.4126,0.4126,0.0000,0,-0.0237,0.2908,279.3362,72.0111
tv12%_lb60d_ovly,2022 bear,2022-07-13,0.868901,0.4097,0.4136,0.4136,0.0000,0,-0.0288,0.2901,278.7604,71.9327
tv12%_lb60d_ovly,2022 bear,2022-07-14,0.869986,0.4097,0.4137,0.4137,0.0000,0,-0.0312,0.2901,279.7559,71.9065
tv12%_lb60d_ovly,2022 bear,2022-07-15,0.876825,0.4097,0.4125,0.4125,0.0000,0,-0.0127,0.2909,284.8304,71.9588
tv12%_lb60d_ovly,2022 bear,2022-07-18,0.873472,0.4097,0.4122,0.4122,0.0000,0,-0.0208,0.2911,282.4200,71.9153
tv12%_lb60d_ovly,2022 bear,2022-07-19,0.883914,0.4097,0.4055,0.4055,0.0000,0,0.0000,0.2960,291.1053,71.8368
tv12%_lb60d_ovly,2022 bear,2022-07-20,0.889594,0.4097,0.4119,0.4119,0.0000,0,0.0000,0.2914,295.7213,71.8281
tv12%_lb60d_ovly,2022 bear,2022-07-21,0.896291,0.4097,0.4110,0.4110,0.0000,0,0.0000,0.2919,299.9663,72.0285
tv12%_lb60d_ovly,2022 bear,2022-07-22,0.891196,0.4097,0.4189,0.4189,0.0000,0,-0.0093,0.2865,294.7063,72.2115
tv12%_lb60d_ovly,2022 bear,2022-07-25,0.888672,0.4097,0.4190,0.4190,0.0000,0,-0.0081,0.2864,293.0278,72.1505
tv12%_lb60d_ovly,2022 bear,2022-07-26,0.881264,0.4097,0.4253,0.4253,0.0000,0,-0.0198,0.2822,287.2701,72.1157
tv12%_lb60d_ovly,2022 bear,2022-07-27,0.897340,0.4097,0.4328,0.4328,0.0000,0,0.0000,0.2772,299.4101,72.2290
tv12%_lb60d_ovly,2022 bear,2022-07-28,0.902085,0.4097,0.4313,0.4313,0.0000,0,0.0000,0.2782,302.3377,72.3858
tv12%_lb60d_ovly,2022 bear,2022-07-29,0.908761,0.4097,0.4291,0.4291,0.0000,0,0.0000,0.2797,307.8514,72.3772
tv12%_lb60d_ovly,2022 bear,2022-08-01,0.908524,0.4097,0.4402,0.4402,0.0000,0,-0.0030,0.2726,307.6660,72.3754
tv12%_lb60d_ovly,2022 bear,2022-08-02,0.905539,0.4097,0.4568,0.4568,0.0000,0,-0.0095,0.2627,306.7487,72.1224
tv12%_lb60d_ovly,2022 bear,2022-08-03,0.915837,0.4097,0.4540,0.4540,0.0000,0,0.0000,0.2643,315.1023,72.1486
tv12%_lb60d_ovly,2022 bear,2022-08-04,0.918310,0.4097,0.4699,0.4699,0.0000,0,-0.0007,0.2554,316.5759,72.2445
tv12%_lb60d_ovly,2022 bear,2022-08-05,0.912956,0.4699,0.4698,0.4698,0.0000,0,-0.0024,0.2554,313.9897,71.9479
tv12%_lb60d_ovly,2022 bear,2022-08-08,0.912039,0.4699,0.4742,0.4742,0.0000,0,-0.0035,0.2531,312.9749,72.0177
tv12%_lb60d_ovly,2022 bear,2022-08-09,0.906720,0.4699,0.4738,0.4738,0.0000,0,-0.0075,0.2533,309.4324,71.9479
tv12%_lb60d_ovly,2022 bear,2022-08-10,0.919078,0.4699,0.4758,0.4758,0.0000,0,0.0000,0.2522,318.0690,72.0177
tv12%_lb60d_ovly,2022 bear,2022-08-11,0.916449,0.4699,0.4761,0.4761,0.0000,0,0.0000,0.2520,316.2635,71.9915
tv12%_lb60d_ovly,2022 bear,2022-08-12,0.924951,0.4699,0.4782,0.4782,0.0000,0,0.0000,0.2510,322.4214,72.0090
tv12%_lb60d_ovly,2022 bear,2022-08-15,0.928879,0.4699,0.5100,0.5100,0.0000,0,0.0000,0.2353,325.0269,72.0700
tv12%_lb60d_ovly,2022 bear,2022-08-16,0.927440,0.4699,0.5112,0.5112,0.0000,0,0.0000,0.2347,324.2658,72.0090
tv12%_lb60d_ovly,2022 bear,2022-08-17,0.922052,0.4699,0.5097,0.5097,0.0000,0,-0.0071,0.2354,320.5672,71.9479
tv12%_lb60d_ovly,2022 bear,2022-08-18,0.923806,0.4699,0.5155,0.5155,0.0000,0,-0.0042,0.2328,321.3382,72.0526
tv12%_lb60d_ovly,2022 bear,2022-08-19,0.914987,0.4699,0.5127,0.5127,0.0000,0,-0.0176,0.2340,315.0730,72.0003
tv12%_lb60d_ovly,2022 bear,2022-08-22,0.903022,0.4699,0.5045,0.5045,0.0000,0,-0.0380,0.2379,306.7780,71.9043
tv12%_lb60d_ovly,2022 bear,2022-08-23,0.902904,0.4699,0.5115,0.5115,0.0000,0,-0.0404,0.2346,306.5242,71.9392
tv12%_lb60d_ovly,2022 bear,2022-08-24,0.903610,0.4699,0.5232,0.5232,0.0000,0,-0.0373,0.2294,307.4124,71.8607
tv12%_lb60d_ovly,2022 bear,2022-08-25,0.911359,0.5232,0.5199,0.5199,0.0000,0,-0.0237,0.2308,312.8479,71.9043
tv12%_lb60d_ovly,2022 bear,2022-08-26,0.891710,0.5232,0.7479,0.4979,0.2500,0,-0.0568,0.2410,300.0249,71.8868
tv12%_lb60d_ovly,2022 bear,2022-08-29,0.886603,0.7479,0.7540,0.5040,0.2500,0,-0.0630,0.2381,297.0679,71.8345
tv12%_lb60d_ovly,2022 bear,2022-08-30,0.879111,0.7479,0.7568,0.5068,0.2500,0,-0.0733,0.2368,293.7597,71.7996
tv12%_lb60d_ovly,2022 bear,2022-08-31,0.875261,0.7479,0.7561,0.5061,0.2500,0,-0.0803,0.2371,292.0519,71.7909
tv12%_lb60d_ovly,2022 bear,2022-09-01,0.875385,0.7479,0.7578,0.5078,0.2500,0,-0.0774,0.2363,292.1789,71.7385
tv12%_lb60d_ovly,2022 bear,2022-09-02,0.866619,0.7479,0.7579,0.5079,0.2500,0,-0.0872,0.2362,288.0508,71.8957
tv12%_lb60d_ovly,2022 bear,2022-09-06,0.861486,0.7479,0.5188,0.5188,0.0000,0,-0.0906,0.2313,285.9819,71.7385
tv12%_lb60d_ovly,2022 bear,2022-09-07,0.874618,0.5188,0.5306,0.5306,0.0000,0,-0.0743,0.2262,291.7592,71.8433
tv12%_lb60d_ovly,2022 bear,2022-09-08,0.876459,0.5188,0.5681,0.5681,0.0000,0,-0.0682,0.2112,293.2718,71.7559
tv12%_lb60d_ovly,2022 bear,2022-09-09,0.886042,0.5188,0.5632,0.5632,0.0000,0,-0.0538,0.2131,299.6833,71.6948
tv12%_lb60d_ovly,2022 bear,2022-09-12,0.891454,0.5188,0.5653,0.5653,0.0000,0,-0.0436,0.2123,303.2454,71.6861
tv12%_lb60d_ovly,2022 bear,2022-09-13,0.864627,0.5188,0.5433,0.5433,0.0000,0,-0.0852,0.2209,286.6163,71.4415
tv12%_lb60d_ovly,2022 bear,2022-09-14,0.867830,0.5188,0.7931,0.5431,0.2500,0,-0.0778,0.2209,288.8900,71.3803
tv12%_lb60d_ovly,2022 bear,2022-09-15,0.859636,0.7931,0.8033,0.5533,0.2500,0,-0.0883,0.2169,284.0790,71.3017
tv12%_lb60d_ovly,2022 bear,2022-09-16,0.855554,0.7931,0.5518,0.5518,0.0000,0,-0.0829,0.2175,282.3420,71.3367
tv12%_lb60d_ovly,2022 bear,2022-09-19,0.860435,0.5518,0.5526,0.5526,0.0000,0,-0.0700,0.2171,284.5406,71.2581
tv12%_lb60d_ovly,2022 bear,2022-09-20,0.856462,0.5518,0.5747,0.5747,0.0000,0,-0.0807,0.2088,282.2725,71.2231
tv12%_lb60d_ovly,2022 bear,2022-09-21,0.847670,0.5518,0.8168,0.5668,0.2500,0,-0.0967,0.2117,277.2180,71.1620
tv12%_lb60d_ovly,2022 bear,2022-09-22,0.840991,0.8168,0.5764,0.5764,0.0000,0,-0.1043,0.2082,273.8062,71.0310
tv12%_lb60d_ovly,2022 bear,2022-09-23,0.829418,0.5764,0.5688,0.5688,0.0000,0,-0.1010,0.2110,269.3482,70.9436
tv12%_lb60d_ovly,2022 bear,2022-09-26,0.826661,0.5764,0.5680,0.5680,0.0000,0,-0.1099,0.2113,268.2336,70.7864
tv12%_lb60d_ovly,2022 bear,2022-09-27,0.826852,0.5764,0.5713,0.5713,0.0000,0,-0.1122,0.2101,268.3413,70.7864
tv12%_lb60d_ovly,2022 bear,2022-09-28,0.837845,0.5764,0.5606,0.5606,0.0000,0,-0.0947,0.2141,273.6791,71.0921
tv12%_lb60d_ovly,2022 bear,2022-09-29,0.823444,0.5764,0.5504,0.5504,0.0000,0,-0.1136,0.2180,265.7896,70.9960
tv12%_lb60d_ovly,2022 bear,2022-09-30,0.815095,0.5764,0.5515,0.5515,0.0000,0,-0.1273,0.2176,261.2827,70.9349
tv12%_lb60d_ovly,2022 bear,2022-10-03,0.826875,0.5764,1.0000,0.5340,0.5000,0,-0.1043,0.2247,267.4124,71.0906
tv12%_lb60d_ovly,2022 bear,2022-10-04,0.841633,1.0000,0.5158,0.5158,0.0000,0,-0.0765,0.2326,275.8202,71.1168
tv12%_lb60d_ovly,2022 bear,2022-10-05,0.840778,0.5158,0.5173,0.5173,0.0000,0,-0.0787,0.2320,275.6735,71.0468
tv12%_lb60d_ovly,2022 bear,2022-10-06,0.836863,0.5158,0.5157,0.5157,0.0000,0,-0.0882,0.2327,273.5032,70.9594
tv12%_lb60d_ovly,2022 bear,2022-10-07,0.819914,0.5158,0.5006,0.5006,0.0000,0,-0.1136,0.2397,263.0815,70.8719
tv12%_lb60d_ovly,2022 bear,2022-10-10,0.815540,0.5158,0.5072,0.5072,0.0000,0,-0.0839,0.2366,260.4517,70.8457
tv12%_lb60d_ovly,2022 bear,2022-10-11,0.809955,0.5158,0.5076,0.5076,0.0000,0,-0.0897,0.2364,256.8736,70.8806
tv12%_lb60d_ovly,2022 bear,2022-10-12,0.810199,0.5158,0.5234,0.5234,0.0000,0,-0.0823,0.2293,256.7856,70.9506
tv12%_lb60d_ovly,2022 bear,2022-10-13,0.818840,0.5158,0.5093,0.5093,0.0000,0,-0.0581,0.2356,262.8078,70.7407
tv12%_lb60d_ovly,2022 bear,2022-10-14,0.805948,0.5158,0.5029,0.5029,0.0000,0,-0.0796,0.2386,254.9085,70.7057
tv12%_lb60d_ovly,2022 bear,2022-10-17,0.820111,0.5158,0.4909,0.4909,0.0000,0,-0.0450,0.2444,263.3259,70.7844
tv12%_lb60d_ovly,2022 bear,2022-10-18,0.823653,0.5158,0.4882,0.4882,0.0000,0,-0.0181,0.2458,265.4084,70.8195
tv12%_lb60d_ovly,2022 bear,2022-10-19,0.821364,0.5158,0.4896,0.4896,0.0000,0,-0.0251,0.2451,264.4405,70.6882
tv12%_lb60d_ovly,2022 bear,2022-10-20,0.818760,0.5158,0.5017,0.5017,0.0000,0,-0.0332,0.2392,263.0913,70.6095
tv12%_lb60d_ovly,2022 bear,2022-10-21,0.829694,0.5158,0.4934,0.4934,0.0000,0,-0.0097,0.2432,269.2603,70.7932
tv12%_lb60d_ovly,2022 bear,2022-10-24,0.834303,0.5158,0.4946,0.4946,0.0000,0,0.0000,0.2426,272.2224,70.7757
tv12%_lb60d_ovly,2022 bear,2022-10-25,0.843605,0.5158,0.4896,0.4896,0.0000,0,0.0000,0.2451,277.8536,70.8457
tv12%_lb60d_ovly,2022 bear,2022-10-26,0.834343,0.5158,0.4894,0.4894,0.0000,0,-0.0075,0.2452,271.7141,70.9069
tv12%_lb60d_ovly,2022 bear,2022-10-27,0.827354,0.5158,0.4940,0.4940,0.0000,0,-0.0128,0.2429,266.7672,71.0556
tv12%_lb60d_ovly,2022 bear,2022-10-28,0.839822,0.5158,0.4834,0.4834,0.0000,0,0.0000,0.2482,274.9305,70.9506
tv12%_lb60d_ovly,2022 bear,2022-10-31,0.834183,0.5158,0.4828,0.4828,0.0000,0,-0.0072,0.2485,271.7336,70.8457
tv12%_lb60d_ovly,2022 bear,2022-11-01,0.829392,0.5158,0.4826,0.4826,0.0000,0,-0.0116,0.2486,268.9571,70.7764
tv12%_lb60d_ovly,2022 bear,2022-11-02,0.814529,0.5158,0.4733,0.4733,0.0000,0,-0.0364,0.2535,259.7381,70.7414
tv12%_lb60d_ovly,2022 bear,2022-11-03,0.805588,0.5158,0.4803,0.4803,0.0000,0,-0.0463,0.2499,254.6641,70.6100
tv12%_lb60d_ovly,2022 bear,2022-11-04,0.812708,0.5158,0.4761,0.4761,0.0000,0,-0.0326,0.2520,258.7604,70.6888
tv12%_lb60d_ovly,2022 bear,2022-11-07,0.816975,0.5158,0.4796,0.4796,0.0000,0,-0.0233,0.2502,261.6053,70.6275
tv12%_lb60d_ovly,2022 bear,2022-11-08,0.820439,0.5158,0.4794,0.4794,0.0000,0,-0.0180,0.2503,263.5117,70.6976
tv12%_lb60d_ovly,2022 bear,2022-11-09,0.811313,0.5158,0.4740,0.4740,0.0000,0,-0.0383,0.2532,257.4308,70.8115
tv12%_lb60d_ovly,2022 bear,2022-11-10,0.844332,0.5158,0.4324,0.4324,0.0000,0,0.0000,0.2775,276.4262,71.1970
tv12%_lb60d_ovly,2022 bear,2022-11-11,0.852186,0.4324,0.4312,0.4312,0.0000,0,0.0000,0.2783,281.5197,71.1795
tv12%_lb60d_ovly,2022 bear,2022-11-14,0.848544,0.4324,0.4324,0.4324,0.0000,0,-0.0085,0.2775,279.0561,71.1182
tv12%_lb60d_ovly,2022 bear,2022-11-15,0.854096,0.4324,0.4364,0.4364,0.0000,0,-0.0001,0.2750,282.9178,71.1882
tv12%_lb60d_ovly,2022 bear,2022-11-16,0.849115,0.4324,0.4358,0.4358,0.0000,0,-0.0077,0.2754,279.0561,71.1970
tv12%_lb60d_ovly,2022 bear,2022-11-17,0.847711,0.4324,0.4359,0.4359,0.0000,0,-0.0107,0.2753,278.4402,71.1094
tv12%_lb60d_ovly,2022 bear,2022-11-18,0.847191,0.4324,0.4383,0.4383,0.0000,0,-0.0062,0.2738,278.4500,71.0305
tv12%_lb60d_ovly,2022 bear,2022-11-21,0.843303,0.4324,0.4531,0.4531,0.0000,0,-0.0098,0.2648,275.5855,71.0130
tv12%_lb60d_ovly,2022 bear,2022-11-22,0.848910,0.4324,0.4512,0.4512,0.0000,0,0.0000,0.2660,279.5547,71.0656
tv12%_lb60d_ovly,2022 bear,2022-11-23,0.853010,0.4324,0.4523,0.4523,0.0000,0,0.0000,0.2653,282.3606,71.1269
tv12%_lb60d_ovly,2022 bear,2022-11-25,0.850643,0.4324,0.4532,0.4532,0.0000,0,-0.0002,0.2648,280.5030,71.1357
tv12%_lb60d_ovly,2022 bear,2022-11-28,0.845365,0.4324,0.4497,0.4497,0.0000,0,-0.0162,0.2668,276.3872,71.1532
tv12%_lb60d_ovly,2022 bear,2022-11-29,0.842421,0.4324,0.4512,0.4512,0.0000,0,-0.0179,0.2659,274.2950,71.1269
tv12%_lb60d_ovly,2022 bear,2022-11-30,0.860440,0.4324,0.4393,0.4393,0.0000,0,0.0000,0.2732,286.7990,71.3372
tv12%_lb60d_ovly,2022 bear,2022-12-01,0.861948,0.4324,0.4430,0.4430,0.0000,0,-0.0007,0.2709,287.1509,71.4908
tv12%_lb60d_ovly,2022 bear,2022-12-02,0.860343,0.4324,0.4434,0.4434,0.0000,0,-0.0019,0.2706,286.0070,71.4733
tv12%_lb60d_ovly,2022 bear,2022-12-05,0.852720,0.4324,0.4422,0.4422,0.0000,0,-0.0198,0.2714,281.2069,71.2713
tv12%_lb60d_ovly,2022 bear,2022-12-06,0.845616,0.4324,0.4413,0.4413,0.0000,0,-0.0340,0.2719,275.3802,71.3503
tv12%_lb60d_ovly,2022 bear,2022-12-07,0.845127,0.4324,0.4684,0.4684,0.0000,0,-0.0356,0.2562,274.2559,71.4996
tv12%_lb60d_ovly,2022 bear,2022-12-08,0.848981,0.4324,0.4677,0.4677,0.0000,0,-0.0281,0.2566,277.5016,71.4294
tv12%_lb60d_ovly,2022 bear,2022-12-09,0.846403,0.4324,0.4689,0.4689,0.0000,0,-0.0353,0.2559,275.7321,71.3942
tv12%_lb60d_ovly,2022 bear,2022-12-12,0.850702,0.4324,0.4669,0.4669,0.0000,0,-0.0214,0.2570,279.1930,71.3503
tv12%_lb60d_ovly,2022 bear,2022-12-13,0.856082,0.4324,0.4669,0.4669,0.0000,0,-0.0140,0.2570,282.1943,71.5611
tv12%_lb60d_ovly,2022 bear,2022-12-14,0.853397,0.4324,0.4684,0.4684,0.0000,0,-0.0203,0.2562,280.1021,71.5698
tv12%_lb60d_ovly,2022 bear,2022-12-15,0.841072,0.4324,0.4637,0.4637,0.0000,0,-0.0443,0.2588,270.6974,71.5795
tv12%_lb60d_ovly,2022 bear,2022-12-16,0.838074,0.4324,0.7127,0.4627,0.2500,0,-0.0556,0.2594,268.1164,71.6499
tv12%_lb60d_ovly,2022 bear,2022-12-19,0.832164,0.7127,0.7160,0.4660,0.2500,0,-0.0636,0.2575,264.3484,71.5619
tv12%_lb60d_ovly,2022 bear,2022-12-20,0.831702,0.7127,0.7177,0.4677,0.2500,0,-0.0623,0.2566,264.1426,71.5619
tv12%_lb60d_ovly,2022 bear,2022-12-21,0.840535,0.7127,0.4649,0.4649,0.0000,0,-0.0483,0.2581,267.9743,71.6323
tv12%_lb60d_ovly,2022 bear,2022-12-22,0.825527,0.4649,0.7167,0.4667,0.2500,0,-0.0618,0.2571,261.4182,71.5883
tv12%_lb60d_ovly,2022 bear,2022-12-23,0.825965,0.7167,0.7237,0.4737,0.2500,0,-0.0564,0.2533,262.0062,71.5532
tv12%_lb60d_ovly,2022 bear,2022-12-27,0.817279,0.7167,0.7277,0.4777,0.2500,0,-0.0602,0.2512,258.3019,71.4564
tv12%_lb60d_ovly,2022 bear,2022-12-28,0.809545,0.7167,0.7353,0.4853,0.2500,0,-0.0718,0.2473,254.8916,71.4564
tv12%_lb60d_ovly,2022 bear,2022-12-29,0.823858,0.7167,0.7458,0.4958,0.2500,0,-0.0544,0.2420,261.1046,71.5091
tv12%_lb60d_ovly,2022 bear,2022-12-30,0.823216,0.7167,0.7458,0.4958,0.2500,0,-0.0558,0.2420,260.9479,71.4212
tv12%_lb60d_ovly,2023–Aug 2024,2023-01-03,1.000000,0.0000,0.0000,0.0000,0.0000,0,0.0000,0.0000,259.1840,71.4827
tv12%_lb60d_ovly,2023–Aug 2024,2023-01-04,1.000985,0.0000,0.0000,0.0000,0.0000,0,0.0000,0.0000,260.4186,71.5531
tv12%_lb60d_ovly,2023–Aug 2024,2023-01-05,0.999631,0.0000,0.0000,0.0000,0.0000,0,0.0000,0.0000,256.3419,71.4564
tv12%_lb60d_ovly,2023–Aug 2024,2023-01-06,1.003447,0.0000,0.0000,0.0000,0.0000,0,0.0000,0.0000,263.4174,71.7291
tv12%_lb60d_ovly,2023–Aug 2024,2023-01-09,1.004431,0.0000,0.0000,0.0000,0.0000,0,0.0000,0.0000,265.1226,71.7995
tv12%_lb60d_ovly,2023–Aug 2024,2023-01-10,1.003570,0.0000,0.0000,0.0000,0.0000,0,0.0000,0.0000,267.3667,71.7379
tv12%_lb60d_ovly,2023–Aug 2024,2023-01-11,1.004431,0.0000,0.0000,0.0000,0.0000,0,0.0000,0.0000,271.9921,71.7995
tv12%_lb60d_ovly,2023–Aug 2024,2023-01-12,1.006647,0.0000,0.0000,0.0000,0.0000,0,0.0000,0.0000,273.4621,71.9579
tv12%_lb60d_ovly,2023–Aug 2024,2023-01-13,1.004923,0.0000,0.0000,0.0000,0.0000,0,0.0000,0.0000,275.3437,71.8347
tv12%_lb60d_ovly,2023–Aug 2024,2023-01-17,1.005539,0.0000,0.0000,0.0000,0.0000,0,0.0000,0.0000,275.9023,71.8787
tv12%_lb60d_ovly,2023–Aug 2024,2023-01-18,1.007755,0.0000,0.0000,0.0000,0.0000,0,0.0000,0.0000,272.3156,72.0371
tv12%_lb60d_ovly,2023–Aug 2024,2023-01-19,1.007509,0.0000,0.0000,0.0000,0.0000,0,0.0000,0.0000,269.6403,72.0195
tv12%_lb60d_ovly,2023–Aug 2024,2023-01-20,1.006647,0.0000,0.0000,0.0000,0.0000,0,0.0000,0.0000,277.0195,71.9579
tv12%_lb60d_ovly,2023–Aug 2024,2023-01-23,1.005662,0.0000,0.0000,0.0000,0.0000,0,0.0000,0.0000,283.1736,71.8875
tv12%_lb60d_ovly,2023–Aug 2024,2023-01-24,1.006031,0.0000,0.0000,0.0000,0.0000,0,0.0000,0.0000,282.5956,71.9139
tv12%_lb60d_ovly,2023–Aug 2024,2023-01-25,1.006647,0.0000,0.0000,0.0000,0.0000,0,0.0000,0.0000,281.9684,71.9579
tv12%_lb60d_ovly,2023–Aug 2024,2023-01-26,1.006031,0.0000,0.0000,0.0000,0.0000,0,0.0000,0.0000,287.4660,71.9139
tv12%_lb60d_ovly,2023–Aug 2024,2023-01-27,1.006031,0.0000,0.0000,0.0000,0.0000,0,0.0000,0.0000,290.3275,71.9139
tv12%_lb60d_ovly,2023–Aug 2024,2023-01-30,1.005047,0.0000,0.0000,0.0000,0.0000,0,0.0000,0.0000,284.4576,71.8435
tv12%_lb60d_ovly,2023–Aug 2024,2023-01-31,1.006893,0.0000,0.0000,0.0000,0.0000,0,0.0000,0.0000,288.7204,71.9755
tv12%_lb60d_ovly,2023–Aug 2024,2023-02-01,1.008644,0.0000,0.0000,0.0000,0.0000,0,0.0000,0.0000,294.8942,72.1006
tv12%_lb60d_ovly,2023–Aug 2024,2023-02-02,1.008768,0.0000,0.0000,0.0000,0.0000,0,0.0000,0.0000,305.4780,72.1095
tv12%_lb60d_ovly,2023–Aug 2024,2023-02-03,1.005068,0.0000,0.0000,0.0000,0.0000,0,-0.0106,0.0000,300.0489,71.8450
tv12%_lb60d_ovly,2023–Aug 2024,2023-02-06,1.002232,0.0000,0.0000,0.0000,0.0000,0,-0.0167,0.0000,297.5108,71.6423
tv12%_lb60d_ovly,2023–Aug 2024,2023-02-07,1.002725,0.0000,0.0000,0.0000,0.0000,0,-0.0038,0.0000,303.6748,71.6775
tv12%_lb60d_ovly,2023–Aug 2024,2023-02-08,1.003095,0.0000,0.0000,0.0000,0.0000,0,-0.0147,0.0000,298.2751,71.7040
tv12%_lb60d_ovly,2023–Aug 2024,2023-02-09,1.002355,0.0000,0.0000,0.0000,0.0000,0,-0.0232,0.0000,295.6390,71.6511
tv12%_lb60d_ovly,2023–Aug 2024,2023-02-10,1.001862,0.0000,0.0000,0.0000,0.0000,0,-0.0210,0.0000,293.6986,71.6158
tv12%_lb60d_ovly,2023–Aug 2024,2023-02-13,1.002108,0.0000,0.0000,0.0000,0.0000,0,-0.0095,0.0000,298.4026,71.6334
tv12%_lb60d_ovly,2023–Aug 2024,2023-02-14,1.000012,0.0000,0.0000,0.0000,0.0000,0,-0.0099,0.0000,300.6075,71.4836
tv12%_lb60d_ovly,2023–Aug 2024,2023-02-15,1.000135,0.0000,0.0000,0.0000,0.0000,0,-0.0067,0.0000,302.9104,71.4924
tv12%_lb60d_ovly,2023–Aug 2024,2023-02-16,1.000259,0.0000,0.0000,0.0000,0.0000,0,-0.0204,0.0000,297.2266,71.5012
tv12%_lb60d_ovly,2023–Aug 2024,2023-02-17,1.001122,0.0000,0.0000,0.0000,0.0000,0,-0.0228,0.0000,295.1294,71.5629
tv12%_lb60d_ovly,2023–Aug 2024,2023-02-21,0.999149,0.0000,0.0000,0.0000,0.0000,0,-0.0424,0.0000,288.1422,71.4219
tv12%_lb60d_ovly,2023–Aug 2024,2023-02-22,0.999642,0.0000,0.0000,0.0000,0.0000,0,-0.0438,0.0000,288.3578,71.4571
tv12%_lb60d_ovly,2023–Aug 2024,2023-02-23,1.000259,0.0000,0.0000,0.0000,0.0000,0,-0.0387,0.0000,290.8763,71.5012
tv12%_lb60d_ovly,2023–Aug 2024,2023-02-24,0.998162,0.0000,0.0000,0.0000,0.0000,0,-0.0489,0.0000,286.0059,71.3513
tv12%_lb60d_ovly,2023–Aug 2024,2023-02-27,0.999025,0.0000,0.0000,0.0000,0.0000,0,-0.0457,0.0000,288.0540,71.4131
tv12%_lb60d_ovly,2023–Aug 2024,2023-02-28,0.998779,0.0000,0.0000,0.0000,0.0000,0,-0.0492,0.0000,287.6816,71.3954
tv12%_lb60d_ovly,2023–Aug 2024,2023-03-01,0.996950,0.0000,0.0000,0.0000,0.0000,0,-0.0529,0.0000,285.3688,71.2647
tv12%_lb60d_ovly,2023–Aug 2024,2023-03-02,0.997321,0.0000,0.0000,0.0000,0.0000,0,-0.0455,0.0000,287.7306,71.2912
tv12%_lb60d_ovly,2023–Aug 2024,2023-03-03,0.997938,0.0000,0.0000,0.0000,0.0000,0,-0.0265,0.0000,293.6790,71.3354
tv12%_lb60d_ovly,2023–Aug 2024,2023-03-06,0.997444,0.0000,0.0000,0.0000,0.0000,0,-0.0258,0.0000,294.0122,71.3000
tv12%_lb60d_ovly,2023–Aug 2024,2023-03-07,0.995343,0.0000,0.0000,0.0000,0.0000,0,-0.0408,0.0000,290.4059,71.1499
tv12%_lb60d_ovly,2023–Aug 2024,2023-03-08,0.994849,0.0000,0.0000,0.0000,0.0000,0,-0.0364,0.0000,291.8563,71.1145
tv12%_lb60d_ovly,2023–Aug 2024,2023-03-09,0.998062,0.0000,0.0000,0.0000,0.0000,0,-0.0542,0.0000,286.7996,71.3442
tv12%_lb60d_ovly,2023–Aug 2024,2023-03-10,1.003499,0.0000,0.0000,0.0000,0.0000,0,-0.0678,0.0000,282.7719,71.7328
tv12%_lb60d_ovly,2023–Aug 2024,2023-03-13,1.013508,0.0000,0.0000,0.0000,0.0000,0,-0.0691,0.0000,284.8690,72.4483
tv12%_lb60d_ovly,2023–Aug 2024,2023-03-14,1.009677,0.0000,0.0000,0.0000,0.0000,0,-0.0537,0.0000,291.4153,72.1745
tv12%_lb60d_ovly,2023–Aug 2024,2023-03-15,1.015609,0.0000,0.0000,0.0000,0.0000,0,-0.0597,0.0000,292.9441,72.5985
tv12%_lb60d_ovly,2023–Aug 2024,2023-03-16,1.011531,0.0000,0.0000,0.0000,0.0000,0,-0.0298,0.0000,300.6663,72.3070
tv12%_lb60d_ovly,2023–Aug 2024,2023-03-17,1.016597,0.0000,0.0000,0.0000,0.0000,0,-0.0388,0.0000,299.2452,72.6691
tv12%_lb60d_ovly,2023–Aug 2024,2023-03-20,1.015362,0.0000,0.0000,0.0000,0.0000,0,-0.0228,0.0000,300.3073,72.5808
tv12%_lb60d_ovly,2023–Aug 2024,2023-03-21,1.011531,0.0000,0.0000,0.0000,0.0000,0,-0.0100,0.0000,304.5964,72.3070
tv12%_lb60d_ovly,2023–Aug 2024,2023-03-22,1.016226,0.0000,0.0000,0.0000,0.0000,0,-0.0269,0.0000,300.4544,72.6426
tv12%_lb60d_ovly,2023–Aug 2024,2023-03-23,1.019192,0.0000,0.0000,0.0000,0.0000,0,-0.0242,0.0000,304.0174,72.8546
tv12%_lb60d_ovly,2023–Aug 2024,2023-03-24,1.019686,0.0000,0.0000,0.0000,0.0000,0,-0.0178,0.0000,305.1363,72.8900
tv12%_lb60d_ovly,2023–Aug 2024,2023-03-27,1.015362,0.0000,0.0000,0.0000,0.0000,0,-0.0160,0.0000,303.0457,72.5808
tv12%_lb60d_ovly,2023–Aug 2024,2023-03-28,1.014249,0.0000,0.0000,0.0000,0.0000,0,-0.0182,0.0000,301.4359,72.5013
tv12%_lb60d_ovly,2023–Aug 2024,2023-03-29,1.013879,0.0000,0.0000,0.0000,0.0000,0,-0.0039,0.0000,306.9324,72.4748
tv12%_lb60d_ovly,2023–Aug 2024,2023-03-30,1.014002,0.0000,0.7107,0.7107,0.0000,0,0.0000,0.1688,309.8376,72.4837
tv12%_lb60d_ovly,2023–Aug 2024,2023-03-31,1.014516,0.7107,0.7043,0.7043,0.0000,0,0.0000,0.1704,314.9904,72.5720
tv12%_lb60d_ovly,2023–Aug 2024,2023-04-03,1.013122,0.7107,0.7125,0.7125,0.0000,0,0.0000,0.1684,314.2248,72.6605
tv12%_lb60d_ovly,2023–Aug 2024,2023-04-04,1.011371,0.7107,0.7360,0.7360,0.0000,0,-0.0055,0.1630,313.1649,72.8287
tv12%_lb60d_ovly,2023–Aug 2024,2023-04-05,1.004666,0.7107,0.7354,0.7354,0.0000,0,-0.0082,0.1632,310.0732,72.9261
tv12%_lb60d_ovly,2023–Aug 2024,2023-04-06,1.009374,0.7107,0.7371,0.7371,0.0000,0,-0.0043,0.1628,312.1637,72.8995
tv12%_lb60d_ovly,2023–Aug 2024,2023-04-10,1.007940,0.7107,0.7455,0.7455,0.0000,0,-0.0033,0.1610,311.9871,72.6428
tv12%_lb60d_ovly,2023–Aug 2024,2023-04-11,1.003307,0.7107,0.7461,0.7461,0.0000,0,-0.0030,0.1608,309.9848,72.6339
tv12%_lb60d_ovly,2023–Aug 2024,2023-04-12,0.997326,0.7107,0.7454,0.7454,0.0000,0,-0.0071,0.1610,307.2464,72.7136
tv12%_lb60d_ovly,2023–Aug 2024,2023-04-13,1.011382,0.7107,0.7362,0.7362,0.0000,0,0.0000,0.1630,313.2630,72.7579
tv12%_lb60d_ovly,2023–Aug 2024,2023-04-14,1.009355,0.7107,0.7527,0.7527,0.0000,0,-0.0024,0.1594,312.6740,72.5897
tv12%_lb60d_ovly,2023–Aug 2024,2023-04-17,1.009535,0.7107,0.7567,0.7567,0.0000,0,0.0000,0.1586,312.9391,72.4835
tv12%_lb60d_ovly,2023–Aug 2024,2023-04-18,1.009509,0.7107,0.7771,0.7771,0.0000,0,0.0000,0.1544,312.9587,72.4658
tv12%_lb60d_ovly,2023–Aug 2024,2023-04-19,1.008855,0.7771,0.7860,0.7860,0.0000,0,-0.0002,0.1527,312.8115,72.4038
tv12%_lb60d_ovly,2023–Aug 2024,2023-04-20,1.003427,0.7771,0.7836,0.7836,0.0000,0,-0.0056,0.1531,310.4265,72.5809
tv12%_lb60d_ovly,2023–Aug 2024,2023-04-21,1.004104,0.7771,0.7836,0.7836,0.0000,0,-0.0049,0.1531,310.7503,72.5366
tv12%_lb60d_ovly,2023–Aug 2024,2023-04-24,1.002723,0.7771,0.7915,0.7915,0.0000,0,-0.0038,0.1516,310.1025,72.6163
tv12%_lb60d_ovly,2023–Aug 2024,2023-04-25,0.988895,0.7771,0.7731,0.7731,0.0000,0,-0.0196,0.1552,304.2529,72.8995
tv12%_lb60d_ovly,2023–Aug 2024,2023-04-26,0.993289,0.7771,0.7831,0.7831,0.0000,0,-0.0238,0.1532,306.0981,72.8110
tv12%_lb60d_ovly,2023–Aug 2024,2023-04-27,1.013847,0.7771,0.7711,0.7711,0.0000,0,-0.0043,0.1556,314.4211,72.6694
tv12%_lb60d_ovly,2023–Aug 2024,2023-04-28,1.019530,0.7771,0.7737,0.7737,0.0000,0,0.0000,0.1551,316.5903,72.7490
tv12%_lb60d_ovly,2023–Aug 2024,2023-05-01,1.018125,0.7771,0.7881,0.7881,0.0000,0,-0.0010,0.1523,316.2271,72.5902
tv12%_lb60d_ovly,2023–Aug 2024,2023-05-02,1.011974,0.7771,0.7871,0.7871,0.0000,0,-0.0122,0.1525,313.4691,72.8298
tv12%_lb60d_ovly,2023–Aug 2024,2023-05-03,1.007377,0.7771,0.7864,0.7864,0.0000,0,-0.0190,0.1526,311.4178,73.0072
tv12%_lb60d_ovly,2023–Aug 2024,2023-05-04,1.004968,0.7771,0.7956,0.7956,0.0000,0,-0.0260,0.1508,310.3186,73.1226
tv12%_lb60d_ovly,2023–Aug 2024,2023-05-05,1.021024,0.7771,0.7795,0.7795,0.0000,0,-0.0079,0.1539,316.9142,72.9451
tv12%_lb60d_ovly,2023–Aug 2024,2023-05-08,1.022630,0.7771,0.7852,0.7852,0.0000,0,-0.0077,0.1528,317.6993,72.8298
tv12%_lb60d_ovly,2023–Aug 2024,2023-05-09,1.017541,0.7771,0.7840,0.7840,0.0000,0,-0.0120,0.1531,315.6873,72.8120
tv12%_lb60d_ovly,2023–Aug 2024,2023-05-10,1.026699,0.7771,0.7922,0.7922,0.0000,0,-0.0074,0.1515,319.1225,72.9895
tv12%_lb60d_ovly,2023–Aug 2024,2023-05-11,1.029439,0.7771,0.7919,0.7919,0.0000,0,-0.0091,0.1515,320.1629,73.0339
tv12%_lb60d_ovly,2023–Aug 2024,2023-05-12,1.026180,0.7771,0.7926,0.7926,0.0000,0,-0.0104,0.1514,319.0145,72.9096
tv12%_lb60d_ovly,2023–Aug 2024,2023-05-15,1.030526,0.7771,0.8065,0.8065,0.0000,0,-0.0070,0.1488,320.7419,72.9185
tv12%_lb60d_ovly,2023–Aug 2024,2023-05-16,1.031153,0.7771,0.8034,0.8034,0.0000,0,-0.0137,0.1494,321.1051,72.8298
tv12%_lb60d_ovly,2023–Aug 2024,2023-05-17,1.040601,0.7771,0.8271,0.8271,0.0000,0,-0.0017,0.1451,324.9918,72.7499
tv12%_lb60d_ovly,2023–Aug 2024,2023-05-18,1.055196,0.7771,0.8211,0.8211,0.0000,0,0.0000,0.1462,331.0280,72.6168
tv12%_lb60d_ovly,2023–Aug 2024,2023-05-19,1.053176,0.7771,0.8223,0.8223,0.0000,0,-0.0015,0.1459,330.2821,72.5636
tv12%_lb60d_ovly,2023–Aug 2024,2023-05-22,1.055839,0.7771,0.8336,0.8336,0.0000,0,-0.0010,0.1439,331.3912,72.5370
tv12%_lb60d_ovly,2023–Aug 2024,2023-05-23,1.045349,0.8336,0.8218,0.8218,0.0000,0,-0.0123,0.1460,327.1903,72.5281
tv12%_lb60d_ovly,2023–Aug 2024,2023-05-24,1.040667,0.8336,0.8182,0.8182,0.0000,0,-0.0194,0.1467,325.5120,72.4393
tv12%_lb60d_ovly,2023–Aug 2024,2023-05-25,1.061394,0.8336,0.8149,0.8149,0.0000,0,-0.0109,0.1473,333.4326,72.2797
tv12%_lb60d_ovly,2023–Aug 2024,2023-05-26,1.083958,0.8336,0.8073,0.8073,0.0000,0,0.0000,0.1486,341.9520,72.2619
tv12%_lb60d_ovly,2023–Aug 2024,2023-05-30,1.088410,0.8336,0.8256,0.8256,0.0000,0,0.0000,0.1453,343.5028,72.4039
tv12%_lb60d_ovly,2023–Aug 2024,2023-05-31,1.083429,0.8336,0.8224,0.8224,0.0000,0,-0.0055,0.1459,341.5496,72.4748
tv12%_lb60d_ovly,2023–Aug 2024,2023-06-01,1.094143,0.8336,0.8385,0.8385,0.0000,0,0.0000,0.1431,345.4952,72.5878
tv12%_lb60d_ovly,2023–Aug 2024,2023-06-02,1.100471,0.8336,0.8236,0.8236,0.0000,0,0.0000,0.1457,348.0863,72.3832
tv12%_lb60d_ovly,2023–Aug 2024,2023-06-05,1.101163,0.8336,0.8579,0.8579,0.0000,0,-0.0019,0.1399,348.3317,72.4010
tv12%_lb60d_ovly,2023–Aug 2024,2023-06-06,1.100917,0.8336,0.8835,0.8835,0.0000,0,0.0000,0.1358,348.2728,72.3655
tv12%_lb60d_ovly,2023–Aug 2024,2023-06-07,1.085212,0.8336,0.8818,0.8818,0.0000,0,-0.0035,0.1361,342.3642,72.3121
tv12%_lb60d_ovly,2023–Aug 2024,2023-06-08,1.096731,0.8336,0.9026,0.9026,0.0000,0,0.0000,0.1330,346.6141,72.4277
tv12%_lb60d_ovly,2023–Aug 2024,2023-06-09,1.099814,0.9026,0.9095,0.9095,0.0000,0,0.0000,0.1319,347.9391,72.2943
tv12%_lb60d_ovly,2023–Aug 2024,2023-06-12,1.116679,0.9026,0.9319,0.9319,0.0000,0,0.0000,0.1288,353.8182,72.3566
tv12%_lb60d_ovly,2023–Aug 2024,2023-06-13,1.124223,0.9026,0.9515,0.9515,0.0000,0,0.0000,0.1261,356.5370,72.2231
tv12%_lb60d_ovly,2023–Aug 2024,2023-06-14,1.131530,0.9026,0.9593,0.9593,0.0000,0,0.0000,0.1251,359.1282,72.1787
tv12%_lb60d_ovly,2023–Aug 2024,2023-06-15,1.143866,0.9593,0.9613,0.9613,0.0000,0,0.0000,0.1248,363.4074,72.3299
tv12%_lb60d_ovly,2023–Aug 2024,2023-06-16,1.136898,0.9593,1.0000,1.0000,0.0000,0,-0.0034,0.1190,361.1206,72.2320
tv12%_lb60d_ovly,2023–Aug 2024,2023-06-20,1.135354,0.9593,1.0000,1.0000,0.0000,0,-0.0086,0.1198,360.6036,72.2587
tv12%_lb60d_ovly,2023–Aug 2024,2023-06-21,1.120512,0.9593,0.9977,0.9977,0.0000,0,-0.0137,0.1203,355.6894,72.2587
tv12%_lb60d_ovly,2023–Aug 2024,2023-06-22,1.133144,0.9593,0.9972,0.9972,0.0000,0,-0.0101,0.1203,359.8861,72.1787
tv12%_lb60d_ovly,2023–Aug 2024,2023-06-23,1.122408,0.9593,0.9870,0.9870,0.0000,0,-0.0176,0.1216,356.3184,72.2409
tv12%_lb60d_ovly,2023–Aug 2024,2023-06-26,1.108008,0.9593,1.0000,1.0000,0.0000,0,-0.0216,0.1191,351.5418,72.2943
tv12%_lb60d_ovly,2023–Aug 2024,2023-06-27,1.126217,0.9593,0.9968,0.9968,0.0000,0,-0.0109,0.1204,357.5863,72.1876
tv12%_lb60d_ovly,2023–Aug 2024,2023-06-28,1.128376,0.9593,1.0000,1.0000,0.0000,0,-0.0104,0.1175,358.2841,72.2676
tv12%_lb60d_ovly,2023–Aug 2024,2023-06-29,1.126095,0.9593,1.0000,1.0000,0.0000,0,-0.0065,0.1175,357.5667,72.0897
tv12%_lb60d_ovly,2023–Aug 2024,2023-06-30,1.142769,0.9593,1.0000,1.0000,0.0000,0,0.0000,0.1186,363.0803,72.1164
tv12%_lb60d_ovly,2023–Aug 2024,2023-07-03,1.145297,0.9593,1.0000,1.0000,0.0000,0,0.0000,0.1183,363.9355,72.0326
tv12%_lb60d_ovly,2023–Aug 2024,2023-07-05,1.145255,0.9593,1.0000,1.0000,0.0000,0,-0.0015,0.1184,363.9256,72.0147
tv12%_lb60d_ovly,2023–Aug 2024,2023-07-06,1.136860,0.9593,1.0000,1.0000,0.0000,0,-0.0093,0.1199,361.1540,71.9702
tv12%_lb60d_ovly,2023–Aug 2024,2023-07-07,1.133290,0.9593,0.9991,0.9991,0.0000,0,-0.0118,0.1201,359.9548,72.0504
tv12%_lb60d_ovly,2023–Aug 2024,2023-07-10,1.133715,0.9593,1.0000,1.0000,0.0000,0,-0.0093,0.1196,360.0728,72.1574
tv12%_lb60d_ovly,2023–Aug 2024,2023-07-11,1.139083,0.9593,1.0000,1.0000,0.0000,0,-0.0030,0.1175,361.8517,72.1485
tv12%_lb60d_ovly,2023–Aug 2024,2023-07-12,1.153021,0.9593,1.0000,1.0000,0.0000,0,0.0000,0.1181,366.4220,72.3625
tv12%_lb60d_ovly,2023–Aug 2024,2023-07-13,1.171933,0.9593,1.0000,1.0000,0.0000,0,0.0000,0.1188,372.6434,72.5676
tv12%_lb60d_ovly,2023–Aug 2024,2023-07-14,1.171573,0.9593,1.0000,1.0000,0.0000,0,-0.0006,0.1188,372.5647,72.3803
tv12%_lb60d_ovly,2023–Aug 2024,2023-07-17,1.182086,0.9593,1.0000,1.0000,0.0000,0,0.0000,0.1189,376.0439,72.4071
tv12%_lb60d_ovly,2023–Aug 2024,2023-07-18,1.191362,0.9593,1.0000,1.0000,0.0000,0,0.0000,0.1186,379.1203,72.4071
tv12%_lb60d_ovly,2023–Aug 2024,2023-07-19,1.191113,0.9593,1.0000,1.0000,0.0000,0,0.0000,0.1186,379.0318,72.4339
tv12%_lb60d_ovly,2023–Aug 2024,2023-07-20,1.164715,0.9593,1.0000,1.0000,0.0000,0,-0.0066,0.1198,370.2944,72.3447
tv12%_lb60d_ovly,2023–Aug 2024,2023-07-21,1.161370,0.9593,1.0000,1.0000,0.0000,0,-0.0066,0.1141,369.1838,72.3536
tv12%_lb60d_ovly,2023–Aug 2024,2023-07-24,1.163091,0.9593,1.0000,1.0000,0.0000,0,-0.0022,0.1135,369.7735,72.2644
tv12%_lb60d_ovly,2023–Aug 2024,2023-07-25,1.170647,0.9593,1.0000,1.0000,0.0000,0,0.0000,0.1074,372.2797,72.2555
tv12%_lb60d_ovly,2023–Aug 2024,2023-07-26,1.166958,0.9593,1.0000,1.0000,0.0000,0,0.0000,0.1065,371.0413,72.3269
tv12%_lb60d_ovly,2023–Aug 2024,2023-07-27,1.164219,0.9593,1.0000,1.0000,0.0000,0,-0.0066,0.1077,370.1568,72.2198
tv12%_lb60d_ovly,2023–Aug 2024,2023-07-28,1.184626,0.9593,1.0000,1.0000,0.0000,0,0.0000,0.1056,376.8990,72.3179
tv12%_lb60d_ovly,2023–Aug 2024,2023-07-31,1.185230,0.9593,1.0000,1.0000,0.0000,0,0.0000,0.1041,377.0956,72.3358
tv12%_lb60d_ovly,2023–Aug 2024,2023-08-01,1.182553,0.9593,1.0000,1.0000,0.0000,0,-0.0029,0.1028,376.2209,72.2750
tv12%_lb60d_ovly,2023–Aug 2024,2023-08-02,1.157683,0.9593,1.0000,1.0000,0.0000,0,-0.0167,0.1023,367.9650,72.3107
tv12%_lb60d_ovly,2023–Aug 2024,2023-08-03,1.155921,0.9593,1.0000,1.0000,0.0000,0,-0.0196,0.1027,367.3754,72.3376
tv12%_lb60d_ovly,2023–Aug 2024,2023-08-04,1.150823,0.9593,1.0000,1.0000,0.0000,0,-0.0240,0.1027,365.6554,72.4806
tv12%_lb60d_ovly,2023–Aug 2024,2023-08-07,1.160187,0.9593,1.0000,1.0000,0.0000,0,-0.0155,0.1036,368.7513,72.5074
tv12%_lb60d_ovly,2023–Aug 2024,2023-08-08,1.150748,0.9593,1.0000,1.0000,0.0000,0,-0.0197,0.1041,365.6160,72.5432
tv12%_lb60d_ovly,2023–Aug 2024,2023-08-09,1.138583,0.9593,1.0000,1.0000,0.0000,0,-0.0263,0.1053,361.5963,72.4985
tv12%_lb60d_ovly,2023–Aug 2024,2023-08-10,1.140578,0.9593,1.0000,1.0000,0.0000,0,-0.0260,0.1052,362.2646,72.4627
tv12%_lb60d_ovly,2023–Aug 2024,2023-08-11,1.133557,0.9593,1.0000,1.0000,0.0000,0,-0.0265,0.1039,359.9548,72.3912
tv12%_lb60d_ovly,2023–Aug 2024,2023-08-14,1.145720,0.9593,1.0000,1.0000,0.0000,0,-0.0211,0.1019,363.9944,72.3286
tv12%_lb60d_ovly,2023–Aug 2024,2023-08-15,1.134074,0.9593,1.0000,1.0000,0.0000,0,-0.0325,0.1039,360.1318,72.3555
tv12%_lb60d_ovly,2023–Aug 2024,2023-08-16,1.122532,0.9593,1.0000,1.0000,0.0000,0,-0.0396,0.1052,356.3184,72.3197
tv12%_lb60d_ovly,2023–Aug 2024,2023-08-17,1.110821,0.9593,1.0000,1.0000,0.0000,0,-0.0470,0.1066,352.4264,72.4001
tv12%_lb60d_ovly,2023–Aug 2024,2023-08-18,1.109500,0.9593,1.0000,1.0000,0.0000,0,-0.0465,0.1036,351.9840,72.4270
tv12%_lb60d_ovly,2023–Aug 2024,2023-08-21,1.126598,0.9593,1.0000,1.0000,0.0000,0,-0.0403,0.1028,357.6551,72.3465
tv12%_lb60d_ovly,2023–Aug 2024,2023-08-22,1.125031,0.9593,1.0000,1.0000,0.0000,0,-0.0429,0.1019,357.1440,72.3107
tv12%_lb60d_ovly,2023–Aug 2024,2023-08-23,1.142133,0.9593,1.0000,1.0000,0.0000,0,-0.0322,0.1011,362.7756,72.4448
tv12%_lb60d_ovly,2023–Aug 2024,2023-08-24,1.118685,0.9593,1.0000,1.0000,0.0000,0,-0.0457,0.1056,355.0211,72.4001
tv12%_lb60d_ovly,2023–Aug 2024,2023-08-25,1.126975,0.9593,1.0000,1.0000,0.0000,0,-0.0389,0.1056,357.7730,72.3555
tv12%_lb60d_ovly,2023–Aug 2024,2023-08-28,1.135141,0.9593,1.0000,1.0000,0.0000,0,-0.0301,0.1047,360.4660,72.4001
tv12%_lb60d_ovly,2023–Aug 2024,2023-08-29,1.159025,0.9593,1.0000,1.0000,0.0000,0,-0.0034,0.1047,368.3385,72.5611
tv12%_lb60d_ovly,2023–Aug 2024,2023-08-30,1.165226,0.9593,1.0000,1.0000,0.0000,0,0.0000,0.1047,370.3927,72.5611
tv12%_lb60d_ovly,2023–Aug 2024,2023-08-31,1.168624,0.9593,1.0000,1.0000,0.0000,0,-0.0015,0.1048,371.5032,72.6326
tv12%_lb60d_ovly,2023–Aug 2024,2023-09-01,1.167412,0.9593,1.0000,1.0000,0.0000,0,0.0000,0.1044,371.1101,72.5931
tv12%_lb60d_ovly,2023–Aug 2024,2023-09-05,1.168776,0.9593,1.0000,1.0000,0.0000,0,-0.0043,0.1044,371.5819,72.5035
tv12%_lb60d_ovly,2023–Aug 2024,2023-09-06,1.158848,0.9593,1.0000,1.0000,0.0000,0,-0.0110,0.1056,368.3090,72.4229
tv12%_lb60d_ovly,2023–Aug 2024,2023-09-07,1.150986,0.9593,1.0000,1.0000,0.0000,0,-0.0141,0.1044,365.6750,72.5573
tv12%_lb60d_ovly,2023–Aug 2024,2023-09-08,1.152506,0.9593,1.0000,1.0000,0.0000,0,-0.0126,0.1036,366.1861,72.5215
tv12%_lb60d_ovly,2023–Aug 2024,2023-09-11,1.165544,0.9593,1.0000,1.0000,0.0000,0,-0.0061,0.1044,370.5008,72.5394
tv12%_lb60d_ovly,2023–Aug 2024,2023-09-12,1.153123,0.9593,1.0000,1.0000,0.0000,0,-0.0115,0.1021,366.3925,72.5035
tv12%_lb60d_ovly,2023–Aug 2024,2023-09-13,1.157377,0.9593,1.0000,1.0000,0.0000,0,-0.0104,0.1019,367.7881,72.5663
tv12%_lb60d_ovly,2023–Aug 2024,2023-09-14,1.166444,0.9593,1.0000,1.0000,0.0000,0,-0.0018,0.1026,370.7957,72.5484
tv12%_lb60d_ovly,2023–Aug 2024,2023-09-15,1.147261,0.9593,1.0000,1.0000,0.0000,0,-0.0139,0.1052,364.4465,72.5125
tv12%_lb60d_ovly,2023–Aug 2024,2023-09-18,1.148403,0.9593,1.0000,1.0000,0.0000,0,-0.0133,0.1050,364.8264,72.5035
tv12%_lb60d_ovly,2023–Aug 2024,2023-09-19,1.146020,0.9593,1.0000,1.0000,0.0000,0,-0.0153,0.1038,364.0488,72.4497
tv12%_lb60d_ovly,2023–Aug 2024,2023-09-20,1.130149,0.9593,1.0000,1.0000,0.0000,0,-0.0244,0.1053,358.8027,72.4050
tv12%_lb60d_ovly,2023–Aug 2024,2023-09-21,1.110306,0.9593,1.0000,1.0000,0.0000,0,-0.0405,0.1086,352.2278,72.4408
tv12%_lb60d_ovly,2023–Aug 2024,2023-09-22,1.110500,0.9593,1.0000,1.0000,0.0000,0,-0.0427,0.1087,352.2771,72.5125
tv12%_lb60d_ovly,2023–Aug 2024,2023-09-25,1.115543,0.9593,1.0000,1.0000,0.0000,0,-0.0386,0.1087,353.9503,72.4856
tv12%_lb60d_ovly,2023–Aug 2024,2023-09-26,1.099480,0.9593,1.0000,1.0000,0.0000,0,-0.0528,0.1099,348.6353,72.4946
tv12%_lb60d_ovly,2023–Aug 2024,2023-09-27,1.101918,0.9593,1.0000,1.0000,0.0000,0,-0.0524,0.1099,349.4522,72.4408
tv12%_lb60d_ovly,2023–Aug 2024,2023-09-28,1.110838,0.9593,1.0000,1.0000,0.0000,0,-0.0469,0.1106,352.3755,72.5663
tv12%_lb60d_ovly,2023–Aug 2024,2023-09-29,1.111617,0.9593,1.0000,1.0000,0.0000,0,-0.0492,0.1096,352.6314,72.5752
tv12%_lb60d_ovly,2023–Aug 2024,2023-10-02,1.120471,0.9593,1.0000,1.0000,0.0000,0,-0.0478,0.1096,355.5744,72.5024
tv12%_lb60d_ovly,2023–Aug 2024,2023-10-03,1.101574,0.9593,1.0000,1.0000,0.0000,0,-0.0606,0.1126,349.3341,72.4485
tv12%_lb60d_ovly,2023–Aug 2024,2023-10-04,1.116055,0.9593,1.0000,1.0000,0.0000,0,-0.0537,0.1129,354.0881,72.6103
tv12%_lb60d_ovly,2023–Aug 2024,2023-10-05,1.112945,0.9593,1.0000,1.0000,0.0000,0,-0.0541,0.1114,353.0447,72.6822
tv12%_lb60d_ovly,2023–Aug 2024,2023-10-06,1.130795,0.9593,1.0000,1.0000,0.0000,0,-0.0429,0.1130,358.9603,72.6193
tv12%_lb60d_ovly,2023–Aug 2024,2023-10-09,1.136463,0.9593,1.0000,1.0000,0.0000,0,-0.0367,0.1139,360.7909,72.8349
tv12%_lb60d_ovly,2023–Aug 2024,2023-10-10,1.142472,0.9593,1.0000,1.0000,0.0000,0,-0.0317,0.1142,362.7890,72.7900
tv12%_lb60d_ovly,2023–Aug 2024,2023-10-11,1.150280,0.9593,1.0000,1.0000,0.0000,0,-0.0278,0.1135,365.3776,72.7720
tv12%_lb60d_ovly,2023–Aug 2024,2023-10-12,1.146388,0.9593,1.0000,1.0000,0.0000,0,-0.0225,0.1139,364.1078,72.6822
tv12%_lb60d_ovly,2023–Aug 2024,2023-10-13,1.132594,0.9593,1.0000,1.0000,0.0000,0,-0.0273,0.1135,359.5311,72.7271
tv12%_lb60d_ovly,2023–Aug 2024,2023-10-16,1.144849,0.9593,1.0000,1.0000,0.0000,0,-0.0151,0.1158,363.5961,72.6822
tv12%_lb60d_ovly,2023–Aug 2024,2023-10-17,1.141149,0.9593,1.0000,1.0000,0.0000,0,-0.0060,0.1154,362.4052,72.5204
tv12%_lb60d_ovly,2023–Aug 2024,2023-10-18,1.126789,0.9593,1.0000,1.0000,0.0000,0,-0.0140,0.1181,357.6511,72.5204
tv12%_lb60d_ovly,2023–Aug 2024,2023-10-19,1.116738,0.9593,1.0000,1.0000,0.0000,0,-0.0227,0.1192,354.3047,72.6193
tv12%_lb60d_ovly,2023–Aug 2024,2023-10-20,1.100830,0.9593,0.9928,0.9928,0.0000,0,-0.0347,0.1209,349.0191,72.7361
tv12%_lb60d_ovly,2023–Aug 2024,2023-10-23,1.104044,0.9593,1.0000,1.0000,0.0000,0,-0.0363,0.1187,350.0723,72.7810
tv12%_lb60d_ovly,2023–Aug 2024,2023-10-24,1.114336,0.9593,1.0000,1.0000,0.0000,0,-0.0291,0.1199,353.4779,72.7631
tv12%_lb60d_ovly,2023–Aug 2024,2023-10-25,1.088122,0.9593,0.9763,0.9763,0.0000,0,-0.0430,0.1229,344.8263,72.6822
tv12%_lb60d_ovly,2023–Aug 2024,2023-10-26,1.068308,0.9593,0.9826,0.9826,0.0000,0,-0.0545,0.1221,338.2513,72.8260
tv12%_lb60d_ovly,2023–Aug 2024,2023-10-27,1.073255,0.9593,0.9815,0.9815,0.0000,0,-0.0588,0.1223,339.8754,72.8709
tv12%_lb60d_ovly,2023–Aug 2024,2023-10-30,1.084836,0.9593,0.9594,0.9594,0.0000,0,-0.0475,0.1251,343.7041,72.8439
tv12%_lb60d_ovly,2023–Aug 2024,2023-10-31,1.089797,0.9593,0.9650,0.9650,0.0000,0,-0.0415,0.1244,345.3478,72.8169
tv12%_lb60d_ovly,2023–Aug 2024,2023-11-01,1.108041,0.9593,0.9487,0.9487,0.0000,0,-0.0313,0.1265,351.3420,72.9792
tv12%_lb60d_ovly,2023–Aug 2024,2023-11-02,1.127341,0.9593,0.9070,0.9070,0.0000,0,-0.0127,0.1323,357.7200,72.9882
tv12%_lb60d_ovly,2023–Aug 2024,2023-11-03,1.140112,0.9070,0.8972,0.8972,0.0000,0,-0.0037,0.1338,361.9228,73.1865
tv12%_lb60d_ovly,2023–Aug 2024,2023-11-06,1.144134,0.9070,0.8964,0.8964,0.0000,0,-0.0014,0.1339,363.3992,73.0513
tv12%_lb60d_ovly,2023–Aug 2024,2023-11-07,1.154022,0.9070,0.8990,0.8990,0.0000,0,0.0000,0.1335,366.8344,73.1054
tv12%_lb60d_ovly,2023–Aug 2024,2023-11-08,1.154670,0.9070,0.9134,0.9134,0.0000,0,0.0000,0.1314,367.0705,73.0873
tv12%_lb60d_ovly,2023–Aug 2024,2023-11-09,1.146451,0.9070,0.9126,0.9126,0.0000,0,-0.0078,0.1315,364.2457,72.9792
tv12%_lb60d_ovly,2023–Aug 2024,2023-11-10,1.169855,0.9070,0.8930,0.8930,0.0000,0,0.0000,0.1344,372.4348,72.9972
tv12%_lb60d_ovly,2023–Aug 2024,2023-11-13,1.166586,0.9070,0.8929,0.8929,0.0000,0,-0.0010,0.1344,371.2733,73.0242
tv12%_lb60d_ovly,2023–Aug 2024,2023-11-14,1.189791,0.9070,0.8609,0.8609,0.0000,0,0.0000,0.1394,379.2655,73.3126
tv12%_lb60d_ovly,2023–Aug 2024,2023-11-15,1.190400,0.9070,0.8616,0.8616,0.0000,0,0.0000,0.1393,379.5510,73.1774
tv12%_lb60d_ovly,2023–Aug 2024,2023-11-16,1.191515,0.9070,0.8726,0.8726,0.0000,0,0.0000,0.1375,379.8758,73.3036
tv12%_lb60d_ovly,2023–Aug 2024,2023-11-17,1.191685,0.9070,0.8937,0.8937,0.0000,0,0.0000,0.1343,379.9643,73.2495
tv12%_lb60d_ovly,2023–Aug 2024,2023-11-20,1.204857,0.9070,0.8928,0.8928,0.0000,0,0.0000,0.1344,384.5903,73.2586
tv12%_lb60d_ovly,2023–Aug 2024,2023-11-21,1.198578,0.9070,0.8956,0.8956,0.0000,0,-0.0022,0.1340,382.3561,73.3036
tv12%_lb60d_ovly,2023–Aug 2024,2023-11-22,1.203041,0.9070,0.9158,0.9158,0.0000,0,0.0000,0.1310,383.9210,73.3126
tv12%_lb60d_ovly,2023–Aug 2024,2023-11-24,1.201420,0.9070,0.9175,0.9175,0.0000,0,0.0000,0.1308,383.3797,73.2586
tv12%_lb60d_ovly,2023–Aug 2024,2023-11-27,1.200606,0.9070,0.9173,0.9173,0.0000,0,-0.0018,0.1308,383.0451,73.3487
tv12%_lb60d_ovly,2023–Aug 2024,2023-11-28,1.203666,0.9070,0.9176,0.9176,0.0000,0,-0.0008,0.1308,384.0490,73.4838
tv12%_lb60d_ovly,2023–Aug 2024,2023-11-29,1.202822,0.9070,0.9199,0.9199,0.0000,0,-0.0015,0.1305,383.6750,73.6281
tv12%_lb60d_ovly,2023–Aug 2024,2023-11-30,1.200011,0.9070,0.9242,0.9242,0.0000,0,0.0000,0.1298,382.7104,73.5830
tv12%_lb60d_ovly,2023–Aug 2024,2023-12-01,1.203443,0.9070,0.9223,0.9223,0.0000,0,0.0000,0.1301,383.8029,73.7972
tv12%_lb60d_ovly,2023–Aug 2024,2023-12-04,1.193146,0.9070,0.9186,0.9186,0.0000,0,-0.0052,0.1306,380.2399,73.6887
tv12%_lb60d_ovly,2023–Aug 2024,2023-12-05,1.195999,0.9070,0.9229,0.9229,0.0000,0,-0.0054,0.1300,381.1947,73.7791
tv12%_lb60d_ovly,2023–Aug 2024,2023-12-06,1.189698,0.9070,0.9246,0.9246,0.0000,0,-0.0095,0.1298,378.9899,73.7611
tv12%_lb60d_ovly,2023–Aug 2024,2023-12-07,1.204856,0.9070,0.9187,0.9187,0.0000,0,-0.0019,0.1306,384.2853,73.8153
tv12%_lb60d_ovly,2023–Aug 2024,2023-12-08,1.209479,0.9070,0.9247,0.9247,0.0000,0,0.0000,0.1298,385.9979,73.6526
tv12%_lb60d_ovly,2023–Aug 2024,2023-12-11,1.218877,0.9070,0.9428,0.9428,0.0000,0,0.0000,0.1273,389.2951,73.6707
tv12%_lb60d_ovly,2023–Aug 2024,2023-12-12,1.227695,0.9070,0.9409,0.9409,0.0000,0,0.0000,0.1275,392.3956,73.6797
tv12%_lb60d_ovly,2023–Aug 2024,2023-12-13,1.242430,0.9070,0.9223,0.9223,0.0000,0,0.0000,0.1301,397.3858,74.0503
tv12%_lb60d_ovly,2023–Aug 2024,2023-12-14,1.241652,0.9070,0.9345,0.9345,0.0000,0,0.0000,0.1284,397.0413,74.1773
tv12%_lb60d_ovly,2023–Aug 2024,2023-12-15,1.246968,0.9070,0.9752,0.9752,0.0000,0,-0.0016,0.1230,398.9606,74.0956
tv12%_lb60d_ovly,2023–Aug 2024,2023-12-18,1.253992,0.9752,0.9749,0.9749,0.0000,0,0.0000,0.1231,401.4735,74.0866
tv12%_lb60d_ovly,2023–Aug 2024,2023-12-19,1.260252,0.9752,0.9731,0.9731,0.0000,0,0.0000,0.1233,403.5248,74.1138
tv12%_lb60d_ovly,2023–Aug 2024,2023-12-20,1.242031,0.9752,0.9768,0.9768,0.0000,0,-0.0139,0.1228,397.5286,74.2135
tv12%_lb60d_ovly,2023–Aug 2024,2023-12-21,1.256155,0.9752,0.9690,0.9690,0.0000,0,-0.0045,0.1238,402.1540,74.2861
tv12%_lb60d_ovly,2023–Aug 2024,2023-12-22,1.257999,0.9752,0.9711,0.9711,0.0000,0,-0.0025,0.1236,402.7556,74.3133
tv12%_lb60d_ovly,2023–Aug 2024,2023-12-26,1.265494,0.9752,0.9728,0.9728,0.0000,0,0.0000,0.1234,405.2212,74.2770
tv12%_lb60d_ovly,2023–Aug 2024,2023-12-27,1.268045,0.9752,0.9735,0.9735,0.0000,0,0.0000,0.1233,406.0461,74.3677
tv12%_lb60d_ovly,2023–Aug 2024,2023-12-28,1.267440,0.9752,1.0000,1.0000,0.0000,0,0.0000,0.1191,405.8488,74.3586
tv12%_lb60d_ovly,2023–Aug 2024,2023-12-29,1.262106,0.9752,1.0000,1.0000,0.0000,0,-0.0029,0.1190,404.0923,74.3949
tv12%_lb60d_ovly,2023–Aug 2024,2024-01-02,1.241239,0.9752,1.0000,1.0000,0.0000,0,-0.0085,0.1200,397.2542,74.3043
tv12%_lb60d_ovly,2023–Aug 2024,2024-01-03,1.228438,0.9752,1.0000,1.0000,0.0000,0,-0.0166,0.1199,393.0506,74.3224
tv12%_lb60d_ovly,2023–Aug 2024,2024-01-04,1.222254,0.9752,1.0000,1.0000,0.0000,0,-0.0197,0.1198,391.0278,74.2770
tv12%_lb60d_ovly,2023–Aug 2024,2024-01-05,1.223660,0.9752,1.0000,1.0000,0.0000,0,-0.0184,0.1196,391.4916,74.2589
tv12%_lb60d_ovly,2023–Aug 2024,2024-01-08,1.248350,0.9752,0.9810,0.9810,0.0000,0,-0.0044,0.1223,399.5829,74.3224
tv12%_lb60d_ovly,2023–Aug 2024,2024-01-09,1.250763,0.9752,0.9879,0.9879,0.0000,0,-0.0059,0.1215,400.3723,74.3405
tv12%_lb60d_ovly,2023–Aug 2024,2024-01-10,1.259030,0.9752,0.9919,0.9919,0.0000,0,-0.0003,0.1210,403.0859,74.3405
tv12%_lb60d_ovly,2023–Aug 2024,2024-01-11,1.261657,0.9752,1.0000,1.0000,0.0000,0,-0.0007,0.1197,403.9246,74.5128
tv12%_lb60d_ovly,2023–Aug 2024,2024-01-12,1.262353,0.9752,1.0000,1.0000,0.0000,0,-0.0000,0.1196,404.1318,74.6669
tv12%_lb60d_ovly,2023–Aug 2024,2024-01-16,1.262183,0.9752,1.0000,1.0000,0.0000,0,-0.0037,0.1160,404.0923,74.5491
tv12%_lb60d_ovly,2023–Aug 2024,2024-01-17,1.255179,0.9752,1.0000,1.0000,0.0000,0,-0.0092,0.1150,401.8130,74.4040
tv12%_lb60d_ovly,2023–Aug 2024,2024-01-18,1.272569,0.9752,1.0000,1.0000,0.0000,0,-0.0004,0.1120,407.5164,74.4402
tv12%_lb60d_ovly,2023–Aug 2024,2024-01-19,1.297157,0.9752,1.0000,1.0000,0.0000,0,0.0000,0.1137,415.5978,74.3858
tv12%_lb60d_ovly,2023–Aug 2024,2024-01-22,1.298825,0.9752,1.0000,1.0000,0.0000,0,0.0000,0.1132,416.1406,74.4221
tv12%_lb60d_ovly,2023–Aug 2024,2024-01-23,1.304077,0.9752,1.0000,1.0000,0.0000,0,0.0000,0.1077,417.8673,74.4130
tv12%_lb60d_ovly,2023–Aug 2024,2024-01-24,1.311118,0.9752,1.0000,1.0000,0.0000,0,0.0000,0.1033,420.1862,74.3768
tv12%_lb60d_ovly,2023–Aug 2024,2024-01-25,1.312739,0.9752,1.0000,1.0000,0.0000,0,0.0000,0.1023,420.6993,74.5128
tv12%_lb60d_ovly,2023–Aug 2024,2024-01-26,1.305092,0.9752,1.0000,1.0000,0.0000,0,-0.0013,0.1010,418.1930,74.4675
tv12%_lb60d_ovly,2023–Aug 2024,2024-01-29,1.318157,0.9752,1.0000,1.0000,0.0000,0,0.0000,0.1013,422.4754,74.5400
tv12%_lb60d_ovly,2023–Aug 2024,2024-01-30,1.309581,0.9752,1.0000,1.0000,0.0000,0,-0.0008,0.1002,419.6632,74.4947
tv12%_lb60d_ovly,2023–Aug 2024,2024-01-31,1.284626,0.9752,1.0000,1.0000,0.0000,0,-0.0171,0.1017,411.4436,74.6307
tv12%_lb60d_ovly,2023–Aug 2024,2024-02-01,1.299425,0.9752,1.0000,1.0000,0.0000,0,-0.0042,0.1031,416.2885,74.7417
tv12%_lb60d_ovly,2023–Aug 2024,2024-02-02,1.320740,0.9752,1.0000,1.0000,0.0000,0,0.0000,0.1046,423.3240,74.5052
tv12%_lb60d_ovly,2023–Aug 2024,2024-02-05,1.318995,0.9752,1.0000,1.0000,0.0000,0,-0.0036,0.1052,422.7715,74.3597
tv12%_lb60d_ovly,2023–Aug 2024,2024-02-06,1.316465,0.9752,1.0000,1.0000,0.0000,0,-0.0007,0.1052,421.9228,74.4779
tv12%_lb60d_ovly,2023–Aug 2024,2024-02-07,1.329664,0.9752,1.0000,1.0000,0.0000,0,0.0000,0.1039,426.2646,74.4506
tv12%_lb60d_ovly,2023–Aug 2024,2024-02-08,1.332058,0.9752,1.0000,1.0000,0.0000,0,0.0000,0.1003,427.0539,74.4324
tv12%_lb60d_ovly,2023–Aug 2024,2024-02-09,1.344832,0.9752,1.0000,1.0000,0.0000,0,0.0000,0.1004,431.2575,74.4051
tv12%_lb60d_ovly,2023–Aug 2024,2024-02-12,1.339705,0.9752,1.0000,1.0000,0.0000,0,-0.0004,0.0941,429.5701,74.4142
tv12%_lb60d_ovly,2023–Aug 2024,2024-02-13,1.319222,0.9752,1.0000,1.0000,0.0000,0,-0.0142,0.0994,422.8701,74.1778
tv12%_lb60d_ovly,2023–Aug 2024,2024-02-14,1.333289,0.9752,1.0000,1.0000,0.0000,0,-0.0052,0.1006,427.4782,74.2869
tv12%_lb60d_ovly,2023–Aug 2024,2024-02-15,1.337194,0.9752,1.0000,1.0000,0.0000,0,0.0000,0.1011,428.7512,74.3597
tv12%_lb60d_ovly,2023–Aug 2024,2024-02-16,1.325328,0.9752,1.0000,1.0000,0.0000,0,-0.0050,0.1014,424.8634,74.2687
tv12%_lb60d_ovly,2023–Aug 2024,2024-02-20,1.315592,0.9752,1.0000,1.0000,0.0000,0,-0.0105,0.1021,421.6564,74.3142
tv12%_lb60d_ovly,2023–Aug 2024,2024-02-21,1.310430,0.9752,1.0000,1.0000,0.0000,0,-0.0096,0.1020,419.9691,74.2505
tv12%_lb60d_ovly,2023–Aug 2024,2024-02-22,1.347840,0.9752,1.0000,1.0000,0.0000,0,0.0000,0.1091,432.2639,74.2414
tv12%_lb60d_ovly,2023–Aug 2024,2024-02-23,1.343985,0.9752,1.0000,1.0000,0.0000,0,0.0000,0.1089,430.9911,74.2778
tv12%_lb60d_ovly,2023–Aug 2024,2024-02-26,1.343271,0.9752,1.0000,1.0000,0.0000,0,-0.0037,0.1095,430.7641,74.2232
tv12%_lb60d_ovly,2023–Aug 2024,2024-02-27,1.346421,0.9752,1.0000,1.0000,0.0000,0,-0.0018,0.1093,431.8001,74.2232
tv12%_lb60d_ovly,2023–Aug 2024,2024-02-28,1.339463,0.9752,1.0000,1.0000,0.0000,0,-0.0031,0.1095,429.5011,74.2960
tv12%_lb60d_ovly,2023–Aug 2024,2024-02-29,1.350677,0.9752,1.0000,1.0000,0.0000,0,0.0000,0.1092,433.1816,74.3415
tv12%_lb60d_ovly,2023–Aug 2024,2024-03-01,1.370576,0.9752,1.0000,1.0000,0.0000,0,0.0000,0.1093,439.7040,74.4874
tv12%_lb60d_ovly,2023–Aug 2024,2024-03-04,1.365773,0.9752,1.0000,1.0000,0.0000,0,-0.0011,0.1094,438.1351,74.4144
tv12%_lb60d_ovly,2023–Aug 2024,2024-03-05,1.341891,0.9752,1.0000,1.0000,0.0000,0,-0.0111,0.1115,430.2707,74.4692
tv12%_lb60d_ovly,2023–Aug 2024,2024-03-06,1.350122,0.9752,1.0000,1.0000,0.0000,0,-0.0060,0.1110,432.9745,74.4874
tv12%_lb60d_ovly,2023–Aug 2024,2024-03-07,1.370147,0.9752,1.0000,1.0000,0.0000,0,0.0000,0.1121,439.5462,74.5786
tv12%_lb60d_ovly,2023–Aug 2024,2024-03-08,1.350876,0.9752,1.0000,1.0000,0.0000,0,-0.0060,0.1132,433.2014,74.6151
tv12%_lb60d_ovly,2023–Aug 2024,2024-03-11,1.345956,0.9752,1.0000,1.0000,0.0000,0,-0.0069,0.1132,431.5929,74.5513
tv12%_lb60d_ovly,2023–Aug 2024,2024-03-12,1.364740,0.9752,1.0000,1.0000,0.0000,0,0.0000,0.1120,437.7799,74.4783
tv12%_lb60d_ovly,2023–Aug 2024,2024-03-13,1.354494,0.9752,1.0000,1.0000,0.0000,0,-0.0016,0.1121,434.4151,74.4418
tv12%_lb60d_ovly,2023–Aug 2024,2024-03-14,1.351134,0.9752,1.0000,1.0000,0.0000,0,-0.0035,0.1122,433.3198,74.3779
tv12%_lb60d_ovly,2023–Aug 2024,2024-03-15,1.335451,0.9752,1.0000,1.0000,0.0000,0,-0.0104,0.1132,428.1690,74.3324
tv12%_lb60d_ovly,2023–Aug 2024,2024-03-18,1.347876,0.9752,1.0000,1.0000,0.0000,0,-0.0045,0.1131,432.2526,74.3415
tv12%_lb60d_ovly,2023–Aug 2024,2024-03-19,1.351180,0.9752,1.0000,1.0000,0.0000,0,0.0000,0.1089,433.3295,74.4053
tv12%_lb60d_ovly,2023–Aug 2024,2024-03-20,1.366857,0.9752,1.0000,1.0000,0.0000,0,0.0000,0.1088,438.4674,74.5239
tv12%_lb60d_ovly,2023–Aug 2024,2024-03-21,1.373165,0.9752,1.0000,1.0000,0.0000,0,0.0000,0.1089,440.5423,74.5239
tv12%_lb60d_ovly,2023–Aug 2024,2024-03-22,1.374722,0.9752,1.0000,1.0000,0.0000,0,-0.0019,0.1090,441.0462,74.5786
tv12%_lb60d_ovly,2023–Aug 2024,2024-03-25,1.369839,0.9752,1.0000,1.0000,0.0000,0,-0.0047,0.1093,439.4456,74.5421
tv12%_lb60d_ovly,2023–Aug 2024,2024-03-26,1.365522,0.9752,1.0000,1.0000,0.0000,0,-0.0065,0.1095,438.0228,74.5604
tv12%_lb60d_ovly,2023–Aug 2024,2024-03-27,1.370096,0.9752,1.0000,1.0000,0.0000,0,0.0000,0.1100,439.5147,74.6425
tv12%_lb60d_ovly,2023–Aug 2024,2024-03-28,1.367612,0.9752,1.0000,1.0000,0.0000,0,-0.0002,0.1091,438.7046,74.5969
tv12%_lb60d_ovly,2023–Aug 2024,2024-04-01,1.370365,0.9752,1.0000,1.0000,0.0000,0,-0.0019,0.1073,439.6334,74.4413
tv12%_lb60d_ovly,2023–Aug 2024,2024-04-02,1.358848,0.9752,1.0000,1.0000,0.0000,0,-0.0083,0.1082,435.8392,74.4779
tv12%_lb60d_ovly,2023–Aug 2024,2024-04-03,1.361847,0.9752,1.0000,1.0000,0.0000,0,-0.0072,0.1082,436.8174,74.5328
tv12%_lb60d_ovly,2023–Aug 2024,2024-04-04,1.341572,0.9752,1.0000,1.0000,0.0000,0,-0.0193,0.1088,430.1381,74.6060
tv12%_lb60d_ovly,2023–Aug 2024,2024-04-05,1.356937,0.9752,1.0000,1.0000,0.0000,0,-0.0091,0.1102,435.2068,74.4870
tv12%_lb60d_ovly,2023–Aug 2024,2024-04-08,1.357294,0.9752,1.0000,1.0000,0.0000,0,-0.0085,0.1099,435.3353,74.4138
tv12%_lb60d_ovly,2023–Aug 2024,2024-04-09,1.362224,0.9752,1.0000,1.0000,0.0000,0,-0.0074,0.1098,436.9458,74.4870
tv12%_lb60d_ovly,2023–Aug 2024,2024-04-10,1.350492,0.9752,1.0000,1.0000,0.0000,0,-0.0173,0.1123,433.1319,74.1851
tv12%_lb60d_ovly,2023–Aug 2024,2024-04-11,1.371564,0.9752,1.0000,1.0000,0.0000,0,-0.0099,0.1126,440.0483,74.2766
tv12%_lb60d_ovly,2023–Aug 2024,2024-04-12,1.350261,0.9752,1.0000,1.0000,0.0000,0,-0.0235,0.1160,433.0331,74.3223
tv12%_lb60d_ovly,2023–Aug 2024,2024-04-15,1.328586,0.9752,1.0000,1.0000,0.0000,0,-0.0358,0.1184,425.9093,74.2949
tv12%_lb60d_ovly,2023–Aug 2024,2024-04-16,1.328686,0.9752,1.0000,1.0000,0.0000,0,-0.0375,0.1162,425.9488,74.2491
tv12%_lb60d_ovly,2023–Aug 2024,2024-04-17,1.312900,0.9752,1.0000,1.0000,0.0000,0,-0.0432,0.1169,420.7516,74.3040
tv12%_lb60d_ovly,2023–Aug 2024,2024-04-18,1.305578,0.9752,1.0000,1.0000,0.0000,0,-0.0452,0.1169,418.3507,74.2674
tv12%_lb60d_ovly,2023–Aug 2024,2024-04-19,1.279244,0.9752,1.0000,1.0000,0.0000,0,-0.0535,0.1185,409.6954,74.2857
tv12%_lb60d_ovly,2023–Aug 2024,2024-04-22,1.291806,0.9752,1.0000,1.0000,0.0000,0,-0.0448,0.1194,413.8155,74.3223
tv12%_lb60d_ovly,2023–Aug 2024,2024-04-23,1.310633,0.9752,0.9869,0.9869,0.0000,0,-0.0335,0.1216,419.9909,74.3864
tv12%_lb60d_ovly,2023–Aug 2024,2024-04-24,1.314951,0.9752,0.9944,0.9944,0.0000,0,-0.0339,0.1207,421.4137,74.3589
tv12%_lb60d_ovly,2023–Aug 2024,2024-04-25,1.308733,0.9752,0.9919,0.9919,0.0000,0,-0.0374,0.1210,419.3783,74.3040
tv12%_lb60d_ovly,2023–Aug 2024,2024-04-26,1.328437,0.9752,1.0000,1.0000,0.0000,0,-0.0266,0.1171,425.8501,74.3223
tv12%_lb60d_ovly,2023–Aug 2024,2024-04-29,1.333713,0.9752,1.0000,1.0000,0.0000,0,-0.0180,0.1145,427.5791,74.3589
tv12%_lb60d_ovly,2023–Aug 2024,2024-04-30,1.309147,0.9752,1.0000,1.0000,0.0000,0,-0.0336,0.1177,419.5166,74.2674
tv12%_lb60d_ovly,2023–Aug 2024,2024-05-01,1.299981,0.9752,1.0000,1.0000,0.0000,0,-0.0365,0.1176,416.4832,74.4161
tv12%_lb60d_ovly,2023–Aug 2024,2024-05-02,1.316210,0.9752,1.0000,1.0000,0.0000,0,-0.0275,0.1189,421.7990,74.5263
tv12%_lb60d_ovly,2023–Aug 2024,2024-05-03,1.342060,0.9752,0.9971,0.9971,0.0000,0,-0.0155,0.1203,430.2765,74.6457
tv12%_lb60d_ovly,2023–Aug 2024,2024-05-06,1.356392,0.9752,0.9835,0.9835,0.0000,0,-0.0053,0.1220,434.9895,74.6365
tv12%_lb60d_ovly,2023–Aug 2024,2024-05-07,1.356607,0.9752,0.9873,0.9873,0.0000,0,-0.0017,0.1215,435.0587,74.6457
tv12%_lb60d_ovly,2023–Aug 2024,2024-05-08,1.355817,0.9752,0.9874,0.9874,0.0000,0,-0.0016,0.1215,434.8017,74.6273
tv12%_lb60d_ovly,2023–Aug 2024,2024-05-09,1.358730,0.9752,1.0000,1.0000,0.0000,0,0.0000,0.1182,435.7502,74.6916
tv12%_lb60d_ovly,2023–Aug 2024,2024-05-10,1.361826,0.9752,1.0000,1.0000,0.0000,0,0.0000,0.1170,436.7779,74.6273
tv12%_lb60d_ovly,2023–Aug 2024,2024-05-13,1.364899,0.9752,1.0000,1.0000,0.0000,0,0.0000,0.1163,437.7856,74.6457
tv12%_lb60d_ovly,2023–Aug 2024,2024-05-14,1.373494,0.9752,1.0000,1.0000,0.0000,0,0.0000,0.1159,440.6016,74.7191
tv12%_lb60d_ovly,2023–Aug 2024,2024-05-15,1.394493,0.9752,1.0000,1.0000,0.0000,0,0.0000,0.1175,447.4883,74.8568
tv12%_lb60d_ovly,2023–Aug 2024,2024-05-16,1.391705,0.9752,1.0000,1.0000,0.0000,0,-0.0021,0.1177,446.5793,74.8018
tv12%_lb60d_ovly,2023–Aug 2024,2024-05-17,1.391023,0.9752,1.0000,1.0000,0.0000,0,-0.0006,0.1105,446.3620,74.7558
tv12%_lb60d_ovly,2023–Aug 2024,2024-05-20,1.400473,0.9752,1.0000,1.0000,0.0000,0,0.0000,0.1105,449.4743,74.7375
tv12%_lb60d_ovly,2023–Aug 2024,2024-05-21,1.403162,0.9752,1.0000,1.0000,0.0000,0,0.0000,0.1102,450.3536,74.7742
tv12%_lb60d_ovly,2023–Aug 2024,2024-05-22,1.402867,0.9752,1.0000,1.0000,0.0000,0,-0.0029,0.1104,450.2647,74.7191
tv12%_lb60d_ovly,2023–Aug 2024,2024-05-23,1.396695,0.9752,1.0000,1.0000,0.0000,0,-0.0102,0.1116,448.2392,74.6824
tv12%_lb60d_ovly,2023–Aug 2024,2024-05-24,1.409589,0.9752,1.0000,1.0000,0.0000,0,-0.0036,0.1121,452.4780,74.7100
tv12%_lb60d_ovly,2023–Aug 2024,2024-05-28,1.414752,0.9752,1.0000,1.0000,0.0000,0,-0.0029,0.1107,454.1873,74.6457
tv12%_lb60d_ovly,2023–Aug 2024,2024-05-29,1.405014,0.9752,1.0000,1.0000,0.0000,0,-0.0099,0.1117,450.9860,74.6181
tv12%_lb60d_ovly,2023–Aug 2024,2024-05-30,1.390373,0.9752,1.0000,1.0000,0.0000,0,-0.0165,0.1106,446.1544,74.7008
tv12%_lb60d_ovly,2023–Aug 2024,2024-05-31,1.387897,0.9752,1.0000,1.0000,0.0000,0,-0.0075,0.1116,445.3245,74.8018
tv12%_lb60d_ovly,2023–Aug 2024,2024-06-03,1.395204,0.9752,1.0000,1.0000,0.0000,0,-0.0067,0.1099,447.7156,74.8865
tv12%_lb60d_ovly,2023–Aug 2024,2024-06-04,1.398961,0.9752,1.0000,1.0000,0.0000,0,-0.0056,0.1091,448.9408,74.9602
tv12%_lb60d_ovly,2023–Aug 2024,2024-06-05,1.426499,0.9752,1.0000,1.0000,0.0000,0,0.0000,0.1114,457.9913,75.0339
tv12%_lb60d_ovly,2023–Aug 2024,2024-06-06,1.426023,0.9752,1.0000,1.0000,0.0000,0,-0.0000,0.1095,457.8332,75.0431
tv12%_lb60d_ovly,2023–Aug 2024,2024-06-07,1.424702,0.9752,1.0000,1.0000,0.0000,0,-0.0012,0.1095,457.4281,74.8497
tv12%_lb60d_ovly,2023–Aug 2024,2024-06-10,1.430318,0.9752,1.0000,1.0000,0.0000,0,0.0000,0.1094,459.2757,74.8589
tv12%_lb60d_ovly,2023–Aug 2024,2024-06-11,1.439930,0.9752,1.0000,1.0000,0.0000,0,0.0000,0.1083,462.4277,74.9418
tv12%_lb60d_ovly,2023–Aug 2024,2024-06-12,1.458371,0.9752,1.0000,1.0000,0.0000,0,0.0000,0.1089,468.4844,75.0431
tv12%_lb60d_ovly,2023–Aug 2024,2024-06-13,1.466137,0.9752,1.0000,1.0000,0.0000,0,0.0000,0.1085,471.0237,75.1628
tv12%_lb60d_ovly,2023–Aug 2024,2024-06-14,1.473550,0.9752,1.0000,1.0000,0.0000,0,0.0000,0.1071,473.4642,75.1721
tv12%_lb60d_ovly,2023–Aug 2024,2024-06-17,1.491118,0.9752,1.0000,1.0000,0.0000,0,0.0000,0.1080,479.2640,75.0984
tv12%_lb60d_ovly,2023–Aug 2024,2024-06-18,1.491617,0.9752,1.0000,1.0000,0.0000,0,0.0000,0.1079,479.4123,75.1997
tv12%_lb60d_ovly,2023–Aug 2024,2024-06-20,1.480391,0.9752,1.0000,1.0000,0.0000,0,-0.0027,0.1079,475.7169,75.1721
tv12%_lb60d_ovly,2023–Aug 2024,2024-06-21,1.476537,0.9752,1.0000,1.0000,0.0000,0,-0.0041,0.1078,474.4424,75.1997
tv12%_lb60d_ovly,2023–Aug 2024,2024-06-24,1.460148,0.9752,1.0000,1.0000,0.0000,0,-0.0073,0.1070,469.0410,75.2089
tv12%_lb60d_ovly,2023–Aug 2024,2024-06-25,1.476436,0.9752,1.0000,1.0000,0.0000,0,-0.0035,0.1072,474.4048,75.2181
tv12%_lb60d_ovly,2023–Aug 2024,2024-06-26,1.479374,0.9752,1.0000,1.0000,0.0000,0,-0.0022,0.1070,475.3845,75.1444
tv12%_lb60d_ovly,2023–Aug 2024,2024-06-27,1.483125,0.9752,1.0000,1.0000,0.0000,0,-0.0007,0.1060,476.6116,75.1997
tv12%_lb60d_ovly,2023–Aug 2024,2024-06-28,1.475621,0.9752,1.0000,1.0000,0.0000,0,-0.0046,0.1065,474.1375,75.2089
tv12%_lb60d_ovly,2023–Aug 2024,2024-07-01,1.484030,0.9752,1.0000,1.0000,0.0000,0,-0.0025,0.1029,476.9184,75.1442
tv12%_lb60d_ovly,2023–Aug 2024,2024-07-02,1.499257,0.9752,1.0000,1.0000,0.0000,0,0.0000,0.1018,481.9259,75.2089
tv12%_lb60d_ovly,2023–Aug 2024,2024-07-03,1.511502,0.9752,1.0000,1.0000,0.0000,0,0.0000,0.1020,485.9437,75.3198
tv12%_lb60d_ovly,2023–Aug 2024,2024-07-05,1.526941,0.9752,1.0000,1.0000,0.0000,0,0.0000,0.1025,491.0106,75.4584
tv12%_lb60d_ovly,2023–Aug 2024,2024-07-08,1.530477,0.9752,1.0000,1.0000,0.0000,0,0.0000,0.0998,492.1784,75.4492
tv12%_lb60d_ovly,2023–Aug 2024,2024-07-09,1.531759,0.9752,1.0000,1.0000,0.0000,0,0.0000,0.0989,492.6039,75.4307
tv12%_lb60d_ovly,2023–Aug 2024,2024-07-10,1.547348,0.9752,1.0000,1.0000,0.0000,0,0.0000,0.0953,497.7400,75.4584
tv12%_lb60d_ovly,2023–Aug 2024,2024-07-11,1.514344,0.9752,1.0000,1.0000,0.0000,0,-0.0086,0.0931,486.8245,75.6340
tv12%_lb60d_ovly,2023–Aug 2024,2024-07-12,1.523075,0.9752,1.0000,1.0000,0.0000,0,-0.0024,0.0933,489.6845,75.7449
tv12%_lb60d_ovly,2023–Aug 2024,2024-07-15,1.527068,0.9752,1.0000,1.0000,0.0000,0,0.0000,0.0919,491.0007,75.7449
tv12%_lb60d_ovly,2023–Aug 2024,2024-07-16,1.527652,0.9752,1.0000,1.0000,0.0000,0,0.0000,0.0919,491.1888,75.7726
tv12%_lb60d_ovly,2023–Aug 2024,2024-07-17,1.483923,0.9752,1.0000,1.0000,0.0000,0,-0.0140,0.0952,476.7700,75.7819
tv12%_lb60d_ovly,2023–Aug 2024,2024-07-18,1.477057,0.9752,1.0000,1.0000,0.0000,0,-0.0216,0.0960,474.5136,75.7449
tv12%_lb60d_ovly,2023–Aug 2024,2024-07-19,1.464271,0.9752,1.0000,1.0000,0.0000,0,-0.0281,0.0952,470.3077,75.7080
tv12%_lb60d_ovly,2023–Aug 2024,2024-07-22,1.485550,0.9752,1.0000,1.0000,0.0000,0,-0.0181,0.0968,477.3143,75.7172
tv12%_lb60d_ovly,2023–Aug 2024,2024-07-23,1.480461,0.9752,1.0000,1.0000,0.0000,0,-0.0196,0.0964,475.6319,75.7542
tv12%_lb60d_ovly,2023–Aug 2024,2024-07-24,1.428690,0.9752,1.0000,1.0000,0.0000,0,-0.0418,0.1074,458.5708,75.7911
tv12%_lb60d_ovly,2023–Aug 2024,2024-07-25,1.413330,0.9752,1.0000,1.0000,0.0000,0,-0.0468,0.1081,453.5139,75.8004
tv12%_lb60d_ovly,2023–Aug 2024,2024-07-26,1.427513,0.9752,1.0000,1.0000,0.0000,0,-0.0362,0.1041,458.1650,75.9020
tv12%_lb60d_ovly,2023–Aug 2024,2024-07-29,1.430313,0.9752,1.0000,1.0000,0.0000,0,-0.0356,0.1037,459.0854,75.9113
tv12%_lb60d_ovly,2023–Aug 2024,2024-07-30,1.411173,0.9752,1.0000,1.0000,0.0000,0,-0.0405,0.1032,452.7815,75.9390
tv12%_lb60d_ovly,2023–Aug 2024,2024-07-31,1.451972,0.9752,1.0000,1.0000,0.0000,0,-0.0249,0.1053,466.1810,76.0961
tv12%_lb60d_ovly,2023–Aug 2024,2024-08-01,1.417737,0.9752,1.0000,1.0000,0.0000,0,-0.0387,0.1083,454.8894,76.2278
tv12%_lb60d_ovly,2023–Aug 2024,2024-08-02,1.385117,0.9752,1.0000,1.0000,0.0000,0,-0.0566,0.1156,444.0927,76.6543
tv12%_lb60d_ovly,2023–Aug 2024,2024-08-05,1.344833,0.9752,0.9160,0.9160,0.0000,0,-0.0841,0.1310,430.8515,76.6357
tv12%_lb60d_ovly,2023–Aug 2024,2024-08-06,1.357244,0.9160,0.9103,0.9103,0.0000,0,-0.0756,0.1318,434.9684,76.5431
tv12%_lb60d_ovly,2023–Aug 2024,2024-08-07,1.343711,0.9160,1.0000,0.9054,0.2500,0,-0.0818,0.1325,430.2577,76.4967
tv12%_lb60d_ovly,2023–Aug 2024,2024-08-08,1.381194,1.0000,1.0000,0.8536,0.2500,0,-0.0606,0.1406,443.4197,76.4596
tv12%_lb60d_ovly,2023–Aug 2024,2024-08-09,1.388407,1.0000,1.0000,0.8537,0.2500,0,-0.0564,0.1406,445.7355,76.4781
tv12%_lb60d_ovly,2023–Aug 2024,2024-08-12,1.391397,1.0000,1.0000,0.8674,0.2500,0,-0.0559,0.1383,446.6954,76.5245
tv12%_lb60d_ovly,2023–Aug 2024,2024-08-13,1.425921,1.0000,0.8442,0.8442,0.0000,0,-0.0268,0.1421,457.7791,76.6450
tv12%_lb60d_ovly,2023–Aug 2024,2024-08-14,1.426161,0.8442,0.8436,0.8436,0.0000,0,-0.0197,0.1422,457.9276,76.6357
tv12%_lb60d_ovly,2023–Aug 2024,2024-08-15,1.456039,0.8442,0.8208,0.8208,0.0000,0,-0.0028,0.1462,469.4962,76.4503
tv12%_lb60d_ovly,2023–Aug 2024,2024-08-16,1.457867,0.8442,0.8208,0.8208,0.0000,0,-0.0006,0.1462,470.0999,76.5338
tv12%_lb60d_ovly,2023–Aug 2024,2024-08-19,1.473979,0.8442,0.8159,0.8159,0.0000,0,0.0000,0.1471,476.2752,76.5152
tv12%_lb60d_ovly,2023–Aug 2024,2024-08-20,1.471702,0.8442,0.8210,0.8210,0.0000,0,-0.0016,0.1462,475.2757,76.6265
tv12%_lb60d_ovly,2023–Aug 2024,2024-08-21,1.477746,0.8442,0.8230,0.8230,0.0000,0,0.0000,0.1458,477.4923,76.7100
tv12%_lb60d_ovly,2023–Aug 2024,2024-08-22,1.457661,0.8442,0.8167,0.8167,0.0000,0,-0.0078,0.1469,469.9218,76.6079
tv12%_lb60d_ovly,2023–Aug 2024,2024-08-23,1.471529,0.8442,0.8145,0.8145,0.0000,0,0.0000,0.1473,475.0184,76.7841
tv12%_lb60d_ovly,2023–Aug 2024,2024-08-26,1.459358,0.8442,0.8185,0.8185,0.0000,0,-0.0024,0.1466,470.4067,76.7470
tv12%_lb60d_ovly,2023–Aug 2024,2024-08-27,1.463176,0.8442,0.8236,0.8236,0.0000,0,-0.0010,0.1457,471.8120,76.7934
tv12%_lb60d_ovly,2023–Aug 2024,2024-08-28,1.449132,0.8442,0.8197,0.8197,0.0000,0,-0.0068,0.1464,466.4581,76.7841
tv12%_lb60d_ovly,2023–Aug 2024,2024-08-29,1.447314,0.8442,0.8197,0.8197,0.0000,0,-0.0067,0.1464,465.7753,76.7748
tv12%_lb60d_ovly,2023–Aug 2024,2024-08-30,1.461877,0.8442,0.8234,0.8234,0.0000,0,0.0000,0.1457,471.3270,76.7748
tv12%_lb60d_ovly,Aug 2024–Aug 2026,2024-08-01,1.000000,0.0000,0.0000,0.0000,0.0000,0,0.0000,0.0000,454.8895,76.2278
tv12%_lb60d_ovly,Aug 2024–Aug 2026,2024-08-02,1.005595,0.0000,0.0000,0.0000,0.0000,0,0.0000,0.0000,444.0927,76.6543
tv12%_lb60d_ovly,Aug 2024–Aug 2026,2024-08-05,1.005352,0.0000,0.0000,0.0000,0.0000,0,0.0000,0.0000,430.8515,76.6358
tv12%_lb60d_ovly,Aug 2024–Aug 2026,2024-08-06,1.004136,0.0000,0.0000,0.0000,0.0000,0,0.0000,0.0000,434.9684,76.5430
tv12%_lb60d_ovly,Aug 2024–Aug 2026,2024-08-07,1.003527,0.0000,0.0000,0.0000,0.0000,0,0.0000,0.0000,430.2577,76.4967
tv12%_lb60d_ovly,Aug 2024–Aug 2026,2024-08-08,1.003041,0.0000,0.0000,0.0000,0.0000,0,0.0000,0.0000,443.4197,76.4596
tv12%_lb60d_ovly,Aug 2024–Aug 2026,2024-08-09,1.003284,0.0000,0.0000,0.0000,0.0000,0,0.0000,0.0000,445.7354,76.4781
tv12%_lb60d_ovly,Aug 2024–Aug 2026,2024-08-12,1.003892,0.0000,0.0000,0.0000,0.0000,0,0.0000,0.0000,446.6953,76.5245
tv12%_lb60d_ovly,Aug 2024–Aug 2026,2024-08-13,1.005473,0.0000,0.0000,0.0000,0.0000,0,0.0000,0.0000,457.7791,76.6450
tv12%_lb60d_ovly,Aug 2024–Aug 2026,2024-08-14,1.005352,0.0000,0.0000,0.0000,0.0000,0,0.0000,0.0000,457.9276,76.6358
tv12%_lb60d_ovly,Aug 2024–Aug 2026,2024-08-15,1.002919,0.0000,0.0000,0.0000,0.0000,0,0.0000,0.0000,469.4962,76.4503
tv12%_lb60d_ovly,Aug 2024–Aug 2026,2024-08-16,1.004014,0.0000,0.0000,0.0000,0.0000,0,0.0000,0.0000,470.0999,76.5338
tv12%_lb60d_ovly,Aug 2024–Aug 2026,2024-08-19,1.003771,0.0000,0.0000,0.0000,0.0000,0,0.0000,0.0000,476.2751,76.5152
tv12%_lb60d_ovly,Aug 2024–Aug 2026,2024-08-20,1.005230,0.0000,0.0000,0.0000,0.0000,0,0.0000,0.0000,475.2756,76.6265
tv12%_lb60d_ovly,Aug 2024–Aug 2026,2024-08-21,1.006325,0.0000,0.0000,0.0000,0.0000,0,0.0000,0.0000,477.4924,76.7099
tv12%_lb60d_ovly,Aug 2024–Aug 2026,2024-08-22,1.004987,0.0000,0.0000,0.0000,0.0000,0,0.0000,0.0000,469.9218,76.6079
tv12%_lb60d_ovly,Aug 2024–Aug 2026,2024-08-23,1.007298,0.0000,0.0000,0.0000,0.0000,0,0.0000,0.0000,475.0183,76.7841
tv12%_lb60d_ovly,Aug 2024–Aug 2026,2024-08-26,1.006811,0.0000,0.0000,0.0000,0.0000,0,0.0000,0.0000,470.4067,76.7470
tv12%_lb60d_ovly,Aug 2024–Aug 2026,2024-08-27,1.007420,0.0000,0.0000,0.0000,0.0000,0,0.0000,0.0000,471.8120,76.7934
tv12%_lb60d_ovly,Aug 2024–Aug 2026,2024-08-28,1.007298,0.0000,0.0000,0.0000,0.0000,0,-0.0068,0.0000,466.4581,76.7841
tv12%_lb60d_ovly,Aug 2024–Aug 2026,2024-08-29,1.007176,0.0000,0.0000,0.0000,0.0000,0,-0.0067,0.0000,465.7753,76.7748
tv12%_lb60d_ovly,Aug 2024–Aug 2026,2024-08-30,1.007176,0.0000,0.0000,0.0000,0.0000,0,0.0000,0.0000,471.3270,76.7748
tv12%_lb60d_ovly,Aug 2024–Aug 2026,2024-09-03,1.008251,0.0000,0.0000,0.0000,0.0000,0,-0.0206,0.0000,457.0171,76.8567
tv12%_lb60d_ovly,Aug 2024–Aug 2026,2024-09-04,1.010448,0.0000,0.0000,0.0000,0.0000,0,-0.0226,0.0000,455.8296,77.0242
tv12%_lb60d_ovly,Aug 2024–Aug 2026,2024-09-05,1.010814,0.0000,0.0000,0.0000,0.0000,0,-0.0250,0.0000,456.2551,77.0521
tv12%_lb60d_ovly,Aug 2024–Aug 2026,2024-09-06,1.012645,0.0000,0.0000,0.0000,0.0000,0,-0.0414,0.0000,444.0333,77.1917
tv12%_lb60d_ovly,Aug 2024–Aug 2026,2024-09-09,1.012767,0.0000,0.0000,0.0000,0.0000,0,-0.0306,0.0000,449.7434,77.2010
tv12%_lb60d_ovly,Aug 2024–Aug 2026,2024-09-10,1.014232,0.0000,0.0000,0.0000,0.0000,0,-0.0264,0.0000,453.8998,77.3126
tv12%_lb60d_ovly,Aug 2024–Aug 2026,2024-09-11,1.013377,0.0000,0.0000,0.0000,0.0000,0,-0.0164,0.0000,463.7564,77.2475
tv12%_lb60d_ovly,Aug 2024–Aug 2026,2024-09-12,1.013499,0.0000,0.0000,0.0000,0.0000,0,-0.0081,0.0000,468.3087,77.2568
tv12%_lb60d_ovly,Aug 2024–Aug 2026,2024-09-13,1.014964,0.0000,0.0000,0.0000,0.0000,0,-0.0030,0.0000,470.4067,77.3685
tv12%_lb60d_ovly,Aug 2024–Aug 2026,2024-09-16,1.015574,0.0000,0.0000,0.0000,0.0000,0,-0.0015,0.0000,468.3284,77.4150
tv12%_lb60d_ovly,Aug 2024–Aug 2026,2024-09-17,1.014842,0.0000,0.0000,0.0000,0.0000,0,-0.0011,0.0000,468.5759,77.3592
tv12%_lb60d_ovly,Aug 2024–Aug 2026,2024-09-18,1.014476,0.0000,0.0000,0.0000,0.0000,0,-0.0040,0.0000,466.5472,77.3312
tv12%_lb60d_ovly,Aug 2024–Aug 2026,2024-09-19,1.015330,0.0000,0.0000,0.0000,0.0000,0,0.0000,0.0000,478.3434,77.3964
tv12%_lb60d_ovly,Aug 2024–Aug 2026,2024-09-20,1.015697,0.0000,0.0000,0.0000,0.0000,0,-0.0017,0.0000,477.4330,77.4243
tv12%_lb60d_ovly,Aug 2024–Aug 2026,2024-09-23,1.015697,0.0000,0.0000,0.0000,0.0000,0,0.0000,0.0000,478.6985,77.4243
tv12%_lb60d_ovly,Aug 2024–Aug 2026,2024-09-24,1.016673,0.0000,0.0000,0.0000,0.0000,0,0.0000,0.0000,481.0076,77.4987
tv12%_lb60d_ovly,Aug 2024–Aug 2026,2024-09-25,1.015819,0.0000,0.0000,0.0000,0.0000,0,-0.0022,0.0000,481.4536,77.4336
tv12%_lb60d_ovly,Aug 2024–Aug 2026,2024-09-26,1.014842,0.0000,0.0000,0.0000,0.0000,0,0.0000,0.0000,485.0707,77.3592
tv12%_lb60d_ovly,Aug 2024–Aug 2026,2024-09-27,1.016429,0.0000,0.0000,0.0000,0.0000,0,-0.0015,0.0000,482.3752,77.4801
tv12%_lb60d_ovly,Aug 2024–Aug 2026,2024-09-30,1.014964,0.0000,0.0000,0.0000,0.0000,0,0.0000,0.0000,483.6833,77.3685
tv12%_lb60d_ovly,Aug 2024–Aug 2026,2024-10-01,1.015613,0.0000,0.0000,0.0000,0.0000,0,-0.0090,0.0000,476.9444,77.4179
tv12%_lb60d_ovly,Aug 2024–Aug 2026,2024-10-02,1.015368,0.0000,0.0000,0.0000,0.0000,0,-0.0085,0.0000,477.6183,77.3993
tv12%_lb60d_ovly,Aug 2024–Aug 2026,2024-10-03,1.014021,0.0000,0.0000,0.0000,0.0000,0,-0.0104,0.0000,477.2615,77.2966
tv12%_lb60d_ovly,Aug 2024–Aug 2026,2024-10-04,1.010592,0.0000,0.0000,0.0000,0.0000,0,-0.0014,0.0000,482.9401,77.0352
tv12%_lb60d_ovly,Aug 2024–Aug 2026,2024-10-07,1.009245,0.0000,0.0000,0.0000,0.0000,0,-0.0104,0.0000,477.7670,76.9325
tv12%_lb60d_ovly,Aug 2024–Aug 2026,2024-10-08,1.010102,0.0000,0.0000,0.0000,0.0000,0,-0.0010,0.0000,484.9023,76.9979
tv12%_lb60d_ovly,Aug 2024–Aug 2026,2024-10-09,1.009122,0.0000,0.0000,0.0000,0.0000,0,0.0000,0.0000,488.7177,76.9232
tv12%_lb60d_ovly,Aug 2024–Aug 2026,2024-10-10,1.009980,0.0000,0.0000,0.0000,0.0000,0,-0.0018,0.0000,488.1627,76.9885
tv12%_lb60d_ovly,Aug 2024–Aug 2026,2024-10-11,1.010837,0.0000,0.0000,0.0000,0.0000,0,0.0000,0.0000,488.9258,77.0539
tv12%_lb60d_ovly,Aug 2024–Aug 2026,2024-10-14,1.010347,0.0000,0.0000,0.0000,0.0000,0,0.0000,0.0000,493.0286,77.0165
tv12%_lb60d_ovly,Aug 2024–Aug 2026,2024-10-15,1.010837,0.0000,0.0000,0.0000,0.0000,0,-0.0078,0.0000,486.4383,77.0539
tv12%_lb60d_ovly,Aug 2024–Aug 2026,2024-10-16,1.011449,0.0000,0.0000,0.0000,0.0000,0,-0.0035,0.0000,486.4978,77.1005
tv12%_lb60d_ovly,Aug 2024–Aug 2026,2024-10-17,1.010592,0.0000,0.0000,0.0000,0.0000,0,-0.0034,0.0000,486.8347,77.0352
tv12%_lb60d_ovly,Aug 2024–Aug 2026,2024-10-18,1.011449,0.0000,0.0000,0.0000,0.0000,0,0.0000,0.0000,490.0258,77.1005
tv12%_lb60d_ovly,Aug 2024–Aug 2026,2024-10-21,1.009980,0.0000,0.0000,0.0000,0.0000,0,-0.0016,0.0000,490.9673,76.9885
tv12%_lb60d_ovly,Aug 2024–Aug 2026,2024-10-22,1.009858,0.0000,0.0000,0.0000,0.0000,0,-0.0022,0.0000,491.5024,76.9792
tv12%_lb60d_ovly,Aug 2024–Aug 2026,2024-10-23,1.009245,0.0000,0.0000,0.0000,0.0000,0,-0.0113,0.0000,483.9707,76.9325
tv12%_lb60d_ovly,Aug 2024–Aug 2026,2024-10-24,1.009735,0.0000,0.0000,0.0000,0.0000,0,-0.0092,0.0000,487.8951,76.9699
tv12%_lb60d_ovly,Aug 2024–Aug 2026,2024-10-25,1.009368,0.0000,0.8288,0.8288,0.0000,0,-0.0095,0.1448,490.8682,76.9419
tv12%_lb60d_ovly,Aug 2024–Aug 2026,2024-10-28,1.008041,0.8288,0.8649,0.8649,0.0000,0,-0.0064,0.1387,490.9474,76.9045
tv12%_lb60d_ovly,Aug 2024–Aug 2026,2024-10-29,1.016132,0.8288,0.9776,0.9776,0.0000,0,-0.0048,0.1227,495.6647,76.9325
tv12%_lb60d_ovly,Aug 2024–Aug 2026,2024-10-30,1.009469,0.9776,0.9816,0.9816,0.0000,0,-0.0078,0.1222,491.9187,76.8672
tv12%_lb60d_ovly,Aug 2024–Aug 2026,2024-10-31,0.984562,0.9776,0.9309,0.9309,0.0000,0,-0.0273,0.1289,479.5013,76.8858
tv12%_lb60d_ovly,Aug 2024–Aug 2026,2024-11-01,0.991677,0.9776,0.9901,0.9901,0.0000,0,-0.0232,0.1212,483.0490,76.8606
tv12%_lb60d_ovly,Aug 2024–Aug 2026,2024-11-04,0.988869,0.9776,0.9900,0.9900,0.0000,0,-0.0253,0.1212,481.6418,76.9167
tv12%_lb60d_ovly,Aug 2024–Aug 2026,2024-11-05,1.001196,0.9776,0.9738,0.9738,0.0000,0,-0.0135,0.1232,487.7861,76.8980
tv12%_lb60d_ovly,Aug 2024–Aug 2026,2024-11-06,1.027757,0.9776,0.9335,0.9335,0.0000,0,0.0000,0.1286,501.0359,76.8043
tv12%_lb60d_ovly,Aug 2024–Aug 2026,2024-11-07,1.043615,0.9776,0.9292,0.9292,0.0000,0,0.0000,0.1291,508.9243,76.9355
tv12%_lb60d_ovly,Aug 2024–Aug 2026,2024-11-08,1.044791,0.9776,0.9583,0.9583,0.0000,0,0.0000,0.1252,509.5190,76.8793
tv12%_lb60d_ovly,Aug 2024–Aug 2026,2024-11-11,1.044177,0.9776,0.9584,0.9584,0.0000,0,0.0000,0.1252,509.2217,76.8231
tv12%_lb60d_ovly,Aug 2024–Aug 2026,2024-11-12,1.042307,0.9776,0.9649,0.9649,0.0000,0,-0.0031,0.1244,508.3000,76.7481
tv12%_lb60d_ovly,Aug 2024–Aug 2026,2024-11-13,1.041030,0.9776,0.9659,0.9659,0.0000,0,-0.0026,0.1242,507.6460,76.8606
tv12%_lb60d_ovly,Aug 2024–Aug 2026,2024-11-14,1.033923,0.9776,0.9591,0.9591,0.0000,0,-0.0090,0.1251,504.1180,76.7481
tv12%_lb60d_ovly,Aug 2024–Aug 2026,2024-11-15,1.009865,0.9776,0.9446,0.9446,0.0000,0,-0.0217,0.1270,492.1069,76.8324
tv12%_lb60d_ovly,Aug 2024–Aug 2026,2024-11-18,1.016741,0.9776,0.9552,0.9552,0.0000,0,-0.0177,0.1256,495.5259,76.8887
tv12%_lb60d_ovly,Aug 2024–Aug 2026,2024-11-19,1.023579,0.9776,0.9556,0.9556,0.0000,0,-0.0141,0.1256,498.9350,76.8887
tv12%_lb60d_ovly,Aug 2024–Aug 2026,2024-11-20,1.022992,0.9776,0.9556,0.9556,0.0000,0,-0.0138,0.1256,498.6476,76.8512
tv12%_lb60d_ovly,Aug 2024–Aug 2026,2024-11-21,1.026584,0.9776,0.9591,0.9591,0.0000,0,-0.0085,0.1251,500.4413,76.8324
tv12%_lb60d_ovly,Aug 2024–Aug 2026,2024-11-22,1.028191,0.9776,0.9587,0.9587,0.0000,0,-0.0054,0.1252,501.2441,76.8231
tv12%_lb60d_ovly,Aug 2024–Aug 2026,2024-11-25,1.029825,0.9776,0.9674,0.9674,0.0000,0,-0.0021,0.1240,502.0369,76.9730
tv12%_lb60d_ovly,Aug 2024–Aug 2026,2024-11-26,1.035231,0.9776,1.0000,1.0000,0.0000,0,0.0000,0.1157,504.7324,76.9730
tv12%_lb60d_ovly,Aug 2024–Aug 2026,2024-11-27,1.027277,0.9776,1.0000,1.0000,0.0000,0,-0.0030,0.1158,500.7584,77.0198
tv12%_lb60d_ovly,Aug 2024–Aug 2026,2024-11-29,1.036129,0.9776,1.0000,1.0000,0.0000,0,0.0000,0.1159,505.1585,77.1135
tv12%_lb60d_ovly,Aug 2024–Aug 2026,2024-12-02,1.047157,0.9776,1.0000,1.0000,0.0000,0,0.0000,0.1093,510.6586,77.1088
tv12%_lb60d_ovly,Aug 2024–Aug 2026,2024-12-03,1.050299,0.9776,1.0000,1.0000,0.0000,0,0.0000,0.1076,512.2245,77.1182
tv12%_lb60d_ovly,Aug 2024–Aug 2026,2024-12-04,1.063019,0.9776,1.0000,1.0000,0.0000,0,0.0000,0.1079,518.5570,77.2028
tv12%_lb60d_ovly,Aug 2024–Aug 2026,2024-12-05,1.060139,0.9776,1.0000,1.0000,0.0000,0,-0.0016,0.1066,517.1201,77.2028
tv12%_lb60d_ovly,Aug 2024–Aug 2026,2024-12-06,1.069438,0.9776,1.0000,1.0000,0.0000,0,0.0000,0.1057,521.7481,77.2779
tv12%_lb60d_ovly,Aug 2024–Aug 2026,2024-12-09,1.061287,0.9776,1.0000,1.0000,0.0000,0,-0.0051,0.1062,517.6849,77.2497
tv12%_lb60d_ovly,Aug 2024–Aug 2026,2024-12-10,1.057749,0.9776,1.0000,1.0000,0.0000,0,-0.0082,0.1066,515.9209,77.2403
tv12%_lb60d_ovly,Aug 2024–Aug 2026,2024-12-11,1.076256,0.9776,1.0000,1.0000,0.0000,0,-0.0006,0.1074,525.1571,77.2215
tv12%_lb60d_ovly,Aug 2024–Aug 2026,2024-12-12,1.069454,0.9776,1.0000,1.0000,0.0000,0,-0.0057,0.1079,521.7679,77.1839
tv12%_lb60d_ovly,Aug 2024–Aug 2026,2024-12-13,1.077445,0.9776,1.0000,1.0000,0.0000,0,-0.0059,0.1029,525.7617,77.1464
tv12%_lb60d_ovly,Aug 2024–Aug 2026,2024-12-16,1.092617,0.9776,1.0000,1.0000,0.0000,0,-0.0017,0.1029,533.3330,77.1557
tv12%_lb60d_ovly,Aug 2024–Aug 2026,2024-12-17,1.087916,0.9776,1.0000,1.0000,0.0000,0,-0.0058,0.1034,530.9844,77.1651
tv12%_lb60d_ovly,Aug 2024–Aug 2026,2024-12-18,1.049500,0.9776,0.9872,0.9872,0.0000,0,-0.0354,0.1216,511.8280,77.0237
tv12%_lb60d_ovly,Aug 2024–Aug 2026,2024-12-19,1.044957,0.9776,0.9881,0.9881,0.0000,0,-0.0357,0.1214,509.5487,77.1086
tv12%_lb60d_ovly,Aug 2024–Aug 2026,2024-12-20,1.053881,0.9776,0.9716,0.9716,0.0000,0,-0.0241,0.1235,513.9984,77.1180
tv12%_lb60d_ovly,Aug 2024–Aug 2026,2024-12-23,1.063904,0.9776,0.9684,0.9684,0.0000,0,-0.0183,0.1239,519.0061,77.0709
tv12%_lb60d_ovly,Aug 2024–Aug 2026,2024-12-24,1.078020,0.9776,0.9558,0.9558,0.0000,0,-0.0074,0.1256,526.0437,77.1086
tv12%_lb60d_ovly,Aug 2024–Aug 2026,2024-12-26,1.077309,0.9776,0.9687,0.9687,0.0000,0,-0.0073,0.1239,525.6863,77.1274
tv12%_lb60d_ovly,Aug 2024–Aug 2026,2024-12-27,1.063315,0.9776,0.9514,0.9514,0.0000,0,-0.0178,0.1261,518.6984,77.1463
tv12%_lb60d_ovly,Aug 2024–Aug 2026,2024-12-30,1.049524,0.9776,0.9337,0.9337,0.0000,0,-0.0290,0.1285,511.7998,77.2595
tv12%_lb60d_ovly,Aug 2024–Aug 2026,2024-12-31,1.040822,0.9776,0.9404,0.9404,0.0000,0,-0.0325,0.1276,507.4521,77.3066
tv12%_lb60d_ovly,Aug 2024–Aug 2026,2025-01-02,1.038826,0.9776,0.9508,0.9508,0.0000,0,-0.0349,0.1262,506.4595,77.2878
tv12%_lb60d_ovly,Aug 2024–Aug 2026,2025-01-03,1.055446,0.9776,0.9430,0.9430,0.0000,0,-0.0228,0.1273,514.7477,77.2878
tv12%_lb60d_ovly,Aug 2024–Aug 2026,2025-01-06,1.067311,0.9776,0.9446,0.9446,0.0000,0,-0.0172,0.1270,520.6638,77.3066
tv12%_lb60d_ovly,Aug 2024–Aug 2026,2025-01-07,1.048677,0.9776,0.9281,0.9281,0.0000,0,-0.0277,0.1293,511.3729,77.2595
tv12%_lb60d_ovly,Aug 2024–Aug 2026,2025-01-08,1.048871,0.9776,0.9317,0.9317,0.0000,0,-0.0263,0.1288,511.4623,77.3066
tv12%_lb60d_ovly,Aug 2024–Aug 2026,2025-01-10,1.032748,0.9776,0.9112,0.9112,0.0000,0,-0.0412,0.1317,503.4420,77.1651
tv12%_lb60d_ovly,Aug 2024–Aug 2026,2025-01-13,1.029440,0.9112,0.9178,0.9178,0.0000,0,-0.0386,0.1307,501.8240,77.1840
tv12%_lb60d_ovly,Aug 2024–Aug 2026,2025-01-14,1.028572,0.9112,0.9197,0.9197,0.0000,0,-0.0373,0.1305,501.3476,77.2029
tv12%_lb60d_ovly,Aug 2024–Aug 2026,2025-01-15,1.050335,0.9112,0.8851,0.8851,0.0000,0,-0.0198,0.1356,512.8817,77.3726
tv12%_lb60d_ovly,Aug 2024–Aug 2026,2025-01-16,1.043687,0.9112,0.8859,0.8859,0.0000,0,-0.0176,0.1355,509.2885,77.4198
tv12%_lb60d_ovly,Aug 2024–Aug 2026,2025-01-17,1.059715,0.9112,0.8769,0.8769,0.0000,0,-0.0063,0.1368,517.8845,77.4009
tv12%_lb60d_ovly,Aug 2024–Aug 2026,2025-01-21,1.065412,0.9112,0.8697,0.8697,0.0000,0,0.0000,0.1380,520.9218,77.4292
tv12%_lb60d_ovly,Aug 2024–Aug 2026,2025-01-22,1.077801,0.9112,0.8771,0.8771,0.0000,0,0.0000,0.1368,527.5822,77.4103
tv12%_lb60d_ovly,Aug 2024–Aug 2026,2025-01-23,1.079889,0.9112,0.8752,0.8752,0.0000,0,0.0000,0.1371,528.7040,77.4103
tv12%_lb60d_ovly,Aug 2024–Aug 2026,2025-01-24,1.074387,0.9112,0.8739,0.8739,0.0000,0,-0.0029,0.1373,525.7162,77.4575
tv12%_lb60d_ovly,Aug 2024–Aug 2026,2025-01-27,1.046025,0.9112,0.8530,0.8530,0.0000,0,-0.0170,0.1407,510.4101,77.5706
tv12%_lb60d_ovly,Aug 2024–Aug 2026,2025-01-28,1.060073,0.8530,0.8474,0.8474,0.0000,0,-0.0086,0.1416,517.9539,77.5895
tv12%_lb60d_ovly,Aug 2024–Aug 2026,2025-01-29,1.058280,0.8530,0.8462,0.8462,0.0000,0,-0.0130,0.1418,516.9812,77.5424
tv12%_lb60d_ovly,Aug 2024–Aug 2026,2025-01-30,1.062222,0.8530,0.8854,0.8854,0.0000,0,-0.0077,0.1355,519.1848,77.5895
tv12%_lb60d_ovly,Aug 2024–Aug 2026,2025-01-31,1.060925,0.8530,0.8823,0.8823,0.0000,0,-0.0130,0.1360,518.4304,77.5989
tv12%_lb60d_ovly,Aug 2024–Aug 2026,2025-02-03,1.053573,0.8530,0.8774,0.8774,0.0000,0,-0.0196,0.1368,514.2812,77.5450
tv12%_lb60d_ovly,Aug 2024–Aug 2026,2025-02-04,1.064757,0.8530,0.8867,0.8867,0.0000,0,-0.0131,0.1353,520.5942,77.6207
tv12%_lb60d_ovly,Aug 2024–Aug 2026,2025-02-05,1.068974,0.8530,0.9512,0.9512,0.0000,0,-0.0091,0.1262,522.9567,77.6680
tv12%_lb60d_ovly,Aug 2024–Aug 2026,2025-02-06,1.073570,0.9512,0.9569,0.9569,0.0000,0,-0.0056,0.1254,525.6863,77.6396
tv12%_lb60d_ovly,Aug 2024–Aug 2026,2025-02-07,1.060632,0.9512,0.9476,0.9476,0.0000,0,-0.0147,0.1266,519.0557,77.5545
tv12%_lb60d_ovly,Aug 2024–Aug 2026,2025-02-10,1.072870,0.9512,0.9423,0.9423,0.0000,0,-0.0080,0.1274,525.3389,77.5923
tv12%_lb60d_ovly,Aug 2024–Aug 2026,2025-02-11,1.070428,0.9512,0.9436,0.9436,0.0000,0,-0.0073,0.1272,524.0883,77.5734
tv12%_lb60d_ovly,Aug 2024–Aug 2026,2025-02-12,1.070956,0.9512,0.9421,0.9421,0.0000,0,-0.0105,0.1274,524.3960,77.4693
tv12%_lb60d_ovly,Aug 2024–Aug 2026,2025-02-13,1.085681,0.9512,0.9353,0.9353,0.0000,0,-0.0000,0.1283,531.9398,77.5734
tv12%_lb60d_ovly,Aug 2024–Aug 2026,2025-02-14,1.090088,0.9512,0.9581,0.9581,0.0000,0,-0.0001,0.1252,534.1732,77.6775
tv12%_lb60d_ovly,Aug 2024–Aug 2026,2025-02-18,1.092394,0.9512,0.9590,0.9590,0.0000,0,0.0000,0.1251,535.3842,77.6112
tv12%_lb60d_ovly,Aug 2024–Aug 2026,2025-02-19,1.092722,0.9512,0.9598,0.9598,0.0000,0,0.0000,0.1250,535.5331,77.6680
tv12%_lb60d_ovly,Aug 2024–Aug 2026,2025-02-20,1.088316,0.9512,0.9568,0.9568,0.0000,0,-0.0042,0.1254,533.2599,77.6775
tv12%_lb60d_ovly,Aug 2024–Aug 2026,2025-02-21,1.066921,0.9512,0.9214,0.9214,0.0000,0,-0.0212,0.1302,522.1923,77.8099
tv12%_lb60d_ovly,Aug 2024–Aug 2026,2025-02-24,1.054979,0.9512,0.9198,0.9198,0.0000,0,-0.0256,0.1305,516.0283,77.8667
tv12%_lb60d_ovly,Aug 2024–Aug 2026,2025-02-25,1.042404,0.9512,0.9182,0.9182,0.0000,0,-0.0305,0.1307,509.5267,77.9708
tv12%_lb60d_ovly,Aug 2024–Aug 2026,2025-02-26,1.044817,0.9512,0.9214,0.9214,0.0000,0,-0.0300,0.1302,510.7575,77.9992
tv12%_lb60d_ovly,Aug 2024–Aug 2026,2025-02-27,1.017235,0.9512,0.8944,0.8944,0.0000,0,-0.0455,0.1342,496.5731,78.0275
tv12%_lb60d_ovly,Aug 2024–Aug 2026,2025-02-28,1.032547,0.8944,0.8733,0.8733,0.0000,0,-0.0306,0.1374,504.4147,78.1695
tv12%_lb60d_ovly,Aug 2024–Aug 2026,2025-03-03,1.012409,0.8944,0.8454,0.8454,0.0000,0,-0.0476,0.1419,493.3769,78.2197
tv12%_lb60d_ovly,Aug 2024–Aug 2026,2025-03-04,1.009690,0.8944,0.8343,0.8343,0.0000,0,-0.0588,0.1438,491.8880,78.2292
tv12%_lb60d_ovly,Aug 2024–Aug 2026,2025-03-05,1.021284,0.8343,0.8273,0.8273,0.0000,0,-0.0487,0.1450,498.3003,78.1438
tv12%_lb60d_ovly,Aug 2024–Aug 2026,2025-03-06,0.997947,0.8343,0.8037,0.8037,0.0000,0,-0.0656,0.1493,484.5923,78.1913
tv12%_lb60d_ovly,Aug 2024–Aug 2026,2025-03-07,1.004050,0.8343,1.0000,0.8011,0.2500,0,-0.0604,0.1498,488.1558,78.1818
tv12%_lb60d_ovly,Aug 2024–Aug 2026,2025-03-10,0.971727,1.0000,0.7553,0.7553,0.0000,0,-0.0854,0.1589,469.2367,78.3241
tv12%_lb60d_ovly,Aug 2024–Aug 2026,2025-03-11,0.969167,0.7553,0.7523,0.7523,0.0000,0,-0.0930,0.1595,468.1150,78.2767
tv12%_lb60d_ovly,Aug 2024–Aug 2026,2025-03-12,0.977251,0.7553,1.0000,0.7547,0.2500,0,-0.0882,0.1590,473.3957,78.2197
tv12%_lb60d_ovly,Aug 2024–Aug 2026,2025-03-13,0.963911,1.0000,1.0000,0.7465,0.5000,0,-0.1004,0.1607,464.8791,78.2767
tv12%_lb60d_ovly,Aug 2024–Aug 2026,2025-03-14,0.987209,1.0000,0.9690,0.7190,0.2500,0,-0.0818,0.1669,476.1154,78.2197
tv12%_lb60d_ovly,Aug 2024–Aug 2026,2025-03-17,0.993610,1.0000,0.9664,0.7164,0.2500,0,-0.0747,0.1675,479.2024,78.1913
tv12%_lb60d_ovly,Aug 2024–Aug 2026,2025-03-18,0.976672,1.0000,0.9617,0.7117,0.2500,0,-0.0847,0.1686,471.0333,78.1913
tv12%_lb60d_ovly,Aug 2024–Aug 2026,2025-03-19,0.989741,1.0000,1.0000,0.7542,0.2500,0,-0.0709,0.1591,477.3364,78.3052
tv12%_lb60d_ovly,Aug 2024–Aug 2026,2025-03-20,0.986386,1.0000,1.0000,0.7539,0.2500,0,-0.0574,0.1592,475.7184,78.3241
tv12%_lb60d_ovly,Aug 2024–Aug 2026,2025-03-21,0.989638,1.0000,1.0000,0.7641,0.2500,0,-0.0528,0.1571,477.2867,78.3716
tv12%_lb60d_ovly,Aug 2024–Aug 2026,2025-03-24,1.011355,1.0000,0.7453,0.7453,0.0000,0,-0.0315,0.1610,487.7604,78.2672
tv12%_lb60d_ovly,Aug 2024–Aug 2026,2025-03-25,1.016867,0.7453,0.7532,0.7532,0.0000,0,-0.0292,0.1593,490.5439,78.2957
tv12%_lb60d_ovly,Aug 2024–Aug 2026,2025-03-26,1.002859,0.7453,0.7454,0.7454,0.0000,0,-0.0402,0.1610,481.5175,78.2767
tv12%_lb60d_ovly,Aug 2024–Aug 2026,2025-03-27,0.998724,0.7453,0.7511,0.7511,0.0000,0,-0.0427,0.1598,478.7739,78.3146
tv12%_lb60d_ovly,Aug 2024–Aug 2026,2025-03-28,0.979589,0.7453,0.7348,0.7348,0.0000,0,-0.0453,0.1633,466.1688,78.4570
tv12%_lb60d_ovly,Aug 2024–Aug 2026,2025-03-31,0.979739,0.7453,0.7320,0.7320,0.0000,0,-0.0377,0.1639,466.1489,78.5139
tv12%_lb60d_ovly,Aug 2024–Aug 2026,2025-04-01,0.985716,0.7453,0.7315,0.7315,0.0000,0,-0.0350,0.1640,469.9066,78.5425
tv12%_lb60d_ovly,Aug 2024–Aug 2026,2025-04-02,0.990895,0.7453,0.7387,0.7387,0.0000,0,-0.0190,0.1624,473.3362,78.4854
tv12%_lb60d_ovly,Aug 2024–Aug 2026,2025-04-03,0.952309,0.7453,0.6275,0.6275,0.0000,0,-0.0674,0.1912,447.9968,78.7806
tv12%_lb60d_ovly,Aug 2024–Aug 2026,2025-04-04,0.907973,0.6275,0.5330,0.5330,0.0000,0,-0.1220,0.2251,420.1722,78.7330
tv12%_lb60d_ovly,Aug 2024–Aug 2026,2025-04-07,0.909303,0.5330,0.5333,0.5333,0.0000,0,-0.1235,0.2250,421.1862,78.7425
tv12%_lb60d_ovly,Aug 2024–Aug 2026,2025-04-08,0.900319,0.5330,0.5331,0.5331,0.0000,0,-0.1372,0.2251,413.6012,78.6949
tv12%_lb60d_ovly,Aug 2024–Aug 2026,2025-04-09,0.957662,0.5330,0.3899,0.3899,0.0000,0,-0.0466,0.3078,463.2461,78.6473
tv12%_lb60d_ovly,Aug 2024–Aug 2026,2025-04-10,0.935764,0.3899,0.3743,0.3743,0.0000,0,-0.0884,0.3206,443.5433,78.6377
tv12%_lb60d_ovly,Aug 2024–Aug 2026,2025-04-11,0.941449,0.3899,0.6244,0.3744,0.2500,0,-0.0722,0.3205,451.7147,78.4949
tv12%_lb60d_ovly,Aug 2024–Aug 2026,2025-04-14,0.944970,0.6244,0.6235,0.3735,0.2500,0,-0.0631,0.3213,454.7765,78.6663
tv12%_lb60d_ovly,Aug 2024–Aug 2026,2025-04-15,0.945628,0.6244,0.6245,0.3745,0.2500,0,-0.0658,0.3204,455.2835,78.6663
tv12%_lb60d_ovly,Aug 2024–Aug 2026,2025-04-16,0.928296,0.6244,0.6222,0.3722,0.2500,0,-0.0865,0.3224,441.5551,78.7711
tv12%_lb60d_ovly,Aug 2024–Aug 2026,2025-04-17,0.928318,0.6244,0.6226,0.3726,0.2500,0,-0.0852,0.3221,441.4756,78.7996
tv12%_lb60d_ovly,Aug 2024–Aug 2026,2025-04-21,0.913762,0.6244,0.2500,0.3695,0.5000,1,-0.1070,0.3247,430.5504,78.7520
tv12%_lb60d_ovly,Aug 2024–Aug 2026,2025-04-22,0.928518,0.2500,0.6137,0.3637,0.2500,0,-0.0838,0.3299,441.8533,78.7806
tv12%_lb60d_ovly,Aug 2024–Aug 2026,2025-04-23,0.932938,0.6137,0.6126,0.3626,0.2500,0,-0.0583,0.3310,451.8737,78.7234
tv12%_lb60d_ovly,Aug 2024–Aug 2026,2025-04-24,0.949483,0.6137,0.3598,0.3598,0.0000,0,-0.0360,0.3335,464.5882,78.8187
tv12%_lb60d_ovly,Aug 2024–Aug 2026,2025-04-25,0.956047,0.3598,0.3593,0.3593,0.0000,0,-0.0246,0.3340,469.7674,78.8853
tv12%_lb60d_ovly,Aug 2024–Aug 2026,2025-04-28,0.956824,0.3598,0.3596,0.3596,0.0000,0,-0.0242,0.3337,469.6183,78.9996
tv12%_lb60d_ovly,Aug 2024–Aug 2026,2025-04-29,0.959467,0.3598,0.3593,0.3593,0.0000,0,-0.0181,0.3340,472.7198,79.0472
tv12%_lb60d_ovly,Aug 2024–Aug 2026,2025-04-30,0.960237,0.3598,0.3595,0.3595,0.0000,0,-0.0177,0.3338,472.6602,79.1520
tv12%_lb60d_ovly,Aug 2024–Aug 2026,2025-05-01,0.963481,0.3598,0.3594,0.3594,0.0000,0,0.0000,0.3338,478.8335,78.9886
tv12%_lb60d_ovly,Aug 2024–Aug 2026,2025-05-02,0.967432,0.3598,0.3579,0.3579,0.0000,0,0.0000,0.3353,485.9412,78.8358
tv12%_lb60d_ovly,Aug 2024–Aug 2026,2025-05-05,0.965292,0.3598,0.3579,0.3579,0.0000,0,-0.0057,0.3353,483.0583,78.8262
tv12%_lb60d_ovly,Aug 2024–Aug 2026,2025-05-06,0.962586,0.3598,0.3580,0.3580,0.0000,0,-0.0140,0.3352,478.5650,78.8931
tv12%_lb60d_ovly,Aug 2024–Aug 2026,2025-05-07,0.964170,0.3598,0.3582,0.3582,0.0000,0,-0.0099,0.3350,480.4439,78.9217
tv12%_lb60d_ovly,Aug 2024–Aug 2026,2025-05-08,0.966481,0.3598,0.3578,0.3578,0.0000,0,-0.0030,0.3354,485.4044,78.7594
tv12%_lb60d_ovly,Aug 2024–Aug 2026,2025-05-09,0.966554,0.3598,0.3578,0.3578,0.0000,0,-0.0043,0.3353,485.0863,78.7976
tv12%_lb60d_ovly,Aug 2024–Aug 2026,2025-05-12,0.979595,0.3598,0.3513,0.3513,0.0000,0,0.0000,0.3416,504.8488,78.6543
tv12%_lb60d_ovly,Aug 2024–Aug 2026,2025-05-13,0.984814,0.3598,0.3510,0.3510,0.0000,0,0.0000,0.3419,512.5431,78.6352
tv12%_lb60d_ovly,Aug 2024–Aug 2026,2025-05-14,0.986478,0.3598,0.3510,0.3510,0.0000,0,0.0000,0.3418,515.6148,78.5779
tv12%_lb60d_ovly,Aug 2024–Aug 2026,2025-05-15,0.988097,0.3598,0.3509,0.3509,0.0000,0,0.0000,0.3420,516.1815,78.7307
tv12%_lb60d_ovly,Aug 2024–Aug 2026,2025-05-16,0.989490,0.3598,0.3507,0.3507,0.0000,0,0.0000,0.3422,518.4281,78.7116
tv12%_lb60d_ovly,Aug 2024–Aug 2026,2025-05-19,0.990062,0.3598,0.3526,0.3526,0.0000,0,0.0000,0.3404,518.9252,78.7402
tv12%_lb60d_ovly,Aug 2024–Aug 2026,2025-05-20,0.988952,0.3598,0.3526,0.3526,0.0000,0,-0.0034,0.3403,517.1954,78.7498
tv12%_lb60d_ovly,Aug 2024–Aug 2026,2025-05-21,0.983623,0.3598,0.3509,0.3509,0.0000,0,-0.0202,0.3419,510.0081,78.7020
tv12%_lb60d_ovly,Aug 2024–Aug 2026,2025-05-22,0.984668,0.3598,0.3509,0.3509,0.0000,0,-0.0198,0.3419,510.9624,78.7498
tv12%_lb60d_ovly,Aug 2024–Aug 2026,2025-05-23,0.981769,0.3598,0.3523,0.3523,0.0000,0,-0.0265,0.3406,506.2306,78.7976
tv12%_lb60d_ovly,Aug 2024–Aug 2026,2025-05-27,0.990307,0.3598,0.3511,0.3511,0.0000,0,-0.0062,0.3418,518.1398,78.8262
tv12%_lb60d_ovly,Aug 2024–Aug 2026,2025-05-28,0.988267,0.3598,0.3529,0.3529,0.0000,0,-0.0120,0.3400,515.8434,78.7689
tv12%_lb60d_ovly,Aug 2024–Aug 2026,2025-05-29,0.989657,0.3598,0.3538,0.3538,0.0000,0,-0.0081,0.3392,516.8574,78.8549
tv12%_lb60d_ovly,Aug 2024–Aug 2026,2025-05-30,0.989863,0.3598,0.3545,0.3545,0.0000,0,-0.0092,0.3385,516.0423,78.9504
tv12%_lb60d_ovly,Aug 2024–Aug 2026,2025-06-02,0.992153,0.3598,0.3565,0.3565,0.0000,0,-0.0036,0.3366,520.1182,78.8852
tv12%_lb60d_ovly,Aug 2024–Aug 2026,2025-06-03,0.994788,0.3598,0.3565,0.3565,0.0000,0,0.0000,0.3366,524.1838,78.8661
tv12%_lb60d_ovly,Aug 2024–Aug 2026,2025-06-04,0.996947,0.3598,0.3619,0.3619,0.0000,0,-0.0003,0.3316,525.6452,79.0098
tv12%_lb60d_ovly,Aug 2024–Aug 2026,2025-06-05,0.993551,0.3598,0.3622,0.3622,0.0000,0,-0.0051,0.3313,521.6887,78.9236
tv12%_lb60d_ovly,Aug 2024–Aug 2026,2025-06-06,0.995963,0.3598,0.3618,0.3618,0.0000,0,0.0000,0.3317,526.7883,78.7894
tv12%_lb60d_ovly,Aug 2024–Aug 2026,2025-06-09,0.996956,0.3598,0.3633,0.3633,0.0000,0,0.0000,0.3303,527.5638,78.8469
tv12%_lb60d_ovly,Aug 2024–Aug 2026,2025-06-10,0.999329,0.3598,0.3658,0.3658,0.0000,0,0.0000,0.3280,531.0531,78.8469
tv12%_lb60d_ovly,Aug 2024–Aug 2026,2025-06-11,0.999128,0.3598,0.3660,0.3660,0.0000,0,-0.0029,0.3279,529.2637,78.9715
tv12%_lb60d_ovly,Aug 2024–Aug 2026,2025-06-12,1.000516,0.3598,0.3670,0.3670,0.0000,0,0.0000,0.3270,530.5062,79.0386
tv12%_lb60d_ovly,Aug 2024–Aug 2026,2025-06-13,0.995530,0.3598,0.3666,0.3666,0.0000,0,-0.0112,0.3273,523.8459,78.9811
tv12%_lb60d_ovly,Aug 2024–Aug 2026,2025-06-16,1.000435,0.3598,0.3662,0.3662,0.0000,0,-0.0018,0.3277,531.1325,78.9715
tv12%_lb60d_ovly,Aug 2024–Aug 2026,2025-06-17,0.997236,0.3598,0.3655,0.3655,0.0000,0,-0.0103,0.3283,525.9534,79.0098
tv12%_lb60d_ovly,Aug 2024–Aug 2026,2025-06-18,0.997485,0.3598,0.3676,0.3676,0.0000,0,-0.0105,0.3264,525.8639,79.0482
tv12%_lb60d_ovly,Aug 2024–Aug 2026,2025-06-20,0.996484,0.3598,0.3676,0.3676,0.0000,0,-0.0128,0.3265,523.7167,79.1057
tv12%_lb60d_ovly,Aug 2024–Aug 2026,2025-06-23,1.001021,0.3598,0.3682,0.3682,0.0000,0,-0.0030,0.3260,529.1017,79.2111
tv12%_lb60d_ovly,Aug 2024–Aug 2026,2025-06-24,1.007071,0.3598,0.3675,0.3675,0.0000,0,0.0000,0.3265,537.1929,79.2782
tv12%_lb60d_ovly,Aug 2024–Aug 2026,2025-06-25,1.008075,0.3598,0.3710,0.3710,0.0000,0,0.0000,0.3234,538.5661,79.2878
tv12%_lb60d_ovly,Aug 2024–Aug 2026,2025-06-26,1.012246,0.3598,0.3709,0.3709,0.0000,0,0.0000,0.3235,543.6019,79.3836
tv12%_lb60d_ovly,Aug 2024–Aug 2026,2025-06-27,1.013258,0.3598,0.3709,0.3709,0.0000,0,0.0000,0.3236,545.4630,79.3548
tv12%_lb60d_ovly,Aug 2024–Aug 2026,2025-06-30,1.016090,0.3598,0.3710,0.3710,0.0000,0,0.0000,0.3235,548.9959,79.4124
tv12%_lb60d_ovly,Aug 2024–Aug 2026,2025-07-01,1.012331,0.3598,0.3937,0.3937,0.0000,0,-0.0003,0.3048,544.3682,79.3297
tv12%_lb60d_ovly,Aug 2024–Aug 2026,2025-07-02,1.014789,0.3598,0.4358,0.4358,0.0000,0,0.0000,0.2753,548.1599,79.3201
tv12%_lb60d_ovly,Aug 2024–Aug 2026,2025-07-03,1.017595,0.4358,0.4360,0.4360,0.0000,0,0.0000,0.2753,553.5540,79.2335
tv12%_lb60d_ovly,Aug 2024–Aug 2026,2025-07-07,1.014115,0.4358,0.4391,0.4391,0.0000,0,-0.0075,0.2733,549.3841,79.2143
tv12%_lb60d_ovly,Aug 2024–Aug 2026,2025-07-08,1.014433,0.4358,0.6451,0.6451,0.0000,0,-0.0080,0.1860,549.6926,79.2239
tv12%_lb60d_ovly,Aug 2024–Aug 2026,2025-07-09,1.017836,0.6451,0.7577,0.7577,0.0000,0,-0.0020,0.1584,553.5839,79.2912
tv12%_lb60d_ovly,Aug 2024–Aug 2026,2025-07-10,1.016777,0.7577,0.7723,0.7723,0.0000,0,0.0000,0.1554,552.7877,79.2912
tv12%_lb60d_ovly,Aug 2024–Aug 2026,2025-07-11,1.014984,0.7577,0.7732,0.7732,0.0000,0,-0.0035,0.1552,551.5436,79.2720
tv12%_lb60d_ovly,Aug 2024–Aug 2026,2025-07-14,1.017803,0.7577,0.7751,0.7751,0.0000,0,-0.0016,0.1548,553.5441,79.2816
tv12%_lb60d_ovly,Aug 2024–Aug 2026,2025-07-15,1.018270,0.7577,0.8190,0.8190,0.0000,0,-0.0059,0.1465,554.0515,79.2047
tv12%_lb60d_ovly,Aug 2024–Aug 2026,2025-07-16,1.019327,0.8190,0.8192,0.8192,0.0000,0,-0.0026,0.1465,554.6188,79.3104
tv12%_lb60d_ovly,Aug 2024–Aug 2026,2025-07-17,1.026016,0.8190,0.8864,0.8864,0.0000,0,0.0000,0.1354,559.1072,79.2816
tv12%_lb60d_ovly,Aug 2024–Aug 2026,2025-07-18,1.025297,0.8864,0.9420,0.9420,0.0000,0,-0.0007,0.1274,558.5698,79.3489
tv12%_lb60d_ovly,Aug 2024–Aug 2026,2025-07-21,1.030023,0.9420,0.9620,0.9620,0.0000,0,0.0000,0.1247,561.4659,79.3970
tv12%_lb60d_ovly,Aug 2024–Aug 2026,2025-07-22,1.025044,0.9420,1.0000,1.0000,0.0000,0,0.0000,0.1190,558.5599,79.4547
tv12%_lb60d_ovly,Aug 2024–Aug 2026,2025-07-23,1.029338,1.0000,1.0000,1.0000,0.0000,0,0.0000,0.1192,561.1076,79.3874
tv12%_lb60d_ovly,Aug 2024–Aug 2026,2025-07-24,1.031529,1.0000,1.0000,1.0000,0.0000,0,0.0000,0.1192,562.3018,79.3201
tv12%_lb60d_ovly,Aug 2024–Aug 2026,2025-07-25,1.034012,1.0000,1.0000,1.0000,0.0000,0,0.0000,0.1190,563.6553,79.3681
tv12%_lb60d_ovly,Aug 2024–Aug 2026,2025-07-28,1.037244,1.0000,1.0000,1.0000,0.0000,0,-0.0003,0.1191,565.4169,79.3585
tv12%_lb60d_ovly,Aug 2024–Aug 2026,2025-07-29,1.035637,1.0000,1.0000,1.0000,0.0000,0,-0.0029,0.1191,564.5411,79.4258
tv12%_lb60d_ovly,Aug 2024–Aug 2026,2025-07-30,1.037024,1.0000,1.0000,1.0000,0.0000,0,-0.0041,0.1164,565.2974,79.3393
tv12%_lb60d_ovly,Aug 2024–Aug 2026,2025-07-31,1.031529,1.0000,1.0000,1.0000,0.0000,0,-0.0079,0.1159,562.3018,79.3393
tv12%_lb60d_ovly,Aug 2024–Aug 2026,2025-08-01,1.011209,1.0000,0.9989,0.9989,0.0000,0,-0.0241,0.1201,551.2252,79.7348
tv12%_lb60d_ovly,Aug 2024–Aug 2026,2025-08-04,1.029868,1.0000,0.9749,0.9749,0.0000,0,-0.0093,0.1231,561.3962,79.7541
tv12%_lb60d_ovly,Aug 2024–Aug 2026,2025-08-05,1.022875,1.0000,0.9717,0.9717,0.0000,0,-0.0143,0.1235,557.5846,79.7251
tv12%_lb60d_ovly,Aug 2024–Aug 2026,2025-08-06,1.035746,1.0000,0.9686,0.9686,0.0000,0,-0.0068,0.1239,564.6008,79.7541
tv12%_lb60d_ovly,Aug 2024–Aug 2026,2025-08-07,1.039252,1.0000,1.0000,1.0000,0.0000,0,-0.0076,0.1064,566.5115,79.7155
tv12%_lb60d_ovly,Aug 2024–Aug 2026,2025-08-08,1.048946,1.0000,1.0000,1.0000,0.0000,0,0.0000,0.1066,571.7961,79.6962
tv12%_lb60d_ovly,Aug 2024–Aug 2026,2025-08-11,1.045842,1.0000,1.0000,1.0000,0.0000,0,-0.0020,0.1069,570.1042,79.6962
tv12%_lb60d_ovly,Aug 2024–Aug 2026,2025-08-12,1.058987,1.0000,1.0000,1.0000,0.0000,0,0.0000,0.1083,577.2697,79.7541
tv12%_lb60d_ovly,Aug 2024–Aug 2026,2025-08-13,1.059517,1.0000,1.0000,1.0000,0.0000,0,0.0000,0.1079,577.5584,79.8602
tv12%_lb60d_ovly,Aug 2024–Aug 2026,2025-08-14,1.058695,1.0000,1.0000,1.0000,0.0000,0,0.0000,0.1080,577.1105,79.7734
tv12%_lb60d_ovly,Aug 2024–Aug 2026,2025-08-15,1.054040,1.0000,1.0000,1.0000,0.0000,0,-0.0023,0.1078,574.5728,79.7444
tv12%_lb60d_ovly,Aug 2024–Aug 2026,2025-08-18,1.053620,1.0000,1.0000,1.0000,0.0000,0,-0.0026,0.1008,574.3439,79.7444
tv12%_lb60d_ovly,Aug 2024–Aug 2026,2025-08-19,1.039325,1.0000,1.0000,1.0000,0.0000,0,-0.0080,0.1018,566.5514,79.7830
tv12%_lb60d_ovly,Aug 2024–Aug 2026,2025-08-20,1.033154,1.0000,1.0000,1.0000,0.0000,0,-0.0106,0.1007,563.1876,79.8120
tv12%_lb60d_ovly,Aug 2024–Aug 2026,2025-08-21,1.028371,1.0000,1.0000,1.0000,0.0000,0,-0.0146,0.0933,560.5802,79.7444
tv12%_lb60d_ovly,Aug 2024–Aug 2026,2025-08-22,1.044236,1.0000,1.0000,1.0000,0.0000,0,0.0000,0.0964,569.2285,79.9180
tv12%_lb60d_ovly,Aug 2024–Aug 2026,2025-08-25,1.041224,1.0000,1.0000,1.0000,0.0000,0,-0.0044,0.0971,567.5865,79.8795
tv12%_lb60d_ovly,Aug 2024–Aug 2026,2025-08-26,1.045404,1.0000,1.0000,1.0000,0.0000,0,-0.0002,0.0971,569.8654,79.9470
tv12%_lb60d_ovly,Aug 2024–Aug 2026,2025-08-27,1.047011,1.0000,1.0000,1.0000,0.0000,0,0.0000,0.0967,570.7412,80.0049
tv12%_lb60d_ovly,Aug 2024–Aug 2026,2025-08-28,1.053565,1.0000,1.0000,1.0000,0.0000,0,0.0000,0.0964,574.3140,79.9759
tv12%_lb60d_ovly,Aug 2024–Aug 2026,2025-08-29,1.041369,1.0000,1.0000,1.0000,0.0000,0,-0.0060,0.0976,567.6660,80.0435
tv12%_lb60d_ovly,Aug 2024–Aug 2026,2025-09-02,1.032643,1.0000,1.0000,1.0000,0.0000,0,-0.0133,0.0984,562.9090,80.0028
tv12%_lb60d_ovly,Aug 2024–Aug 2026,2025-09-03,1.040767,1.0000,1.0000,1.0000,0.0000,0,-0.0080,0.0970,567.3376,80.0609
tv12%_lb60d_ovly,Aug 2024–Aug 2026,2025-09-04,1.050187,1.0000,1.0000,1.0000,0.0000,0,0.0000,0.0981,572.4728,80.1189
tv12%_lb60d_ovly,Aug 2024–Aug 2026,2025-09-05,1.051703,1.0000,1.0000,1.0000,0.0000,0,-0.0029,0.0981,573.2989,80.2350
tv12%_lb60d_ovly,Aug 2024–Aug 2026,2025-09-08,1.056833,1.0000,1.0000,1.0000,0.0000,0,-0.0004,0.0977,576.0954,80.2834
tv12%_lb60d_ovly,Aug 2024–Aug 2026,2025-09-09,1.059827,1.0000,1.0000,1.0000,0.0000,0,0.0000,0.0976,577.7275,80.2157
tv12%_lb60d_ovly,Aug 2024–Aug 2026,2025-09-10,1.060174,1.0000,1.0000,1.0000,0.0000,0,0.0000,0.0941,577.9167,80.2254
tv12%_lb60d_ovly,Aug 2024–Aug 2026,2025-09-11,1.066345,1.0000,1.0000,1.0000,0.0000,0,0.0000,0.0937,581.2805,80.2544
tv12%_lb60d_ovly,Aug 2024–Aug 2026,2025-09-12,1.071055,1.0000,1.0000,1.0000,0.0000,0,-0.0003,0.0914,583.8481,80.2447
tv12%_lb60d_ovly,Aug 2024–Aug 2026,2025-09-15,1.080220,1.0000,1.0000,1.0000,0.0000,0,0.0000,0.0916,588.8440,80.2738
tv12%_lb60d_ovly,Aug 2024–Aug 2026,2025-09-16,1.079307,1.0000,1.0000,1.0000,0.0000,0,-0.0014,0.0915,588.3464,80.3124
tv12%_lb60d_ovly,Aug 2024–Aug 2026,2025-09-17,1.077153,1.0000,1.0000,1.0000,0.0000,0,-0.0026,0.0901,587.1721,80.2738
tv12%_lb60d_ovly,Aug 2024–Aug 2026,2025-09-18,1.086866,1.0000,1.0000,1.0000,0.0000,0,0.0000,0.0882,592.4666,80.2447
tv12%_lb60d_ovly,Aug 2024–Aug 2026,2025-09-19,1.094223,1.0000,1.0000,1.0000,0.0000,0,0.0000,0.0884,596.4772,80.2738
tv12%_lb60d_ovly,Aug 2024–Aug 2026,2025-09-22,1.100701,1.0000,1.0000,1.0000,0.0000,0,0.0000,0.0877,600.0084,80.2350
tv12%_lb60d_ovly,Aug 2024–Aug 2026,2025-09-23,1.093390,1.0000,1.0000,1.0000,0.0000,0,-0.0054,0.0886,596.0229,80.2641
tv12%_lb60d_ovly,Aug 2024–Aug 2026,2025-09-24,1.089551,1.0000,1.0000,1.0000,0.0000,0,-0.0086,0.0887,593.9305,80.2254
tv12%_lb60d_ovly,Aug 2024–Aug 2026,2025-09-25,1.084854,1.0000,1.0000,1.0000,0.0000,0,-0.0132,0.0895,591.3699,80.1576
tv12%_lb60d_ovly,Aug 2024–Aug 2026,2025-09-26,1.089313,1.0000,1.0000,1.0000,0.0000,0,-0.0075,0.0897,593.8010,80.2060
tv12%_lb60d_ovly,Aug 2024–Aug 2026,2025-09-29,1.094358,1.0000,1.0000,1.0000,0.0000,0,-0.0047,0.0887,596.5510,80.2350
tv12%_lb60d_ovly,Aug 2024–Aug 2026,2025-09-30,1.097356,1.0000,1.0000,1.0000,0.0000,0,-0.0010,0.0871,598.1851,80.2738
tv12%_lb60d_ovly,Aug 2024–Aug 2026,2025-10-01,1.102620,1.0000,1.0000,1.0000,0.0000,0,0.0000,0.0871,601.0545,80.3669
tv12%_lb60d_ovly,Aug 2024–Aug 2026,2025-10-02,1.107153,1.0000,1.0000,1.0000,0.0000,0,0.0000,0.0865,603.5255,80.3863
tv12%_lb60d_ovly,Aug 2024–Aug 2026,2025-10-03,1.102492,1.0000,1.0000,1.0000,0.0000,0,-0.0000,0.0865,600.9848,80.3572
tv12%_lb60d_ovly,Aug 2024–Aug 2026,2025-10-06,1.110772,1.0000,1.0000,1.0000,0.0000,0,0.0000,0.0861,605.4983,80.3378
tv12%_lb60d_ovly,Aug 2024–Aug 2026,2025-10-07,1.104923,1.0000,1.0000,1.0000,0.0000,0,-0.0037,0.0867,602.3099,80.3766
tv12%_lb60d_ovly,Aug 2024–Aug 2026,2025-10-08,1.117590,1.0000,1.0000,1.0000,0.0000,0,0.0000,0.0865,609.2147,80.3669
tv12%_lb60d_ovly,Aug 2024–Aug 2026,2025-10-09,1.116237,1.0000,1.0000,1.0000,0.0000,0,-0.0029,0.0868,608.4774,80.3572
tv12%_lb60d_ovly,Aug 2024–Aug 2026,2025-10-10,1.077488,1.0000,1.0000,1.0000,0.0000,0,-0.0298,0.1042,587.3546,80.4931
tv12%_lb60d_ovly,Aug 2024–Aug 2026,2025-10-13,1.100353,1.0000,1.0000,1.0000,0.0000,0,-0.0150,0.1083,599.8190,80.6484
tv12%_lb60d_ovly,Aug 2024–Aug 2026,2025-10-14,1.093024,1.0000,1.0000,1.0000,0.0000,0,-0.0162,0.1084,595.8237,80.5902
tv12%_lb60d_ovly,Aug 2024–Aug 2026,2025-10-15,1.100737,1.0000,1.0000,1.0000,0.0000,0,-0.0118,0.1086,600.0283,80.5513
tv12%_lb60d_ovly,Aug 2024–Aug 2026,2025-10-16,1.096661,1.0000,1.0000,1.0000,0.0000,0,-0.0185,0.1086,597.8064,80.6581
tv12%_lb60d_ovly,Aug 2024–Aug 2026,2025-10-17,1.103863,1.0000,1.0000,1.0000,0.0000,0,-0.0130,0.1091,601.7321,80.6484
tv12%_lb60d_ovly,Aug 2024–Aug 2026,2025-10-20,1.117772,1.0000,1.0000,1.0000,0.0000,0,-0.0027,0.1106,609.3143,80.6581
tv12%_lb60d_ovly,Aug 2024–Aug 2026,2025-10-21,1.117480,1.0000,1.0000,1.0000,0.0000,0,-0.0027,0.1106,609.1550,80.6775
tv12%_lb60d_ovly,Aug 2024–Aug 2026,2025-10-22,1.106714,1.0000,1.0000,1.0000,0.0000,0,-0.0079,0.1111,603.2864,80.6775
tv12%_lb60d_ovly,Aug 2024–Aug 2026,2025-10-23,1.116018,1.0000,1.0000,1.0000,0.0000,0,-0.0020,0.1115,608.3578,80.6193
tv12%_lb60d_ovly,Aug 2024–Aug 2026,2025-10-24,1.127935,1.0000,1.0000,1.0000,0.0000,0,0.0000,0.1120,614.8541,80.6678
tv12%_lb60d_ovly,Aug 2024–Aug 2026,2025-10-27,1.148022,1.0000,1.0000,1.0000,0.0000,0,0.0000,0.1078,625.8041,80.6484
tv12%_lb60d_ovly,Aug 2024–Aug 2026,2025-10-28,1.156851,1.0000,1.0000,1.0000,0.0000,0,0.0000,0.1041,630.6166,80.6581
tv12%_lb60d_ovly,Aug 2024–Aug 2026,2025-10-29,1.162060,1.0000,1.0000,1.0000,0.0000,0,0.0000,0.1032,633.4562,80.5028
tv12%_lb60d_ovly,Aug 2024–Aug 2026,2025-10-30,1.144294,1.0000,1.0000,1.0000,0.0000,0,-0.0110,0.1056,623.7715,80.5125
tv12%_lb60d_ovly,Aug 2024–Aug 2026,2025-10-31,1.149814,1.0000,1.0000,1.0000,0.0000,0,-0.0078,0.1056,626.7806,80.5416
tv12%_lb60d_ovly,Aug 2024–Aug 2026,2025-11-03,1.155315,1.0000,1.0000,1.0000,0.0000,0,-0.0059,0.1048,629.7796,80.5446
tv12%_lb60d_ovly,Aug 2024–Aug 2026,2025-11-04,1.131865,1.0000,1.0000,1.0000,0.0000,0,-0.0177,0.1080,616.9963,80.5738
tv12%_lb60d_ovly,Aug 2024–Aug 2026,2025-11-05,1.139231,1.0000,1.0000,1.0000,0.0000,0,-0.0143,0.1063,621.0117,80.5154
tv12%_lb60d_ovly,Aug 2024–Aug 2026,2025-11-06,1.118010,1.0000,1.0000,1.0000,0.0000,0,-0.0248,0.1088,609.4439,80.6127
tv12%_lb60d_ovly,Aug 2024–Aug 2026,2025-11-07,1.114482,1.0000,1.0000,1.0000,0.0000,0,-0.0239,0.1088,607.5209,80.6517
tv12%_lb60d_ovly,Aug 2024–Aug 2026,2025-11-10,1.139139,1.0000,1.0000,1.0000,0.0000,0,-0.0087,0.1127,620.9619,80.6322
tv12%_lb60d_ovly,Aug 2024–Aug 2026,2025-11-11,1.136105,1.0000,1.0000,1.0000,0.0000,0,-0.0064,0.1127,619.3079,80.7003
tv12%_lb60d_ovly,Aug 2024–Aug 2026,2025-11-12,1.135210,1.0000,1.0000,1.0000,0.0000,0,-0.0058,0.1119,618.8196,80.6711
tv12%_lb60d_ovly,Aug 2024–Aug 2026,2025-11-13,1.112033,1.0000,1.0000,1.0000,0.0000,0,-0.0223,0.1175,606.1859,80.6225
tv12%_lb60d_ovly,Aug 2024–Aug 2026,2025-11-14,1.112874,1.0000,1.0000,1.0000,0.0000,0,-0.0225,0.1171,606.6441,80.6517
tv12%_lb60d_ovly,Aug 2024–Aug 2026,2025-11-17,1.103369,1.0000,1.0000,1.0000,0.0000,0,-0.0316,0.1152,601.4631,80.6419
tv12%_lb60d_ovly,Aug 2024–Aug 2026,2025-11-18,1.089935,1.0000,1.0000,1.0000,0.0000,0,-0.0397,0.1162,594.1397,80.6906
tv12%_lb60d_ovly,Aug 2024–Aug 2026,2025-11-19,1.096442,1.0000,1.0000,1.0000,0.0000,0,-0.0360,0.1161,597.6868,80.6809
tv12%_lb60d_ovly,Aug 2024–Aug 2026,2025-11-20,1.070487,1.0000,0.9956,0.9956,0.0000,0,-0.0507,0.1205,583.5385,80.7490
tv12%_lb60d_ovly,Aug 2024–Aug 2026,2025-11-21,1.078529,1.0000,0.9837,0.9837,0.0000,0,-0.0413,0.1220,587.9225,80.8464
tv12%_lb60d_ovly,Aug 2024–Aug 2026,2025-11-24,1.106111,1.0000,0.9621,0.9621,0.0000,0,-0.0271,0.1247,602.9576,80.8561
tv12%_lb60d_ovly,Aug 2024–Aug 2026,2025-11-25,1.112929,1.0000,0.9614,0.9614,0.0000,0,-0.0180,0.1248,606.6741,80.9048
tv12%_lb60d_ovly,Aug 2024–Aug 2026,2025-11-26,1.122762,1.0000,0.9593,0.9593,0.0000,0,-0.0054,0.1251,612.0344,80.8951
tv12%_lb60d_ovly,Aug 2024–Aug 2026,2025-11-28,1.131865,1.0000,0.9639,0.9639,0.0000,0,0.0000,0.1245,616.9963,80.8951
tv12%_lb60d_ovly,Aug 2024–Aug 2026,2025-12-01,1.128063,1.0000,0.9618,0.9618,0.0000,0,-0.0046,0.1248,614.9238,80.8257
tv12%_lb60d_ovly,Aug 2024–Aug 2026,2025-12-02,1.136891,1.0000,0.9620,0.9620,0.0000,0,-0.0027,0.1247,619.7363,80.8746
tv12%_lb60d_ovly,Aug 2024–Aug 2026,2025-12-03,1.139669,1.0000,0.9614,0.9614,0.0000,0,0.0000,0.1248,621.2507,80.9234
tv12%_lb60d_ovly,Aug 2024–Aug 2026,2025-12-04,1.138609,1.0000,0.9619,0.9619,0.0000,0,0.0000,0.1247,620.6729,80.8648
tv12%_lb60d_ovly,Aug 2024–Aug 2026,2025-12-05,1.143252,1.0000,0.9693,0.9693,0.0000,0,0.0000,0.1238,623.2036,80.8355
tv12%_lb60d_ovly,Aug 2024–Aug 2026,2025-12-08,1.141058,1.0000,0.9675,0.9675,0.0000,0,-0.0030,0.1240,622.0080,80.8160
tv12%_lb60d_ovly,Aug 2024–Aug 2026,2025-12-09,1.142466,1.0000,0.9702,0.9702,0.0000,0,-0.0039,0.1237,622.7751,80.7769
tv12%_lb60d_ovly,Aug 2024–Aug 2026,2025-12-10,1.147145,1.0000,0.9660,0.9660,0.0000,0,0.0000,0.1242,625.3259,80.9136
tv12%_lb60d_ovly,Aug 2024–Aug 2026,2025-12-11,1.143435,1.0000,0.9662,0.9662,0.0000,0,0.0000,0.1242,623.3033,80.9234
tv12%_lb60d_ovly,Aug 2024–Aug 2026,2025-12-12,1.121574,1.0000,0.9511,0.9511,0.0000,0,-0.0108,0.1262,611.3868,80.9332
tv12%_lb60d_ovly,Aug 2024–Aug 2026,2025-12-15,1.115945,1.0000,0.9531,0.9531,0.0000,0,-0.0122,0.1259,608.3180,80.9820
tv12%_lb60d_ovly,Aug 2024–Aug 2026,2025-12-16,1.118156,1.0000,0.9543,0.9543,0.0000,0,-0.0149,0.1257,609.5236,81.0211
tv12%_lb60d_ovly,Aug 2024–Aug 2026,2025-12-17,1.097429,1.0000,0.9423,0.9423,0.0000,0,-0.0258,0.1274,598.2249,81.0308
tv12%_lb60d_ovly,Aug 2024–Aug 2026,2025-12-18,1.113266,0.9423,0.9373,0.9373,0.0000,0,-0.0184,0.1280,606.8932,81.0894
tv12%_lb60d_ovly,Aug 2024–Aug 2026,2025-12-19,1.126929,0.9423,0.9317,0.9317,0.0000,0,-0.0095,0.1288,614.8043,81.0747
tv12%_lb60d_ovly,Aug 2024–Aug 2026,2025-12-22,1.131987,0.9423,0.9311,0.9311,0.0000,0,-0.0034,0.1289,617.7513,81.0356
tv12%_lb60d_ovly,Aug 2024–Aug 2026,2025-12-23,1.136951,0.9423,0.9298,0.9298,0.0000,0,0.0000,0.1291,620.6445,80.9964
tv12%_lb60d_ovly,Aug 2024–Aug 2026,2025-12-24,1.140125,0.9423,0.9300,0.9300,0.0000,0,0.0000,0.1290,622.4603,81.0454
tv12%_lb60d_ovly,Aug 2024–Aug 2026,2025-12-26,1.140104,0.9423,0.9308,0.9308,0.0000,0,-0.0001,0.1289,622.4203,81.1041
tv12%_lb60d_ovly,Aug 2024–Aug 2026,2025-12-29,1.134935,0.9423,0.9288,0.9288,0.0000,0,-0.0037,0.1292,619.4074,81.1433
tv12%_lb60d_ovly,Aug 2024–Aug 2026,2025-12-30,1.132471,0.9423,0.9285,0.9285,0.0000,0,-0.0049,0.1292,617.9708,81.1629
tv12%_lb60d_ovly,Aug 2024–Aug 2026,2025-12-31,1.123627,0.9423,0.9225,0.9225,0.0000,0,-0.0123,0.1301,612.8629,81.1335
tv12%_lb60d_ovly,Aug 2024–Aug 2026,2026-01-02,1.121608,0.9423,0.9242,0.9242,0.0000,0,-0.0104,0.1298,611.6757,81.1727
tv12%_lb60d_ovly,Aug 2024–Aug 2026,2026-01-05,1.130025,0.9423,0.9232,0.9232,0.0000,0,-0.0039,0.1300,616.5342,81.2021
tv12%_lb60d_ovly,Aug 2024–Aug 2026,2026-01-06,1.139389,0.9423,0.9211,0.9211,0.0000,0,0.0000,0.1303,621.9514,81.2119
tv12%_lb60d_ovly,Aug 2024–Aug 2026,2026-01-07,1.140415,0.9423,1.0000,1.0000,0.0000,0,-0.0032,0.1169,622.5500,81.2021
tv12%_lb60d_ovly,Aug 2024–Aug 2026,2026-01-08,1.134212,1.0000,1.0000,1.0000,0.0000,0,-0.0033,0.1130,619.0084,81.1727
tv12%_lb60d_ovly,Aug 2024–Aug 2026,2026-01-09,1.145509,1.0000,1.0000,1.0000,0.0000,0,0.0000,0.1136,625.1738,81.1433
tv12%_lb60d_ovly,Aug 2024–Aug 2026,2026-01-12,1.146459,1.0000,1.0000,1.0000,0.0000,0,0.0000,0.1133,625.6926,81.1433
tv12%_lb60d_ovly,Aug 2024–Aug 2026,2026-01-13,1.144759,1.0000,1.0000,1.0000,0.0000,0,-0.0020,0.1124,624.7648,81.1629
tv12%_lb60d_ovly,Aug 2024–Aug 2026,2026-01-14,1.132530,1.0000,1.0000,1.0000,0.0000,0,-0.0069,0.1126,618.0905,81.1825
tv12%_lb60d_ovly,Aug 2024–Aug 2026,2026-01-15,1.136607,1.0000,1.0000,1.0000,0.0000,0,-0.0042,0.1108,620.3153,81.1237
tv12%_lb60d_ovly,Aug 2024–Aug 2026,2026-01-16,1.135656,1.0000,1.0000,1.0000,0.0000,0,-0.0050,0.1109,619.7965,81.1041
tv12%_lb60d_ovly,Aug 2024–Aug 2026,2026-01-20,1.111527,1.0000,1.0000,1.0000,0.0000,0,-0.0253,0.1185,606.6276,81.1139
tv12%_lb60d_ovly,Aug 2024–Aug 2026,2026-01-21,1.126553,1.0000,0.9989,0.9989,0.0000,0,-0.0140,0.1201,614.8282,81.1531
tv12%_lb60d_ovly,Aug 2024–Aug 2026,2026-01-22,1.134742,1.0000,1.0000,1.0000,0.0000,0,-0.0089,0.1195,619.2977,81.1237
tv12%_lb60d_ovly,Aug 2024–Aug 2026,2026-01-23,1.138325,1.0000,1.0000,1.0000,0.0000,0,-0.0085,0.1171,621.2531,81.1531
tv12%_lb60d_ovly,Aug 2024–Aug 2026,2026-01-26,1.143334,1.0000,1.0000,1.0000,0.0000,0,-0.0035,0.1174,623.9866,81.1825
tv12%_lb60d_ovly,Aug 2024–Aug 2026,2026-01-27,1.153698,1.0000,1.0000,1.0000,0.0000,0,0.0000,0.1177,629.6432,81.2021
tv12%_lb60d_ovly,Aug 2024–Aug 2026,2026-01-28,1.157519,1.0000,1.0000,1.0000,0.0000,0,-0.0001,0.1153,631.7283,81.2021
tv12%_lb60d_ovly,Aug 2024–Aug 2026,2026-01-29,1.150591,1.0000,1.0000,1.0000,0.0000,0,-0.0021,0.1152,627.9473,81.2315
tv12%_lb60d_ovly,Aug 2024–Aug 2026,2026-01-30,1.136771,1.0000,1.0000,1.0000,0.0000,0,-0.0051,0.1154,620.4051,81.3001
tv12%_lb60d_ovly,Aug 2024–Aug 2026,2026-02-02,1.144577,1.0000,1.0000,1.0000,0.0000,0,-0.0001,0.1129,624.6650,81.2607
tv12%_lb60d_ovly,Aug 2024–Aug 2026,2026-02-03,1.126991,1.0000,1.0000,1.0000,0.0000,0,-0.0086,0.1143,615.0677,81.2509
tv12%_lb60d_ovly,Aug 2024–Aug 2026,2026-02-04,1.107304,1.0000,1.0000,1.0000,0.0000,0,-0.0134,0.1124,604.3231,81.2902
tv12%_lb60d_ovly,Aug 2024–Aug 2026,2026-02-05,1.091364,1.0000,1.0000,1.0000,0.0000,0,-0.0257,0.1155,595.6237,81.4180
tv12%_lb60d_ovly,Aug 2024–Aug 2026,2026-02-06,1.114433,1.0000,1.0000,1.0000,0.0000,0,-0.0070,0.1177,608.2139,81.4180
tv12%_lb60d_ovly,Aug 2024–Aug 2026,2026-02-09,1.122970,1.0000,1.0000,1.0000,0.0000,0,-0.0022,0.1180,612.8729,81.4376
tv12%_lb60d_ovly,Aug 2024–Aug 2026,2026-02-10,1.117760,1.0000,1.0000,1.0000,0.0000,0,-0.0048,0.1182,610.0295,81.4868
tv12%_lb60d_ovly,Aug 2024–Aug 2026,2026-02-11,1.120758,1.0000,1.0000,1.0000,0.0000,0,-0.0051,0.1128,611.6657,81.4081
tv12%_lb60d_ovly,Aug 2024–Aug 2026,2026-02-12,1.097963,1.0000,1.0000,1.0000,0.0000,0,-0.0204,0.1175,599.2251,81.4868
tv12%_lb60d_ovly,Aug 2024–Aug 2026,2026-02-13,1.100303,1.0000,1.0000,1.0000,0.0000,0,-0.0198,0.1158,600.5021,81.6145
tv12%_lb60d_ovly,Aug 2024–Aug 2026,2026-02-17,1.099169,1.0000,1.0000,1.0000,0.0000,0,-0.0182,0.1143,599.8835,81.5850
tv12%_lb60d_ovly,Aug 2024–Aug 2026,2026-02-18,1.107377,1.0000,1.0000,1.0000,0.0000,0,-0.0132,0.1145,604.3629,81.5359
tv12%_lb60d_ovly,Aug 2024–Aug 2026,2026-02-19,1.103136,1.0000,1.0000,1.0000,0.0000,0,-0.0158,0.1097,602.0484,81.5359
tv12%_lb60d_ovly,Aug 2024–Aug 2026,2026-02-20,1.112898,1.0000,1.0000,1.0000,0.0000,0,-0.0087,0.1089,607.3759,81.5457
tv12%_lb60d_ovly,Aug 2024–Aug 2026,2026-02-23,1.099370,1.0000,1.0000,1.0000,0.0000,0,-0.0188,0.1074,599.9932,81.6145
tv12%_lb60d_ovly,Aug 2024–Aug 2026,2026-02-24,1.111179,1.0000,1.0000,1.0000,0.0000,0,-0.0117,0.1067,606.4380,81.6145
tv12%_lb60d_ovly,Aug 2024–Aug 2026,2026-02-25,1.127284,1.0000,1.0000,1.0000,0.0000,0,-0.0033,0.1071,615.2273,81.5948
tv12%_lb60d_ovly,Aug 2024–Aug 2026,2026-02-26,1.113684,1.0000,1.0000,1.0000,0.0000,0,-0.0088,0.1073,607.8048,81.6243
tv12%_lb60d_ovly,Aug 2024–Aug 2026,2026-02-27,1.110119,1.0000,1.0000,1.0000,0.0000,0,-0.0135,0.1073,605.8594,81.7324
tv12%_lb60d_ovly,Aug 2024–Aug 2026,2026-03-02,1.111582,1.0000,1.0000,1.0000,0.0000,0,-0.0130,0.1073,606.6575,81.5876
tv12%_lb60d_ovly,Aug 2024–Aug 2026,2026-03-03,1.099681,1.0000,1.0000,1.0000,0.0000,0,-0.0196,0.1086,600.1629,81.5777
tv12%_lb60d_ovly,Aug 2024–Aug 2026,2026-03-04,1.116444,1.0000,1.0000,1.0000,0.0000,0,-0.0127,0.1096,609.3113,81.5285
tv12%_lb60d_ovly,Aug 2024–Aug 2026,2026-03-05,1.113080,1.0000,1.0000,1.0000,0.0000,0,-0.0182,0.1101,607.4755,81.4693
tv12%_lb60d_ovly,Aug 2024–Aug 2026,2026-03-06,1.096336,1.0000,1.0000,1.0000,0.0000,0,-0.0311,0.1132,598.3372,81.5088
tv12%_lb60d_ovly,Aug 2024–Aug 2026,2026-03-09,1.110978,1.0000,1.0000,1.0000,0.0000,0,-0.0226,0.1147,606.3283,81.5482
tv12%_lb60d_ovly,Aug 2024–Aug 2026,2026-03-10,1.110997,1.0000,1.0000,1.0000,0.0000,0,-0.0230,0.1139,606.3383,81.4989
tv12%_lb60d_ovly,Aug 2024–Aug 2026,2026-03-11,1.110850,1.0000,1.0000,1.0000,0.0000,0,-0.0243,0.1138,606.2585,81.4201
tv12%_lb60d_ovly,Aug 2024–Aug 2026,2026-03-12,1.091784,1.0000,1.0000,1.0000,0.0000,0,-0.0391,0.1159,595.8531,81.2822
tv12%_lb60d_ovly,Aug 2024–Aug 2026,2026-03-13,1.085313,1.0000,1.0000,1.0000,0.0000,0,-0.0445,0.1164,592.3214,81.3314
tv12%_lb60d_ovly,Aug 2024–Aug 2026,2026-03-16,1.097488,1.0000,1.0000,1.0000,0.0000,0,-0.0348,0.1183,598.9657,81.4299
tv12%_lb60d_ovly,Aug 2024–Aug 2026,2026-03-17,1.102844,1.0000,1.0000,1.0000,0.0000,0,-0.0323,0.1162,601.8888,81.4398
tv12%_lb60d_ovly,Aug 2024–Aug 2026,2026-03-18,1.087470,1.0000,1.0000,1.0000,0.0000,0,-0.0458,0.1187,593.4987,81.2920
tv12%_lb60d_ovly,Aug 2024–Aug 2026,2026-03-19,1.084034,1.0000,1.0000,1.0000,0.0000,0,-0.0481,0.1171,591.6230,81.2723
tv12%_lb60d_ovly,Aug 2024–Aug 2026,2026-03-20,1.063999,1.0000,1.0000,1.0000,0.0000,0,-0.0618,0.1197,580.6888,81.0949
tv12%_lb60d_ovly,Aug 2024–Aug 2026,2026-03-23,1.076213,1.0000,0.9884,0.9884,0.0000,0,-0.0519,0.1214,587.3546,81.2132
tv12%_lb60d_ovly,Aug 2024–Aug 2026,2026-03-24,1.068855,1.0000,1.0000,0.9902,0.2500,0,-0.0551,0.1212,583.3389,81.0949
tv12%_lb60d_ovly,Aug 2024–Aug 2026,2026-03-25,1.075883,1.0000,0.9844,0.9844,0.0000,0,-0.0445,0.1219,587.1747,81.1836
tv12%_lb60d_ovly,Aug 2024–Aug 2026,2026-03-26,1.050204,1.0000,1.0000,0.9463,0.2500,0,-0.0576,0.1268,573.1601,81.0063
tv12%_lb60d_ovly,Aug 2024–Aug 2026,2026-03-27,1.029687,1.0000,0.9155,0.9155,0.0000,0,-0.0737,0.1311,561.9625,81.1738
tv12%_lb60d_ovly,Aug 2024–Aug 2026,2026-03-30,1.021730,0.9155,0.9194,0.9194,0.0000,0,-0.0751,0.1305,557.6672,81.2822
tv12%_lb60d_ovly,Aug 2024–Aug 2026,2026-03-31,1.053472,0.9155,0.8329,0.8329,0.0000,0,-0.0482,0.1441,576.5464,81.3511
tv12%_lb60d_ovly,Aug 2024–Aug 2026,2026-04-01,1.065295,0.8329,0.8318,0.8318,0.0000,0,-0.0356,0.1443,583.6686,81.3482
tv12%_lb60d_ovly,Aug 2024–Aug 2026,2026-04-02,1.066399,0.8329,0.8354,0.8354,0.0000,0,-0.0304,0.1436,584.3378,81.3877
tv12%_lb60d_ovly,Aug 2024–Aug 2026,2026-04-06,1.071571,0.8329,0.8333,0.8333,0.0000,0,-0.0259,0.1440,587.8540,81.3086
tv12%_lb60d_ovly,Aug 2024–Aug 2026,2026-04-07,1.071838,0.8329,0.8332,0.8332,0.0000,0,-0.0239,0.1440,587.9439,81.3679
tv12%_lb60d_ovly,Aug 2024–Aug 2026,2026-04-08,1.098556,0.8329,0.7854,0.7854,0.0000,0,0.0000,0.1528,605.4247,81.4470
tv12%_lb60d_ovly,Aug 2024–Aug 2026,2026-04-09,1.104790,0.8329,0.7830,0.7830,0.0000,0,0.0000,0.1533,609.5202,81.4667
tv12%_lb60d_ovly,Aug 2024–Aug 2026,2026-04-10,1.106050,0.8329,0.7832,0.7832,0.0000,0,-0.0007,0.1532,610.3992,81.4371
tv12%_lb60d_ovly,Aug 2024–Aug 2026,2026-04-13,1.115713,0.8329,0.7779,0.7779,0.0000,0,0.0000,0.1543,616.7123,81.4964
tv12%_lb60d_ovly,Aug 2024–Aug 2026,2026-04-14,1.132660,0.7779,0.7684,0.7684,0.0000,0,0.0000,0.1562,627.9099,81.5557
tv12%_lb60d_ovly,Aug 2024–Aug 2026,2026-04-15,1.144933,0.7779,0.7645,0.7645,0.0000,0,0.0000,0.1570,636.7003,81.5359
tv12%_lb60d_ovly,Aug 2024–Aug 2026,2026-04-16,1.149130,0.7779,0.7952,0.7952,0.0000,0,0.0000,0.1509,639.7669,81.5063
tv12%_lb60d_ovly,Aug 2024–Aug 2026,2026-04-17,1.161321,0.7779,0.7943,0.7943,0.0000,0,0.0000,0.1511,648.1377,81.6644
tv12%_lb60d_ovly,Aug 2024–Aug 2026,2026-04-20,1.158328,0.7779,0.7954,0.7954,0.0000,0,-0.0020,0.1509,646.0800,81.6248
tv12%_lb60d_ovly,Aug 2024–Aug 2026,2026-04-21,1.154527,0.7779,0.7917,0.7917,0.0000,0,-0.0085,0.1516,643.6227,81.5063
tv12%_lb60d_ovly,Aug 2024–Aug 2026,2026-04-22,1.169677,0.7779,0.7865,0.7865,0.0000,0,0.0000,0.1526,654.3909,81.5458
tv12%_lb60d_ovly,Aug 2024–Aug 2026,2026-04-23,1.164426,0.7779,0.7861,0.7861,0.0000,0,-0.0039,0.1526,650.7049,81.5063
tv12%_lb60d_ovly,Aug 2024–Aug 2026,2026-04-24,1.182034,0.7779,0.7823,0.7823,0.0000,0,0.0000,0.1534,663.1512,81.5952
tv12%_lb60d_ovly,Aug 2024–Aug 2026,2026-04-27,1.182455,0.7779,0.7827,0.7827,0.0000,0,0.0000,0.1533,663.5009,81.5754
tv12%_lb60d_ovly,Aug 2024–Aug 2026,2026-04-28,1.173046,0.7779,0.7815,0.7815,0.0000,0,-0.0049,0.1536,656.8282,81.5260
tv12%_lb60d_ovly,Aug 2024–Aug 2026,2026-04-29,1.178277,0.7779,0.7829,0.7829,0.0000,0,-0.0050,0.1533,660.8438,81.4173
tv12%_lb60d_ovly,Aug 2024–Aug 2026,2026-04-30,1.187111,0.7779,0.7825,0.7825,0.0000,0,0.0000,0.1533,667.0070,81.5063
tv12%_lb60d_ovly,Aug 2024–Aug 2026,2026-05-01,1.196017,0.7779,0.7846,0.7846,0.0000,0,0.0000,0.1530,673.4100,81.5191
tv12%_lb60d_ovly,Aug 2024–Aug 2026,2026-05-04,1.193941,0.7779,0.7964,0.7964,0.0000,0,-0.0037,0.1507,672.1414,81.4200
tv12%_lb60d_ovly,Aug 2024–Aug 2026,2026-05-05,1.206120,0.7779,0.8180,0.8180,0.0000,0,0.0000,0.1467,680.8618,81.4597
tv12%_lb60d_ovly,Aug 2024–Aug 2026,2026-05-06,1.225969,0.7779,0.8060,0.8060,0.0000,0,0.0000,0.1489,695.0062,81.5687
tv12%_lb60d_ovly,Aug 2024–Aug 2026,2026-05-07,1.224600,0.7779,0.8057,0.8057,0.0000,0,-0.0031,0.1489,694.1771,81.4993
tv12%_lb60d_ovly,Aug 2024–Aug 2026,2026-05-08,1.247161,0.7779,0.8018,0.8018,0.0000,0,0.0000,0.1497,710.4492,81.5687
tv12%_lb60d_ovly,Aug 2024–Aug 2026,2026-05-11,1.249701,0.7779,0.8243,0.8243,0.0000,0,0.0000,0.1456,712.5070,81.4894
tv12%_lb60d_ovly,Aug 2024–Aug 2026,2026-05-12,1.241254,0.7779,0.8237,0.8237,0.0000,0,-0.0015,0.1457,706.4636,81.4299
tv12%_lb60d_ovly,Aug 2024–Aug 2026,2026-05-13,1.251553,0.7779,0.8222,0.8222,0.0000,0,0.0000,0.1459,713.9255,81.4597
tv12%_lb60d_ovly,Aug 2024–Aug 2026,2026-05-14,1.258371,0.7779,0.8199,0.8199,0.0000,0,0.0000,0.1464,718.9998,81.4299
tv12%_lb60d_ovly,Aug 2024–Aug 2026,2026-05-15,1.243262,0.7779,0.8067,0.8067,0.0000,0,-0.0120,0.1488,708.1518,81.3308
tv12%_lb60d_ovly,Aug 2024–Aug 2026,2026-05-18,1.239236,0.7779,0.8091,0.8091,0.0000,0,-0.0127,0.1483,705.1051,81.3705
tv12%_lb60d_ovly,Aug 2024–Aug 2026,2026-05-19,1.233094,0.7779,0.8146,0.8146,0.0000,0,-0.0193,0.1473,700.7599,81.3110
tv12%_lb60d_ovly,Aug 2024–Aug 2026,2026-05-20,1.249349,0.7779,0.8111,0.8111,0.0000,0,-0.0092,0.1479,712.3672,81.4200
tv12%_lb60d_ovly,Aug 2024–Aug 2026,2026-05-21,1.251169,0.7779,0.8152,0.8152,0.0000,0,-0.0073,0.1472,713.7256,81.4101
tv12%_lb60d_ovly,Aug 2024–Aug 2026,2026-05-22,1.255228,0.7779,0.8184,0.8184,0.0000,0,-0.0034,0.1466,716.7523,81.3903
tv12%_lb60d_ovly,Aug 2024–Aug 2026,2026-05-26,1.272870,0.7779,0.8194,0.8194,0.0000,0,0.0000,0.1464,729.4784,81.4795
tv12%_lb60d_ovly,Aug 2024–Aug 2026,2026-05-27,1.271779,0.7779,0.8193,0.8193,0.0000,0,-0.0002,0.1465,728.6493,81.4894
tv12%_lb60d_ovly,Aug 2024–Aug 2026,2026-05-28,1.280257,0.7779,0.8272,0.8272,0.0000,0,0.0000,0.1451,734.7925,81.5291
tv12%_lb60d_ovly,Aug 2024–Aug 2026,2026-05-29,1.284065,0.7779,0.8295,0.8295,0.0000,0,0.0000,0.1447,737.4995,81.5687
tv12%_lb60d_ovly,Aug 2024–Aug 2026,2026-06-01,1.289828,0.8295,0.8340,0.8340,0.0000,0,0.0000,0.1439,741.9247,81.5220
tv12%_lb60d_ovly,Aug 2024–Aug 2026,2026-06-02,1.294754,0.8295,0.8545,0.8545,0.0000,0,0.0000,0.1404,745.3409,81.5220
tv12%_lb60d_ovly,Aug 2024–Aug 2026,2026-06-03,1.291840,0.8295,0.8513,0.8513,0.0000,0,-0.0070,0.1410,743.3931,81.4822
tv12%_lb60d_ovly,Aug 2024–Aug 2026,2026-06-04,1.286818,0.8295,0.8520,0.8520,0.0000,0,-0.0033,0.1408,739.7970,81.5419
tv12%_lb60d_ovly,Aug 2024–Aug 2026,2026-06-05,1.235128,0.8295,0.7894,0.7894,0.0000,0,-0.0290,0.1520,704.2860,81.3729
tv12%_lb60d_ovly,Aug 2024–Aug 2026,2026-06-08,1.251229,0.8295,0.8111,0.8111,0.0000,0,-0.0268,0.1479,715.2839,81.4126
tv12%_lb60d_ovly,Aug 2024–Aug 2026,2026-06-09,1.239390,0.8295,0.8138,0.8138,0.0000,0,-0.0296,0.1475,707.0530,81.4524
tv12%_lb60d_ovly,Aug 2024–Aug 2026,2026-06-10,1.218853,0.8295,0.7957,0.7957,0.0000,0,-0.0449,0.1508,692.9285,81.4524
tv12%_lb60d_ovly,Aug 2024–Aug 2026,2026-06-11,1.253381,0.8295,0.7788,0.7788,0.0000,0,-0.0287,0.1541,716.3328,81.6015
tv12%_lb60d_ovly,Aug 2024–Aug 2026,2026-06-12,1.259384,0.7788,0.7960,0.7960,0.0000,0,-0.0235,0.1508,720.5482,81.5816
tv12%_lb60d_ovly,Aug 2024–Aug 2026,2026-06-15,1.290329,0.7788,0.7804,0.7804,0.0000,0,-0.0062,0.1538,743.1833,81.6214
tv12%_lb60d_ovly,Aug 2024–Aug 2026,2026-06-16,1.271301,0.7788,0.7958,0.7958,0.0000,0,-0.0122,0.1508,729.0588,81.6413
tv12%_lb60d_ovly,Aug 2024–Aug 2026,2026-06-17,1.260474,0.7788,0.7847,0.7847,0.0000,0,-0.0245,0.1529,721.7169,81.3928
tv12%_lb60d_ovly,Aug 2024–Aug 2026,2026-06-18,1.285454,0.7788,0.7821,0.7821,0.0000,0,-0.0144,0.1534,739.8070,81.5021
tv12%_lb60d_ovly,Aug 2024–Aug 2026,2026-06-22,1.282664,0.7788,0.7809,0.7809,0.0000,0,-0.0175,0.1537,737.9500,81.4226
tv12%_lb60d_ovly,Aug 2024–Aug 2026,2026-06-23,1.249978,0.7788,0.7899,0.7899,0.0000,0,-0.0317,0.1519,713.6500,81.4822
tv12%_lb60d_ovly,Aug 2024–Aug 2026,2026-06-24,1.246183,0.7788,0.8187,0.8187,0.0000,0,-0.0322,0.1466,710.6200,81.5816
tv12%_lb60d_ovly,Aug 2024–Aug 2026,2026-06-25,1.254116,0.7788,0.8214,0.8214,0.0000,0,-0.0308,0.1461,716.3800,81.6015
tv12%_lb60d_ovly,Aug 2024–Aug 2026,2026-06-26,1.241012,0.7788,0.8764,0.8764,0.0000,0,-0.0378,0.1369,706.5200,81.7009
tv12%_lb60d_ovly,Aug 2024–Aug 2026,2026-06-29,1.264842,0.8764,0.8594,0.8594,0.0000,0,-0.0219,0.1396,724.0800,81.6810
tv12%_lb60d_ovly,Aug 2024–Aug 2026,2026-06-30,1.283589,0.8764,0.8566,0.8566,0.0000,0,-0.0143,0.1401,736.4000,81.6214
tv12%_lb60d_ovly,Aug 2024–Aug 2026,2026-07-01,1.266372,0.8764,0.8561,0.8561,0.0000,0,-0.0124,0.1402,725.1700,81.5895
tv12%_lb60d_ovly,Aug 2024–Aug 2026,2026-07-02,1.247325,0.8764,0.8553,0.8553,0.0000,0,-0.0137,0.1403,712.6000,81.6892
tv12%_lb60d_ovly,Aug 2024–Aug 2026,2026-07-06,1.263078,0.8764,0.9051,0.9051,0.0000,0,-0.0021,0.1326,722.8200,81.7291
tv12%_lb60d_ovly,Aug 2024–Aug 2026,2026-07-07,1.242344,0.8764,0.9022,0.9022,0.0000,0,-0.0069,0.1330,709.4300,81.6094
tv12%_lb60d_ovly,Aug 2024–Aug 2026,2026-07-08,1.245391,0.8764,0.9004,0.9004,0.0000,0,-0.0099,0.1333,711.4400,81.5895
tv12%_lb60d_ovly,Aug 2024–Aug 2026,2026-07-09,1.263687,0.8764,0.9025,0.9025,0.0000,0,-0.0016,0.1330,723.2800,81.6593
tv12%_lb60d_ovly,Aug 2024–Aug 2026,2026-07-10,1.267044,0.8764,0.9142,0.9142,0.0000,0,0.0000,0.1313,725.5100,81.6294
tv12%_lb60d_ovly,Aug 2024–Aug 2026,2026-07-13,1.245797,0.8764,0.9099,0.9099,0.0000,0,-0.0077,0.1319,711.7400,81.5396
tv12%_lb60d_ovly,Aug 2024–Aug 2026,2026-07-14,1.258255,0.8764,0.9095,0.9095,0.0000,0,-0.0041,0.1319,719.6900,81.6792
tv12%_lb60d_ovly,Aug 2024–Aug 2026,2026-07-15,1.255401,0.8764,0.9220,0.9220,0.0000,0,-0.0002,0.1301,717.7400,81.7490
tv12%_lb60d_ovly,Aug 2024–Aug 2026,2026-07-16,1.237312,0.8764,0.9183,0.9183,0.0000,0,-0.0056,0.1307,705.9400,81.7490
tv12%_lb60d_ovly,Aug 2024–Aug 2026,2026-07-17,1.220996,0.8764,0.9112,0.9112,0.0000,0,-0.0154,0.1317,695.3300,81.7390
tv12%_lb60d_ovly,Aug 2024–Aug 2026,2026-07-20,1.222064,0.8764,0.9202,0.9202,0.0000,0,-0.0170,0.1304,696.0600,81.7091
tv12%_lb60d_ovly,Aug 2024–Aug 2026,2026-07-21,1.241799,0.8764,0.9164,0.9164,0.0000,0,-0.0088,0.1309,708.9700,81.6393
tv12%_lb60d_ovly,Aug 2024–Aug 2026,2026-07-22,1.236130,0.8764,0.9213,0.9213,0.0000,0,-0.0100,0.1303,705.3500,81.5795
tv12%_lb60d_ovly,Aug 2024–Aug 2026,2026-07-23,1.215453,0.8764,0.9021,0.9021,0.0000,0,-0.0222,0.1330,691.9600,81.5197
tv12%_lb60d_ovly,Aug 2024–Aug 2026,2026-07-24,1.203700,0.8764,0.9054,0.9054,0.0000,0,-0.0212,0.1325,684.2300,81.5995
tv12%_lb60d_ovly,Aug 2024–Aug 2026,2026-07-27,1.200484,0.8764,0.9054,0.9054,0.0000,0,-0.0210,0.1325,682.1200,81.6194
tv12%_lb60d_ovly,Aug 2024–Aug 2026,2026-07-28,1.190385,0.8764,0.9147,0.9147,0.0000,0,-0.0187,0.1312,675.4900,81.6892
tv12%_lb60d_ovly,Aug 2024–Aug 2026,2026-07-29,1.169223,0.8764,0.8879,0.8879,0.0000,0,-0.0338,0.1352,661.7300,81.7390
tv12%_lb60d_ovly,Aug 2024–Aug 2026,2026-07-30,1.203047,0.8764,0.8634,0.8634,0.0000,0,-0.0176,0.1390,683.5500,81.7590
tv12%_lb60d_ovly,Aug 2024–Aug 2026,2026-07-31,1.209877,0.8764,0.8645,0.8645,0.0000,0,-0.0105,0.1388,687.9900,81.7490
tv12%_lb60d_ovly,Aug 2024–Aug 2026,2026-08-03,1.228533,0.8764,0.8636,0.8636,0.0000,0,0.0000,0.1390,700.0700,81.7700
tv12%_lb60d_ovly,Aug 2024–Aug 2026,2026-08-04,1.265291,0.8764,0.8382,0.8382,0.0000,0,0.0000,0.1432,723.8500,81.8700
tv12%_lb60d_ovly,Aug 2024–Aug 2026,2026-08-05,1.255314,0.8764,0.8423,0.8423,0.0000,0,-0.0020,0.1425,717.3000,81.9000
tv12%_lb60d_ovly,Aug 2024–Aug 2026,2026-08-06,1.251060,0.8764,0.8420,0.8420,0.0000,0,-0.0036,0.1425,714.6500,81.8000
tv12%_lb60d_ovly,Aug 2024–Aug 2026,2026-08-07,1.264144,0.8764,0.8399,0.8399,0.0000,0,0.0000,0.1429,723.0300,81.9200
tv12%_lb60d_ovly,Aug 2024–Aug 2026,2026-08-10,1.260720,0.8764,0.8419,0.8419,0.0000,0,-0.0003,0.1425,720.8700,81.8600
tv12%_lb60d_ovly,Aug 2024–Aug 2026,2026-08-11,1.257030,0.8764,0.8452,0.8452,0.0000,0,-0.0035,0.1420,718.4500,81.8700
tv12%_lb60d_ovly,Aug 2024–Aug 2026,2026-08-12,1.265175,0.8764,0.8599,0.8599,0.0000,0,-0.0010,0.1396,723.7000,81.9200
tv12%_lb60d_ovly,Aug 2024–Aug 2026,2026-08-13,1.278208,0.8764,0.8566,0.8566,0.0000,0,0.0000,0.1401,732.0700,82.0300
tv12%_lb60d_ovly,Aug 2024–Aug 2026,2026-08-14,1.276620,0.8764,0.8613,0.8613,0.0000,0,-0.0020,0.1393,731.0700,82.0000
tv12%_lb60d_ovly,Aug 2024–Aug 2026,2026-08-17,1.274784,0.8764,0.8666,0.8666,0.0000,0,-0.0067,0.1385,729.8700,82.0000
tv12%_lb60d_ovly,Aug 2024–Aug 2026,2026-08-18,1.255903,0.8764,0.8615,0.8615,0.0000,0,-0.0134,0.1393,717.5100,82.0200
tv12%_lb60d_ovly,Aug 2024–Aug 2026,2026-08-19,1.253785,0.8764,0.8623,0.8623,0.0000,0,-0.0113,0.1392,716.0800,82.0600
tv12%_lb60d_ovly,Aug 2024–Aug 2026,2026-08-20,1.245807,0.8764,0.8585,0.8585,0.0000,0,-0.0196,0.1398,710.9300,82.0200
tv12%_lb60d_ovly,Aug 2024–Aug 2026,2026-08-21,1.249624,0.8764,0.8572,0.8572,0.0000,0,-0.0156,0.1400,713.4400,82.0000
tv15%_lb20d_ovly,2022 bear,2022-01-03,1.000000,0.0000,0.0000,0.0000,0.0000,0,0.0000,0.0000,390.7567,74.2173
tv15%_lb20d_ovly,2022 bear,2022-01-04,1.000585,0.0000,0.0000,0.0000,0.0000,0,0.0000,0.0000,385.6885,74.2608
tv15%_lb20d_ovly,2022 bear,2022-01-05,0.999297,0.0000,0.0000,0.0000,0.0000,0,0.0000,0.0000,373.8396,74.1652
tv15%_lb20d_ovly,2022 bear,2022-01-06,0.998478,0.0000,0.0000,0.0000,0.0000,0,0.0000,0.0000,373.5770,74.1044
tv15%_lb20d_ovly,2022 bear,2022-01-07,0.998244,0.0000,0.0000,0.0000,0.0000,0,0.0000,0.0000,369.5301,74.0870
tv15%_lb20d_ovly,2022 bear,2022-01-10,0.997659,0.0000,0.0000,0.0000,0.0000,0,0.0000,0.0000,369.7733,74.0436
tv15%_lb20d_ovly,2022 bear,2022-01-11,0.998010,0.0000,0.0000,0.0000,0.0000,0,0.0000,0.0000,375.3281,74.0696
tv15%_lb20d_ovly,2022 bear,2022-01-12,0.997659,0.0000,0.0000,0.0000,0.0000,0,0.0000,0.0000,376.8165,74.0436
tv15%_lb20d_ovly,2022 bear,2022-01-13,0.998127,0.0000,0.0000,0.0000,0.0000,0,0.0000,0.0000,367.3900,74.0784
tv15%_lb20d_ovly,2022 bear,2022-01-14,0.996840,0.0000,0.0000,0.0000,0.0000,0,0.0000,0.0000,369.6761,73.9828
tv15%_lb20d_ovly,2022 bear,2022-01-18,0.995318,0.0000,0.0000,0.0000,0.0000,0,0.0000,0.0000,360.4733,73.8699
tv15%_lb20d_ovly,2022 bear,2022-01-19,0.995787,0.0000,0.0000,0.0000,0.0000,0,0.0000,0.0000,356.5141,73.9046
tv15%_lb20d_ovly,2022 bear,2022-01-20,0.995553,0.0000,0.0000,0.0000,0.0000,0,0.0000,0.0000,351.8836,73.8873
tv15%_lb20d_ovly,2022 bear,2022-01-21,0.996372,0.0000,0.0000,0.0000,0.0000,0,0.0000,0.0000,342.1262,73.9481
tv15%_lb20d_ovly,2022 bear,2022-01-24,0.996957,0.0000,0.0000,0.0000,0.0000,0,0.0000,0.0000,343.6924,73.9915
tv15%_lb20d_ovly,2022 bear,2022-01-25,0.996489,0.0000,0.0000,0.0000,0.0000,0,0.0000,0.0000,335.7251,73.9567
tv15%_lb20d_ovly,2022 bear,2022-01-26,0.994733,0.0000,0.0000,0.0000,0.0000,0,0.0000,0.0000,335.1998,73.8265
tv15%_lb20d_ovly,2022 bear,2022-01-27,0.993914,0.0000,0.0000,0.0000,0.0000,0,0.0000,0.0000,331.8242,73.7657
tv15%_lb20d_ovly,2022 bear,2022-01-28,0.994265,0.0000,0.0000,0.0000,0.0000,0,0.0000,0.0000,342.2333,73.7917
tv15%_lb20d_ovly,2022 bear,2022-01-31,0.994265,0.0000,0.0000,0.0000,0.0000,0,-0.0582,0.0000,353.1772,73.7917
tv15%_lb20d_ovly,2022 bear,2022-02-01,0.994183,0.0000,0.0000,0.8008,0.0000,0,-0.0515,0.1873,355.5801,73.7856
tv15%_lb20d_ovly,2022 bear,2022-02-02,0.994417,0.0000,0.0000,0.7802,0.0000,0,-0.0290,0.1923,358.4693,73.8030
tv15%_lb20d_ovly,2022 bear,2022-02-03,0.993597,0.0000,0.0000,0.7575,0.0000,0,-0.0518,0.1980,343.9356,73.7422
tv15%_lb20d_ovly,2022 bear,2022-02-04,0.991607,0.0000,0.0000,0.7516,0.0000,0,-0.0474,0.1996,348.2744,73.5945
tv15%_lb20d_ovly,2022 bear,2022-02-07,0.991842,0.0000,0.0000,0.7519,0.0000,0,-0.0504,0.1995,345.4727,73.6119
tv15%_lb20d_ovly,2022 bear,2022-02-08,0.990788,0.0000,0.0000,0.7396,0.0000,0,-0.0426,0.2028,349.3542,73.5336
tv15%_lb20d_ovly,2022 bear,2022-02-09,0.990671,0.0000,0.0000,0.7230,0.0000,0,-0.0286,0.2075,356.7572,73.5250
tv15%_lb20d_ovly,2022 bear,2022-02-10,0.985637,0.0000,0.0000,0.6971,0.0000,0,-0.0331,0.2152,348.6829,73.1513
tv15%_lb20d_ovly,2022 bear,2022-02-11,0.988681,0.0000,0.0000,0.6804,0.0000,0,-0.0522,0.2205,337.6221,73.3773
tv15%_lb20d_ovly,2022 bear,2022-02-14,0.986573,0.0000,0.0000,0.6813,0.0000,0,-0.0405,0.2202,338.0404,73.2209
tv15%_lb20d_ovly,2022 bear,2022-02-15,0.986924,0.0000,0.0000,0.6747,0.0000,0,-0.0250,0.2223,346.4455,73.2469
tv15%_lb20d_ovly,2022 bear,2022-02-16,0.988213,0.0000,0.0000,0.6828,0.0000,0,-0.0239,0.2197,346.3579,73.3425
tv15%_lb20d_ovly,2022 bear,2022-02-17,0.988798,0.0000,0.0000,0.6542,0.0000,0,-0.0448,0.2293,336.0560,73.3859
tv15%_lb20d_ovly,2022 bear,2022-02-18,0.988915,0.0000,0.0000,0.6833,0.0000,0,-0.0509,0.2195,332.2231,73.3946
tv15%_lb20d_ovly,2022 bear,2022-02-22,0.987978,0.0000,0.0000,0.6764,0.0000,0,-0.0611,0.2218,328.8863,73.3251
tv15%_lb20d_ovly,2022 bear,2022-02-23,0.987393,0.0000,0.0000,0.6628,0.0000,0,-0.0778,0.2263,320.4619,73.2817
tv15%_lb20d_ovly,2022 bear,2022-02-24,0.988213,0.0000,0.0000,0.6421,0.0000,0,-0.0639,0.2336,331.2308,73.3425
tv15%_lb20d_ovly,2022 bear,2022-02-25,0.988213,0.0000,0.0000,0.6098,0.0000,0,-0.0433,0.2460,336.3672,73.3425
tv15%_lb20d_ovly,2022 bear,2022-02-28,0.989969,0.0000,0.0000,0.6536,0.0000,0,-0.0457,0.2295,337.3692,73.4728
tv15%_lb20d_ovly,2022 bear,2022-03-01,0.992252,0.0000,0.0000,0.6688,0.0000,0,-0.0602,0.2243,332.2036,73.6423
tv15%_lb20d_ovly,2022 bear,2022-03-02,0.988973,0.0000,0.0000,0.6413,0.0000,0,-0.0429,0.2339,337.7777,73.3989
tv15%_lb20d_ovly,2022 bear,2022-03-03,0.988973,0.0000,0.0000,0.6516,0.0000,0,-0.0477,0.2302,332.9526,73.3989
tv15%_lb20d_ovly,2022 bear,2022-03-04,0.990027,0.0000,0.0000,0.6903,0.0000,0,-0.0554,0.2173,328.1275,73.4772
tv15%_lb20d_ovly,2022 bear,2022-03-07,0.988739,0.0000,0.0000,0.6310,0.0000,0,-0.0833,0.2377,316.0258,73.3816
tv15%_lb20d_ovly,2022 bear,2022-03-08,0.987450,0.0000,0.0000,0.6298,0.0000,0,-0.0902,0.2382,314.5569,73.2859
tv15%_lb20d_ovly,2022 bear,2022-03-09,0.986865,0.0000,0.0000,0.5811,0.0000,0,-0.0659,0.2581,325.8804,73.2425
tv15%_lb20d_ovly,2022 bear,2022-03-10,0.986045,0.0000,0.0000,0.5999,0.0000,0,-0.0531,0.2500,322.2615,73.1817
tv15%_lb20d_ovly,2022 bear,2022-03-11,0.985694,0.0000,0.0000,0.6082,0.0000,0,-0.0594,0.2466,315.5783,73.1556
tv15%_lb20d_ovly,2022 bear,2022-03-14,0.983118,0.0000,0.0000,0.6267,0.0000,0,-0.0663,0.2394,309.5176,72.9644
tv15%_lb20d_ovly,2022 bear,2022-03-15,0.983469,0.0000,0.0000,0.5891,0.0000,0,-0.0457,0.2546,319.2263,72.9904
tv15%_lb20d_ovly,2022 bear,2022-03-16,0.982532,0.0000,0.0000,0.5751,0.0000,0,-0.0246,0.2608,331.0655,72.9209
tv15%_lb20d_ovly,2022 bear,2022-03-17,0.982181,0.0000,0.0000,0.5656,0.0000,0,0.0000,0.2652,335.0734,72.8949
tv15%_lb20d_ovly,2022 bear,2022-03-18,0.981947,0.0000,0.0000,0.5858,0.0000,0,0.0000,0.2560,341.9316,72.8775
tv15%_lb20d_ovly,2022 bear,2022-03-21,0.978667,0.0000,0.0000,0.5892,0.0000,0,-0.0003,0.2546,340.9810,72.6341
tv15%_lb20d_ovly,2022 bear,2022-03-22,0.977965,0.0000,0.0000,0.5932,0.0000,0,0.0000,0.2529,347.6823,72.5819
tv15%_lb20d_ovly,2022 bear,2022-03-23,0.978784,0.0000,0.0000,0.6044,0.0000,0,-0.0129,0.2482,342.6855,72.6428
tv15%_lb20d_ovly,2022 bear,2022-03-24,0.978550,0.0000,0.0000,0.6044,0.0000,0,0.0000,0.2482,350.3023,72.6254
tv15%_lb20d_ovly,2022 bear,2022-03-25,0.975857,0.0000,0.0000,0.6304,0.0000,0,0.0000,0.2379,350.0102,72.4255
tv15%_lb20d_ovly,2022 bear,2022-03-28,0.974920,0.0000,0.0000,0.6302,0.0000,0,0.0000,0.2380,355.4256,72.3560
tv15%_lb20d_ovly,2022 bear,2022-03-29,0.975388,0.0000,0.0000,0.6495,0.0000,0,0.0000,0.2309,361.5423,72.3907
tv15%_lb20d_ovly,2022 bear,2022-03-30,0.976091,0.0000,0.6614,0.6614,0.0000,0,-0.0062,0.2268,357.5489,72.4429
tv15%_lb20d_ovly,2022 bear,2022-03-31,0.975445,0.6614,0.6401,0.6401,0.0000,0,-0.0215,0.2343,353.1172,72.4429
tv15%_lb20d_ovly,2022 bear,2022-04-01,0.973528,0.6614,0.6486,0.6486,0.0000,0,-0.0187,0.2313,352.4451,72.2916
tv15%_lb20d_ovly,2022 bear,2022-04-04,0.986982,0.6614,0.7591,0.7591,0.0000,0,-0.0103,0.1976,359.7014,72.3350
tv15%_lb20d_ovly,2022 bear,2022-04-05,0.971791,0.7591,0.7407,0.7407,0.0000,0,-0.0228,0.2025,351.7147,72.2047
tv15%_lb20d_ovly,2022 bear,2022-04-06,0.955945,0.7591,0.7882,0.7882,0.0000,0,-0.0326,0.1903,344.0783,72.2568
tv15%_lb20d_ovly,2022 bear,2022-04-07,0.957836,0.7591,0.7947,0.7947,0.0000,0,-0.0277,0.1887,344.8965,72.3090
tv15%_lb20d_ovly,2022 bear,2022-04-08,0.947395,0.7591,0.8292,0.8292,0.0000,0,-0.0303,0.1809,340.0752,72.2220
tv15%_lb20d_ovly,2022 bear,2022-04-11,0.930373,0.8292,0.7824,0.7824,0.0000,0,-0.0469,0.1917,332.0299,72.2394
tv15%_lb20d_ovly,2022 bear,2022-04-12,0.927515,0.8292,0.8366,0.8366,0.0000,0,-0.0504,0.1793,330.6273,72.4220
tv15%_lb20d_ovly,2022 bear,2022-04-13,0.943225,0.8292,0.8988,0.8988,0.0000,0,-0.0395,0.1669,337.3480,72.4568
tv15%_lb20d_ovly,2022 bear,2022-04-14,0.924985,0.8988,0.8940,0.8940,0.0000,0,-0.0515,0.1678,329.6338,72.3263
tv15%_lb20d_ovly,2022 bear,2022-04-18,0.925624,0.8988,0.9224,0.9224,0.0000,0,-0.0511,0.1626,329.8871,72.3263
tv15%_lb20d_ovly,2022 bear,2022-04-19,0.944005,0.8988,0.8661,0.8661,0.0000,0,-0.0358,0.1732,337.2603,72.1612
tv15%_lb20d_ovly,2022 bear,2022-04-20,0.931688,0.8988,0.8944,0.8944,0.0000,0,-0.0365,0.1677,332.3416,72.2047
tv15%_lb20d_ovly,2022 bear,2022-04-21,0.914202,0.8988,0.8827,0.8827,0.0000,0,-0.0509,0.1699,325.4651,72.0829
tv15%_lb20d_ovly,2022 bear,2022-04-22,0.892663,0.8988,0.8109,0.8109,0.0000,0,-0.0769,0.1850,316.9425,72.0655
tv15%_lb20d_ovly,2022 bear,2022-04-25,0.903032,0.8109,0.8086,0.8086,0.0000,0,-0.0716,0.1855,321.0138,72.1785
tv15%_lb20d_ovly,2022 bear,2022-04-26,0.875703,0.8109,0.7348,0.7348,0.0000,0,-0.0985,0.2041,308.8972,72.3090
tv15%_lb20d_ovly,2022 bear,2022-04-27,0.874706,0.7348,0.7639,0.7639,0.0000,0,-0.0903,0.1964,308.5270,72.2742
tv15%_lb20d_ovly,2022 bear,2022-04-28,0.897367,0.7348,0.6720,0.6720,0.0000,0,-0.0635,0.2232,319.4846,72.2220
tv15%_lb20d_ovly,2022 bear,2022-04-29,0.867181,0.6720,0.5973,0.5973,0.0000,0,-0.0981,0.2511,305.1083,72.0829
tv15%_lb20d_ovly,2022 bear,2022-05-02,0.876824,0.5973,0.5938,0.5938,0.0000,0,-0.0926,0.2526,310.2024,72.0777
tv15%_lb20d_ovly,2022 bear,2022-05-03,0.877213,0.5973,0.5993,0.5993,0.0000,0,-0.0768,0.2503,310.5335,72.0429
tv15%_lb20d_ovly,2022 bear,2022-05-04,0.895867,0.5973,0.5424,0.5424,0.0000,0,-0.0439,0.2766,321.0333,72.2343
tv15%_lb20d_ovly,2022 bear,2022-05-05,0.868261,0.5424,0.4991,0.4991,0.0000,0,-0.0779,0.3006,304.8647,72.1125
tv15%_lb20d_ovly,2022 bear,2022-05-06,0.862571,0.5424,0.5020,0.5020,0.0000,0,-0.0809,0.2988,301.2122,72.1038
tv15%_lb20d_ovly,2022 bear,2022-05-09,0.845267,0.5424,0.4763,0.4763,0.0000,0,-0.1053,0.3149,289.4268,72.2865
tv15%_lb20d_ovly,2022 bear,2022-05-10,0.850547,0.4763,0.9789,0.4789,0.5000,0,-0.1032,0.3132,292.9429,72.2430
tv15%_lb20d_ovly,2022 bear,2022-05-11,0.838165,0.9789,0.9752,0.4752,0.5000,0,-0.1175,0.3156,284.2548,72.2517
tv15%_lb20d_ovly,2022 bear,2022-05-12,0.836251,0.9789,0.9841,0.4841,0.5000,0,-0.1184,0.3099,283.5827,72.3560
tv15%_lb20d_ovly,2022 bear,2022-05-13,0.866582,0.9789,0.7100,0.4600,0.2500,0,-0.0973,0.3261,294.0923,72.3300
tv15%_lb20d_ovly,2022 bear,2022-05-16,0.856530,0.7100,0.9607,0.4607,0.5000,0,-0.1010,0.3256,290.6832,72.3735
tv15%_lb20d_ovly,2022 bear,2022-05-17,0.871526,0.9607,0.7051,0.4551,0.2500,0,-0.0818,0.3296,298.2123,72.2169
tv15%_lb20d_ovly,2022 bear,2022-05-18,0.830228,0.7051,0.9236,0.4236,0.5000,0,-0.1055,0.3541,283.5729,72.2517
tv15%_lb20d_ovly,2022 bear,2022-05-19,0.827264,0.9236,0.6754,0.4254,0.2500,0,-0.0923,0.3526,282.0535,72.3560
tv15%_lb20d_ovly,2022 bear,2022-05-20,0.824730,0.6754,0.6868,0.4368,0.2500,0,-0.0919,0.3434,281.1768,72.4083
tv15%_lb20d_ovly,2022 bear,2022-05-23,0.833864,0.6754,0.6769,0.4269,0.2500,0,-0.0749,0.3513,285.8521,72.3735
tv15%_lb20d_ovly,2022 bear,2022-05-24,0.822507,0.6754,0.6930,0.4430,0.2500,0,-0.0820,0.3386,279.7743,72.5388
tv15%_lb20d_ovly,2022 bear,2022-05-25,0.830474,0.6754,0.6904,0.4404,0.2500,0,-0.0739,0.3406,283.6898,72.5910
tv15%_lb20d_ovly,2022 bear,2022-05-26,0.846081,0.6754,0.6971,0.4471,0.2500,0,-0.0554,0.3355,291.5501,72.6084
tv15%_lb20d_ovly,2022 bear,2022-05-27,0.864800,0.6754,0.4663,0.4663,0.0000,0,-0.0322,0.3217,301.0661,72.6258
tv15%_lb20d_ovly,2022 bear,2022-05-31,0.862633,0.4663,0.4664,0.4664,0.0000,0,-0.0376,0.3216,300.2675,72.5127
tv15%_lb20d_ovly,2022 bear,2022-06-01,0.858801,0.4663,0.4654,0.4654,0.0000,0,-0.0454,0.3223,298.0467,72.3777
tv15%_lb20d_ovly,2022 bear,2022-06-02,0.869879,0.4663,0.4833,0.4833,0.0000,0,0.0000,0.3104,306.2089,72.3951
tv15%_lb20d_ovly,2022 bear,2022-06-03,0.859156,0.4663,0.5205,0.5205,0.0000,0,-0.0164,0.2882,298.2415,72.3690
tv15%_lb20d_ovly,2022 bear,2022-06-06,0.859838,0.5205,0.5215,0.5215,0.0000,0,-0.0134,0.2876,299.2350,72.2733
tv15%_lb20d_ovly,2022 bear,2022-06-07,0.863748,0.5205,0.5724,0.5724,0.0000,0,-0.0040,0.2620,301.8161,72.2820
tv15%_lb20d_ovly,2022 bear,2022-06-08,0.860168,0.5724,0.5637,0.5637,0.0000,0,-0.0148,0.2661,299.6442,72.2297
tv15%_lb20d_ovly,2022 bear,2022-06-09,0.846714,0.5724,0.5463,0.5463,0.0000,0,-0.0382,0.2746,291.6182,72.1775
tv15%_lb20d_ovly,2022 bear,2022-06-10,0.828090,0.5724,0.7581,0.5081,0.2500,0,-0.0661,0.2952,281.3327,71.8728
tv15%_lb20d_ovly,2022 bear,2022-06-13,0.804098,0.7581,0.4829,0.4829,0.0000,0,-0.1016,0.3106,268.2517,71.5071
tv15%_lb20d_ovly,2022 bear,2022-06-14,0.804605,0.4829,0.2500,0.4829,0.5000,1,-0.1043,0.3106,268.7388,71.3678
tv15%_lb20d_ovly,2022 bear,2022-06-15,0.815741,0.2500,0.7417,0.4917,0.2500,0,-0.0915,0.3051,275.4497,71.6464
tv15%_lb20d_ovly,2022 bear,2022-06-16,0.807934,0.7417,0.2500,0.5105,0.5000,1,-0.1216,0.2938,264.3363,71.7421
tv15%_lb20d_ovly,2022 bear,2022-06-17,0.814768,0.2500,0.2500,0.5098,0.5000,1,-0.1197,0.2942,267.5504,71.7247
tv15%_lb20d_ovly,2022 bear,2022-06-21,0.819685,0.2500,0.2500,0.4835,0.2500,1,-0.0975,0.3103,274.3007,71.6986
tv15%_lb20d_ovly,2022 bear,2022-06-22,0.821178,0.2500,0.2500,0.4984,0.2500,1,-0.0991,0.3009,273.9005,71.9076
tv15%_lb20d_ovly,2022 bear,2022-06-23,0.824757,0.2500,0.2500,0.4943,0.2500,1,-0.0903,0.3035,277.9797,71.9685
tv15%_lb20d_ovly,2022 bear,2022-06-24,0.831672,0.2500,0.2500,0.4633,0.2500,1,-0.0614,0.3238,287.5043,71.9511
tv15%_lb20d_ovly,2022 bear,2022-06-27,0.829469,0.2500,0.7267,0.4767,0.2500,0,-0.0650,0.3147,285.3965,71.8728
tv15%_lb20d_ovly,2022 bear,2022-06-28,0.822608,0.7267,0.2500,0.4912,0.2500,1,-0.0841,0.3054,276.7013,71.8553
tv15%_lb20d_ovly,2022 bear,2022-06-29,0.823036,0.2500,0.2500,0.4909,0.2500,1,-0.0848,0.3056,276.9550,71.9424
tv15%_lb20d_ovly,2022 bear,2022-06-30,0.821679,0.2500,0.2500,0.4909,0.2500,1,-0.0923,0.3056,273.5199,72.0817
tv15%_lb20d_ovly,2022 bear,2022-07-01,0.824890,0.2500,0.2500,0.5022,0.2500,1,-0.0790,0.2987,275.3253,72.2987
tv15%_lb20d_ovly,2022 bear,2022-07-05,0.828346,0.2500,0.7570,0.5070,0.2500,0,-0.0773,0.2958,280.0388,72.2900
tv15%_lb20d_ovly,2022 bear,2022-07-06,0.827532,0.7570,0.7569,0.5069,0.2500,0,-0.0742,0.2959,281.8345,72.0896
tv15%_lb20d_ovly,2022 bear,2022-07-07,0.840792,0.7570,0.5007,0.5007,0.0000,0,-0.0500,0.2996,287.8654,72.0373
tv15%_lb20d_ovly,2022 bear,2022-07-08,0.841127,0.5007,0.5030,0.5030,0.0000,0,-0.0276,0.2982,288.2265,71.9501
tv15%_lb20d_ovly,2022 bear,2022-07-11,0.832283,0.5007,0.5182,0.5182,0.0000,0,-0.0150,0.2894,282.0687,71.9763
tv15%_lb20d_ovly,2022 bear,2022-07-12,0.828447,0.5007,0.5509,0.5509,0.0000,0,-0.0237,0.2723,279.3362,72.0111
tv15%_lb20d_ovly,2022 bear,2022-07-13,0.827100,0.5509,0.6412,0.6412,0.0000,0,-0.0288,0.2339,278.7604,71.9327
tv15%_lb20d_ovly,2022 bear,2022-07-14,0.828517,0.6412,0.6415,0.6415,0.0000,0,-0.0312,0.2338,279.7559,71.9065
tv15%_lb20d_ovly,2022 bear,2022-07-15,0.838369,0.6412,0.6302,0.6302,0.0000,0,-0.0127,0.2380,284.8304,71.9588
tv15%_lb20d_ovly,2022 bear,2022-07-18,0.833638,0.6412,0.7367,0.7367,0.0000,0,-0.0208,0.2036,282.4200,71.9153
tv15%_lb20d_ovly,2022 bear,2022-07-19,0.849668,0.7367,0.6780,0.6780,0.0000,0,0.0000,0.2213,291.1053,71.8368
tv15%_lb20d_ovly,2022 bear,2022-07-20,0.859516,0.6780,0.7253,0.7253,0.0000,0,0.0000,0.2068,295.7213,71.8281
tv15%_lb20d_ovly,2022 bear,2022-07-21,0.868654,0.6780,0.7218,0.7218,0.0000,0,0.0000,0.2078,299.9663,72.0285
tv15%_lb20d_ovly,2022 bear,2022-07-22,0.859038,0.6780,0.7116,0.7116,0.0000,0,-0.0093,0.2108,294.7063,72.2115
tv15%_lb20d_ovly,2022 bear,2022-07-25,0.855487,0.6780,0.8305,0.8305,0.0000,0,-0.0081,0.1806,293.0278,72.1505
tv15%_lb20d_ovly,2022 bear,2022-07-26,0.843829,0.8305,0.8086,0.8086,0.0000,0,-0.0198,0.1855,287.2701,72.1157
tv15%_lb20d_ovly,2022 bear,2022-07-27,0.873671,0.8305,0.7940,0.7940,0.0000,0,0.0000,0.1889,299.4101,72.2290
tv15%_lb20d_ovly,2022 bear,2022-07-28,0.881088,0.8305,0.7829,0.7829,0.0000,0,0.0000,0.1916,302.3377,72.3858
tv15%_lb20d_ovly,2022 bear,2022-07-29,0.894415,0.8305,0.7873,0.7873,0.0000,0,0.0000,0.1905,307.8514,72.3772
tv15%_lb20d_ovly,2022 bear,2022-08-01,0.893964,0.8305,0.7862,0.7862,0.0000,0,-0.0030,0.1908,307.6660,72.3754
tv15%_lb20d_ovly,2022 bear,2022-08-02,0.891221,0.8305,0.7723,0.7723,0.0000,0,-0.0095,0.1942,306.7487,72.1224
tv15%_lb20d_ovly,2022 bear,2022-08-03,0.911380,0.7723,0.7536,0.7536,0.0000,0,0.0000,0.1990,315.1023,72.1486
tv15%_lb20d_ovly,2022 bear,2022-08-04,0.914948,0.7723,0.7680,0.7680,0.0000,0,-0.0007,0.1953,316.5759,72.2445
tv15%_lb20d_ovly,2022 bear,2022-08-05,0.908320,0.7723,0.7670,0.7670,0.0000,0,-0.0024,0.1956,313.9897,71.9479
tv15%_lb20d_ovly,2022 bear,2022-08-08,0.906254,0.7723,0.7951,0.7951,0.0000,0,-0.0035,0.1887,312.9749,72.0177
tv15%_lb20d_ovly,2022 bear,2022-08-09,0.898132,0.7723,0.8103,0.8103,0.0000,0,-0.0075,0.1851,309.4324,71.9479
tv15%_lb20d_ovly,2022 bear,2022-08-10,0.917689,0.7723,0.7849,0.7849,0.0000,0,0.0000,0.1911,318.0690,72.0177
tv15%_lb20d_ovly,2022 bear,2022-08-11,0.913591,0.7723,0.7894,0.7894,0.0000,0,0.0000,0.1900,316.2635,71.9915
tv15%_lb20d_ovly,2022 bear,2022-08-12,0.927378,0.7723,0.7974,0.7974,0.0000,0,0.0000,0.1881,322.4214,72.0090
tv15%_lb20d_ovly,2022 bear,2022-08-15,0.933345,0.7723,0.8270,0.8270,0.0000,0,0.0000,0.1814,325.0269,72.0700
tv15%_lb20d_ovly,2022 bear,2022-08-16,0.931426,0.8270,0.9144,0.9144,0.0000,0,0.0000,0.1640,324.2658,72.0090
tv15%_lb20d_ovly,2022 bear,2022-08-17,0.922422,0.9144,0.8877,0.8877,0.0000,0,-0.0071,0.1690,320.5672,71.9479
tv15%_lb20d_ovly,2022 bear,2022-08-18,0.924566,0.9144,0.8962,0.8962,0.0000,0,-0.0042,0.1674,321.3382,72.0526
tv15%_lb20d_ovly,2022 bear,2022-08-19,0.908025,0.9144,0.8708,0.8708,0.0000,0,-0.0176,0.1723,315.0730,72.0003
tv15%_lb20d_ovly,2022 bear,2022-08-22,0.886061,0.9144,0.7782,0.7782,0.0000,0,-0.0380,0.1927,306.7780,71.9043
tv15%_lb20d_ovly,2022 bear,2022-08-23,0.885307,0.7782,0.8048,0.8048,0.0000,0,-0.0404,0.1864,306.5242,71.9392
tv15%_lb20d_ovly,2022 bear,2022-08-24,0.887089,0.7782,0.9059,0.9059,0.0000,0,-0.0373,0.1656,307.4124,71.8607
tv15%_lb20d_ovly,2022 bear,2022-08-25,0.899300,0.9059,0.8981,0.8981,0.0000,0,-0.0237,0.1670,312.8479,71.9043
tv15%_lb20d_ovly,2022 bear,2022-08-26,0.865887,0.9059,0.9875,0.7375,0.2500,0,-0.0568,0.2034,300.0249,71.8868
tv15%_lb20d_ovly,2022 bear,2022-08-29,0.858026,0.9875,0.9841,0.7341,0.2500,0,-0.0630,0.2043,297.0679,71.8345
tv15%_lb20d_ovly,2022 bear,2022-08-30,0.848585,0.9875,0.9763,0.7263,0.2500,0,-0.0733,0.2065,293.7597,71.7996
tv15%_lb20d_ovly,2022 bear,2022-08-31,0.843713,0.9875,1.0000,0.7584,0.2500,0,-0.0803,0.1978,292.0519,71.7909
tv15%_lb20d_ovly,2022 bear,2022-09-01,0.844067,0.9875,1.0000,0.7550,0.2500,0,-0.0774,0.1987,292.1789,71.7385
tv15%_lb20d_ovly,2022 bear,2022-09-02,0.832314,0.9875,0.9967,0.7467,0.2500,0,-0.0872,0.2009,288.0508,71.8957
tv15%_lb20d_ovly,2022 bear,2022-09-06,0.826388,0.9875,0.7468,0.7468,0.0000,0,-0.0906,0.2008,285.9819,71.7385
tv15%_lb20d_ovly,2022 bear,2022-09-07,0.842686,0.7468,0.7023,0.7023,0.0000,0,-0.0743,0.2136,291.7592,71.8433
tv15%_lb20d_ovly,2022 bear,2022-09-08,0.845689,0.7468,0.7530,0.7530,0.0000,0,-0.0682,0.1992,293.2718,71.7559
tv15%_lb20d_ovly,2022 bear,2022-09-09,0.859315,0.7468,0.7179,0.7179,0.0000,0,-0.0538,0.2089,299.6833,71.6948
tv15%_lb20d_ovly,2022 bear,2022-09-12,0.866916,0.7468,0.7395,0.7395,0.0000,0,-0.0436,0.2028,303.2454,71.6861
tv15%_lb20d_ovly,2022 bear,2022-09-13,0.830663,0.7468,0.5972,0.5972,0.0000,0,-0.0852,0.2512,286.6163,71.4415
tv15%_lb20d_ovly,2022 bear,2022-09-14,0.835280,0.5972,0.8455,0.5955,0.2500,0,-0.0778,0.2519,288.8900,71.3803
tv15%_lb20d_ovly,2022 bear,2022-09-15,0.826397,0.8455,0.8429,0.5929,0.2500,0,-0.0883,0.2530,284.0790,71.3017
tv15%_lb20d_ovly,2022 bear,2022-09-16,0.822187,0.8455,0.5960,0.5960,0.0000,0,-0.0829,0.2517,282.3420,71.3367
tv15%_lb20d_ovly,2022 bear,2022-09-19,0.827254,0.5960,0.5919,0.5919,0.0000,0,-0.0700,0.2534,284.5406,71.2581
tv15%_lb20d_ovly,2022 bear,2022-09-20,0.823160,0.5960,0.6071,0.6071,0.0000,0,-0.0807,0.2471,282.2725,71.2231
tv15%_lb20d_ovly,2022 bear,2022-09-21,0.814089,0.5960,0.8451,0.5951,0.2500,0,-0.0967,0.2521,277.2180,71.1620
tv15%_lb20d_ovly,2022 bear,2022-09-22,0.807311,0.8451,0.5979,0.5979,0.0000,0,-0.1043,0.2509,273.8062,71.0310
tv15%_lb20d_ovly,2022 bear,2022-09-23,0.795852,0.5979,0.6147,0.6147,0.0000,0,-0.1010,0.2440,269.3482,70.9436
tv15%_lb20d_ovly,2022 bear,2022-09-26,0.793174,0.5979,0.6786,0.6786,0.0000,0,-0.1099,0.2211,268.2336,70.7864
tv15%_lb20d_ovly,2022 bear,2022-09-27,0.793300,0.6786,0.6782,0.6782,0.0000,0,-0.1122,0.2212,268.3413,70.7864
tv15%_lb20d_ovly,2022 bear,2022-09-28,0.805109,0.6786,0.6356,0.6356,0.0000,0,-0.0947,0.2360,273.6791,71.0921
tv15%_lb20d_ovly,2022 bear,2022-09-29,0.789010,0.6786,0.6149,0.6149,0.0000,0,-0.1136,0.2439,265.7896,70.9960
tv15%_lb20d_ovly,2022 bear,2022-09-30,0.779664,0.6149,0.6106,0.6106,0.0000,0,-0.1273,0.2456,261.2827,70.9349
tv15%_lb20d_ovly,2022 bear,2022-10-03,0.791570,0.6149,1.0000,0.5597,0.5000,0,-0.1043,0.2680,267.4124,71.0906
tv15%_lb20d_ovly,2022 bear,2022-10-04,0.806676,1.0000,0.5112,0.5112,0.0000,0,-0.0765,0.2934,275.8202,71.1168
tv15%_lb20d_ovly,2022 bear,2022-10-05,0.805853,0.5112,0.5273,0.5273,0.0000,0,-0.0787,0.2845,275.6735,71.0468
tv15%_lb20d_ovly,2022 bear,2022-10-06,0.802125,0.5112,0.5287,0.5287,0.0000,0,-0.0882,0.2837,273.5032,70.9594
tv15%_lb20d_ovly,2022 bear,2022-10-07,0.786018,0.5112,0.5211,0.5211,0.0000,0,-0.1136,0.2878,263.0815,70.8719
tv15%_lb20d_ovly,2022 bear,2022-10-10,0.781859,0.5112,0.5330,0.5330,0.0000,0,-0.0839,0.2815,260.4517,70.8457
tv15%_lb20d_ovly,2022 bear,2022-10-11,0.776557,0.5112,0.6172,0.6172,0.0000,0,-0.0897,0.2430,256.8736,70.8806
tv15%_lb20d_ovly,2022 bear,2022-10-12,0.776713,0.6172,0.6222,0.6222,0.0000,0,-0.0823,0.2411,256.7856,70.9506
tv15%_lb20d_ovly,2022 bear,2022-10-13,0.787077,0.6172,0.5698,0.5698,0.0000,0,-0.0581,0.2632,262.8078,70.7407
tv15%_lb20d_ovly,2022 bear,2022-10-14,0.772326,0.6172,0.5507,0.5507,0.0000,0,-0.0796,0.2724,254.9085,70.7057
tv15%_lb20d_ovly,2022 bear,2022-10-17,0.788344,0.5507,0.5191,0.5191,0.0000,0,-0.0450,0.2889,263.3259,70.7844
tv15%_lb20d_ovly,2022 bear,2022-10-18,0.791953,0.5507,0.5147,0.5147,0.0000,0,-0.0181,0.2915,265.4084,70.8195
tv15%_lb20d_ovly,2022 bear,2022-10-19,0.789703,0.5507,0.5241,0.5241,0.0000,0,-0.0251,0.2862,264.4405,70.6882
tv15%_lb20d_ovly,2022 bear,2022-10-20,0.787089,0.5507,0.5241,0.5241,0.0000,0,-0.0332,0.2862,263.0913,70.6095
tv15%_lb20d_ovly,2022 bear,2022-10-21,0.798172,0.5507,0.5116,0.5116,0.0000,0,-0.0097,0.2932,269.2603,70.7932
tv15%_lb20d_ovly,2022 bear,2022-10-24,0.802919,0.5507,0.5121,0.5121,0.0000,0,0.0000,0.2929,272.2224,70.7757
tv15%_lb20d_ovly,2022 bear,2022-10-25,0.812423,0.5507,0.5061,0.5061,0.0000,0,0.0000,0.2964,277.8536,70.8457
tv15%_lb20d_ovly,2022 bear,2022-10-26,0.802852,0.5507,0.5141,0.5141,0.0000,0,-0.0075,0.2918,271.7141,70.9069
tv15%_lb20d_ovly,2022 bear,2022-10-27,0.795559,0.5507,0.5343,0.5343,0.0000,0,-0.0128,0.2807,266.7672,71.0556
tv15%_lb20d_ovly,2022 bear,2022-10-28,0.808438,0.5507,0.5320,0.5320,0.0000,0,0.0000,0.2820,274.9305,70.9506
tv15%_lb20d_ovly,2022 bear,2022-10-31,0.802724,0.5507,0.5505,0.5505,0.0000,0,-0.0072,0.2725,271.7336,70.8457
tv15%_lb20d_ovly,2022 bear,2022-11-01,0.797854,0.5507,0.5941,0.5941,0.0000,0,-0.0116,0.2525,268.9571,70.7764
tv15%_lb20d_ovly,2022 bear,2022-11-02,0.782616,0.5507,0.5574,0.5574,0.0000,0,-0.0364,0.2691,259.7381,70.7414
tv15%_lb20d_ovly,2022 bear,2022-11-03,0.773543,0.5507,0.5574,0.5574,0.0000,0,-0.0463,0.2691,254.6641,70.6100
tv15%_lb20d_ovly,2022 bear,2022-11-04,0.780784,0.5507,0.5946,0.5946,0.0000,0,-0.0326,0.2523,258.7604,70.6888
tv15%_lb20d_ovly,2022 bear,2022-11-07,0.785207,0.5507,0.5975,0.5975,0.0000,0,-0.0233,0.2510,261.6053,70.6275
tv15%_lb20d_ovly,2022 bear,2022-11-08,0.788708,0.5507,0.6027,0.6027,0.0000,0,-0.0180,0.2489,263.5117,70.6976
tv15%_lb20d_ovly,2022 bear,2022-11-09,0.779215,0.6027,0.5716,0.5716,0.0000,0,-0.0383,0.2624,257.4308,70.8115
tv15%_lb20d_ovly,2022 bear,2022-11-10,0.815554,0.6027,0.4852,0.4852,0.0000,0,0.0000,0.3091,276.4262,71.1970
tv15%_lb20d_ovly,2022 bear,2022-11-11,0.824435,0.4852,0.5122,0.5122,0.0000,0,0.0000,0.2929,281.5197,71.1795
tv15%_lb20d_ovly,2022 bear,2022-11-14,0.820569,0.4852,0.5228,0.5228,0.0000,0,-0.0085,0.2869,279.0561,71.1182
tv15%_lb20d_ovly,2022 bear,2022-11-15,0.826495,0.4852,0.5246,0.5246,0.0000,0,-0.0001,0.2859,282.9178,71.1882
tv15%_lb20d_ovly,2022 bear,2022-11-16,0.821073,0.4852,0.5241,0.5241,0.0000,0,-0.0077,0.2862,279.0561,71.1970
tv15%_lb20d_ovly,2022 bear,2022-11-17,0.819674,0.4852,0.5284,0.5284,0.0000,0,-0.0107,0.2839,278.4402,71.1094
tv15%_lb20d_ovly,2022 bear,2022-11-18,0.819220,0.4852,0.5480,0.5480,0.0000,0,-0.0062,0.2737,278.4500,71.0305
tv15%_lb20d_ovly,2022 bear,2022-11-21,0.814976,0.5480,0.5508,0.5508,0.0000,0,-0.0098,0.2723,275.5855,71.0130
tv15%_lb20d_ovly,2022 bear,2022-11-22,0.821681,0.5480,0.5540,0.5540,0.0000,0,0.0000,0.2708,279.5547,71.0656
tv15%_lb20d_ovly,2022 bear,2022-11-23,0.826521,0.5480,0.5580,0.5580,0.0000,0,0.0000,0.2688,282.3606,71.1269
tv15%_lb20d_ovly,2022 bear,2022-11-25,0.823587,0.5480,0.5609,0.5609,0.0000,0,-0.0002,0.2674,280.5030,71.1357
tv15%_lb20d_ovly,2022 bear,2022-11-28,0.817057,0.5480,0.5687,0.5687,0.0000,0,-0.0162,0.2638,276.3872,71.1532
tv15%_lb20d_ovly,2022 bear,2022-11-29,0.813531,0.5480,0.5720,0.5720,0.0000,0,-0.0179,0.2622,274.2950,71.1269
tv15%_lb20d_ovly,2022 bear,2022-11-30,0.834941,0.5480,0.5325,0.5325,0.0000,0,0.0000,0.2817,286.7990,71.3372
tv15%_lb20d_ovly,2022 bear,2022-12-01,0.836315,0.5480,0.5732,0.5732,0.0000,0,-0.0007,0.2617,287.1509,71.4908
tv15%_lb20d_ovly,2022 bear,2022-12-02,0.834397,0.5480,0.5839,0.5839,0.0000,0,-0.0019,0.2569,286.0070,71.4733
tv15%_lb20d_ovly,2022 bear,2022-12-05,0.825657,0.5480,0.5632,0.5632,0.0000,0,-0.0198,0.2663,281.2069,71.2713
tv15%_lb20d_ovly,2022 bear,2022-12-06,0.816695,0.5480,0.5512,0.5512,0.0000,0,-0.0340,0.2721,275.3802,71.3503
tv15%_lb20d_ovly,2022 bear,2022-12-07,0.815640,0.5480,0.5514,0.5514,0.0000,0,-0.0356,0.2721,274.2559,71.4996
tv15%_lb20d_ovly,2022 bear,2022-12-08,0.820568,0.5480,0.5776,0.5776,0.0000,0,-0.0281,0.2597,277.5016,71.4294
tv15%_lb20d_ovly,2022 bear,2022-12-09,0.817518,0.5480,0.8333,0.8333,0.0000,0,-0.0353,0.1800,275.7321,71.3942
tv15%_lb20d_ovly,2022 bear,2022-12-12,0.822679,0.8333,0.8147,0.8147,0.0000,0,-0.0214,0.1841,279.1930,71.3503
tv15%_lb20d_ovly,2022 bear,2022-12-13,0.830454,0.8333,0.8197,0.8197,0.0000,0,-0.0140,0.1830,282.1943,71.5611
tv15%_lb20d_ovly,2022 bear,2022-12-14,0.825340,0.8333,0.8224,0.8224,0.0000,0,-0.0203,0.1824,280.1021,71.5698
tv15%_lb20d_ovly,2022 bear,2022-12-15,0.802267,0.8333,0.7455,0.7455,0.0000,0,-0.0443,0.2012,270.6974,71.5795
tv15%_lb20d_ovly,2022 bear,2022-12-16,0.795955,0.7455,0.9819,0.7319,0.2500,0,-0.0556,0.2050,268.1164,71.6499
tv15%_lb20d_ovly,2022 bear,2022-12-19,0.787181,0.9819,0.9804,0.7304,0.2500,0,-0.0636,0.2054,264.3484,71.5619
tv15%_lb20d_ovly,2022 bear,2022-12-20,0.786579,0.9819,0.9797,0.7297,0.2500,0,-0.0623,0.2056,264.1426,71.5619
tv15%_lb20d_ovly,2022 bear,2022-12-21,0.797796,0.9819,0.7245,0.7245,0.0000,0,-0.0483,0.2070,267.9743,71.6323
tv15%_lb20d_ovly,2022 bear,2022-12-22,0.778423,0.7245,0.9654,0.7154,0.2500,0,-0.0618,0.2097,261.4182,71.5883
tv15%_lb20d_ovly,2022 bear,2022-12-23,0.779398,0.9654,0.9588,0.7088,0.2500,0,-0.0564,0.2116,262.0062,71.5532
tv15%_lb20d_ovly,2022 bear,2022-12-27,0.768724,0.9654,0.9803,0.7303,0.2500,0,-0.0602,0.2054,258.3019,71.4564
tv15%_lb20d_ovly,2022 bear,2022-12-28,0.758926,0.9654,0.9678,0.7178,0.2500,0,-0.0718,0.2090,254.8916,71.4564
tv15%_lb20d_ovly,2022 bear,2022-12-29,0.776804,0.9654,1.0000,0.8104,0.2500,0,-0.0544,0.1851,261.1046,71.5091
tv15%_lb20d_ovly,2022 bear,2022-12-30,0.776321,0.9654,1.0000,0.8111,0.2500,0,-0.0558,0.1849,260.9479,71.4212
tv15%_lb20d_ovly,2023–Aug 2024,2023-01-03,1.000000,0.0000,0.0000,0.0000,0.0000,0,0.0000,0.0000,259.1840,71.4827
tv15%_lb20d_ovly,2023–Aug 2024,2023-01-04,1.000985,0.0000,0.0000,0.0000,0.0000,0,0.0000,0.0000,260.4186,71.5531
tv15%_lb20d_ovly,2023–Aug 2024,2023-01-05,0.999631,0.0000,0.0000,0.0000,0.0000,0,0.0000,0.0000,256.3419,71.4564
tv15%_lb20d_ovly,2023–Aug 2024,2023-01-06,1.003447,0.0000,0.0000,0.0000,0.0000,0,0.0000,0.0000,263.4174,71.7291
tv15%_lb20d_ovly,2023–Aug 2024,2023-01-09,1.004431,0.0000,0.0000,0.0000,0.0000,0,0.0000,0.0000,265.1226,71.7995
tv15%_lb20d_ovly,2023–Aug 2024,2023-01-10,1.003570,0.0000,0.0000,0.0000,0.0000,0,0.0000,0.0000,267.3667,71.7379
tv15%_lb20d_ovly,2023–Aug 2024,2023-01-11,1.004431,0.0000,0.0000,0.0000,0.0000,0,0.0000,0.0000,271.9921,71.7995
tv15%_lb20d_ovly,2023–Aug 2024,2023-01-12,1.006647,0.0000,0.0000,0.0000,0.0000,0,0.0000,0.0000,273.4621,71.9579
tv15%_lb20d_ovly,2023–Aug 2024,2023-01-13,1.004923,0.0000,0.0000,0.0000,0.0000,0,0.0000,0.0000,275.3437,71.8347
tv15%_lb20d_ovly,2023–Aug 2024,2023-01-17,1.005539,0.0000,0.0000,0.0000,0.0000,0,0.0000,0.0000,275.9023,71.8787
tv15%_lb20d_ovly,2023–Aug 2024,2023-01-18,1.007755,0.0000,0.0000,0.0000,0.0000,0,0.0000,0.0000,272.3156,72.0371
tv15%_lb20d_ovly,2023–Aug 2024,2023-01-19,1.007509,0.0000,0.0000,0.0000,0.0000,0,0.0000,0.0000,269.6403,72.0195
tv15%_lb20d_ovly,2023–Aug 2024,2023-01-20,1.006647,0.0000,0.0000,0.0000,0.0000,0,0.0000,0.0000,277.0195,71.9579
tv15%_lb20d_ovly,2023–Aug 2024,2023-01-23,1.005662,0.0000,0.0000,0.0000,0.0000,0,0.0000,0.0000,283.1736,71.8875
tv15%_lb20d_ovly,2023–Aug 2024,2023-01-24,1.006031,0.0000,0.0000,0.0000,0.0000,0,0.0000,0.0000,282.5956,71.9139
tv15%_lb20d_ovly,2023–Aug 2024,2023-01-25,1.006647,0.0000,0.0000,0.0000,0.0000,0,0.0000,0.0000,281.9684,71.9579
tv15%_lb20d_ovly,2023–Aug 2024,2023-01-26,1.006031,0.0000,0.0000,0.0000,0.0000,0,0.0000,0.0000,287.4660,71.9139
tv15%_lb20d_ovly,2023–Aug 2024,2023-01-27,1.006031,0.0000,0.0000,0.0000,0.0000,0,0.0000,0.0000,290.3275,71.9139
tv15%_lb20d_ovly,2023–Aug 2024,2023-01-30,1.005047,0.0000,0.0000,0.0000,0.0000,0,0.0000,0.0000,284.4576,71.8435
tv15%_lb20d_ovly,2023–Aug 2024,2023-01-31,1.006893,0.0000,0.0000,0.0000,0.0000,0,0.0000,0.0000,288.7204,71.9755
tv15%_lb20d_ovly,2023–Aug 2024,2023-02-01,1.008644,0.0000,0.0000,0.9083,0.0000,0,0.0000,0.1651,294.8942,72.1006
tv15%_lb20d_ovly,2023–Aug 2024,2023-02-02,1.008768,0.0000,0.0000,0.8877,0.0000,0,0.0000,0.1690,305.4780,72.1095
tv15%_lb20d_ovly,2023–Aug 2024,2023-02-03,1.005068,0.0000,0.0000,0.8928,0.0000,0,-0.0106,0.1680,300.0489,71.8450
tv15%_lb20d_ovly,2023–Aug 2024,2023-02-06,1.002232,0.0000,0.0000,0.9575,0.0000,0,-0.0167,0.1567,297.5108,71.6423
tv15%_lb20d_ovly,2023–Aug 2024,2023-02-07,1.002725,0.0000,0.0000,0.9361,0.0000,0,-0.0038,0.1602,303.6748,71.6775
tv15%_lb20d_ovly,2023–Aug 2024,2023-02-08,1.003095,0.0000,0.0000,0.8958,0.0000,0,-0.0147,0.1675,298.2751,71.7040
tv15%_lb20d_ovly,2023–Aug 2024,2023-02-09,1.002355,0.0000,0.0000,0.8954,0.0000,0,-0.0232,0.1675,295.6390,71.6511
tv15%_lb20d_ovly,2023–Aug 2024,2023-02-10,1.001862,0.0000,0.0000,0.8962,0.0000,0,-0.0210,0.1674,293.6986,71.6158
tv15%_lb20d_ovly,2023–Aug 2024,2023-02-13,1.002108,0.0000,0.0000,0.8764,0.0000,0,-0.0095,0.1712,298.4026,71.6334
tv15%_lb20d_ovly,2023–Aug 2024,2023-02-14,1.000012,0.0000,0.0000,0.8780,0.0000,0,-0.0099,0.1708,300.6075,71.4836
tv15%_lb20d_ovly,2023–Aug 2024,2023-02-15,1.000135,0.0000,0.0000,0.9527,0.0000,0,-0.0067,0.1575,302.9104,71.4924
tv15%_lb20d_ovly,2023–Aug 2024,2023-02-16,1.000259,0.0000,0.0000,0.9114,0.0000,0,-0.0204,0.1646,297.2266,71.5012
tv15%_lb20d_ovly,2023–Aug 2024,2023-02-17,1.001122,0.0000,0.0000,0.9737,0.0000,0,-0.0228,0.1541,295.1294,71.5629
tv15%_lb20d_ovly,2023–Aug 2024,2023-02-21,0.999149,0.0000,0.0000,0.8994,0.0000,0,-0.0424,0.1668,288.1422,71.4219
tv15%_lb20d_ovly,2023–Aug 2024,2023-02-22,0.999642,0.0000,0.0000,0.8993,0.0000,0,-0.0438,0.1668,288.3578,71.4571
tv15%_lb20d_ovly,2023–Aug 2024,2023-02-23,1.000259,0.0000,0.0000,0.8931,0.0000,0,-0.0387,0.1679,290.8763,71.5012
tv15%_lb20d_ovly,2023–Aug 2024,2023-02-24,0.998162,0.0000,0.0000,0.8986,0.0000,0,-0.0489,0.1669,286.0059,71.3513
tv15%_lb20d_ovly,2023–Aug 2024,2023-02-27,0.999025,0.0000,0.0000,0.8968,0.0000,0,-0.0457,0.1673,288.0540,71.4131
tv15%_lb20d_ovly,2023–Aug 2024,2023-02-28,0.998779,0.0000,0.0000,0.9263,0.0000,0,-0.0492,0.1619,287.6816,71.3954
tv15%_lb20d_ovly,2023–Aug 2024,2023-03-01,0.996950,0.0000,0.0000,0.9869,0.0000,0,-0.0529,0.1520,285.3688,71.2647
tv15%_lb20d_ovly,2023–Aug 2024,2023-03-02,0.997321,0.0000,0.0000,1.0000,0.0000,0,-0.0455,0.1493,287.7306,71.2912
tv15%_lb20d_ovly,2023–Aug 2024,2023-03-03,0.997938,0.0000,0.0000,0.9901,0.0000,0,-0.0265,0.1515,293.6790,71.3354
tv15%_lb20d_ovly,2023–Aug 2024,2023-03-06,0.997444,0.0000,0.0000,1.0000,0.0000,0,-0.0258,0.1477,294.0122,71.3000
tv15%_lb20d_ovly,2023–Aug 2024,2023-03-07,0.995343,0.0000,0.0000,0.9644,0.0000,0,-0.0408,0.1555,290.4059,71.1499
tv15%_lb20d_ovly,2023–Aug 2024,2023-03-08,0.994849,0.0000,0.0000,1.0000,0.0000,0,-0.0364,0.1465,291.8563,71.1145
tv15%_lb20d_ovly,2023–Aug 2024,2023-03-09,0.998062,0.0000,0.0000,0.9678,0.0000,0,-0.0542,0.1550,286.7996,71.3442
tv15%_lb20d_ovly,2023–Aug 2024,2023-03-10,1.003499,0.0000,0.0000,0.9407,0.0000,0,-0.0678,0.1595,282.7719,71.7328
tv15%_lb20d_ovly,2023–Aug 2024,2023-03-13,1.013508,0.0000,0.0000,0.9467,0.0000,0,-0.0691,0.1585,284.8690,72.4483
tv15%_lb20d_ovly,2023–Aug 2024,2023-03-14,1.009677,0.0000,0.0000,0.9094,0.0000,0,-0.0537,0.1650,291.4153,72.1745
tv15%_lb20d_ovly,2023–Aug 2024,2023-03-15,1.015609,0.0000,0.0000,0.9078,0.0000,0,-0.0597,0.1652,292.9441,72.5985
tv15%_lb20d_ovly,2023–Aug 2024,2023-03-16,1.011531,0.0000,0.0000,0.8368,0.0000,0,-0.0298,0.1793,300.6663,72.3070
tv15%_lb20d_ovly,2023–Aug 2024,2023-03-17,1.016597,0.0000,0.0000,0.8446,0.0000,0,-0.0388,0.1776,299.2452,72.6691
tv15%_lb20d_ovly,2023–Aug 2024,2023-03-20,1.015362,0.0000,0.0000,0.8226,0.0000,0,-0.0228,0.1823,300.3073,72.5808
tv15%_lb20d_ovly,2023–Aug 2024,2023-03-21,1.011531,0.0000,0.0000,0.8568,0.0000,0,-0.0100,0.1751,304.5964,72.3070
tv15%_lb20d_ovly,2023–Aug 2024,2023-03-22,1.016226,0.0000,0.0000,0.8082,0.0000,0,-0.0269,0.1856,300.4544,72.6426
tv15%_lb20d_ovly,2023–Aug 2024,2023-03-23,1.019192,0.0000,0.0000,0.8120,0.0000,0,-0.0242,0.1847,304.0174,72.8546
tv15%_lb20d_ovly,2023–Aug 2024,2023-03-24,1.019686,0.0000,0.0000,0.8219,0.0000,0,-0.0178,0.1825,305.1363,72.8900
tv15%_lb20d_ovly,2023–Aug 2024,2023-03-27,1.015362,0.0000,0.0000,0.8232,0.0000,0,-0.0160,0.1822,303.0457,72.5808
tv15%_lb20d_ovly,2023–Aug 2024,2023-03-28,1.014249,0.0000,0.0000,0.8247,0.0000,0,-0.0182,0.1819,301.4359,72.5013
tv15%_lb20d_ovly,2023–Aug 2024,2023-03-29,1.013879,0.0000,0.0000,0.7975,0.0000,0,-0.0039,0.1881,306.9324,72.4748
tv15%_lb20d_ovly,2023–Aug 2024,2023-03-30,1.014002,0.0000,0.8008,0.8008,0.0000,0,0.0000,0.1873,309.8376,72.4837
tv15%_lb20d_ovly,2023–Aug 2024,2023-03-31,1.014425,0.8008,0.8091,0.8091,0.0000,0,0.0000,0.1854,314.9904,72.5720
tv15%_lb20d_ovly,2023–Aug 2024,2023-04-03,1.012697,0.8008,0.8078,0.8078,0.0000,0,0.0000,0.1857,314.2248,72.6605
tv15%_lb20d_ovly,2023–Aug 2024,2023-04-04,1.010428,0.8008,0.8465,0.8465,0.0000,0,-0.0055,0.1772,313.1649,72.8287
tv15%_lb20d_ovly,2023–Aug 2024,2023-04-05,1.002708,0.8008,0.8436,0.8436,0.0000,0,-0.0082,0.1778,310.0732,72.9261
tv15%_lb20d_ovly,2023–Aug 2024,2023-04-06,1.008050,0.8008,0.9281,0.9281,0.0000,0,-0.0043,0.1616,312.1637,72.8995
tv15%_lb20d_ovly,2023–Aug 2024,2023-04-10,1.006758,0.9281,1.0000,1.0000,0.0000,0,-0.0033,0.1489,311.9871,72.6428
tv15%_lb20d_ovly,2023–Aug 2024,2023-04-11,1.000680,1.0000,1.0000,1.0000,0.0000,0,-0.0030,0.1484,309.9848,72.6339
tv15%_lb20d_ovly,2023–Aug 2024,2023-04-12,0.991840,1.0000,1.0000,1.0000,0.0000,0,-0.0071,0.1420,307.2464,72.7136
tv15%_lb20d_ovly,2023–Aug 2024,2023-04-13,1.011263,1.0000,1.0000,1.0000,0.0000,0,0.0000,0.1433,313.2630,72.7579
tv15%_lb20d_ovly,2023–Aug 2024,2023-04-14,1.009361,1.0000,1.0000,1.0000,0.0000,0,-0.0024,0.1343,312.6740,72.5897
tv15%_lb20d_ovly,2023–Aug 2024,2023-04-17,1.010217,1.0000,1.0000,1.0000,0.0000,0,0.0000,0.1238,312.9391,72.4835
tv15%_lb20d_ovly,2023–Aug 2024,2023-04-18,1.010281,1.0000,1.0000,1.0000,0.0000,0,0.0000,0.1215,312.9587,72.4658
tv15%_lb20d_ovly,2023–Aug 2024,2023-04-19,1.009805,1.0000,1.0000,1.0000,0.0000,0,-0.0002,0.1152,312.8115,72.4038
tv15%_lb20d_ovly,2023–Aug 2024,2023-04-20,1.002106,1.0000,1.0000,1.0000,0.0000,0,-0.0056,0.0953,310.4265,72.5809
tv15%_lb20d_ovly,2023–Aug 2024,2023-04-21,1.003151,1.0000,1.0000,1.0000,0.0000,0,-0.0049,0.0955,310.7503,72.5366
tv15%_lb20d_ovly,2023–Aug 2024,2023-04-24,1.001060,1.0000,1.0000,1.0000,0.0000,0,-0.0038,0.0943,310.1025,72.6163
tv15%_lb20d_ovly,2023–Aug 2024,2023-04-25,0.982177,1.0000,1.0000,1.0000,0.0000,0,-0.0196,0.1141,304.2529,72.8995
tv15%_lb20d_ovly,2023–Aug 2024,2023-04-26,0.988133,1.0000,1.0000,1.0000,0.0000,0,-0.0238,0.1151,306.0981,72.8110
tv15%_lb20d_ovly,2023–Aug 2024,2023-04-27,1.015001,1.0000,1.0000,1.0000,0.0000,0,-0.0043,0.1244,314.4211,72.6694
tv15%_lb20d_ovly,2023–Aug 2024,2023-04-28,1.022004,1.0000,1.0000,1.0000,0.0000,0,0.0000,0.1260,316.5903,72.7490
tv15%_lb20d_ovly,2023–Aug 2024,2023-05-01,1.020831,1.0000,1.0000,1.0000,0.0000,0,-0.0010,0.1172,316.2271,72.5902
tv15%_lb20d_ovly,2023–Aug 2024,2023-05-02,1.011928,1.0000,1.0000,1.0000,0.0000,0,-0.0122,0.1240,313.4691,72.8298
tv15%_lb20d_ovly,2023–Aug 2024,2023-05-03,1.005306,1.0000,1.0000,1.0000,0.0000,0,-0.0190,0.1249,311.4178,73.0072
tv15%_lb20d_ovly,2023–Aug 2024,2023-05-04,1.001758,1.0000,1.0000,1.0000,0.0000,0,-0.0260,0.1271,310.3186,73.1226
tv15%_lb20d_ovly,2023–Aug 2024,2023-05-05,1.023049,1.0000,1.0000,1.0000,0.0000,0,-0.0079,0.1428,316.9142,72.9451
tv15%_lb20d_ovly,2023–Aug 2024,2023-05-08,1.025584,1.0000,1.0000,1.0000,0.0000,0,-0.0077,0.1428,317.6993,72.8298
tv15%_lb20d_ovly,2023–Aug 2024,2023-05-09,1.019089,1.0000,1.0000,1.0000,0.0000,0,-0.0120,0.1438,315.6873,72.8120
tv15%_lb20d_ovly,2023–Aug 2024,2023-05-10,1.030178,1.0000,1.0000,1.0000,0.0000,0,-0.0074,0.1437,319.1225,72.9895
tv15%_lb20d_ovly,2023–Aug 2024,2023-05-11,1.033537,1.0000,1.0000,1.0000,0.0000,0,-0.0091,0.1359,320.1629,73.0339
tv15%_lb20d_ovly,2023–Aug 2024,2023-05-12,1.029829,1.0000,1.0000,1.0000,0.0000,0,-0.0104,0.1357,319.0145,72.9096
tv15%_lb20d_ovly,2023–Aug 2024,2023-05-15,1.035406,1.0000,1.0000,1.0000,0.0000,0,-0.0070,0.1357,320.7419,72.9185
tv15%_lb20d_ovly,2023–Aug 2024,2023-05-16,1.036578,1.0000,1.0000,1.0000,0.0000,0,-0.0137,0.1376,321.1051,72.8298
tv15%_lb20d_ovly,2023–Aug 2024,2023-05-17,1.049125,1.0000,1.0000,1.0000,0.0000,0,-0.0017,0.1447,324.9918,72.7499
tv15%_lb20d_ovly,2023–Aug 2024,2023-05-18,1.068611,1.0000,1.0000,1.0000,0.0000,0,0.0000,0.1468,331.0280,72.6168
tv15%_lb20d_ovly,2023–Aug 2024,2023-05-19,1.066203,1.0000,1.0000,1.0000,0.0000,0,-0.0015,0.1470,330.2821,72.5636
tv15%_lb20d_ovly,2023–Aug 2024,2023-05-22,1.069783,1.0000,1.0000,1.0000,0.0000,0,-0.0010,0.1470,331.3912,72.5370
tv15%_lb20d_ovly,2023–Aug 2024,2023-05-23,1.056222,1.0000,1.0000,1.0000,0.0000,0,-0.0123,0.1407,327.1903,72.5281
tv15%_lb20d_ovly,2023–Aug 2024,2023-05-24,1.050805,1.0000,1.0000,1.0000,0.0000,0,-0.0194,0.1426,325.5120,72.4393
tv15%_lb20d_ovly,2023–Aug 2024,2023-05-25,1.076374,1.0000,1.0000,1.0000,0.0000,0,-0.0109,0.1278,333.4326,72.2797
tv15%_lb20d_ovly,2023–Aug 2024,2023-05-26,1.103875,1.0000,1.0000,1.0000,0.0000,0,0.0000,0.1324,341.9520,72.2619
tv15%_lb20d_ovly,2023–Aug 2024,2023-05-30,1.108882,1.0000,1.0000,1.0000,0.0000,0,0.0000,0.1323,343.5028,72.4039
tv15%_lb20d_ovly,2023–Aug 2024,2023-05-31,1.102576,1.0000,1.0000,1.0000,0.0000,0,-0.0055,0.1269,341.5496,72.4748
tv15%_lb20d_ovly,2023–Aug 2024,2023-06-01,1.115313,1.0000,1.0000,1.0000,0.0000,0,0.0000,0.1269,345.4952,72.5878
tv15%_lb20d_ovly,2023–Aug 2024,2023-06-02,1.123678,1.0000,1.0000,1.0000,0.0000,0,0.0000,0.1301,348.0863,72.3832
tv15%_lb20d_ovly,2023–Aug 2024,2023-06-05,1.124470,1.0000,1.0000,1.0000,0.0000,0,-0.0019,0.1171,348.3317,72.4010
tv15%_lb20d_ovly,2023–Aug 2024,2023-06-06,1.124280,1.0000,1.0000,1.0000,0.0000,0,0.0000,0.1170,348.2728,72.3655
tv15%_lb20d_ovly,2023–Aug 2024,2023-06-07,1.105206,1.0000,1.0000,1.0000,0.0000,0,-0.0035,0.1164,342.3642,72.3121
tv15%_lb20d_ovly,2023–Aug 2024,2023-06-08,1.118925,1.0000,1.0000,1.0000,0.0000,0,0.0000,0.1169,346.6141,72.4277
tv15%_lb20d_ovly,2023–Aug 2024,2023-06-09,1.123203,1.0000,1.0000,1.0000,0.0000,0,0.0000,0.1161,347.9391,72.2943
tv15%_lb20d_ovly,2023–Aug 2024,2023-06-12,1.142181,1.0000,1.0000,1.0000,0.0000,0,0.0000,0.1178,353.8182,72.3566
tv15%_lb20d_ovly,2023–Aug 2024,2023-06-13,1.150958,1.0000,1.0000,1.0000,0.0000,0,0.0000,0.1186,356.5370,72.2231
tv15%_lb20d_ovly,2023–Aug 2024,2023-06-14,1.159323,1.0000,1.0000,1.0000,0.0000,0,0.0000,0.1135,359.1282,72.1787
tv15%_lb20d_ovly,2023–Aug 2024,2023-06-15,1.173137,1.0000,1.0000,1.0000,0.0000,0,0.0000,0.1137,363.4074,72.3299
tv15%_lb20d_ovly,2023–Aug 2024,2023-06-16,1.165755,1.0000,1.0000,1.0000,0.0000,0,-0.0034,0.1134,361.1206,72.2320
tv15%_lb20d_ovly,2023–Aug 2024,2023-06-20,1.164086,1.0000,1.0000,1.0000,0.0000,0,-0.0086,0.1159,360.6036,72.2587
tv15%_lb20d_ovly,2023–Aug 2024,2023-06-21,1.148222,1.0000,1.0000,1.0000,0.0000,0,-0.0137,0.1188,355.6894,72.2587
tv15%_lb20d_ovly,2023–Aug 2024,2023-06-22,1.161770,1.0000,1.0000,1.0000,0.0000,0,-0.0101,0.1078,359.8861,72.1787
tv15%_lb20d_ovly,2023–Aug 2024,2023-06-23,1.150252,1.0000,1.0000,1.0000,0.0000,0,-0.0176,0.1082,356.3184,72.2409
tv15%_lb20d_ovly,2023–Aug 2024,2023-06-26,1.134833,1.0000,1.0000,1.0000,0.0000,0,-0.0216,0.1085,351.5418,72.2943
tv15%_lb20d_ovly,2023–Aug 2024,2023-06-27,1.154345,1.0000,1.0000,1.0000,0.0000,0,-0.0109,0.1062,357.5863,72.1876
tv15%_lb20d_ovly,2023–Aug 2024,2023-06-28,1.156598,1.0000,1.0000,1.0000,0.0000,0,-0.0104,0.1062,358.2841,72.2676
tv15%_lb20d_ovly,2023–Aug 2024,2023-06-29,1.154282,1.0000,1.0000,1.0000,0.0000,0,-0.0065,0.1024,357.5667,72.0897
tv15%_lb20d_ovly,2023–Aug 2024,2023-06-30,1.172081,1.0000,1.0000,1.0000,0.0000,0,0.0000,0.1047,363.0803,72.1164
tv15%_lb20d_ovly,2023–Aug 2024,2023-07-03,1.174841,1.0000,1.0000,1.0000,0.0000,0,0.0000,0.0952,363.9355,72.0326
tv15%_lb20d_ovly,2023–Aug 2024,2023-07-05,1.174810,1.0000,1.0000,1.0000,0.0000,0,-0.0015,0.0950,363.9256,72.0147
tv15%_lb20d_ovly,2023–Aug 2024,2023-07-06,1.165862,1.0000,1.0000,1.0000,0.0000,0,-0.0093,0.1013,361.1540,71.9702
tv15%_lb20d_ovly,2023–Aug 2024,2023-07-07,1.161991,1.0000,1.0000,1.0000,0.0000,0,-0.0118,0.1007,359.9548,72.0504
tv15%_lb20d_ovly,2023–Aug 2024,2023-07-10,1.162372,1.0000,1.0000,1.0000,0.0000,0,-0.0093,0.0994,360.0728,72.1574
tv15%_lb20d_ovly,2023–Aug 2024,2023-07-11,1.168115,1.0000,1.0000,1.0000,0.0000,0,-0.0030,0.1009,361.8517,72.1485
tv15%_lb20d_ovly,2023–Aug 2024,2023-07-12,1.182868,1.0000,1.0000,1.0000,0.0000,0,0.0000,0.1000,366.4220,72.3625
tv15%_lb20d_ovly,2023–Aug 2024,2023-07-13,1.202952,1.0000,1.0000,1.0000,0.0000,0,0.0000,0.1010,372.6434,72.5676
tv15%_lb20d_ovly,2023–Aug 2024,2023-07-14,1.202698,1.0000,1.0000,1.0000,0.0000,0,-0.0006,0.1013,372.5647,72.3803
tv15%_lb20d_ovly,2023–Aug 2024,2023-07-17,1.213930,1.0000,1.0000,1.0000,0.0000,0,0.0000,0.0934,376.0439,72.4071
tv15%_lb20d_ovly,2023–Aug 2024,2023-07-18,1.223860,1.0000,1.0000,1.0000,0.0000,0,0.0000,0.0943,379.1203,72.4071
tv15%_lb20d_ovly,2023–Aug 2024,2023-07-19,1.223575,1.0000,1.0000,1.0000,0.0000,0,0.0000,0.0908,379.0318,72.4339
tv15%_lb20d_ovly,2023–Aug 2024,2023-07-20,1.195369,1.0000,1.0000,1.0000,0.0000,0,-0.0066,0.0925,370.2944,72.3447
tv15%_lb20d_ovly,2023–Aug 2024,2023-07-21,1.191784,1.0000,1.0000,1.0000,0.0000,0,-0.0066,0.0926,369.1838,72.3536
tv15%_lb20d_ovly,2023–Aug 2024,2023-07-24,1.193688,1.0000,1.0000,1.0000,0.0000,0,-0.0022,0.0861,369.7735,72.2644
tv15%_lb20d_ovly,2023–Aug 2024,2023-07-25,1.201778,1.0000,1.0000,1.0000,0.0000,0,0.0000,0.0826,372.2797,72.2555
tv15%_lb20d_ovly,2023–Aug 2024,2023-07-26,1.197780,1.0000,1.0000,1.0000,0.0000,0,0.0000,0.0771,371.0413,72.3269
tv15%_lb20d_ovly,2023–Aug 2024,2023-07-27,1.194925,1.0000,1.0000,1.0000,0.0000,0,-0.0066,0.0831,370.1568,72.2198
tv15%_lb20d_ovly,2023–Aug 2024,2023-07-28,1.216690,1.0000,1.0000,1.0000,0.0000,0,0.0000,0.0875,376.8990,72.3179
tv15%_lb20d_ovly,2023–Aug 2024,2023-07-31,1.217325,1.0000,1.0000,1.0000,0.0000,0,0.0000,0.0798,377.0956,72.3358
tv15%_lb20d_ovly,2023–Aug 2024,2023-08-01,1.214501,1.0000,1.0000,1.0000,0.0000,0,-0.0029,0.0813,376.2209,72.2750
tv15%_lb20d_ovly,2023–Aug 2024,2023-08-02,1.187850,1.0000,1.0000,1.0000,0.0000,0,-0.0167,0.0977,367.9650,72.3107
tv15%_lb20d_ovly,2023–Aug 2024,2023-08-03,1.185946,1.0000,1.0000,1.0000,0.0000,0,-0.0196,0.0934,367.3754,72.3376
tv15%_lb20d_ovly,2023–Aug 2024,2023-08-04,1.180394,1.0000,1.0000,1.0000,0.0000,0,-0.0240,0.0947,365.6554,72.4806
tv15%_lb20d_ovly,2023–Aug 2024,2023-08-07,1.190388,1.0000,1.0000,1.0000,0.0000,0,-0.0155,0.0985,368.7513,72.5074
tv15%_lb20d_ovly,2023–Aug 2024,2023-08-08,1.180267,1.0000,1.0000,1.0000,0.0000,0,-0.0197,0.0985,365.6160,72.5432
tv15%_lb20d_ovly,2023–Aug 2024,2023-08-09,1.167290,1.0000,1.0000,1.0000,0.0000,0,-0.0263,0.0978,361.5963,72.4985
tv15%_lb20d_ovly,2023–Aug 2024,2023-08-10,1.169448,1.0000,1.0000,1.0000,0.0000,0,-0.0260,0.0933,362.2646,72.4627
tv15%_lb20d_ovly,2023–Aug 2024,2023-08-11,1.161991,1.0000,1.0000,1.0000,0.0000,0,-0.0265,0.0933,359.9548,72.3912
tv15%_lb20d_ovly,2023–Aug 2024,2023-08-14,1.175032,1.0000,1.0000,1.0000,0.0000,0,-0.0211,0.0947,363.9944,72.3286
tv15%_lb20d_ovly,2023–Aug 2024,2023-08-15,1.162563,1.0000,1.0000,1.0000,0.0000,0,-0.0325,0.0983,360.1318,72.3555
tv15%_lb20d_ovly,2023–Aug 2024,2023-08-16,1.150252,1.0000,1.0000,1.0000,0.0000,0,-0.0396,0.0997,356.3184,72.3197
tv15%_lb20d_ovly,2023–Aug 2024,2023-08-17,1.137688,1.0000,1.0000,1.0000,0.0000,0,-0.0470,0.1004,352.4264,72.4001
tv15%_lb20d_ovly,2023–Aug 2024,2023-08-18,1.136260,1.0000,1.0000,1.0000,0.0000,0,-0.0465,0.1005,351.9840,72.4270
tv15%_lb20d_ovly,2023–Aug 2024,2023-08-21,1.154567,1.0000,1.0000,1.0000,0.0000,0,-0.0403,0.1024,357.6551,72.3465
tv15%_lb20d_ovly,2023–Aug 2024,2023-08-22,1.152918,1.0000,1.0000,1.0000,0.0000,0,-0.0429,0.1011,357.1440,72.3107
tv15%_lb20d_ovly,2023–Aug 2024,2023-08-23,1.171097,1.0000,1.0000,1.0000,0.0000,0,-0.0322,0.1111,362.7756,72.4448
tv15%_lb20d_ovly,2023–Aug 2024,2023-08-24,1.146064,1.0000,1.0000,1.0000,0.0000,0,-0.0457,0.1184,355.0211,72.4001
tv15%_lb20d_ovly,2023–Aug 2024,2023-08-25,1.154948,1.0000,1.0000,1.0000,0.0000,0,-0.0389,0.1153,357.7730,72.3555
tv15%_lb20d_ovly,2023–Aug 2024,2023-08-28,1.163641,1.0000,1.0000,1.0000,0.0000,0,-0.0301,0.1182,360.4660,72.4001
tv15%_lb20d_ovly,2023–Aug 2024,2023-08-29,1.189055,1.0000,1.0000,1.0000,0.0000,0,-0.0034,0.1310,368.3385,72.5611
tv15%_lb20d_ovly,2023–Aug 2024,2023-08-30,1.195686,1.0000,1.0000,1.0000,0.0000,0,0.0000,0.1223,370.3927,72.5611
tv15%_lb20d_ovly,2023–Aug 2024,2023-08-31,1.199271,1.0000,1.0000,1.0000,0.0000,0,-0.0015,0.1220,371.5032,72.6326
tv15%_lb20d_ovly,2023–Aug 2024,2023-09-01,1.198002,1.0000,1.0000,1.0000,0.0000,0,0.0000,0.1208,371.1101,72.5931
tv15%_lb20d_ovly,2023–Aug 2024,2023-09-05,1.199525,1.0000,1.0000,1.0000,0.0000,0,-0.0043,0.1179,371.5819,72.5035
tv15%_lb20d_ovly,2023–Aug 2024,2023-09-06,1.188960,1.0000,1.0000,1.0000,0.0000,0,-0.0110,0.1193,368.3090,72.4229
tv15%_lb20d_ovly,2023–Aug 2024,2023-09-07,1.180457,1.0000,1.0000,1.0000,0.0000,0,-0.0141,0.1174,365.6750,72.5573
tv15%_lb20d_ovly,2023–Aug 2024,2023-09-08,1.182107,1.0000,1.0000,1.0000,0.0000,0,-0.0126,0.1175,366.1861,72.5215
tv15%_lb20d_ovly,2023–Aug 2024,2023-09-11,1.196035,1.0000,1.0000,1.0000,0.0000,0,-0.0061,0.1198,370.5008,72.5394
tv15%_lb20d_ovly,2023–Aug 2024,2023-09-12,1.182773,1.0000,1.0000,1.0000,0.0000,0,-0.0115,0.1199,366.3925,72.5035
tv15%_lb20d_ovly,2023–Aug 2024,2023-09-13,1.187278,1.0000,1.0000,1.0000,0.0000,0,-0.0104,0.1119,367.7881,72.5663
tv15%_lb20d_ovly,2023–Aug 2024,2023-09-14,1.196987,1.0000,1.0000,1.0000,0.0000,0,-0.0018,0.1116,370.7957,72.5484
tv15%_lb20d_ovly,2023–Aug 2024,2023-09-15,1.176491,1.0000,1.0000,1.0000,0.0000,0,-0.0139,0.1173,364.4465,72.5125
tv15%_lb20d_ovly,2023–Aug 2024,2023-09-18,1.177718,1.0000,1.0000,1.0000,0.0000,0,-0.0133,0.1173,364.8264,72.5035
tv15%_lb20d_ovly,2023–Aug 2024,2023-09-19,1.175207,1.0000,1.0000,1.0000,0.0000,0,-0.0153,0.1159,364.0488,72.4497
tv15%_lb20d_ovly,2023–Aug 2024,2023-09-20,1.158272,1.0000,1.0000,1.0000,0.0000,0,-0.0244,0.1205,358.8027,72.4050
tv15%_lb20d_ovly,2023–Aug 2024,2023-09-21,1.137047,1.0000,1.0000,1.0000,0.0000,0,-0.0405,0.1275,352.2278,72.4408
tv15%_lb20d_ovly,2023–Aug 2024,2023-09-22,1.137206,1.0000,1.0000,1.0000,0.0000,0,-0.0427,0.1183,352.2771,72.5125
tv15%_lb20d_ovly,2023–Aug 2024,2023-09-25,1.142608,1.0000,1.0000,1.0000,0.0000,0,-0.0386,0.1163,353.9503,72.4856
tv15%_lb20d_ovly,2023–Aug 2024,2023-09-26,1.125450,1.0000,1.0000,1.0000,0.0000,0,-0.0528,0.1233,348.6353,72.4946
tv15%_lb20d_ovly,2023–Aug 2024,2023-09-27,1.128087,1.0000,1.0000,1.0000,0.0000,0,-0.0524,0.1081,349.4522,72.4408
tv15%_lb20d_ovly,2023–Aug 2024,2023-09-28,1.137524,1.0000,1.0000,1.0000,0.0000,0,-0.0469,0.1096,352.3755,72.5663
tv15%_lb20d_ovly,2023–Aug 2024,2023-09-29,1.138350,1.0000,1.0000,1.0000,0.0000,0,-0.0492,0.1096,352.6314,72.5752
tv15%_lb20d_ovly,2023–Aug 2024,2023-10-02,1.147851,1.0000,1.0000,1.0000,0.0000,0,-0.0478,0.1087,355.5744,72.5024
tv15%_lb20d_ovly,2023–Aug 2024,2023-10-03,1.127706,1.0000,1.0000,1.0000,0.0000,0,-0.0606,0.1153,349.3341,72.4485
tv15%_lb20d_ovly,2023–Aug 2024,2023-10-04,1.143053,1.0000,1.0000,1.0000,0.0000,0,-0.0537,0.1199,354.0881,72.6103
tv15%_lb20d_ovly,2023–Aug 2024,2023-10-05,1.139685,1.0000,1.0000,1.0000,0.0000,0,-0.0541,0.1201,353.0447,72.6822
tv15%_lb20d_ovly,2023–Aug 2024,2023-10-06,1.158781,1.0000,1.0000,1.0000,0.0000,0,-0.0429,0.1295,358.9603,72.6193
tv15%_lb20d_ovly,2023–Aug 2024,2023-10-09,1.164690,1.0000,1.0000,1.0000,0.0000,0,-0.0367,0.1293,360.7909,72.8349
tv15%_lb20d_ovly,2023–Aug 2024,2023-10-10,1.171140,1.0000,1.0000,1.0000,0.0000,0,-0.0317,0.1307,362.7890,72.7900
tv15%_lb20d_ovly,2023–Aug 2024,2023-10-11,1.179497,1.0000,1.0000,1.0000,0.0000,0,-0.0278,0.1317,365.3776,72.7720
tv15%_lb20d_ovly,2023–Aug 2024,2023-10-12,1.175398,1.0000,1.0000,1.0000,0.0000,0,-0.0225,0.1279,364.1078,72.6822
tv15%_lb20d_ovly,2023–Aug 2024,2023-10-13,1.160624,1.0000,1.0000,1.0000,0.0000,0,-0.0273,0.1226,359.5311,72.7271
tv15%_lb20d_ovly,2023–Aug 2024,2023-10-16,1.173746,1.0000,1.0000,1.0000,0.0000,0,-0.0151,0.1295,363.5961,72.6822
tv15%_lb20d_ovly,2023–Aug 2024,2023-10-17,1.169901,1.0000,1.0000,1.0000,0.0000,0,-0.0060,0.1294,362.4052,72.5204
tv15%_lb20d_ovly,2023–Aug 2024,2023-10-18,1.154555,1.0000,1.0000,1.0000,0.0000,0,-0.0140,0.1338,357.6511,72.5204
tv15%_lb20d_ovly,2023–Aug 2024,2023-10-19,1.143752,1.0000,1.0000,1.0000,0.0000,0,-0.0227,0.1242,354.3047,72.6193
tv15%_lb20d_ovly,2023–Aug 2024,2023-10-20,1.126689,1.0000,1.0000,1.0000,0.0000,0,-0.0347,0.1310,349.0191,72.7361
tv15%_lb20d_ovly,2023–Aug 2024,2023-10-23,1.130089,1.0000,1.0000,1.0000,0.0000,0,-0.0363,0.1295,350.0723,72.7810
tv15%_lb20d_ovly,2023–Aug 2024,2023-10-24,1.141083,1.0000,1.0000,1.0000,0.0000,0,-0.0291,0.1229,353.4779,72.7631
tv15%_lb20d_ovly,2023–Aug 2024,2023-10-25,1.113154,1.0000,1.0000,1.0000,0.0000,0,-0.0430,0.1327,344.8263,72.6822
tv15%_lb20d_ovly,2023–Aug 2024,2023-10-26,1.091929,1.0000,1.0000,1.0000,0.0000,0,-0.0545,0.1357,338.2513,72.8260
tv15%_lb20d_ovly,2023–Aug 2024,2023-10-27,1.097172,1.0000,1.0000,1.0000,0.0000,0,-0.0588,0.1360,339.8754,72.8709
tv15%_lb20d_ovly,2023–Aug 2024,2023-10-30,1.109531,1.0000,1.0000,1.0000,0.0000,0,-0.0475,0.1446,343.7041,72.8439
tv15%_lb20d_ovly,2023–Aug 2024,2023-10-31,1.114838,1.0000,1.0000,1.0000,0.0000,0,-0.0415,0.1397,345.3478,72.8169
tv15%_lb20d_ovly,2023–Aug 2024,2023-11-01,1.134188,1.0000,1.0000,1.0000,0.0000,0,-0.0313,0.1426,351.3420,72.9792
tv15%_lb20d_ovly,2023–Aug 2024,2023-11-02,1.154777,1.0000,0.9492,0.9492,0.0000,0,-0.0127,0.1580,357.7200,72.9882
tv15%_lb20d_ovly,2023–Aug 2024,2023-11-03,1.168285,0.9492,0.9629,0.9629,0.0000,0,-0.0037,0.1558,361.9228,73.1865
tv15%_lb20d_ovly,2023–Aug 2024,2023-11-06,1.172699,0.9492,0.9712,0.9712,0.0000,0,-0.0014,0.1544,363.3992,73.0513
tv15%_lb20d_ovly,2023–Aug 2024,2023-11-07,1.183264,0.9492,0.9759,0.9759,0.0000,0,0.0000,0.1537,366.8344,73.1054
tv15%_lb20d_ovly,2023–Aug 2024,2023-11-08,1.183973,0.9492,0.9800,0.9800,0.0000,0,0.0000,0.1531,367.0705,73.0873
tv15%_lb20d_ovly,2023–Aug 2024,2023-11-09,1.175236,0.9492,0.9734,0.9734,0.0000,0,-0.0078,0.1541,364.2457,72.9792
tv15%_lb20d_ovly,2023–Aug 2024,2023-11-10,1.200329,0.9492,0.9248,0.9248,0.0000,0,0.0000,0.1622,372.4348,72.9972
tv15%_lb20d_ovly,2023–Aug 2024,2023-11-13,1.196798,0.9492,0.9469,0.9469,0.0000,0,-0.0010,0.1584,371.2733,73.0242
tv15%_lb20d_ovly,2023–Aug 2024,2023-11-14,1.221491,0.9492,0.8733,0.8733,0.0000,0,0.0000,0.1718,379.2655,73.3126
tv15%_lb20d_ovly,2023–Aug 2024,2023-11-15,1.222157,0.8733,0.9228,0.9228,0.0000,0,0.0000,0.1626,379.5510,73.1774
tv15%_lb20d_ovly,2023–Aug 2024,2023-11-16,1.223337,0.8733,0.9534,0.9534,0.0000,0,0.0000,0.1573,379.8758,73.3036
tv15%_lb20d_ovly,2023–Aug 2024,2023-11-17,1.223374,0.9534,1.0000,1.0000,0.0000,0,0.0000,0.1471,379.9643,73.2495
tv15%_lb20d_ovly,2023–Aug 2024,2023-11-20,1.237581,0.9534,1.0000,1.0000,0.0000,0,0.0000,0.1466,384.5903,73.2586
tv15%_lb20d_ovly,2023–Aug 2024,2023-11-21,1.230762,0.9534,1.0000,1.0000,0.0000,0,-0.0022,0.1474,382.3561,73.3036
tv15%_lb20d_ovly,2023–Aug 2024,2023-11-22,1.235571,0.9534,1.0000,1.0000,0.0000,0,0.0000,0.1315,383.9210,73.3126
tv15%_lb20d_ovly,2023–Aug 2024,2023-11-24,1.233868,0.9534,1.0000,1.0000,0.0000,0,0.0000,0.1175,383.3797,73.2586
tv15%_lb20d_ovly,2023–Aug 2024,2023-11-27,1.232912,0.9534,1.0000,1.0000,0.0000,0,-0.0018,0.1150,383.0451,73.3487
tv15%_lb20d_ovly,2023–Aug 2024,2023-11-28,1.236099,0.9534,1.0000,1.0000,0.0000,0,-0.0008,0.1129,384.0490,73.4838
tv15%_lb20d_ovly,2023–Aug 2024,2023-11-29,1.235064,0.9534,1.0000,1.0000,0.0000,0,-0.0015,0.1142,383.6750,73.6281
tv15%_lb20d_ovly,2023–Aug 2024,2023-11-30,1.232069,0.9534,1.0000,1.0000,0.0000,0,0.0000,0.1116,382.7104,73.5830
tv15%_lb20d_ovly,2023–Aug 2024,2023-12-01,1.235589,0.9534,1.0000,1.0000,0.0000,0,0.0000,0.0968,383.8029,73.7972
tv15%_lb20d_ovly,2023–Aug 2024,2023-12-04,1.224569,0.9534,1.0000,1.0000,0.0000,0,-0.0052,0.0985,380.2399,73.6887
tv15%_lb20d_ovly,2023–Aug 2024,2023-12-05,1.227570,0.9534,1.0000,1.0000,0.0000,0,-0.0054,0.0990,381.1947,73.7791
tv15%_lb20d_ovly,2023–Aug 2024,2023-12-06,1.220787,0.9534,1.0000,1.0000,0.0000,0,-0.0095,0.1015,378.9899,73.7611
tv15%_lb20d_ovly,2023–Aug 2024,2023-12-07,1.237091,0.9534,1.0000,1.0000,0.0000,0,-0.0019,0.1033,384.2853,73.8153
tv15%_lb20d_ovly,2023–Aug 2024,2023-12-08,1.242220,0.9534,1.0000,1.0000,0.0000,0,0.0000,0.0962,385.9979,73.6526
tv15%_lb20d_ovly,2023–Aug 2024,2023-12-11,1.252351,0.9534,1.0000,1.0000,0.0000,0,0.0000,0.0842,389.2951,73.6707
tv15%_lb20d_ovly,2023–Aug 2024,2023-12-12,1.261867,0.9534,1.0000,1.0000,0.0000,0,0.0000,0.0836,392.3956,73.6797
tv15%_lb20d_ovly,2023–Aug 2024,2023-12-13,1.277462,0.9534,1.0000,1.0000,0.0000,0,0.0000,0.0703,397.3858,74.0503
tv15%_lb20d_ovly,2023–Aug 2024,2023-12-14,1.276508,0.9534,1.0000,1.0000,0.0000,0,0.0000,0.0704,397.0413,74.1773
tv15%_lb20d_ovly,2023–Aug 2024,2023-12-15,1.282326,0.9534,1.0000,1.0000,0.0000,0,-0.0016,0.0717,398.9606,74.0956
tv15%_lb20d_ovly,2023–Aug 2024,2023-12-18,1.290019,0.9534,1.0000,1.0000,0.0000,0,0.0000,0.0726,401.4735,74.0866
tv15%_lb20d_ovly,2023–Aug 2024,2023-12-19,1.296325,0.9534,1.0000,1.0000,0.0000,0,0.0000,0.0713,403.5248,74.1138
tv15%_lb20d_ovly,2023–Aug 2024,2023-12-20,1.278041,0.9534,1.0000,1.0000,0.0000,0,-0.0139,0.0909,397.5286,74.2135
tv15%_lb20d_ovly,2023–Aug 2024,2023-12-21,1.292277,0.9534,1.0000,1.0000,0.0000,0,-0.0045,0.0946,402.1540,74.2861
tv15%_lb20d_ovly,2023–Aug 2024,2023-12-22,1.294142,0.9534,1.0000,1.0000,0.0000,0,-0.0025,0.0945,402.7556,74.3133
tv15%_lb20d_ovly,2023–Aug 2024,2023-12-26,1.301665,0.9534,1.0000,1.0000,0.0000,0,0.0000,0.0935,405.2212,74.2770
tv15%_lb20d_ovly,2023–Aug 2024,2023-12-27,1.304266,0.9534,1.0000,1.0000,0.0000,0,0.0000,0.0934,406.0461,74.3677
tv15%_lb20d_ovly,2023–Aug 2024,2023-12-28,1.303654,0.9534,1.0000,1.0000,0.0000,0,0.0000,0.0930,405.8488,74.3586
tv15%_lb20d_ovly,2023–Aug 2024,2023-12-29,1.298305,0.9534,1.0000,1.0000,0.0000,0,-0.0029,0.0948,404.0923,74.3949
tv15%_lb20d_ovly,2023–Aug 2024,2024-01-02,1.277285,0.9534,1.0000,1.0000,0.0000,0,-0.0085,0.0976,397.2542,74.3043
tv15%_lb20d_ovly,2023–Aug 2024,2024-01-03,1.264414,0.9534,1.0000,1.0000,0.0000,0,-0.0166,0.1009,393.0506,74.3224
tv15%_lb20d_ovly,2023–Aug 2024,2024-01-04,1.258175,0.9534,1.0000,1.0000,0.0000,0,-0.0197,0.1021,391.0278,74.2770
tv15%_lb20d_ovly,2023–Aug 2024,2024-01-05,1.259583,0.9534,1.0000,1.0000,0.0000,0,-0.0184,0.1001,391.4916,74.2589
tv15%_lb20d_ovly,2023–Aug 2024,2024-01-08,1.284452,0.9534,1.0000,1.0000,0.0000,0,-0.0044,0.1078,399.5829,74.3224
tv15%_lb20d_ovly,2023–Aug 2024,2024-01-09,1.286886,0.9534,1.0000,1.0000,0.0000,0,-0.0059,0.1081,400.3723,74.3405
tv15%_lb20d_ovly,2023–Aug 2024,2024-01-10,1.295201,0.9534,1.0000,1.0000,0.0000,0,-0.0003,0.1087,403.0859,74.3405
tv15%_lb20d_ovly,2023–Aug 2024,2024-01-11,1.297911,0.9534,1.0000,1.0000,0.0000,0,-0.0007,0.1085,403.9246,74.5128
tv15%_lb20d_ovly,2023–Aug 2024,2024-01-12,1.298671,0.9534,1.0000,1.0000,0.0000,0,-0.0000,0.0984,404.1318,74.6669
tv15%_lb20d_ovly,2023–Aug 2024,2024-01-16,1.298454,0.9534,1.0000,1.0000,0.0000,0,-0.0037,0.0993,404.0923,74.5491
tv15%_lb20d_ovly,2023–Aug 2024,2024-01-17,1.291354,0.9534,1.0000,1.0000,0.0000,0,-0.0092,0.1014,401.8130,74.4040
tv15%_lb20d_ovly,2023–Aug 2024,2024-01-18,1.308858,0.9534,1.0000,1.0000,0.0000,0,-0.0004,0.1042,407.5164,74.4402
tv15%_lb20d_ovly,2023–Aug 2024,2024-01-19,1.333559,0.9534,1.0000,1.0000,0.0000,0,0.0000,0.1109,415.5978,74.3858
tv15%_lb20d_ovly,2023–Aug 2024,2024-01-22,1.335250,0.9534,1.0000,1.0000,0.0000,0,0.0000,0.0963,416.1406,74.4221
tv15%_lb20d_ovly,2023–Aug 2024,2024-01-23,1.340524,0.9534,1.0000,1.0000,0.0000,0,0.0000,0.0920,417.8673,74.4130
tv15%_lb20d_ovly,2023–Aug 2024,2024-01-24,1.347586,0.9534,1.0000,1.0000,0.0000,0,0.0000,0.0919,420.1862,74.3768
tv15%_lb20d_ovly,2023–Aug 2024,2024-01-25,1.349270,0.9534,1.0000,1.0000,0.0000,0,0.0000,0.0925,420.6993,74.5128
tv15%_lb20d_ovly,2023–Aug 2024,2024-01-26,1.341568,0.9534,1.0000,1.0000,0.0000,0,-0.0013,0.0929,418.1930,74.4675
tv15%_lb20d_ovly,2023–Aug 2024,2024-01-29,1.354726,0.9534,1.0000,1.0000,0.0000,0,0.0000,0.0959,422.4754,74.5400
tv15%_lb20d_ovly,2023–Aug 2024,2024-01-30,1.346091,0.9534,1.0000,1.0000,0.0000,0,-0.0008,0.0949,419.6632,74.4947
tv15%_lb20d_ovly,2023–Aug 2024,2024-01-31,1.321070,0.9534,1.0000,1.0000,0.0000,0,-0.0171,0.1121,411.4436,74.6307
tv15%_lb20d_ovly,2023–Aug 2024,2024-02-01,1.335992,0.9534,1.0000,1.0000,0.0000,0,-0.0042,0.1141,416.2885,74.7417
tv15%_lb20d_ovly,2023–Aug 2024,2024-02-02,1.357321,0.9534,1.0000,1.0000,0.0000,0,0.0000,0.1159,423.3240,74.5052
tv15%_lb20d_ovly,2023–Aug 2024,2024-02-05,1.355509,0.9534,1.0000,1.0000,0.0000,0,-0.0036,0.1181,422.7715,74.3597
tv15%_lb20d_ovly,2023–Aug 2024,2024-02-06,1.353015,0.9534,1.0000,1.0000,0.0000,0,-0.0007,0.1099,421.9228,74.4779
tv15%_lb20d_ovly,2023–Aug 2024,2024-02-07,1.366266,0.9534,1.0000,1.0000,0.0000,0,0.0000,0.1112,426.2646,74.4506
tv15%_lb20d_ovly,2023–Aug 2024,2024-02-08,1.368662,0.9534,1.0000,1.0000,0.0000,0,0.0000,0.1108,427.0539,74.4324
tv15%_lb20d_ovly,2023–Aug 2024,2024-02-09,1.381483,0.9534,1.0000,1.0000,0.0000,0,0.0000,0.1110,431.2575,74.4051
tv15%_lb20d_ovly,2023–Aug 2024,2024-02-12,1.376337,0.9534,1.0000,1.0000,0.0000,0,-0.0004,0.1113,429.5701,74.4142
tv15%_lb20d_ovly,2023–Aug 2024,2024-02-13,1.355668,0.9534,1.0000,1.0000,0.0000,0,-0.0142,0.1240,422.8701,74.1778
tv15%_lb20d_ovly,2023–Aug 2024,2024-02-14,1.369845,0.9534,1.0000,1.0000,0.0000,0,-0.0052,0.1230,427.4782,74.2869
tv15%_lb20d_ovly,2023–Aug 2024,2024-02-15,1.373796,0.9534,1.0000,1.0000,0.0000,0,0.0000,0.1219,428.7512,74.3597
tv15%_lb20d_ovly,2023–Aug 2024,2024-02-16,1.361842,0.9534,1.0000,1.0000,0.0000,0,-0.0050,0.1190,424.8634,74.2687
tv15%_lb20d_ovly,2023–Aug 2024,2024-02-20,1.352080,0.9534,1.0000,1.0000,0.0000,0,-0.0105,0.1217,421.6564,74.3142
tv15%_lb20d_ovly,2023–Aug 2024,2024-02-21,1.346868,0.9534,1.0000,1.0000,0.0000,0,-0.0096,0.1216,419.9691,74.2505
tv15%_lb20d_ovly,2023–Aug 2024,2024-02-22,1.384452,0.9534,1.0000,1.0000,0.0000,0,0.0000,0.1394,432.2639,74.2414
tv15%_lb20d_ovly,2023–Aug 2024,2024-02-23,1.380597,0.9534,1.0000,1.0000,0.0000,0,0.0000,0.1390,430.9911,74.2778
tv15%_lb20d_ovly,2023–Aug 2024,2024-02-26,1.379857,0.9534,1.0000,1.0000,0.0000,0,-0.0037,0.1400,430.7641,74.2232
tv15%_lb20d_ovly,2023–Aug 2024,2024-02-27,1.383021,0.9534,1.0000,1.0000,0.0000,0,-0.0018,0.1382,431.8001,74.2232
tv15%_lb20d_ovly,2023–Aug 2024,2024-02-28,1.376064,0.9534,1.0000,1.0000,0.0000,0,-0.0031,0.1383,429.5011,74.2960
tv15%_lb20d_ovly,2023–Aug 2024,2024-02-29,1.387345,0.9534,1.0000,1.0000,0.0000,0,0.0000,0.1209,433.1816,74.3415
tv15%_lb20d_ovly,2023–Aug 2024,2024-03-01,1.407387,0.9534,1.0000,1.0000,0.0000,0,0.0000,0.1174,439.7040,74.4874
tv15%_lb20d_ovly,2023–Aug 2024,2024-03-04,1.402535,0.9534,1.0000,1.0000,0.0000,0,-0.0011,0.1139,438.1351,74.4144
tv15%_lb20d_ovly,2023–Aug 2024,2024-03-05,1.378582,0.9534,1.0000,1.0000,0.0000,0,-0.0111,0.1201,430.2707,74.4692
tv15%_lb20d_ovly,2023–Aug 2024,2024-03-06,1.386857,0.9534,1.0000,1.0000,0.0000,0,-0.0060,0.1206,432.9745,74.4874
tv15%_lb20d_ovly,2023–Aug 2024,2024-03-07,1.407004,0.9534,1.0000,1.0000,0.0000,0,0.0000,0.1219,439.5462,74.5786
tv15%_lb20d_ovly,2023–Aug 2024,2024-03-08,1.387673,0.9534,1.0000,1.0000,0.0000,0,-0.0060,0.1249,433.2014,74.6151
tv15%_lb20d_ovly,2023–Aug 2024,2024-03-11,1.382706,0.9534,1.0000,1.0000,0.0000,0,-0.0069,0.1240,431.5929,74.5513
tv15%_lb20d_ovly,2023–Aug 2024,2024-03-12,1.401540,0.9534,1.0000,1.0000,0.0000,0,0.0000,0.1285,437.7799,74.4783
tv15%_lb20d_ovly,2023–Aug 2024,2024-03-13,1.391238,0.9534,1.0000,1.0000,0.0000,0,-0.0016,0.1157,434.4151,74.4418
tv15%_lb20d_ovly,2023–Aug 2024,2024-03-14,1.387838,0.9534,1.0000,1.0000,0.0000,0,-0.0035,0.1136,433.3198,74.3779
tv15%_lb20d_ovly,2023–Aug 2024,2024-03-15,1.372071,0.9534,1.0000,1.0000,0.0000,0,-0.0104,0.1156,428.1690,74.3324
tv15%_lb20d_ovly,2023–Aug 2024,2024-03-18,1.384554,0.9534,1.0000,1.0000,0.0000,0,-0.0045,0.1147,432.2526,74.3415
tv15%_lb20d_ovly,2023–Aug 2024,2024-03-19,1.387898,0.9534,1.0000,1.0000,0.0000,0,0.0000,0.1125,433.3295,74.4053
tv15%_lb20d_ovly,2023–Aug 2024,2024-03-20,1.403690,0.9534,1.0000,1.0000,0.0000,0,0.0000,0.1152,438.4674,74.5239
tv15%_lb20d_ovly,2023–Aug 2024,2024-03-21,1.410023,0.9534,1.0000,1.0000,0.0000,0,0.0000,0.0936,440.5423,74.5239
tv15%_lb20d_ovly,2023–Aug 2024,2024-03-22,1.411609,0.9534,1.0000,1.0000,0.0000,0,-0.0019,0.0944,441.0462,74.5786
tv15%_lb20d_ovly,2023–Aug 2024,2024-03-25,1.406693,0.9534,1.0000,1.0000,0.0000,0,-0.0047,0.0938,439.4456,74.5421
tv15%_lb20d_ovly,2023–Aug 2024,2024-03-26,1.402366,0.9534,1.0000,1.0000,0.0000,0,-0.0065,0.0946,438.0228,74.5604
tv15%_lb20d_ovly,2023–Aug 2024,2024-03-27,1.406992,0.9534,1.0000,1.0000,0.0000,0,0.0000,0.0972,439.5147,74.6425
tv15%_lb20d_ovly,2023–Aug 2024,2024-03-28,1.404480,0.9534,1.0000,1.0000,0.0000,0,-0.0002,0.0972,438.7046,74.5969
tv15%_lb20d_ovly,2023–Aug 2024,2024-04-01,1.407178,0.9534,1.0000,1.0000,0.0000,0,-0.0019,0.0934,439.6334,74.4413
tv15%_lb20d_ovly,2023–Aug 2024,2024-04-02,1.395632,0.9534,1.0000,1.0000,0.0000,0,-0.0083,0.0968,435.8392,74.4779
tv15%_lb20d_ovly,2023–Aug 2024,2024-04-03,1.398666,0.9534,1.0000,1.0000,0.0000,0,-0.0072,0.0880,436.8174,74.5328
tv15%_lb20d_ovly,2023–Aug 2024,2024-04-04,1.378341,0.9534,1.0000,1.0000,0.0000,0,-0.0193,0.0991,430.1381,74.6060
tv15%_lb20d_ovly,2023–Aug 2024,2024-04-05,1.393723,0.9534,1.0000,1.0000,0.0000,0,-0.0091,0.0997,435.2068,74.4870
tv15%_lb20d_ovly,2023–Aug 2024,2024-04-08,1.394052,0.9534,1.0000,1.0000,0.0000,0,-0.0085,0.0967,435.3353,74.4138
tv15%_lb20d_ovly,2023–Aug 2024,2024-04-09,1.399032,0.9534,1.0000,1.0000,0.0000,0,-0.0074,0.0965,436.9458,74.4870
tv15%_lb20d_ovly,2023–Aug 2024,2024-04-10,1.387126,0.9534,1.0000,1.0000,0.0000,0,-0.0173,0.0968,433.1319,74.1851
tv15%_lb20d_ovly,2023–Aug 2024,2024-04-11,1.408323,0.9534,1.0000,1.0000,0.0000,0,-0.0099,0.1003,440.0483,74.2766
tv15%_lb20d_ovly,2023–Aug 2024,2024-04-12,1.386959,0.9534,1.0000,1.0000,0.0000,0,-0.0235,0.1122,433.0331,74.3223
tv15%_lb20d_ovly,2023–Aug 2024,2024-04-15,1.365182,0.9534,1.0000,1.0000,0.0000,0,-0.0358,0.1183,425.9093,74.2949
tv15%_lb20d_ovly,2023–Aug 2024,2024-04-16,1.365264,0.9534,1.0000,1.0000,0.0000,0,-0.0375,0.1159,425.9488,74.2491
tv15%_lb20d_ovly,2023–Aug 2024,2024-04-17,1.349429,0.9534,1.0000,1.0000,0.0000,0,-0.0432,0.1146,420.7516,74.3040
tv15%_lb20d_ovly,2023–Aug 2024,2024-04-18,1.342057,0.9534,1.0000,1.0000,0.0000,0,-0.0452,0.1074,418.3507,74.2674
tv15%_lb20d_ovly,2023–Aug 2024,2024-04-19,1.315601,0.9534,1.0000,1.0000,0.0000,0,-0.0535,0.1079,409.6954,74.2857
tv15%_lb20d_ovly,2023–Aug 2024,2024-04-22,1.328245,0.9534,1.0000,1.0000,0.0000,0,-0.0448,0.1158,413.8155,74.3223
tv15%_lb20d_ovly,2023–Aug 2024,2024-04-23,1.347196,0.9534,1.0000,1.0000,0.0000,0,-0.0335,0.1258,419.9909,74.3864
tv15%_lb20d_ovly,2023–Aug 2024,2024-04-24,1.351523,0.9534,1.0000,1.0000,0.0000,0,-0.0339,0.1259,421.4137,74.3589
tv15%_lb20d_ovly,2023–Aug 2024,2024-04-25,1.345253,0.9534,1.0000,1.0000,0.0000,0,-0.0374,0.1208,419.3783,74.3040
tv15%_lb20d_ovly,2023–Aug 2024,2024-04-26,1.365061,0.9534,1.0000,1.0000,0.0000,0,-0.0266,0.1272,425.8501,74.3223
tv15%_lb20d_ovly,2023–Aug 2024,2024-04-29,1.370376,0.9534,1.0000,1.0000,0.0000,0,-0.0180,0.1284,427.5791,74.3589
tv15%_lb20d_ovly,2023–Aug 2024,2024-04-30,1.345662,0.9534,1.0000,1.0000,0.0000,0,-0.0336,0.1378,419.5166,74.2674
tv15%_lb20d_ovly,2023–Aug 2024,2024-05-01,1.336512,0.9534,1.0000,1.0000,0.0000,0,-0.0365,0.1375,416.4832,74.4161
tv15%_lb20d_ovly,2023–Aug 2024,2024-05-02,1.352867,0.9534,1.0000,1.0000,0.0000,0,-0.0275,0.1372,421.7990,74.5263
tv15%_lb20d_ovly,2023–Aug 2024,2024-05-03,1.378891,0.9534,1.0000,1.0000,0.0000,0,-0.0155,0.1394,430.2765,74.6457
tv15%_lb20d_ovly,2023–Aug 2024,2024-05-06,1.393282,0.9534,1.0000,1.0000,0.0000,0,-0.0053,0.1447,434.9895,74.6365
tv15%_lb20d_ovly,2023–Aug 2024,2024-05-07,1.393501,0.9534,1.0000,1.0000,0.0000,0,-0.0017,0.1447,435.0587,74.6457
tv15%_lb20d_ovly,2023–Aug 2024,2024-05-08,1.392701,0.9534,1.0000,1.0000,0.0000,0,-0.0016,0.1399,434.8017,74.6273
tv15%_lb20d_ovly,2023–Aug 2024,2024-05-09,1.395653,0.9534,1.0000,1.0000,0.0000,0,0.0000,0.1389,435.7502,74.6916
tv15%_lb20d_ovly,2023–Aug 2024,2024-05-10,1.398735,0.9534,1.0000,1.0000,0.0000,0,0.0000,0.1285,436.7779,74.6273
tv15%_lb20d_ovly,2023–Aug 2024,2024-05-13,1.401828,0.9534,1.0000,1.0000,0.0000,0,0.0000,0.1182,437.7856,74.6457
tv15%_lb20d_ovly,2023–Aug 2024,2024-05-14,1.410489,0.9534,1.0000,1.0000,0.0000,0,0.0000,0.1179,440.6016,74.7191
tv15%_lb20d_ovly,2023–Aug 2024,2024-05-15,1.431628,0.9534,1.0000,1.0000,0.0000,0,0.0000,0.1195,447.4883,74.8568
tv15%_lb20d_ovly,2023–Aug 2024,2024-05-16,1.428807,0.9534,1.0000,1.0000,0.0000,0,-0.0021,0.1195,446.5793,74.8018
tv15%_lb20d_ovly,2023–Aug 2024,2024-05-17,1.428103,0.9534,1.0000,1.0000,0.0000,0,-0.0006,0.1116,446.3620,74.7558
tv15%_lb20d_ovly,2023–Aug 2024,2024-05-20,1.437580,0.9534,1.0000,1.0000,0.0000,0,0.0000,0.1097,449.4743,74.7375
tv15%_lb20d_ovly,2023–Aug 2024,2024-05-21,1.440294,0.9534,1.0000,1.0000,0.0000,0,0.0000,0.1046,450.3536,74.7742
tv15%_lb20d_ovly,2023–Aug 2024,2024-05-22,1.439973,0.9534,1.0000,1.0000,0.0000,0,-0.0029,0.1058,450.2647,74.7191
tv15%_lb20d_ovly,2023–Aug 2024,2024-05-23,1.433765,0.9534,1.0000,1.0000,0.0000,0,-0.0102,0.1092,448.2392,74.6824
tv15%_lb20d_ovly,2023–Aug 2024,2024-05-24,1.446716,0.9534,1.0000,1.0000,0.0000,0,-0.0036,0.1072,452.4780,74.7100
tv15%_lb20d_ovly,2023–Aug 2024,2024-05-28,1.451868,0.9534,1.0000,1.0000,0.0000,0,-0.0029,0.1071,454.1873,74.6457
tv15%_lb20d_ovly,2023–Aug 2024,2024-05-29,1.442087,0.9534,1.0000,1.0000,0.0000,0,-0.0099,0.0908,450.9860,74.6181
tv15%_lb20d_ovly,2023–Aug 2024,2024-05-30,1.427432,0.9534,1.0000,1.0000,0.0000,0,-0.0165,0.0943,446.1544,74.7008
tv15%_lb20d_ovly,2023–Aug 2024,2024-05-31,1.424991,0.9534,1.0000,1.0000,0.0000,0,-0.0075,0.0941,445.3245,74.8018
tv15%_lb20d_ovly,2023–Aug 2024,2024-06-03,1.432360,0.9534,1.0000,1.0000,0.0000,0,-0.0067,0.0862,447.7156,74.8865
tv15%_lb20d_ovly,2023–Aug 2024,2024-06-04,1.436163,0.9534,1.0000,1.0000,0.0000,0,-0.0056,0.0798,448.9408,74.9602
tv15%_lb20d_ovly,2023–Aug 2024,2024-06-05,1.463831,0.9534,1.0000,1.0000,0.0000,0,0.0000,0.0884,457.9913,75.0339
tv15%_lb20d_ovly,2023–Aug 2024,2024-06-06,1.463358,0.9534,1.0000,1.0000,0.0000,0,-0.0000,0.0884,457.8332,75.0431
tv15%_lb20d_ovly,2023–Aug 2024,2024-06-07,1.461948,0.9534,1.0000,1.0000,0.0000,0,-0.0012,0.0876,457.4281,74.8497
tv15%_lb20d_ovly,2023–Aug 2024,2024-06-10,1.467586,0.9534,1.0000,1.0000,0.0000,0,0.0000,0.0878,459.2757,74.8589
tv15%_lb20d_ovly,2023–Aug 2024,2024-06-11,1.477264,0.9534,1.0000,1.0000,0.0000,0,0.0000,0.0877,462.4277,74.9418
tv15%_lb20d_ovly,2023–Aug 2024,2024-06-12,1.495803,0.9534,1.0000,1.0000,0.0000,0,0.0000,0.0903,468.4844,75.0431
tv15%_lb20d_ovly,2023–Aug 2024,2024-06-13,1.503645,0.9534,1.0000,1.0000,0.0000,0,0.0000,0.0812,471.0237,75.1628
tv15%_lb20d_ovly,2023–Aug 2024,2024-06-14,1.511080,0.9534,1.0000,1.0000,0.0000,0,0.0000,0.0803,473.4642,75.1721
tv15%_lb20d_ovly,2023–Aug 2024,2024-06-17,1.528659,0.9534,1.0000,1.0000,0.0000,0,0.0000,0.0837,479.2640,75.0984
tv15%_lb20d_ovly,2023–Aug 2024,2024-06-18,1.529206,0.9534,1.0000,1.0000,0.0000,0,0.0000,0.0837,479.4123,75.1997
tv15%_lb20d_ovly,2023–Aug 2024,2024-06-20,1.517942,0.9534,1.0000,1.0000,0.0000,0,-0.0027,0.0851,475.7169,75.1721
tv15%_lb20d_ovly,2023–Aug 2024,2024-06-21,1.514091,0.9534,1.0000,1.0000,0.0000,0,-0.0041,0.0842,474.4424,75.1997
tv15%_lb20d_ovly,2023–Aug 2024,2024-06-24,1.497665,0.9534,1.0000,1.0000,0.0000,0,-0.0073,0.0797,469.0410,75.2089
tv15%_lb20d_ovly,2023–Aug 2024,2024-06-25,1.514002,0.9534,1.0000,1.0000,0.0000,0,-0.0035,0.0780,474.4048,75.2181
tv15%_lb20d_ovly,2023–Aug 2024,2024-06-26,1.516914,0.9534,1.0000,1.0000,0.0000,0,-0.0022,0.0780,475.3845,75.1444
tv15%_lb20d_ovly,2023–Aug 2024,2024-06-27,1.520699,0.9534,1.0000,1.0000,0.0000,0,-0.0007,0.0710,476.6116,75.1997
tv15%_lb20d_ovly,2023–Aug 2024,2024-06-28,1.513182,0.9534,1.0000,1.0000,0.0000,0,-0.0046,0.0671,474.1375,75.2089
tv15%_lb20d_ovly,2023–Aug 2024,2024-07-01,1.521582,0.9534,1.0000,1.0000,0.0000,0,-0.0025,0.0620,476.9184,75.1442
tv15%_lb20d_ovly,2023–Aug 2024,2024-07-02,1.536875,0.9534,1.0000,1.0000,0.0000,0,0.0000,0.0642,481.9259,75.2089
tv15%_lb20d_ovly,2023–Aug 2024,2024-07-03,1.549196,0.9534,1.0000,1.0000,0.0000,0,0.0000,0.0646,485.9437,75.3198
tv15%_lb20d_ovly,2023–Aug 2024,2024-07-05,1.564729,0.9534,1.0000,1.0000,0.0000,0,0.0000,0.0557,491.0106,75.4584
tv15%_lb20d_ovly,2023–Aug 2024,2024-07-08,1.568268,0.9534,1.0000,1.0000,0.0000,0,0.0000,0.0553,492.1784,75.4492
tv15%_lb20d_ovly,2023–Aug 2024,2024-07-09,1.569543,0.9534,1.0000,1.0000,0.0000,0,0.0000,0.0541,492.6039,75.4307
tv15%_lb20d_ovly,2023–Aug 2024,2024-07-10,1.585171,0.9534,1.0000,1.0000,0.0000,0,0.0000,0.0606,497.7400,75.4584
tv15%_lb20d_ovly,2023–Aug 2024,2024-07-11,1.552201,0.9534,1.0000,1.0000,0.0000,0,-0.0086,0.0724,486.8245,75.6340
tv15%_lb20d_ovly,2023–Aug 2024,2024-07-12,1.561001,0.9534,1.0000,1.0000,0.0000,0,-0.0024,0.0705,489.6845,75.7449
tv15%_lb20d_ovly,2023–Aug 2024,2024-07-15,1.565001,0.9534,1.0000,1.0000,0.0000,0,0.0000,0.0706,491.0007,75.7449
tv15%_lb20d_ovly,2023–Aug 2024,2024-07-16,1.565599,0.9534,1.0000,1.0000,0.0000,0,0.0000,0.0718,491.1888,75.7726
tv15%_lb20d_ovly,2023–Aug 2024,2024-07-17,1.521793,0.9534,1.0000,1.0000,0.0000,0,-0.0140,0.0889,476.7700,75.7819
tv15%_lb20d_ovly,2023–Aug 2024,2024-07-18,1.514892,0.9534,1.0000,1.0000,0.0000,0,-0.0216,0.0940,474.5136,75.7449
tv15%_lb20d_ovly,2023–Aug 2024,2024-07-19,1.502056,0.9534,1.0000,1.0000,0.0000,0,-0.0281,0.0968,470.3077,75.7080
tv15%_lb20d_ovly,2023–Aug 2024,2024-07-22,1.523399,0.9534,1.0000,1.0000,0.0000,0,-0.0181,0.1027,477.3143,75.7172
tv15%_lb20d_ovly,2023–Aug 2024,2024-07-23,1.518314,0.9534,1.0000,1.0000,0.0000,0,-0.0196,0.1019,475.6319,75.7542
tv15%_lb20d_ovly,2023–Aug 2024,2024-07-24,1.466426,0.9534,1.0000,1.0000,0.0000,0,-0.0418,0.1319,458.5708,75.7911
tv15%_lb20d_ovly,2023–Aug 2024,2024-07-25,1.451017,0.9534,1.0000,1.0000,0.0000,0,-0.0468,0.1329,453.5139,75.8004
tv15%_lb20d_ovly,2023–Aug 2024,2024-07-26,1.465295,0.9534,1.0000,1.0000,0.0000,0,-0.0362,0.1392,458.1650,75.9020
tv15%_lb20d_ovly,2023–Aug 2024,2024-07-29,1.468110,0.9534,1.0000,1.0000,0.0000,0,-0.0356,0.1385,459.0854,75.9113
tv15%_lb20d_ovly,2023–Aug 2024,2024-07-30,1.448916,0.9534,1.0000,1.0000,0.0000,0,-0.0405,0.1394,452.7815,75.9390
tv15%_lb20d_ovly,2023–Aug 2024,2024-07-31,1.489935,0.9534,1.0000,1.0000,0.0000,0,-0.0249,0.1494,466.1810,76.0961
tv15%_lb20d_ovly,2023–Aug 2024,2024-08-01,1.455650,0.9534,0.9564,0.9564,0.0000,0,-0.0387,0.1568,454.8894,76.2278
tv15%_lb20d_ovly,2023–Aug 2024,2024-08-02,1.423091,0.9534,0.8973,0.8973,0.0000,0,-0.0566,0.1672,444.0927,76.6543
tv15%_lb20d_ovly,2023–Aug 2024,2024-08-05,1.382544,0.8973,0.7771,0.7771,0.0000,0,-0.0841,0.1930,430.8515,76.6357
tv15%_lb20d_ovly,2023–Aug 2024,2024-08-06,1.394059,0.7771,0.7587,0.7587,0.0000,0,-0.0756,0.1977,434.9684,76.5431
tv15%_lb20d_ovly,2023–Aug 2024,2024-08-07,1.382139,0.7771,1.0000,0.7815,0.2500,0,-0.0818,0.1919,430.2577,76.4967
tv15%_lb20d_ovly,2023–Aug 2024,2024-08-08,1.414531,1.0000,0.9538,0.7038,0.2500,0,-0.0606,0.2131,443.4197,76.4596
tv15%_lb20d_ovly,2023–Aug 2024,2024-08-09,1.421918,1.0000,0.9568,0.7068,0.2500,0,-0.0564,0.2122,445.7355,76.4781
tv15%_lb20d_ovly,2023–Aug 2024,2024-08-12,1.424980,1.0000,0.9588,0.7088,0.2500,0,-0.0559,0.2116,446.6954,76.5245
tv15%_lb20d_ovly,2023–Aug 2024,2024-08-13,1.460338,1.0000,0.6812,0.6812,0.0000,0,-0.0268,0.2202,457.7791,76.6450
tv15%_lb20d_ovly,2023–Aug 2024,2024-08-14,1.460346,0.6812,0.6939,0.6939,0.0000,0,-0.0197,0.2162,457.9276,76.6357
tv15%_lb20d_ovly,2023–Aug 2024,2024-08-15,1.484349,0.6812,0.6698,0.6698,0.0000,0,-0.0028,0.2239,469.4962,76.4503
tv15%_lb20d_ovly,2023–Aug 2024,2024-08-16,1.486165,0.6812,0.6737,0.6737,0.0000,0,-0.0006,0.2226,470.0999,76.5338
tv15%_lb20d_ovly,2023–Aug 2024,2024-08-19,1.499349,0.6812,0.6750,0.6750,0.0000,0,0.0000,0.2222,476.2752,76.5152
tv15%_lb20d_ovly,2023–Aug 2024,2024-08-20,1.497900,0.6812,0.6750,0.6750,0.0000,0,-0.0016,0.2222,475.2757,76.6265
tv15%_lb20d_ovly,2023–Aug 2024,2024-08-21,1.503179,0.6812,0.7337,0.7337,0.0000,0,0.0000,0.2045,477.4923,76.7100
tv15%_lb20d_ovly,2023–Aug 2024,2024-08-22,1.486230,0.7337,0.7286,0.7286,0.0000,0,-0.0078,0.2059,469.9218,76.6079
tv15%_lb20d_ovly,2023–Aug 2024,2024-08-23,1.498966,0.7337,0.7298,0.7298,0.0000,0,0.0000,0.2055,475.0184,76.7841
tv15%_lb20d_ovly,2023–Aug 2024,2024-08-26,1.488097,0.7337,0.7282,0.7282,0.0000,0,-0.0024,0.2060,470.4067,76.7470
tv15%_lb20d_ovly,2023–Aug 2024,2024-08-27,1.491598,0.7337,0.7333,0.7333,0.0000,0,-0.0010,0.2046,471.8120,76.7934
tv15%_lb20d_ovly,2023–Aug 2024,2024-08-28,1.479132,0.7337,0.7542,0.7542,0.0000,0,-0.0068,0.1989,466.4581,76.7841
tv15%_lb20d_ovly,2023–Aug 2024,2024-08-29,1.477496,0.7337,0.7855,0.7855,0.0000,0,-0.0067,0.1910,465.7753,76.7748
tv15%_lb20d_ovly,2023–Aug 2024,2024-08-30,1.490339,0.7855,0.8465,0.8465,0.0000,0,0.0000,0.1772,471.3270,76.7748
tv15%_lb20d_ovly,Aug 2024–Aug 2026,2024-08-01,1.000000,0.0000,0.0000,0.0000,0.0000,0,0.0000,0.0000,454.8895,76.2278
tv15%_lb20d_ovly,Aug 2024–Aug 2026,2024-08-02,1.005595,0.0000,0.0000,0.0000,0.0000,0,0.0000,0.0000,444.0927,76.6543
tv15%_lb20d_ovly,Aug 2024–Aug 2026,2024-08-05,1.005352,0.0000,0.0000,0.0000,0.0000,0,0.0000,0.0000,430.8515,76.6358
tv15%_lb20d_ovly,Aug 2024–Aug 2026,2024-08-06,1.004136,0.0000,0.0000,0.0000,0.0000,0,0.0000,0.0000,434.9684,76.5430
tv15%_lb20d_ovly,Aug 2024–Aug 2026,2024-08-07,1.003527,0.0000,0.0000,0.0000,0.0000,0,0.0000,0.0000,430.2577,76.4967
tv15%_lb20d_ovly,Aug 2024–Aug 2026,2024-08-08,1.003041,0.0000,0.0000,0.0000,0.0000,0,0.0000,0.0000,443.4197,76.4596
tv15%_lb20d_ovly,Aug 2024–Aug 2026,2024-08-09,1.003284,0.0000,0.0000,0.0000,0.0000,0,0.0000,0.0000,445.7354,76.4781
tv15%_lb20d_ovly,Aug 2024–Aug 2026,2024-08-12,1.003892,0.0000,0.0000,0.0000,0.0000,0,0.0000,0.0000,446.6953,76.5245
tv15%_lb20d_ovly,Aug 2024–Aug 2026,2024-08-13,1.005473,0.0000,0.0000,0.0000,0.0000,0,0.0000,0.0000,457.7791,76.6450
tv15%_lb20d_ovly,Aug 2024–Aug 2026,2024-08-14,1.005352,0.0000,0.0000,0.0000,0.0000,0,0.0000,0.0000,457.9276,76.6358
tv15%_lb20d_ovly,Aug 2024–Aug 2026,2024-08-15,1.002919,0.0000,0.0000,0.0000,0.0000,0,0.0000,0.0000,469.4962,76.4503
tv15%_lb20d_ovly,Aug 2024–Aug 2026,2024-08-16,1.004014,0.0000,0.0000,0.0000,0.0000,0,0.0000,0.0000,470.0999,76.5338
tv15%_lb20d_ovly,Aug 2024–Aug 2026,2024-08-19,1.003771,0.0000,0.0000,0.0000,0.0000,0,0.0000,0.0000,476.2751,76.5152
tv15%_lb20d_ovly,Aug 2024–Aug 2026,2024-08-20,1.005230,0.0000,0.0000,0.0000,0.0000,0,0.0000,0.0000,475.2756,76.6265
tv15%_lb20d_ovly,Aug 2024–Aug 2026,2024-08-21,1.006325,0.0000,0.0000,0.0000,0.0000,0,0.0000,0.0000,477.4924,76.7099
tv15%_lb20d_ovly,Aug 2024–Aug 2026,2024-08-22,1.004987,0.0000,0.0000,0.0000,0.0000,0,0.0000,0.0000,469.9218,76.6079
tv15%_lb20d_ovly,Aug 2024–Aug 2026,2024-08-23,1.007298,0.0000,0.0000,0.0000,0.0000,0,0.0000,0.0000,475.0183,76.7841
tv15%_lb20d_ovly,Aug 2024–Aug 2026,2024-08-26,1.006811,0.0000,0.0000,0.0000,0.0000,0,0.0000,0.0000,470.4067,76.7470
tv15%_lb20d_ovly,Aug 2024–Aug 2026,2024-08-27,1.007420,0.0000,0.0000,0.0000,0.0000,0,0.0000,0.0000,471.8120,76.7934
tv15%_lb20d_ovly,Aug 2024–Aug 2026,2024-08-28,1.007298,0.0000,0.0000,0.0000,0.0000,0,-0.0068,0.0000,466.4581,76.7841
tv15%_lb20d_ovly,Aug 2024–Aug 2026,2024-08-29,1.007176,0.0000,0.0000,0.7855,0.0000,0,-0.0067,0.1910,465.7753,76.7748
tv15%_lb20d_ovly,Aug 2024–Aug 2026,2024-08-30,1.007176,0.0000,0.0000,0.8465,0.0000,0,0.0000,0.1772,471.3270,76.7748
tv15%_lb20d_ovly,Aug 2024–Aug 2026,2024-09-03,1.008251,0.0000,0.0000,0.9516,0.0000,0,-0.0206,0.1576,457.0171,76.8567
tv15%_lb20d_ovly,Aug 2024–Aug 2026,2024-09-04,1.010448,0.0000,0.0000,0.9551,0.0000,0,-0.0226,0.1571,455.8296,77.0242
tv15%_lb20d_ovly,Aug 2024–Aug 2026,2024-09-05,1.010814,0.0000,0.0000,0.9717,0.0000,0,-0.0250,0.1544,456.2551,77.0521
tv15%_lb20d_ovly,Aug 2024–Aug 2026,2024-09-06,1.012645,0.0000,0.0000,0.9948,0.0000,0,-0.0414,0.1508,444.0333,77.1917
tv15%_lb20d_ovly,Aug 2024–Aug 2026,2024-09-09,1.012767,0.0000,0.0000,0.9697,0.0000,0,-0.0306,0.1547,449.7434,77.2010
tv15%_lb20d_ovly,Aug 2024–Aug 2026,2024-09-10,1.014232,0.0000,0.0000,0.9674,0.0000,0,-0.0264,0.1551,453.8998,77.3126
tv15%_lb20d_ovly,Aug 2024–Aug 2026,2024-09-11,1.013377,0.0000,0.0000,1.0000,0.0000,0,-0.0164,0.1487,463.7564,77.2475
tv15%_lb20d_ovly,Aug 2024–Aug 2026,2024-09-12,1.013499,0.0000,0.0000,0.9950,0.0000,0,-0.0081,0.1508,468.3087,77.2568
tv15%_lb20d_ovly,Aug 2024–Aug 2026,2024-09-13,1.014964,0.0000,0.0000,1.0000,0.0000,0,-0.0030,0.1400,470.4067,77.3685
tv15%_lb20d_ovly,Aug 2024–Aug 2026,2024-09-16,1.015574,0.0000,0.0000,1.0000,0.0000,0,-0.0015,0.1399,468.3284,77.4150
tv15%_lb20d_ovly,Aug 2024–Aug 2026,2024-09-17,1.014842,0.0000,0.0000,1.0000,0.0000,0,-0.0011,0.1360,468.5759,77.3592
tv15%_lb20d_ovly,Aug 2024–Aug 2026,2024-09-18,1.014476,0.0000,0.0000,1.0000,0.0000,0,-0.0040,0.1364,466.5472,77.3312
tv15%_lb20d_ovly,Aug 2024–Aug 2026,2024-09-19,1.015330,0.0000,0.0000,1.0000,0.0000,0,0.0000,0.1484,478.3434,77.3964
tv15%_lb20d_ovly,Aug 2024–Aug 2026,2024-09-20,1.015697,0.0000,0.0000,1.0000,0.0000,0,-0.0017,0.1452,477.4330,77.4243
tv15%_lb20d_ovly,Aug 2024–Aug 2026,2024-09-23,1.015697,0.0000,0.0000,1.0000,0.0000,0,0.0000,0.1411,478.6985,77.4243
tv15%_lb20d_ovly,Aug 2024–Aug 2026,2024-09-24,1.016673,0.0000,0.0000,1.0000,0.0000,0,0.0000,0.1407,481.0076,77.4987
tv15%_lb20d_ovly,Aug 2024–Aug 2026,2024-09-25,1.015819,0.0000,0.0000,1.0000,0.0000,0,-0.0022,0.1412,481.4536,77.4336
tv15%_lb20d_ovly,Aug 2024–Aug 2026,2024-09-26,1.014842,0.0000,0.0000,1.0000,0.0000,0,0.0000,0.1393,485.0707,77.3592
tv15%_lb20d_ovly,Aug 2024–Aug 2026,2024-09-27,1.016429,0.0000,0.0000,1.0000,0.0000,0,-0.0015,0.1396,482.3752,77.4801
tv15%_lb20d_ovly,Aug 2024–Aug 2026,2024-09-30,1.014964,0.0000,0.0000,1.0000,0.0000,0,0.0000,0.1366,483.6833,77.3685
tv15%_lb20d_ovly,Aug 2024–Aug 2026,2024-10-01,1.015613,0.0000,0.0000,1.0000,0.0000,0,-0.0090,0.1165,476.9444,77.4179
tv15%_lb20d_ovly,Aug 2024–Aug 2026,2024-10-02,1.015368,0.0000,0.0000,1.0000,0.0000,0,-0.0085,0.1158,477.6183,77.3993
tv15%_lb20d_ovly,Aug 2024–Aug 2026,2024-10-03,1.014021,0.0000,0.0000,1.0000,0.0000,0,-0.0104,0.1156,477.2615,77.2966
tv15%_lb20d_ovly,Aug 2024–Aug 2026,2024-10-04,1.010592,0.0000,0.0000,1.0000,0.0000,0,-0.0014,0.0946,482.9401,77.0352
tv15%_lb20d_ovly,Aug 2024–Aug 2026,2024-10-07,1.009245,0.0000,0.0000,1.0000,0.0000,0,-0.0104,0.0989,477.7670,76.9325
tv15%_lb20d_ovly,Aug 2024–Aug 2026,2024-10-08,1.010102,0.0000,0.0000,1.0000,0.0000,0,-0.0010,0.1020,484.9023,76.9979
tv15%_lb20d_ovly,Aug 2024–Aug 2026,2024-10-09,1.009122,0.0000,0.0000,1.0000,0.0000,0,0.0000,0.0992,488.7177,76.9232
tv15%_lb20d_ovly,Aug 2024–Aug 2026,2024-10-10,1.009980,0.0000,0.0000,1.0000,0.0000,0,-0.0018,0.0973,488.1627,76.9885
tv15%_lb20d_ovly,Aug 2024–Aug 2026,2024-10-11,1.010837,0.0000,0.0000,1.0000,0.0000,0,0.0000,0.0977,488.9258,77.0539
tv15%_lb20d_ovly,Aug 2024–Aug 2026,2024-10-14,1.010347,0.0000,0.0000,1.0000,0.0000,0,0.0000,0.1004,493.0286,77.0165
tv15%_lb20d_ovly,Aug 2024–Aug 2026,2024-10-15,1.010837,0.0000,0.0000,1.0000,0.0000,0,-0.0078,0.1062,486.4383,77.0539
tv15%_lb20d_ovly,Aug 2024–Aug 2026,2024-10-16,1.011449,0.0000,0.0000,1.0000,0.0000,0,-0.0035,0.1052,486.4978,77.1005
tv15%_lb20d_ovly,Aug 2024–Aug 2026,2024-10-17,1.010592,0.0000,0.0000,1.0000,0.0000,0,-0.0034,0.0892,486.8347,77.0352
tv15%_lb20d_ovly,Aug 2024–Aug 2026,2024-10-18,1.011449,0.0000,0.0000,1.0000,0.0000,0,0.0000,0.0890,490.0258,77.1005
tv15%_lb20d_ovly,Aug 2024–Aug 2026,2024-10-21,1.009980,0.0000,0.0000,1.0000,0.0000,0,-0.0016,0.0896,490.9673,76.9885
tv15%_lb20d_ovly,Aug 2024–Aug 2026,2024-10-22,1.009858,0.0000,0.0000,1.0000,0.0000,0,-0.0022,0.0895,491.5024,76.9792
tv15%_lb20d_ovly,Aug 2024–Aug 2026,2024-10-23,1.009245,0.0000,0.0000,1.0000,0.0000,0,-0.0113,0.0961,483.9707,76.9325
tv15%_lb20d_ovly,Aug 2024–Aug 2026,2024-10-24,1.009735,0.0000,0.0000,1.0000,0.0000,0,-0.0092,0.0955,487.8951,76.9699
tv15%_lb20d_ovly,Aug 2024–Aug 2026,2024-10-25,1.009368,0.0000,1.0000,1.0000,0.0000,0,-0.0095,0.0952,490.8682,76.9419
tv15%_lb20d_ovly,Aug 2024–Aug 2026,2024-10-28,1.007869,1.0000,1.0000,1.0000,0.0000,0,-0.0064,0.0949,490.9474,76.9045
tv15%_lb20d_ovly,Aug 2024–Aug 2026,2024-10-29,1.017553,1.0000,1.0000,1.0000,0.0000,0,-0.0048,0.0878,495.6647,76.9325
tv15%_lb20d_ovly,Aug 2024–Aug 2026,2024-10-30,1.009863,1.0000,1.0000,1.0000,0.0000,0,-0.0078,0.0891,491.9187,76.8672
tv15%_lb20d_ovly,Aug 2024–Aug 2026,2024-10-31,0.984371,1.0000,1.0000,1.0000,0.0000,0,-0.0273,0.1155,479.5013,76.8858
tv15%_lb20d_ovly,Aug 2024–Aug 2026,2024-11-01,0.991654,1.0000,1.0000,1.0000,0.0000,0,-0.0232,0.1117,483.0490,76.8606
tv15%_lb20d_ovly,Aug 2024–Aug 2026,2024-11-04,0.988765,1.0000,1.0000,1.0000,0.0000,0,-0.0253,0.1070,481.6418,76.9167
tv15%_lb20d_ovly,Aug 2024–Aug 2026,2024-11-05,1.001379,1.0000,1.0000,1.0000,0.0000,0,-0.0135,0.1103,487.7861,76.8980
tv15%_lb20d_ovly,Aug 2024–Aug 2026,2024-11-06,1.028579,1.0000,1.0000,1.0000,0.0000,0,0.0000,0.1385,501.0359,76.8043
tv15%_lb20d_ovly,Aug 2024–Aug 2026,2024-11-07,1.044774,1.0000,1.0000,1.0000,0.0000,0,0.0000,0.1399,508.9243,76.9355
tv15%_lb20d_ovly,Aug 2024–Aug 2026,2024-11-08,1.045994,1.0000,1.0000,1.0000,0.0000,0,0.0000,0.1394,509.5190,76.8793
tv15%_lb20d_ovly,Aug 2024–Aug 2026,2024-11-11,1.045384,1.0000,1.0000,1.0000,0.0000,0,0.0000,0.1372,509.2217,76.8231
tv15%_lb20d_ovly,Aug 2024–Aug 2026,2024-11-12,1.043492,1.0000,1.0000,1.0000,0.0000,0,-0.0031,0.1341,508.3000,76.7481
tv15%_lb20d_ovly,Aug 2024–Aug 2026,2024-11-13,1.042149,1.0000,1.0000,1.0000,0.0000,0,-0.0026,0.1337,507.6460,76.8606
tv15%_lb20d_ovly,Aug 2024–Aug 2026,2024-11-14,1.034907,1.0000,1.0000,1.0000,0.0000,0,-0.0090,0.1364,504.1180,76.7481
tv15%_lb20d_ovly,Aug 2024–Aug 2026,2024-11-15,1.010249,1.0000,1.0000,1.0000,0.0000,0,-0.0217,0.1444,492.1069,76.8324
tv15%_lb20d_ovly,Aug 2024–Aug 2026,2024-11-18,1.017268,1.0000,1.0000,1.0000,0.0000,0,-0.0177,0.1449,495.5259,76.8887
tv15%_lb20d_ovly,Aug 2024–Aug 2026,2024-11-19,1.024266,1.0000,1.0000,1.0000,0.0000,0,-0.0141,0.1453,498.9350,76.8887
tv15%_lb20d_ovly,Aug 2024–Aug 2026,2024-11-20,1.023676,1.0000,1.0000,1.0000,0.0000,0,-0.0138,0.1407,498.6476,76.8512
tv15%_lb20d_ovly,Aug 2024–Aug 2026,2024-11-21,1.027359,1.0000,1.0000,1.0000,0.0000,0,-0.0085,0.1415,500.4413,76.8324
tv15%_lb20d_ovly,Aug 2024–Aug 2026,2024-11-22,1.029007,1.0000,1.0000,1.0000,0.0000,0,-0.0054,0.1415,501.2441,76.8231
tv15%_lb20d_ovly,Aug 2024–Aug 2026,2024-11-25,1.030634,1.0000,1.0000,1.0000,0.0000,0,-0.0021,0.1415,502.0369,76.9730
tv15%_lb20d_ovly,Aug 2024–Aug 2026,2024-11-26,1.036168,1.0000,1.0000,1.0000,0.0000,0,0.0000,0.1422,504.7324,76.9730
tv15%_lb20d_ovly,Aug 2024–Aug 2026,2024-11-27,1.028010,1.0000,1.0000,1.0000,0.0000,0,-0.0030,0.1422,500.7584,77.0198
tv15%_lb20d_ovly,Aug 2024–Aug 2026,2024-11-29,1.037043,1.0000,1.0000,1.0000,0.0000,0,0.0000,0.1182,505.1585,77.1135
tv15%_lb20d_ovly,Aug 2024–Aug 2026,2024-12-02,1.048334,1.0000,1.0000,1.0000,0.0000,0,0.0000,0.1182,510.6586,77.1088
tv15%_lb20d_ovly,Aug 2024–Aug 2026,2024-12-03,1.051549,1.0000,1.0000,1.0000,0.0000,0,0.0000,0.1171,512.2245,77.1182
tv15%_lb20d_ovly,Aug 2024–Aug 2026,2024-12-04,1.064549,1.0000,1.0000,1.0000,0.0000,0,0.0000,0.1128,518.5570,77.2028
tv15%_lb20d_ovly,Aug 2024–Aug 2026,2024-12-05,1.061599,1.0000,1.0000,1.0000,0.0000,0,-0.0016,0.0782,517.1201,77.2028
tv15%_lb20d_ovly,Aug 2024–Aug 2026,2024-12-06,1.071100,1.0000,1.0000,1.0000,0.0000,0,0.0000,0.0746,521.7481,77.2779
tv15%_lb20d_ovly,Aug 2024–Aug 2026,2024-12-09,1.062758,1.0000,1.0000,1.0000,0.0000,0,-0.0051,0.0766,517.6849,77.2497
tv15%_lb20d_ovly,Aug 2024–Aug 2026,2024-12-10,1.059137,1.0000,1.0000,1.0000,0.0000,0,-0.0082,0.0776,515.9209,77.2403
tv15%_lb20d_ovly,Aug 2024–Aug 2026,2024-12-11,1.078098,1.0000,1.0000,1.0000,0.0000,0,-0.0006,0.0807,525.1571,77.2215
tv15%_lb20d_ovly,Aug 2024–Aug 2026,2024-12-12,1.071140,1.0000,1.0000,1.0000,0.0000,0,-0.0057,0.0835,521.7679,77.1839
tv15%_lb20d_ovly,Aug 2024–Aug 2026,2024-12-13,1.079339,1.0000,1.0000,1.0000,0.0000,0,-0.0059,0.0793,525.7617,77.1464
tv15%_lb20d_ovly,Aug 2024–Aug 2026,2024-12-16,1.094882,1.0000,1.0000,1.0000,0.0000,0,-0.0017,0.0610,533.3330,77.1557
tv15%_lb20d_ovly,Aug 2024–Aug 2026,2024-12-17,1.090061,1.0000,1.0000,1.0000,0.0000,0,-0.0058,0.0638,530.9844,77.1651
tv15%_lb20d_ovly,Aug 2024–Aug 2026,2024-12-18,1.050735,1.0000,1.0000,1.0000,0.0000,0,-0.0354,0.1284,511.8280,77.0237
tv15%_lb20d_ovly,Aug 2024–Aug 2026,2024-12-19,1.046055,1.0000,1.0000,1.0000,0.0000,0,-0.0357,0.1284,509.5487,77.1086
tv15%_lb20d_ovly,Aug 2024–Aug 2026,2024-12-20,1.055190,1.0000,1.0000,1.0000,0.0000,0,-0.0241,0.1343,513.9984,77.1180
tv15%_lb20d_ovly,Aug 2024–Aug 2026,2024-12-23,1.065470,1.0000,1.0000,1.0000,0.0000,0,-0.0183,0.1356,519.0061,77.0709
tv15%_lb20d_ovly,Aug 2024–Aug 2026,2024-12-24,1.079918,1.0000,1.0000,1.0000,0.0000,0,-0.0074,0.1407,526.0437,77.1086
tv15%_lb20d_ovly,Aug 2024–Aug 2026,2024-12-26,1.079184,1.0000,1.0000,1.0000,0.0000,0,-0.0073,0.1395,525.6863,77.1274
tv15%_lb20d_ovly,Aug 2024–Aug 2026,2024-12-27,1.064839,1.0000,1.0000,1.0000,0.0000,0,-0.0178,0.1444,518.6984,77.1463
tv15%_lb20d_ovly,Aug 2024–Aug 2026,2024-12-30,1.050677,1.0000,1.0000,1.0000,0.0000,0,-0.0290,0.1477,511.7998,77.2595
tv15%_lb20d_ovly,Aug 2024–Aug 2026,2024-12-31,1.041751,1.0000,1.0000,1.0000,0.0000,0,-0.0325,0.1475,507.4521,77.3066
tv15%_lb20d_ovly,Aug 2024–Aug 2026,2025-01-02,1.039714,1.0000,1.0000,1.0000,0.0000,0,-0.0349,0.1474,506.4595,77.2878
tv15%_lb20d_ovly,Aug 2024–Aug 2026,2025-01-03,1.056728,1.0000,0.9787,0.9787,0.0000,0,-0.0228,0.1533,514.7477,77.2878
tv15%_lb20d_ovly,Aug 2024–Aug 2026,2025-01-06,1.068874,1.0000,0.9666,0.9666,0.0000,0,-0.0172,0.1552,520.6638,77.3066
tv15%_lb20d_ovly,Aug 2024–Aug 2026,2025-01-07,1.049800,1.0000,0.9419,0.9419,0.0000,0,-0.0277,0.1592,511.3729,77.2595
tv15%_lb20d_ovly,Aug 2024–Aug 2026,2025-01-08,1.049923,0.9419,0.9438,0.9438,0.0000,0,-0.0263,0.1589,511.4623,77.3066
tv15%_lb20d_ovly,Aug 2024–Aug 2026,2025-01-10,1.034303,0.9419,0.8995,0.8995,0.0000,0,-0.0412,0.1668,503.4420,77.1651
tv15%_lb20d_ovly,Aug 2024–Aug 2026,2025-01-13,1.031187,0.9419,0.9172,0.9172,0.0000,0,-0.0386,0.1635,501.8240,77.1840
tv15%_lb20d_ovly,Aug 2024–Aug 2026,2025-01-14,1.030279,0.9419,0.9173,0.9173,0.0000,0,-0.0373,0.1635,501.3476,77.2029
tv15%_lb20d_ovly,Aug 2024–Aug 2026,2025-01-15,1.052737,0.9419,0.8431,0.8431,0.0000,0,-0.0198,0.1779,512.8817,77.3726
tv15%_lb20d_ovly,Aug 2024–Aug 2026,2025-01-16,1.045724,0.8431,0.8478,0.8478,0.0000,0,-0.0176,0.1769,509.2885,77.4198
tv15%_lb20d_ovly,Aug 2024–Aug 2026,2025-01-17,1.060565,0.8431,0.8297,0.8297,0.0000,0,-0.0063,0.1808,517.8845,77.4009
tv15%_lb20d_ovly,Aug 2024–Aug 2026,2025-01-21,1.065870,0.8431,1.0000,1.0000,0.0000,0,0.0000,0.1450,520.9218,77.4292
tv15%_lb20d_ovly,Aug 2024–Aug 2026,2025-01-22,1.077151,1.0000,1.0000,1.0000,0.0000,0,0.0000,0.1455,527.5822,77.4103
tv15%_lb20d_ovly,Aug 2024–Aug 2026,2025-01-23,1.079441,1.0000,1.0000,1.0000,0.0000,0,0.0000,0.1413,528.7040,77.4103
tv15%_lb20d_ovly,Aug 2024–Aug 2026,2025-01-24,1.073341,1.0000,1.0000,1.0000,0.0000,0,-0.0029,0.1411,525.7162,77.4575
tv15%_lb20d_ovly,Aug 2024–Aug 2026,2025-01-27,1.042091,1.0000,1.0000,1.0000,0.0000,0,-0.0170,0.1460,510.4101,77.5706
tv15%_lb20d_ovly,Aug 2024–Aug 2026,2025-01-28,1.057493,1.0000,1.0000,1.0000,0.0000,0,-0.0086,0.1492,517.9539,77.5895
tv15%_lb20d_ovly,Aug 2024–Aug 2026,2025-01-29,1.055507,1.0000,1.0000,1.0000,0.0000,0,-0.0130,0.1448,516.9812,77.5424
tv15%_lb20d_ovly,Aug 2024–Aug 2026,2025-01-30,1.060006,1.0000,1.0000,1.0000,0.0000,0,-0.0077,0.1385,519.1848,77.5895
tv15%_lb20d_ovly,Aug 2024–Aug 2026,2025-01-31,1.058465,1.0000,1.0000,1.0000,0.0000,0,-0.0130,0.1394,518.4304,77.5989
tv15%_lb20d_ovly,Aug 2024–Aug 2026,2025-02-03,1.049994,1.0000,1.0000,1.0000,0.0000,0,-0.0196,0.1418,514.2812,77.5450
tv15%_lb20d_ovly,Aug 2024–Aug 2026,2025-02-04,1.062883,1.0000,1.0000,1.0000,0.0000,0,-0.0131,0.1371,520.5942,77.6207
tv15%_lb20d_ovly,Aug 2024–Aug 2026,2025-02-05,1.067707,1.0000,1.0000,1.0000,0.0000,0,-0.0091,0.1364,522.9567,77.6680
tv15%_lb20d_ovly,Aug 2024–Aug 2026,2025-02-06,1.073280,1.0000,1.0000,1.0000,0.0000,0,-0.0056,0.1289,525.6863,77.6396
tv15%_lb20d_ovly,Aug 2024–Aug 2026,2025-02-07,1.059742,1.0000,1.0000,1.0000,0.0000,0,-0.0147,0.1343,519.0557,77.5545
tv15%_lb20d_ovly,Aug 2024–Aug 2026,2025-02-10,1.072570,1.0000,1.0000,1.0000,0.0000,0,-0.0080,0.1210,525.3389,77.5923
tv15%_lb20d_ovly,Aug 2024–Aug 2026,2025-02-11,1.070017,1.0000,1.0000,1.0000,0.0000,0,-0.0073,0.1211,524.0883,77.5734
tv15%_lb20d_ovly,Aug 2024–Aug 2026,2025-02-12,1.070645,1.0000,1.0000,1.0000,0.0000,0,-0.0105,0.1225,524.3960,77.4693
tv15%_lb20d_ovly,Aug 2024–Aug 2026,2025-02-13,1.086047,1.0000,1.0000,1.0000,0.0000,0,-0.0000,0.1117,531.9398,77.5734
tv15%_lb20d_ovly,Aug 2024–Aug 2026,2025-02-14,1.090607,1.0000,1.0000,1.0000,0.0000,0,-0.0001,0.1111,534.1732,77.6775
tv15%_lb20d_ovly,Aug 2024–Aug 2026,2025-02-18,1.093080,1.0000,1.0000,1.0000,0.0000,0,0.0000,0.1067,535.3842,77.6112
tv15%_lb20d_ovly,Aug 2024–Aug 2026,2025-02-19,1.093384,1.0000,1.0000,1.0000,0.0000,0,0.0000,0.1026,535.5331,77.6680
tv15%_lb20d_ovly,Aug 2024–Aug 2026,2025-02-20,1.088743,1.0000,1.0000,1.0000,0.0000,0,-0.0042,0.1025,533.2599,77.6775
tv15%_lb20d_ovly,Aug 2024–Aug 2026,2025-02-21,1.066146,1.0000,1.0000,1.0000,0.0000,0,-0.0212,0.1179,522.1923,77.8099
tv15%_lb20d_ovly,Aug 2024–Aug 2026,2025-02-24,1.053561,1.0000,1.0000,1.0000,0.0000,0,-0.0256,0.1184,516.0283,77.8667
tv15%_lb20d_ovly,Aug 2024–Aug 2026,2025-02-25,1.040287,1.0000,1.0000,1.0000,0.0000,0,-0.0305,0.1088,509.5267,77.9708
tv15%_lb20d_ovly,Aug 2024–Aug 2026,2025-02-26,1.042800,1.0000,1.0000,1.0000,0.0000,0,-0.0300,0.1036,510.7575,77.9992
tv15%_lb20d_ovly,Aug 2024–Aug 2026,2025-02-27,1.013840,1.0000,1.0000,1.0000,0.0000,0,-0.0455,0.1164,496.5731,78.0275
tv15%_lb20d_ovly,Aug 2024–Aug 2026,2025-02-28,1.029850,1.0000,1.0000,1.0000,0.0000,0,-0.0306,0.1291,504.4147,78.1695
tv15%_lb20d_ovly,Aug 2024–Aug 2026,2025-03-03,1.007314,1.0000,1.0000,1.0000,0.0000,0,-0.0476,0.1415,493.3769,78.2197
tv15%_lb20d_ovly,Aug 2024–Aug 2026,2025-03-04,1.004275,1.0000,1.0000,1.0000,0.0000,0,-0.0588,0.1452,491.8880,78.2292
tv15%_lb20d_ovly,Aug 2024–Aug 2026,2025-03-05,1.017366,1.0000,1.0000,1.0000,0.0000,0,-0.0487,0.1489,498.3003,78.1438
tv15%_lb20d_ovly,Aug 2024–Aug 2026,2025-03-06,0.989379,1.0000,0.9491,0.9491,0.0000,0,-0.0656,0.1580,484.5923,78.1913
tv15%_lb20d_ovly,Aug 2024–Aug 2026,2025-03-07,0.996604,0.9491,1.0000,0.9415,0.2500,0,-0.0604,0.1593,488.1558,78.1818
tv15%_lb20d_ovly,Aug 2024–Aug 2026,2025-03-10,0.959989,1.0000,0.8320,0.8320,0.0000,0,-0.0854,0.1803,469.2367,78.3241
tv15%_lb20d_ovly,Aug 2024–Aug 2026,2025-03-11,0.957533,0.8320,0.8481,0.8481,0.0000,0,-0.0930,0.1769,468.1150,78.2767
tv15%_lb20d_ovly,Aug 2024–Aug 2026,2025-03-12,0.966404,0.8320,1.0000,0.8368,0.2500,0,-0.0882,0.1793,473.3957,78.2197
tv15%_lb20d_ovly,Aug 2024–Aug 2026,2025-03-13,0.951896,1.0000,1.0000,0.8228,0.5000,0,-0.1004,0.1823,464.8791,78.2767
tv15%_lb20d_ovly,Aug 2024–Aug 2026,2025-03-14,0.974904,1.0000,1.0000,0.7651,0.2500,0,-0.0818,0.1961,476.1154,78.2197
tv15%_lb20d_ovly,Aug 2024–Aug 2026,2025-03-17,0.981225,1.0000,1.0000,0.7500,0.2500,0,-0.0747,0.2000,479.2024,78.1913
tv15%_lb20d_ovly,Aug 2024–Aug 2026,2025-03-18,0.964498,1.0000,0.9999,0.7499,0.2500,0,-0.0847,0.2000,471.0333,78.1913
tv15%_lb20d_ovly,Aug 2024–Aug 2026,2025-03-19,0.977404,1.0000,0.9784,0.7284,0.2500,0,-0.0709,0.2059,477.3364,78.3052
tv15%_lb20d_ovly,Aug 2024–Aug 2026,2025-03-20,0.974091,1.0000,0.9783,0.7283,0.2500,0,-0.0574,0.2060,475.7184,78.3241
tv15%_lb20d_ovly,Aug 2024–Aug 2026,2025-03-21,0.977302,1.0000,0.9995,0.7495,0.2500,0,-0.0528,0.2001,477.2867,78.3716
tv15%_lb20d_ovly,Aug 2024–Aug 2026,2025-03-24,0.998748,1.0000,0.7043,0.7043,0.0000,0,-0.0315,0.2130,487.7604,78.2672
tv15%_lb20d_ovly,Aug 2024–Aug 2026,2025-03-25,1.004151,0.7043,0.7037,0.7037,0.0000,0,-0.0292,0.2131,490.5439,78.2957
tv15%_lb20d_ovly,Aug 2024–Aug 2026,2025-03-26,0.991066,0.7043,0.6937,0.6937,0.0000,0,-0.0402,0.2162,481.5175,78.2767
tv15%_lb20d_ovly,Aug 2024–Aug 2026,2025-03-27,0.987231,0.7043,0.7148,0.7148,0.0000,0,-0.0427,0.2098,478.7739,78.3146
tv15%_lb20d_ovly,Aug 2024–Aug 2026,2025-03-28,0.969457,0.7043,0.7138,0.7138,0.0000,0,-0.0453,0.2101,466.1688,78.4570
tv15%_lb20d_ovly,Aug 2024–Aug 2026,2025-03-31,0.969636,0.7043,0.7295,0.7295,0.0000,0,-0.0377,0.2056,466.1489,78.5139
tv15%_lb20d_ovly,Aug 2024–Aug 2026,2025-04-01,0.975245,0.7043,0.7396,0.7396,0.0000,0,-0.0350,0.2028,469.9066,78.5425
tv15%_lb20d_ovly,Aug 2024–Aug 2026,2025-04-02,0.980048,0.7043,0.7501,0.7501,0.0000,0,-0.0190,0.2000,473.3362,78.4854
tv15%_lb20d_ovly,Aug 2024–Aug 2026,2025-04-03,0.944189,0.7043,0.5768,0.5768,0.0000,0,-0.0674,0.2601,447.9968,78.7806
tv15%_lb20d_ovly,Aug 2024–Aug 2026,2025-04-04,0.902605,0.5768,0.4582,0.4582,0.0000,0,-0.1220,0.3274,420.1722,78.7330
tv15%_lb20d_ovly,Aug 2024–Aug 2026,2025-04-07,0.903801,0.4582,0.4710,0.4710,0.0000,0,-0.1235,0.3185,421.1862,78.7425
tv15%_lb20d_ovly,Aug 2024–Aug 2026,2025-04-08,0.896048,0.4582,0.4679,0.4679,0.0000,0,-0.1372,0.3206,413.6012,78.6949
tv15%_lb20d_ovly,Aug 2024–Aug 2026,2025-04-09,0.945030,0.4582,0.3046,0.3046,0.0000,0,-0.0466,0.4925,463.2461,78.6473
tv15%_lb20d_ovly,Aug 2024–Aug 2026,2025-04-10,0.926410,0.3046,0.2911,0.2911,0.0000,0,-0.0884,0.5152,443.5433,78.6377
tv15%_lb20d_ovly,Aug 2024–Aug 2026,2025-04-11,0.930439,0.3046,0.5420,0.2920,0.2500,0,-0.0722,0.5137,451.7147,78.4949
tv15%_lb20d_ovly,Aug 2024–Aug 2026,2025-04-14,0.933551,0.5420,0.5417,0.2917,0.2500,0,-0.0631,0.5143,454.7765,78.6663
tv15%_lb20d_ovly,Aug 2024–Aug 2026,2025-04-15,0.934115,0.5420,0.5422,0.2922,0.2500,0,-0.0658,0.5133,455.2835,78.6663
tv15%_lb20d_ovly,Aug 2024–Aug 2026,2025-04-16,0.919418,0.5420,0.5408,0.2908,0.2500,0,-0.0865,0.5159,441.5551,78.7711
tv15%_lb20d_ovly,Aug 2024–Aug 2026,2025-04-17,0.919481,0.5420,0.5406,0.2906,0.2500,0,-0.0852,0.5162,441.4756,78.7996
tv15%_lb20d_ovly,Aug 2024–Aug 2026,2025-04-21,0.906894,0.5420,0.2500,0.2879,0.5000,1,-0.1070,0.5211,430.5504,78.7520
tv15%_lb20d_ovly,Aug 2024–Aug 2026,2025-04-22,0.919680,0.2500,0.5350,0.2850,0.2500,0,-0.0838,0.5264,441.8533,78.7806
tv15%_lb20d_ovly,Aug 2024–Aug 2026,2025-04-23,0.924130,0.5350,0.5327,0.2827,0.2500,0,-0.0583,0.5305,451.8737,78.7234
tv15%_lb20d_ovly,Aug 2024–Aug 2026,2025-04-24,0.938561,0.5350,0.2796,0.2796,0.0000,0,-0.0360,0.5364,464.5882,78.8187
tv15%_lb20d_ovly,Aug 2024–Aug 2026,2025-04-25,0.944286,0.2796,0.2791,0.2791,0.0000,0,-0.0246,0.5374,469.7674,78.8853
tv15%_lb20d_ovly,Aug 2024–Aug 2026,2025-04-28,0.945188,0.2796,0.2816,0.2816,0.0000,0,-0.0242,0.5327,469.6183,78.9996
tv15%_lb20d_ovly,Aug 2024–Aug 2026,2025-04-29,0.947344,0.2796,0.2816,0.2816,0.0000,0,-0.0181,0.5327,472.7198,79.0472
tv15%_lb20d_ovly,Aug 2024–Aug 2026,2025-04-30,0.948215,0.2796,0.2817,0.2817,0.0000,0,-0.0177,0.5325,472.6602,79.1520
tv15%_lb20d_ovly,Aug 2024–Aug 2026,2025-05-01,0.950268,0.2796,0.2816,0.2816,0.0000,0,0.0000,0.5327,478.8335,78.9886
tv15%_lb20d_ovly,Aug 2024–Aug 2026,2025-05-02,0.952888,0.2796,0.2995,0.2995,0.0000,0,0.0000,0.5009,485.9412,78.8358
tv15%_lb20d_ovly,Aug 2024–Aug 2026,2025-05-05,0.951224,0.2796,0.3379,0.3379,0.0000,0,-0.0057,0.4440,483.0583,78.8262
tv15%_lb20d_ovly,Aug 2024–Aug 2026,2025-05-06,0.949276,0.3379,0.3363,0.3363,0.0000,0,-0.0140,0.4460,478.5650,78.8931
tv15%_lb20d_ovly,Aug 2024–Aug 2026,2025-05-07,0.950763,0.3379,0.3416,0.3416,0.0000,0,-0.0099,0.4392,480.4439,78.9217
tv15%_lb20d_ovly,Aug 2024–Aug 2026,2025-05-08,0.952785,0.3379,0.5645,0.5645,0.0000,0,-0.0030,0.2657,485.4044,78.7594
tv15%_lb20d_ovly,Aug 2024–Aug 2026,2025-05-09,0.952664,0.5645,0.7404,0.7404,0.0000,0,-0.0043,0.2026,485.0863,78.7976
tv15%_lb20d_ovly,Aug 2024–Aug 2026,2025-05-12,0.973647,0.7404,0.6754,0.6754,0.0000,0,0.0000,0.2221,504.8488,78.6543
tv15%_lb20d_ovly,Aug 2024–Aug 2026,2025-05-13,0.984509,0.6754,0.6775,0.6775,0.0000,0,0.0000,0.2214,512.5431,78.6352
tv15%_lb20d_ovly,Aug 2024–Aug 2026,2025-05-14,0.988261,0.6754,0.6813,0.6813,0.0000,0,0.0000,0.2202,515.6148,78.5779
tv15%_lb20d_ovly,Aug 2024–Aug 2026,2025-05-15,0.989618,0.6754,0.7659,0.7659,0.0000,0,0.0000,0.1959,516.1815,78.7307
tv15%_lb20d_ovly,Aug 2024–Aug 2026,2025-05-16,0.992360,0.7659,0.7686,0.7686,0.0000,0,0.0000,0.1952,518.4281,78.7116
tv15%_lb20d_ovly,Aug 2024–Aug 2026,2025-05-19,0.993173,0.7659,0.9313,0.9313,0.0000,0,0.0000,0.1611,518.9252,78.7402
tv15%_lb20d_ovly,Aug 2024–Aug 2026,2025-05-20,0.990502,0.9313,1.0000,1.0000,0.0000,0,-0.0034,0.1497,517.1954,78.7498
tv15%_lb20d_ovly,Aug 2024–Aug 2026,2025-05-21,0.977575,1.0000,0.9053,0.9053,0.0000,0,-0.0202,0.1657,510.0081,78.7020
tv15%_lb20d_ovly,Aug 2024–Aug 2026,2025-05-22,0.979311,0.9053,0.9738,0.9738,0.0000,0,-0.0198,0.1540,510.9624,78.7498
tv15%_lb20d_ovly,Aug 2024–Aug 2026,2025-05-23,0.971091,0.9738,0.9538,0.9538,0.0000,0,-0.0265,0.1573,506.2306,78.7976
tv15%_lb20d_ovly,Aug 2024–Aug 2026,2025-05-27,0.993347,0.9738,0.8850,0.8850,0.0000,0,-0.0062,0.1695,518.1398,78.8262
tv15%_lb20d_ovly,Aug 2024–Aug 2026,2025-05-28,0.988953,0.8850,0.8706,0.8706,0.0000,0,-0.0120,0.1723,515.8434,78.7689
tv15%_lb20d_ovly,Aug 2024–Aug 2026,2025-05-29,0.990797,0.8850,0.8718,0.8718,0.0000,0,-0.0081,0.1721,516.8574,78.8549
tv15%_lb20d_ovly,Aug 2024–Aug 2026,2025-05-30,0.989552,0.8850,0.8720,0.8720,0.0000,0,-0.0092,0.1720,516.0423,78.9504
tv15%_lb20d_ovly,Aug 2024–Aug 2026,2025-06-02,0.996376,0.8850,0.9009,0.9009,0.0000,0,-0.0036,0.1665,520.1182,78.8852
tv15%_lb20d_ovly,Aug 2024–Aug 2026,2025-06-03,1.003241,0.8850,0.9138,0.9138,0.0000,0,0.0000,0.1642,524.1838,78.8661
tv15%_lb20d_ovly,Aug 2024–Aug 2026,2025-06-04,1.005927,0.8850,0.9418,0.9418,0.0000,0,-0.0003,0.1593,525.6452,79.0098
tv15%_lb20d_ovly,Aug 2024–Aug 2026,2025-06-05,0.999042,0.9418,0.9274,0.9274,0.0000,0,-0.0051,0.1617,521.6887,78.9236
tv15%_lb20d_ovly,Aug 2024–Aug 2026,2025-06-06,1.008142,0.9418,0.9187,0.9187,0.0000,0,0.0000,0.1633,526.7883,78.7894
tv15%_lb20d_ovly,Aug 2024–Aug 2026,2025-06-09,1.009582,0.9418,0.9219,0.9219,0.0000,0,0.0000,0.1627,527.5638,78.8469
tv15%_lb20d_ovly,Aug 2024–Aug 2026,2025-06-10,1.015871,0.9418,1.0000,1.0000,0.0000,0,0.0000,0.1207,531.0531,78.8469
tv15%_lb20d_ovly,Aug 2024–Aug 2026,2025-06-11,1.012682,1.0000,1.0000,1.0000,0.0000,0,-0.0029,0.1203,529.2637,78.9715
tv15%_lb20d_ovly,Aug 2024–Aug 2026,2025-06-12,1.015059,1.0000,1.0000,1.0000,0.0000,0,0.0000,0.1207,530.5062,79.0386
tv15%_lb20d_ovly,Aug 2024–Aug 2026,2025-06-13,1.002315,1.0000,1.0000,1.0000,0.0000,0,-0.0112,0.1278,523.8459,78.9811
tv15%_lb20d_ovly,Aug 2024–Aug 2026,2025-06-16,1.016257,1.0000,1.0000,1.0000,0.0000,0,-0.0018,0.1301,531.1325,78.9715
tv15%_lb20d_ovly,Aug 2024–Aug 2026,2025-06-17,1.006348,1.0000,1.0000,1.0000,0.0000,0,-0.0103,0.1342,525.9534,79.0098
tv15%_lb20d_ovly,Aug 2024–Aug 2026,2025-06-18,1.006176,1.0000,1.0000,1.0000,0.0000,0,-0.0105,0.1336,525.8639,79.0482
tv15%_lb20d_ovly,Aug 2024–Aug 2026,2025-06-20,1.002068,1.0000,1.0000,1.0000,0.0000,0,-0.0128,0.1174,523.7167,79.1057
tv15%_lb20d_ovly,Aug 2024–Aug 2026,2025-06-23,1.012372,1.0000,1.0000,1.0000,0.0000,0,-0.0030,0.1214,529.1017,79.2111
tv15%_lb20d_ovly,Aug 2024–Aug 2026,2025-06-24,1.027853,1.0000,1.0000,1.0000,0.0000,0,0.0000,0.1214,537.1929,79.2782
tv15%_lb20d_ovly,Aug 2024–Aug 2026,2025-06-25,1.030481,1.0000,1.0000,1.0000,0.0000,0,0.0000,0.1009,538.5661,79.2878
tv15%_lb20d_ovly,Aug 2024–Aug 2026,2025-06-26,1.040116,1.0000,1.0000,1.0000,0.0000,0,0.0000,0.0994,543.6019,79.3836
tv15%_lb20d_ovly,Aug 2024–Aug 2026,2025-06-27,1.043677,1.0000,1.0000,1.0000,0.0000,0,0.0000,0.0997,545.4630,79.3548
tv15%_lb20d_ovly,Aug 2024–Aug 2026,2025-06-30,1.050437,1.0000,1.0000,1.0000,0.0000,0,0.0000,0.0993,548.9959,79.4124
tv15%_lb20d_ovly,Aug 2024–Aug 2026,2025-07-01,1.041582,1.0000,1.0000,1.0000,0.0000,0,-0.0003,0.0991,544.3682,79.3297
tv15%_lb20d_ovly,Aug 2024–Aug 2026,2025-07-02,1.048837,1.0000,1.0000,1.0000,0.0000,0,0.0000,0.0986,548.1599,79.3201
tv15%_lb20d_ovly,Aug 2024–Aug 2026,2025-07-03,1.059158,1.0000,1.0000,1.0000,0.0000,0,0.0000,0.1002,553.5540,79.2335
tv15%_lb20d_ovly,Aug 2024–Aug 2026,2025-07-07,1.051179,1.0000,1.0000,1.0000,0.0000,0,-0.0075,0.1032,549.3841,79.2143
tv15%_lb20d_ovly,Aug 2024–Aug 2026,2025-07-08,1.051770,1.0000,1.0000,1.0000,0.0000,0,-0.0080,0.0994,549.6926,79.2239
tv15%_lb20d_ovly,Aug 2024–Aug 2026,2025-07-09,1.059215,1.0000,1.0000,1.0000,0.0000,0,-0.0020,0.1004,553.5839,79.2912
tv15%_lb20d_ovly,Aug 2024–Aug 2026,2025-07-10,1.057692,1.0000,1.0000,1.0000,0.0000,0,0.0000,0.0995,552.7877,79.2912
tv15%_lb20d_ovly,Aug 2024–Aug 2026,2025-07-11,1.055312,1.0000,1.0000,1.0000,0.0000,0,-0.0035,0.1000,551.5436,79.2720
tv15%_lb20d_ovly,Aug 2024–Aug 2026,2025-07-14,1.059139,1.0000,1.0000,1.0000,0.0000,0,-0.0016,0.0997,553.5441,79.2816
tv15%_lb20d_ovly,Aug 2024–Aug 2026,2025-07-15,1.060110,1.0000,1.0000,1.0000,0.0000,0,-0.0059,0.0902,554.0515,79.2047
tv15%_lb20d_ovly,Aug 2024–Aug 2026,2025-07-16,1.061196,1.0000,1.0000,1.0000,0.0000,0,-0.0026,0.0862,554.6188,79.3104
tv15%_lb20d_ovly,Aug 2024–Aug 2026,2025-07-17,1.069783,1.0000,1.0000,1.0000,0.0000,0,0.0000,0.0779,559.1072,79.2816
tv15%_lb20d_ovly,Aug 2024–Aug 2026,2025-07-18,1.068755,1.0000,1.0000,1.0000,0.0000,0,-0.0007,0.0782,558.5698,79.3489
tv15%_lb20d_ovly,Aug 2024–Aug 2026,2025-07-21,1.074297,1.0000,1.0000,1.0000,0.0000,0,0.0000,0.0760,561.4659,79.3970
tv15%_lb20d_ovly,Aug 2024–Aug 2026,2025-07-22,1.068736,1.0000,1.0000,1.0000,0.0000,0,0.0000,0.0718,558.5599,79.4547
tv15%_lb20d_ovly,Aug 2024–Aug 2026,2025-07-23,1.073611,1.0000,1.0000,1.0000,0.0000,0,0.0000,0.0683,561.1076,79.3874
tv15%_lb20d_ovly,Aug 2024–Aug 2026,2025-07-24,1.075896,1.0000,1.0000,1.0000,0.0000,0,0.0000,0.0683,562.3018,79.3201
tv15%_lb20d_ovly,Aug 2024–Aug 2026,2025-07-25,1.078486,1.0000,1.0000,1.0000,0.0000,0,0.0000,0.0656,563.6553,79.3681
tv15%_lb20d_ovly,Aug 2024–Aug 2026,2025-07-28,1.081856,1.0000,1.0000,1.0000,0.0000,0,-0.0003,0.0651,565.4169,79.3585
tv15%_lb20d_ovly,Aug 2024–Aug 2026,2025-07-29,1.080181,1.0000,1.0000,1.0000,0.0000,0,-0.0029,0.0659,564.5411,79.4258
tv15%_lb20d_ovly,Aug 2024–Aug 2026,2025-07-30,1.081628,1.0000,1.0000,1.0000,0.0000,0,-0.0041,0.0663,565.2974,79.3393
tv15%_lb20d_ovly,Aug 2024–Aug 2026,2025-07-31,1.075896,1.0000,1.0000,1.0000,0.0000,0,-0.0079,0.0675,562.3018,79.3393
tv15%_lb20d_ovly,Aug 2024–Aug 2026,2025-08-01,1.054702,1.0000,1.0000,1.0000,0.0000,0,-0.0241,0.0870,551.2252,79.7348
tv15%_lb20d_ovly,Aug 2024–Aug 2026,2025-08-04,1.074163,1.0000,1.0000,1.0000,0.0000,0,-0.0093,0.0984,561.3962,79.7541
tv15%_lb20d_ovly,Aug 2024–Aug 2026,2025-08-05,1.066870,1.0000,1.0000,1.0000,0.0000,0,-0.0143,0.1005,557.5846,79.7251
tv15%_lb20d_ovly,Aug 2024–Aug 2026,2025-08-06,1.080295,1.0000,1.0000,1.0000,0.0000,0,-0.0068,0.1019,564.6008,79.7541
tv15%_lb20d_ovly,Aug 2024–Aug 2026,2025-08-07,1.083951,1.0000,1.0000,1.0000,0.0000,0,-0.0076,0.1017,566.5115,79.7155
tv15%_lb20d_ovly,Aug 2024–Aug 2026,2025-08-08,1.094062,1.0000,1.0000,1.0000,0.0000,0,0.0000,0.1036,571.7961,79.6962
tv15%_lb20d_ovly,Aug 2024–Aug 2026,2025-08-11,1.090825,1.0000,1.0000,1.0000,0.0000,0,-0.0020,0.1041,570.1042,79.6962
tv15%_lb20d_ovly,Aug 2024–Aug 2026,2025-08-12,1.104535,1.0000,1.0000,1.0000,0.0000,0,0.0000,0.1077,577.2697,79.7541
tv15%_lb20d_ovly,Aug 2024–Aug 2026,2025-08-13,1.105088,1.0000,1.0000,1.0000,0.0000,0,0.0000,0.1077,577.5584,79.8602
tv15%_lb20d_ovly,Aug 2024–Aug 2026,2025-08-14,1.104231,1.0000,1.0000,1.0000,0.0000,0,0.0000,0.1065,577.1105,79.7734
tv15%_lb20d_ovly,Aug 2024–Aug 2026,2025-08-15,1.099375,1.0000,1.0000,1.0000,0.0000,0,-0.0023,0.1070,574.5728,79.7444
tv15%_lb20d_ovly,Aug 2024–Aug 2026,2025-08-18,1.098937,1.0000,1.0000,1.0000,0.0000,0,-0.0026,0.1071,574.3439,79.7444
tv15%_lb20d_ovly,Aug 2024–Aug 2026,2025-08-19,1.084027,1.0000,1.0000,1.0000,0.0000,0,-0.0080,0.1096,566.5514,79.7830
tv15%_lb20d_ovly,Aug 2024–Aug 2026,2025-08-20,1.077591,1.0000,1.0000,1.0000,0.0000,0,-0.0106,0.1065,563.1876,79.8120
tv15%_lb20d_ovly,Aug 2024–Aug 2026,2025-08-21,1.072602,1.0000,1.0000,1.0000,0.0000,0,-0.0146,0.1076,560.5802,79.7444
tv15%_lb20d_ovly,Aug 2024–Aug 2026,2025-08-22,1.089149,1.0000,1.0000,1.0000,0.0000,0,0.0000,0.1196,569.2285,79.9180
tv15%_lb20d_ovly,Aug 2024–Aug 2026,2025-08-25,1.086008,1.0000,1.0000,1.0000,0.0000,0,-0.0044,0.1209,567.5865,79.8795
tv15%_lb20d_ovly,Aug 2024–Aug 2026,2025-08-26,1.090368,1.0000,1.0000,1.0000,0.0000,0,-0.0002,0.1211,569.8654,79.9470
tv15%_lb20d_ovly,Aug 2024–Aug 2026,2025-08-27,1.092044,1.0000,1.0000,1.0000,0.0000,0,0.0000,0.1209,570.7412,80.0049
tv15%_lb20d_ovly,Aug 2024–Aug 2026,2025-08-28,1.098880,1.0000,1.0000,1.0000,0.0000,0,0.0000,0.1199,574.3140,79.9759
tv15%_lb20d_ovly,Aug 2024–Aug 2026,2025-08-29,1.086160,1.0000,1.0000,1.0000,0.0000,0,-0.0060,0.1039,567.6660,80.0435
tv15%_lb20d_ovly,Aug 2024–Aug 2026,2025-09-02,1.077058,1.0000,1.0000,1.0000,0.0000,0,-0.0133,0.0963,562.9090,80.0028
tv15%_lb20d_ovly,Aug 2024–Aug 2026,2025-09-03,1.085531,1.0000,1.0000,1.0000,0.0000,0,-0.0080,0.0951,567.3376,80.0609
tv15%_lb20d_ovly,Aug 2024–Aug 2026,2025-09-04,1.095357,1.0000,1.0000,1.0000,0.0000,0,0.0000,0.0957,572.4728,80.1189
tv15%_lb20d_ovly,Aug 2024–Aug 2026,2025-09-05,1.096938,1.0000,1.0000,1.0000,0.0000,0,-0.0029,0.0966,573.2989,80.2350
tv15%_lb20d_ovly,Aug 2024–Aug 2026,2025-09-08,1.102288,1.0000,1.0000,1.0000,0.0000,0,-0.0004,0.0936,576.0954,80.2834
tv15%_lb20d_ovly,Aug 2024–Aug 2026,2025-09-09,1.105411,1.0000,1.0000,1.0000,0.0000,0,0.0000,0.0931,577.7275,80.2157
tv15%_lb20d_ovly,Aug 2024–Aug 2026,2025-09-10,1.105773,1.0000,1.0000,1.0000,0.0000,0,0.0000,0.0865,577.9167,80.2254
tv15%_lb20d_ovly,Aug 2024–Aug 2026,2025-09-11,1.112209,1.0000,1.0000,1.0000,0.0000,0,0.0000,0.0901,581.2805,80.2544
tv15%_lb20d_ovly,Aug 2024–Aug 2026,2025-09-12,1.117122,1.0000,1.0000,1.0000,0.0000,0,-0.0003,0.0902,583.8481,80.2447
tv15%_lb20d_ovly,Aug 2024–Aug 2026,2025-09-15,1.126681,1.0000,1.0000,1.0000,0.0000,0,0.0000,0.0906,588.8440,80.2738
tv15%_lb20d_ovly,Aug 2024–Aug 2026,2025-09-16,1.125729,1.0000,1.0000,1.0000,0.0000,0,-0.0014,0.0909,588.3464,80.3124
tv15%_lb20d_ovly,Aug 2024–Aug 2026,2025-09-17,1.123482,1.0000,1.0000,1.0000,0.0000,0,-0.0026,0.0880,587.1721,80.2738
tv15%_lb20d_ovly,Aug 2024–Aug 2026,2025-09-18,1.133613,1.0000,1.0000,1.0000,0.0000,0,0.0000,0.0872,592.4666,80.2447
tv15%_lb20d_ovly,Aug 2024–Aug 2026,2025-09-19,1.141286,1.0000,1.0000,1.0000,0.0000,0,0.0000,0.0850,596.4772,80.2738
tv15%_lb20d_ovly,Aug 2024–Aug 2026,2025-09-22,1.148043,1.0000,1.0000,1.0000,0.0000,0,0.0000,0.0708,600.0084,80.2350
tv15%_lb20d_ovly,Aug 2024–Aug 2026,2025-09-23,1.140417,1.0000,1.0000,1.0000,0.0000,0,-0.0054,0.0721,596.0229,80.2641
tv15%_lb20d_ovly,Aug 2024–Aug 2026,2025-09-24,1.136414,1.0000,1.0000,1.0000,0.0000,0,-0.0086,0.0735,593.9305,80.2254
tv15%_lb20d_ovly,Aug 2024–Aug 2026,2025-09-25,1.131514,1.0000,1.0000,1.0000,0.0000,0,-0.0132,0.0764,591.3699,80.1576
tv15%_lb20d_ovly,Aug 2024–Aug 2026,2025-09-26,1.136166,1.0000,1.0000,1.0000,0.0000,0,-0.0075,0.0777,593.8010,80.2060
tv15%_lb20d_ovly,Aug 2024–Aug 2026,2025-09-29,1.141428,1.0000,1.0000,1.0000,0.0000,0,-0.0047,0.0732,596.5510,80.2350
tv15%_lb20d_ovly,Aug 2024–Aug 2026,2025-09-30,1.144554,1.0000,1.0000,1.0000,0.0000,0,-0.0010,0.0653,598.1851,80.2738
tv15%_lb20d_ovly,Aug 2024–Aug 2026,2025-10-01,1.150045,1.0000,1.0000,1.0000,0.0000,0,0.0000,0.0643,601.0545,80.3669
tv15%_lb20d_ovly,Aug 2024–Aug 2026,2025-10-02,1.154772,1.0000,1.0000,1.0000,0.0000,0,0.0000,0.0599,603.5255,80.3863
tv15%_lb20d_ovly,Aug 2024–Aug 2026,2025-10-03,1.149911,1.0000,1.0000,1.0000,0.0000,0,-0.0000,0.0578,600.9848,80.3572
tv15%_lb20d_ovly,Aug 2024–Aug 2026,2025-10-06,1.158547,1.0000,1.0000,1.0000,0.0000,0,0.0000,0.0581,605.4983,80.3378
tv15%_lb20d_ovly,Aug 2024–Aug 2026,2025-10-07,1.152447,1.0000,1.0000,1.0000,0.0000,0,-0.0037,0.0613,602.3099,80.3766
tv15%_lb20d_ovly,Aug 2024–Aug 2026,2025-10-08,1.165658,1.0000,1.0000,1.0000,0.0000,0,0.0000,0.0631,609.2147,80.3669
tv15%_lb20d_ovly,Aug 2024–Aug 2026,2025-10-09,1.164247,1.0000,1.0000,1.0000,0.0000,0,-0.0029,0.0601,608.4774,80.3572
tv15%_lb20d_ovly,Aug 2024–Aug 2026,2025-10-10,1.123831,1.0000,1.0000,1.0000,0.0000,0,-0.0298,0.1180,587.3546,80.4931
tv15%_lb20d_ovly,Aug 2024–Aug 2026,2025-10-13,1.147681,1.0000,1.0000,1.0000,0.0000,0,-0.0150,0.1289,599.8190,80.6484
tv15%_lb20d_ovly,Aug 2024–Aug 2026,2025-10-14,1.140036,1.0000,1.0000,1.0000,0.0000,0,-0.0162,0.1288,595.8237,80.5902
tv15%_lb20d_ovly,Aug 2024–Aug 2026,2025-10-15,1.148081,1.0000,1.0000,1.0000,0.0000,0,-0.0118,0.1295,600.0283,80.5513
tv15%_lb20d_ovly,Aug 2024–Aug 2026,2025-10-16,1.143830,1.0000,1.0000,1.0000,0.0000,0,-0.0185,0.1311,597.8064,80.6581
tv15%_lb20d_ovly,Aug 2024–Aug 2026,2025-10-17,1.151341,1.0000,1.0000,1.0000,0.0000,0,-0.0130,0.1315,601.7321,80.6484
tv15%_lb20d_ovly,Aug 2024–Aug 2026,2025-10-20,1.165849,1.0000,1.0000,1.0000,0.0000,0,-0.0027,0.1356,609.3143,80.6581
tv15%_lb20d_ovly,Aug 2024–Aug 2026,2025-10-21,1.165544,1.0000,1.0000,1.0000,0.0000,0,-0.0027,0.1339,609.1550,80.6775
tv15%_lb20d_ovly,Aug 2024–Aug 2026,2025-10-22,1.154315,1.0000,1.0000,1.0000,0.0000,0,-0.0079,0.1348,603.2864,80.6775
tv15%_lb20d_ovly,Aug 2024–Aug 2026,2025-10-23,1.164019,1.0000,1.0000,1.0000,0.0000,0,-0.0020,0.1347,608.3578,80.6193
tv15%_lb20d_ovly,Aug 2024–Aug 2026,2025-10-24,1.176448,1.0000,1.0000,1.0000,0.0000,0,0.0000,0.1361,614.8541,80.6678
tv15%_lb20d_ovly,Aug 2024–Aug 2026,2025-10-27,1.197400,1.0000,1.0000,1.0000,0.0000,0,0.0000,0.1411,625.8041,80.6484
tv15%_lb20d_ovly,Aug 2024–Aug 2026,2025-10-28,1.206608,1.0000,1.0000,1.0000,0.0000,0,0.0000,0.1410,630.6166,80.6581
tv15%_lb20d_ovly,Aug 2024–Aug 2026,2025-10-29,1.212041,1.0000,1.0000,1.0000,0.0000,0,0.0000,0.1408,633.4562,80.5028
tv15%_lb20d_ovly,Aug 2024–Aug 2026,2025-10-30,1.193511,1.0000,1.0000,1.0000,0.0000,0,-0.0110,0.1476,623.7715,80.5125
tv15%_lb20d_ovly,Aug 2024–Aug 2026,2025-10-31,1.199268,1.0000,1.0000,1.0000,0.0000,0,-0.0078,0.1478,626.7806,80.5416
tv15%_lb20d_ovly,Aug 2024–Aug 2026,2025-11-03,1.205006,1.0000,1.0000,1.0000,0.0000,0,-0.0059,0.1476,629.7796,80.5446
tv15%_lb20d_ovly,Aug 2024–Aug 2026,2025-11-04,1.180547,1.0000,0.9759,0.9759,0.0000,0,-0.0177,0.1537,616.9963,80.5738
tv15%_lb20d_ovly,Aug 2024–Aug 2026,2025-11-05,1.188230,1.0000,0.9819,0.9819,0.0000,0,-0.0143,0.1528,621.0117,80.5154
tv15%_lb20d_ovly,Aug 2024–Aug 2026,2025-11-06,1.166097,1.0000,0.9525,0.9525,0.0000,0,-0.0248,0.1575,609.4439,80.6127
tv15%_lb20d_ovly,Aug 2024–Aug 2026,2025-11-07,1.162417,1.0000,1.0000,1.0000,0.0000,0,-0.0239,0.1199,607.5209,80.6517
tv15%_lb20d_ovly,Aug 2024–Aug 2026,2025-11-10,1.188135,1.0000,1.0000,1.0000,0.0000,0,-0.0087,0.1203,620.9619,80.6322
tv15%_lb20d_ovly,Aug 2024–Aug 2026,2025-11-11,1.184970,1.0000,1.0000,1.0000,0.0000,0,-0.0064,0.1199,619.3079,80.7003
tv15%_lb20d_ovly,Aug 2024–Aug 2026,2025-11-12,1.184036,1.0000,1.0000,1.0000,0.0000,0,-0.0058,0.1195,618.8196,80.6711
tv15%_lb20d_ovly,Aug 2024–Aug 2026,2025-11-13,1.159863,1.0000,1.0000,1.0000,0.0000,0,-0.0223,0.1329,606.1859,80.6225
tv15%_lb20d_ovly,Aug 2024–Aug 2026,2025-11-14,1.160740,1.0000,1.0000,1.0000,0.0000,0,-0.0225,0.1317,606.6441,80.6517
tv15%_lb20d_ovly,Aug 2024–Aug 2026,2025-11-17,1.150826,1.0000,1.0000,1.0000,0.0000,0,-0.0316,0.1308,601.4631,80.6419
tv15%_lb20d_ovly,Aug 2024–Aug 2026,2025-11-18,1.136814,1.0000,1.0000,1.0000,0.0000,0,-0.0397,0.1339,594.1397,80.6906
tv15%_lb20d_ovly,Aug 2024–Aug 2026,2025-11-19,1.143601,1.0000,1.0000,1.0000,0.0000,0,-0.0360,0.1338,597.6868,80.6809
tv15%_lb20d_ovly,Aug 2024–Aug 2026,2025-11-20,1.116530,1.0000,1.0000,1.0000,0.0000,0,-0.0507,0.1416,583.5385,80.7490
tv15%_lb20d_ovly,Aug 2024–Aug 2026,2025-11-21,1.124918,1.0000,1.0000,1.0000,0.0000,0,-0.0413,0.1433,587.9225,80.8464
tv15%_lb20d_ovly,Aug 2024–Aug 2026,2025-11-24,1.153686,1.0000,1.0000,1.0000,0.0000,0,-0.0271,0.1471,602.9576,80.8561
tv15%_lb20d_ovly,Aug 2024–Aug 2026,2025-11-25,1.160797,1.0000,0.9912,0.9912,0.0000,0,-0.0180,0.1513,606.6741,80.9048
tv15%_lb20d_ovly,Aug 2024–Aug 2026,2025-11-26,1.171053,1.0000,0.9754,0.9754,0.0000,0,-0.0054,0.1538,612.0344,80.8951
tv15%_lb20d_ovly,Aug 2024–Aug 2026,2025-11-28,1.180547,1.0000,1.0000,1.0000,0.0000,0,0.0000,0.1500,616.9963,80.8951
tv15%_lb20d_ovly,Aug 2024–Aug 2026,2025-12-01,1.176582,1.0000,0.9970,0.9970,0.0000,0,-0.0046,0.1505,614.9238,80.8257
tv15%_lb20d_ovly,Aug 2024–Aug 2026,2025-12-02,1.185790,1.0000,0.9970,0.9970,0.0000,0,-0.0027,0.1505,619.7363,80.8746
tv15%_lb20d_ovly,Aug 2024–Aug 2026,2025-12-03,1.188688,1.0000,1.0000,1.0000,0.0000,0,0.0000,0.1442,621.2507,80.9234
tv15%_lb20d_ovly,Aug 2024–Aug 2026,2025-12-04,1.187582,1.0000,1.0000,1.0000,0.0000,0,0.0000,0.1439,620.6729,80.8648
tv15%_lb20d_ovly,Aug 2024–Aug 2026,2025-12-05,1.192424,1.0000,1.0000,1.0000,0.0000,0,0.0000,0.1376,623.2036,80.8355
tv15%_lb20d_ovly,Aug 2024–Aug 2026,2025-12-08,1.190136,1.0000,1.0000,1.0000,0.0000,0,-0.0030,0.1384,622.0080,80.8160
tv15%_lb20d_ovly,Aug 2024–Aug 2026,2025-12-09,1.191604,1.0000,1.0000,1.0000,0.0000,0,-0.0039,0.1273,622.7751,80.7769
tv15%_lb20d_ovly,Aug 2024–Aug 2026,2025-12-10,1.196485,1.0000,1.0000,1.0000,0.0000,0,0.0000,0.1292,625.3259,80.9136
tv15%_lb20d_ovly,Aug 2024–Aug 2026,2025-12-11,1.192615,1.0000,1.0000,1.0000,0.0000,0,0.0000,0.1294,623.3033,80.9234
tv15%_lb20d_ovly,Aug 2024–Aug 2026,2025-12-12,1.169814,1.0000,1.0000,1.0000,0.0000,0,-0.0108,0.1203,611.3868,80.9332
tv15%_lb20d_ovly,Aug 2024–Aug 2026,2025-12-15,1.163942,1.0000,1.0000,1.0000,0.0000,0,-0.0122,0.1206,608.3180,80.9820
tv15%_lb20d_ovly,Aug 2024–Aug 2026,2025-12-16,1.166249,1.0000,1.0000,1.0000,0.0000,0,-0.0149,0.1155,609.5236,81.0211
tv15%_lb20d_ovly,Aug 2024–Aug 2026,2025-12-17,1.144630,1.0000,1.0000,1.0000,0.0000,0,-0.0258,0.1186,598.2249,81.0308
tv15%_lb20d_ovly,Aug 2024–Aug 2026,2025-12-18,1.161216,1.0000,1.0000,1.0000,0.0000,0,-0.0184,0.1206,606.8932,81.0894
tv15%_lb20d_ovly,Aug 2024–Aug 2026,2025-12-19,1.176353,1.0000,1.0000,1.0000,0.0000,0,-0.0095,0.1069,614.8043,81.0747
tv15%_lb20d_ovly,Aug 2024–Aug 2026,2025-12-22,1.181992,1.0000,1.0000,1.0000,0.0000,0,-0.0034,0.1041,617.7513,81.0356
tv15%_lb20d_ovly,Aug 2024–Aug 2026,2025-12-23,1.187528,1.0000,1.0000,1.0000,0.0000,0,0.0000,0.0937,620.6445,80.9964
tv15%_lb20d_ovly,Aug 2024–Aug 2026,2025-12-24,1.191002,1.0000,1.0000,1.0000,0.0000,0,0.0000,0.0894,622.4603,81.0454
tv15%_lb20d_ovly,Aug 2024–Aug 2026,2025-12-26,1.190925,1.0000,1.0000,1.0000,0.0000,0,-0.0001,0.0870,622.4203,81.1041
tv15%_lb20d_ovly,Aug 2024–Aug 2026,2025-12-29,1.185161,1.0000,1.0000,1.0000,0.0000,0,-0.0037,0.0867,619.4074,81.1433
tv15%_lb20d_ovly,Aug 2024–Aug 2026,2025-12-30,1.182412,1.0000,1.0000,1.0000,0.0000,0,-0.0049,0.0849,617.9708,81.1629
tv15%_lb20d_ovly,Aug 2024–Aug 2026,2025-12-31,1.172638,1.0000,1.0000,1.0000,0.0000,0,-0.0123,0.0894,612.8629,81.1335
tv15%_lb20d_ovly,Aug 2024–Aug 2026,2026-01-02,1.170367,1.0000,1.0000,1.0000,0.0000,0,-0.0104,0.0888,611.6757,81.1727
tv15%_lb20d_ovly,Aug 2024–Aug 2026,2026-01-05,1.179663,1.0000,1.0000,1.0000,0.0000,0,-0.0039,0.0918,616.5342,81.2021
tv15%_lb20d_ovly,Aug 2024–Aug 2026,2026-01-06,1.190028,1.0000,1.0000,1.0000,0.0000,0,0.0000,0.0938,621.9514,81.2119
tv15%_lb20d_ovly,Aug 2024–Aug 2026,2026-01-07,1.191174,1.0000,1.0000,1.0000,0.0000,0,-0.0032,0.0939,622.5500,81.2021
tv15%_lb20d_ovly,Aug 2024–Aug 2026,2026-01-08,1.184397,1.0000,1.0000,1.0000,0.0000,0,-0.0033,0.0938,619.0084,81.1727
tv15%_lb20d_ovly,Aug 2024–Aug 2026,2026-01-09,1.196194,1.0000,1.0000,1.0000,0.0000,0,0.0000,0.0937,625.1738,81.1433
tv15%_lb20d_ovly,Aug 2024–Aug 2026,2026-01-12,1.197186,1.0000,1.0000,1.0000,0.0000,0,0.0000,0.0936,625.6926,81.1433
tv15%_lb20d_ovly,Aug 2024–Aug 2026,2026-01-13,1.195411,1.0000,1.0000,1.0000,0.0000,0,-0.0020,0.0841,624.7648,81.1629
tv15%_lb20d_ovly,Aug 2024–Aug 2026,2026-01-14,1.182641,1.0000,1.0000,1.0000,0.0000,0,-0.0069,0.0863,618.0905,81.1825
tv15%_lb20d_ovly,Aug 2024–Aug 2026,2026-01-15,1.186898,1.0000,1.0000,1.0000,0.0000,0,-0.0042,0.0855,620.3153,81.1237
tv15%_lb20d_ovly,Aug 2024–Aug 2026,2026-01-16,1.185905,1.0000,1.0000,1.0000,0.0000,0,-0.0050,0.0729,619.7965,81.1041
tv15%_lb20d_ovly,Aug 2024–Aug 2026,2026-01-20,1.160708,1.0000,1.0000,1.0000,0.0000,0,-0.0253,0.1043,606.6276,81.1139
tv15%_lb20d_ovly,Aug 2024–Aug 2026,2026-01-21,1.176399,1.0000,1.0000,1.0000,0.0000,0,-0.0140,0.1073,614.8282,81.1531
tv15%_lb20d_ovly,Aug 2024–Aug 2026,2026-01-22,1.184951,1.0000,1.0000,1.0000,0.0000,0,-0.0089,0.1067,619.2977,81.1237
tv15%_lb20d_ovly,Aug 2024–Aug 2026,2026-01-23,1.188692,1.0000,1.0000,1.0000,0.0000,0,-0.0085,0.1055,621.2531,81.1531
tv15%_lb20d_ovly,Aug 2024–Aug 2026,2026-01-26,1.193922,1.0000,1.0000,1.0000,0.0000,0,-0.0035,0.1063,623.9866,81.1825
tv15%_lb20d_ovly,Aug 2024–Aug 2026,2026-01-27,1.204746,1.0000,1.0000,1.0000,0.0000,0,0.0000,0.1071,629.6432,81.2021
tv15%_lb20d_ovly,Aug 2024–Aug 2026,2026-01-28,1.208735,1.0000,1.0000,1.0000,0.0000,0,-0.0001,0.1061,631.7283,81.2021
tv15%_lb20d_ovly,Aug 2024–Aug 2026,2026-01-29,1.201501,1.0000,1.0000,1.0000,0.0000,0,-0.0021,0.1064,627.9473,81.2315
tv15%_lb20d_ovly,Aug 2024–Aug 2026,2026-01-30,1.187070,1.0000,1.0000,1.0000,0.0000,0,-0.0051,0.1031,620.4051,81.3001
tv15%_lb20d_ovly,Aug 2024–Aug 2026,2026-02-02,1.195220,1.0000,1.0000,1.0000,0.0000,0,-0.0001,0.1041,624.6650,81.2607
tv15%_lb20d_ovly,Aug 2024–Aug 2026,2026-02-03,1.176857,1.0000,1.0000,1.0000,0.0000,0,-0.0086,0.1068,615.0677,81.2509
tv15%_lb20d_ovly,Aug 2024–Aug 2026,2026-02-04,1.156299,1.0000,1.0000,1.0000,0.0000,0,-0.0134,0.1059,604.3231,81.2902
tv15%_lb20d_ovly,Aug 2024–Aug 2026,2026-02-05,1.139653,1.0000,1.0000,1.0000,0.0000,0,-0.0257,0.1141,595.6237,81.4180
tv15%_lb20d_ovly,Aug 2024–Aug 2026,2026-02-06,1.163743,1.0000,1.0000,1.0000,0.0000,0,-0.0070,0.1342,608.2139,81.4180
tv15%_lb20d_ovly,Aug 2024–Aug 2026,2026-02-09,1.172658,1.0000,1.0000,1.0000,0.0000,0,-0.0022,0.1332,612.8729,81.4376
tv15%_lb20d_ovly,Aug 2024–Aug 2026,2026-02-10,1.167217,1.0000,1.0000,1.0000,0.0000,0,-0.0048,0.1334,610.0295,81.4868
tv15%_lb20d_ovly,Aug 2024–Aug 2026,2026-02-11,1.170348,1.0000,1.0000,1.0000,0.0000,0,-0.0051,0.1332,611.6657,81.4081
tv15%_lb20d_ovly,Aug 2024–Aug 2026,2026-02-12,1.146544,1.0000,1.0000,1.0000,0.0000,0,-0.0204,0.1433,599.2251,81.4868
tv15%_lb20d_ovly,Aug 2024–Aug 2026,2026-02-13,1.148988,1.0000,1.0000,1.0000,0.0000,0,-0.0198,0.1428,600.5021,81.6145
tv15%_lb20d_ovly,Aug 2024–Aug 2026,2026-02-17,1.147804,1.0000,1.0000,1.0000,0.0000,0,-0.0182,0.1431,599.8835,81.5850
tv15%_lb20d_ovly,Aug 2024–Aug 2026,2026-02-18,1.156375,1.0000,1.0000,1.0000,0.0000,0,-0.0132,0.1233,604.3629,81.5359
tv15%_lb20d_ovly,Aug 2024–Aug 2026,2026-02-19,1.151946,1.0000,1.0000,1.0000,0.0000,0,-0.0158,0.1168,602.0484,81.5359
tv15%_lb20d_ovly,Aug 2024–Aug 2026,2026-02-20,1.162140,1.0000,1.0000,1.0000,0.0000,0,-0.0087,0.1182,607.3759,81.5457
tv15%_lb20d_ovly,Aug 2024–Aug 2026,2026-02-23,1.148014,1.0000,1.0000,1.0000,0.0000,0,-0.0188,0.1237,599.9932,81.6145
tv15%_lb20d_ovly,Aug 2024–Aug 2026,2026-02-24,1.160345,1.0000,1.0000,1.0000,0.0000,0,-0.0117,0.1252,606.4380,81.6145
tv15%_lb20d_ovly,Aug 2024–Aug 2026,2026-02-25,1.177162,1.0000,1.0000,1.0000,0.0000,0,-0.0033,0.1282,615.2273,81.5948
tv15%_lb20d_ovly,Aug 2024–Aug 2026,2026-02-26,1.162960,1.0000,1.0000,1.0000,0.0000,0,-0.0088,0.1297,607.8048,81.6243
tv15%_lb20d_ovly,Aug 2024–Aug 2026,2026-02-27,1.159238,1.0000,1.0000,1.0000,0.0000,0,-0.0135,0.1305,605.8594,81.7324
tv15%_lb20d_ovly,Aug 2024–Aug 2026,2026-03-02,1.160765,1.0000,1.0000,1.0000,0.0000,0,-0.0130,0.1302,606.6575,81.5876
tv15%_lb20d_ovly,Aug 2024–Aug 2026,2026-03-03,1.148339,1.0000,1.0000,1.0000,0.0000,0,-0.0196,0.1319,600.1629,81.5777
tv15%_lb20d_ovly,Aug 2024–Aug 2026,2026-03-04,1.165843,1.0000,1.0000,1.0000,0.0000,0,-0.0127,0.1319,609.3113,81.5285
tv15%_lb20d_ovly,Aug 2024–Aug 2026,2026-03-05,1.162330,1.0000,1.0000,1.0000,0.0000,0,-0.0182,0.1322,607.4755,81.4693
tv15%_lb20d_ovly,Aug 2024–Aug 2026,2026-03-06,1.144845,1.0000,1.0000,1.0000,0.0000,0,-0.0311,0.1330,598.3372,81.5088
tv15%_lb20d_ovly,Aug 2024–Aug 2026,2026-03-09,1.160135,1.0000,1.0000,1.0000,0.0000,0,-0.0226,0.1172,606.3283,81.5482
tv15%_lb20d_ovly,Aug 2024–Aug 2026,2026-03-10,1.160154,1.0000,1.0000,1.0000,0.0000,0,-0.0230,0.1153,606.3383,81.4989
tv15%_lb20d_ovly,Aug 2024–Aug 2026,2026-03-11,1.160002,1.0000,1.0000,1.0000,0.0000,0,-0.0243,0.1151,606.2585,81.4201
tv15%_lb20d_ovly,Aug 2024–Aug 2026,2026-03-12,1.140092,1.0000,1.0000,1.0000,0.0000,0,-0.0391,0.1255,595.8531,81.2822
tv15%_lb20d_ovly,Aug 2024–Aug 2026,2026-03-13,1.133335,1.0000,1.0000,1.0000,0.0000,0,-0.0445,0.1157,592.3214,81.3314
tv15%_lb20d_ovly,Aug 2024–Aug 2026,2026-03-16,1.146048,1.0000,1.0000,1.0000,0.0000,0,-0.0348,0.1226,598.9657,81.4299
tv15%_lb20d_ovly,Aug 2024–Aug 2026,2026-03-17,1.151641,1.0000,1.0000,1.0000,0.0000,0,-0.0323,0.1230,601.8888,81.4398
tv15%_lb20d_ovly,Aug 2024–Aug 2026,2026-03-18,1.135587,1.0000,1.0000,1.0000,0.0000,0,-0.0458,0.1293,593.4987,81.2920
tv15%_lb20d_ovly,Aug 2024–Aug 2026,2026-03-19,1.131999,1.0000,1.0000,1.0000,0.0000,0,-0.0481,0.1293,591.6230,81.2723
tv15%_lb20d_ovly,Aug 2024–Aug 2026,2026-03-20,1.111077,1.0000,1.0000,1.0000,0.0000,0,-0.0618,0.1320,580.6888,81.0949
tv15%_lb20d_ovly,Aug 2024–Aug 2026,2026-03-23,1.123831,1.0000,1.0000,1.0000,0.0000,0,-0.0519,0.1371,587.3546,81.2132
tv15%_lb20d_ovly,Aug 2024–Aug 2026,2026-03-24,1.116148,1.0000,1.0000,1.0000,0.2500,0,-0.0551,0.1328,583.3389,81.0949
tv15%_lb20d_ovly,Aug 2024–Aug 2026,2026-03-25,1.123487,1.0000,1.0000,1.0000,0.0000,0,-0.0445,0.1301,587.1747,81.1836
tv15%_lb20d_ovly,Aug 2024–Aug 2026,2026-03-26,1.096672,1.0000,1.0000,1.0000,0.2500,0,-0.0576,0.1410,573.1601,81.0063
tv15%_lb20d_ovly,Aug 2024–Aug 2026,2026-03-27,1.075247,1.0000,1.0000,1.0000,0.0000,0,-0.0737,0.1495,561.9625,81.1738
tv15%_lb20d_ovly,Aug 2024–Aug 2026,2026-03-30,1.067028,1.0000,1.0000,1.0000,0.0000,0,-0.0751,0.1486,557.6672,81.2822
tv15%_lb20d_ovly,Aug 2024–Aug 2026,2026-03-31,1.103151,1.0000,0.8020,0.8020,0.0000,0,-0.0482,0.1870,576.5464,81.3511
tv15%_lb20d_ovly,Aug 2024–Aug 2026,2026-04-01,1.116558,0.8020,0.8007,0.8007,0.0000,0,-0.0356,0.1873,583.6686,81.3482
tv15%_lb20d_ovly,Aug 2024–Aug 2026,2026-04-02,1.117692,0.8020,0.8015,0.8015,0.0000,0,-0.0304,0.1871,584.3378,81.3877
tv15%_lb20d_ovly,Aug 2024–Aug 2026,2026-04-06,1.122871,0.8020,0.8179,0.8179,0.0000,0,-0.0259,0.1834,587.8540,81.3086
tv15%_lb20d_ovly,Aug 2024–Aug 2026,2026-04-07,1.123171,0.8020,0.8334,0.8334,0.0000,0,-0.0239,0.1800,587.9439,81.3679
tv15%_lb20d_ovly,Aug 2024–Aug 2026,2026-04-08,1.150171,0.8020,0.7391,0.7391,0.0000,0,0.0000,0.2030,605.4247,81.4470
tv15%_lb20d_ovly,Aug 2024–Aug 2026,2026-04-09,1.156393,0.7391,0.7357,0.7357,0.0000,0,0.0000,0.2039,609.5202,81.4667
tv15%_lb20d_ovly,Aug 2024–Aug 2026,2026-04-10,1.157516,0.7391,0.7678,0.7678,0.0000,0,-0.0007,0.1954,610.3992,81.4371
tv15%_lb20d_ovly,Aug 2024–Aug 2026,2026-04-13,1.166584,0.7391,0.7657,0.7657,0.0000,0,0.0000,0.1959,616.7123,81.4964
tv15%_lb20d_ovly,Aug 2024–Aug 2026,2026-04-14,1.182461,0.7391,0.7609,0.7609,0.0000,0,0.0000,0.1971,627.9099,81.5557
tv15%_lb20d_ovly,Aug 2024–Aug 2026,2026-04-15,1.194621,0.7391,0.7567,0.7567,0.0000,0,0.0000,0.1982,636.7003,81.5359
tv15%_lb20d_ovly,Aug 2024–Aug 2026,2026-04-16,1.198760,0.7391,0.7952,0.7952,0.0000,0,0.0000,0.1886,639.7669,81.5063
tv15%_lb20d_ovly,Aug 2024–Aug 2026,2026-04-17,1.210891,0.7952,0.7896,0.7896,0.0000,0,0.0000,0.1900,648.1377,81.6644
tv15%_lb20d_ovly,Aug 2024–Aug 2026,2026-04-20,1.207714,0.7952,0.8383,0.8383,0.0000,0,-0.0020,0.1789,646.0800,81.6248
tv15%_lb20d_ovly,Aug 2024–Aug 2026,2026-04-21,1.203702,0.7952,0.8264,0.8264,0.0000,0,-0.0085,0.1815,643.6227,81.5063
tv15%_lb20d_ovly,Aug 2024–Aug 2026,2026-04-22,1.219836,0.7952,0.8289,0.8289,0.0000,0,0.0000,0.1810,654.3909,81.5458
tv15%_lb20d_ovly,Aug 2024–Aug 2026,2026-04-23,1.214251,0.7952,0.8190,0.8190,0.0000,0,-0.0039,0.1832,650.7049,81.5063
tv15%_lb20d_ovly,Aug 2024–Aug 2026,2026-04-24,1.232992,0.7952,0.9127,0.9127,0.0000,0,0.0000,0.1643,663.1512,81.5952
tv15%_lb20d_ovly,Aug 2024–Aug 2026,2026-04-27,1.233303,0.9127,1.0000,1.0000,0.0000,0,0.0000,0.1426,663.5009,81.5754
tv15%_lb20d_ovly,Aug 2024–Aug 2026,2026-04-28,1.221810,1.0000,1.0000,1.0000,0.0000,0,-0.0049,0.1441,656.8282,81.5260
tv15%_lb20d_ovly,Aug 2024–Aug 2026,2026-04-29,1.229280,1.0000,1.0000,1.0000,0.0000,0,-0.0050,0.1177,660.8438,81.4173
tv15%_lb20d_ovly,Aug 2024–Aug 2026,2026-04-30,1.240745,1.0000,1.0000,1.0000,0.0000,0,0.0000,0.1188,667.0070,81.5063
tv15%_lb20d_ovly,Aug 2024–Aug 2026,2026-05-01,1.252655,1.0000,1.0000,1.0000,0.0000,0,0.0000,0.1182,673.4100,81.5191
tv15%_lb20d_ovly,Aug 2024–Aug 2026,2026-05-04,1.250296,1.0000,1.0000,1.0000,0.0000,0,-0.0037,0.1219,672.1414,81.4200
tv15%_lb20d_ovly,Aug 2024–Aug 2026,2026-05-05,1.266517,1.0000,1.0000,1.0000,0.0000,0,0.0000,0.1217,680.8618,81.4597
tv15%_lb20d_ovly,Aug 2024–Aug 2026,2026-05-06,1.292828,1.0000,1.0000,1.0000,0.0000,0,0.0000,0.1013,695.0062,81.5687
tv15%_lb20d_ovly,Aug 2024–Aug 2026,2026-05-07,1.291286,1.0000,1.0000,1.0000,0.0000,0,-0.0031,0.1042,694.1771,81.4993
tv15%_lb20d_ovly,Aug 2024–Aug 2026,2026-05-08,1.321555,1.0000,1.0000,1.0000,0.0000,0,0.0000,0.1041,710.4492,81.5687
tv15%_lb20d_ovly,Aug 2024–Aug 2026,2026-05-11,1.325382,1.0000,1.0000,1.0000,0.0000,0,0.0000,0.1021,712.5070,81.4894
tv15%_lb20d_ovly,Aug 2024–Aug 2026,2026-05-12,1.314141,1.0000,1.0000,1.0000,0.0000,0,-0.0015,0.0987,706.4636,81.4299
tv15%_lb20d_ovly,Aug 2024–Aug 2026,2026-05-13,1.328021,1.0000,1.0000,1.0000,0.0000,0,0.0000,0.0975,713.9255,81.4597
tv15%_lb20d_ovly,Aug 2024–Aug 2026,2026-05-14,1.337460,1.0000,1.0000,1.0000,0.0000,0,0.0000,0.0990,718.9998,81.4299
tv15%_lb20d_ovly,Aug 2024–Aug 2026,2026-05-15,1.317281,1.0000,1.0000,1.0000,0.0000,0,-0.0120,0.1073,708.1518,81.3308
tv15%_lb20d_ovly,Aug 2024–Aug 2026,2026-05-18,1.311614,1.0000,1.0000,1.0000,0.0000,0,-0.0127,0.1067,705.1051,81.3705
tv15%_lb20d_ovly,Aug 2024–Aug 2026,2026-05-19,1.303531,1.0000,1.0000,1.0000,0.0000,0,-0.0193,0.1068,700.7599,81.3110
tv15%_lb20d_ovly,Aug 2024–Aug 2026,2026-05-20,1.325122,1.0000,1.0000,1.0000,0.0000,0,-0.0092,0.1070,712.3672,81.4200
tv15%_lb20d_ovly,Aug 2024–Aug 2026,2026-05-21,1.327649,1.0000,1.0000,1.0000,0.0000,0,-0.0073,0.1046,713.7256,81.4101
tv15%_lb20d_ovly,Aug 2024–Aug 2026,2026-05-22,1.333279,1.0000,1.0000,1.0000,0.0000,0,-0.0034,0.1029,716.7523,81.3903
tv15%_lb20d_ovly,Aug 2024–Aug 2026,2026-05-26,1.356952,1.0000,1.0000,1.0000,0.0000,0,0.0000,0.1041,729.4784,81.4795
tv15%_lb20d_ovly,Aug 2024–Aug 2026,2026-05-27,1.355410,1.0000,1.0000,1.0000,0.0000,0,-0.0002,0.1010,728.6493,81.4894
tv15%_lb20d_ovly,Aug 2024–Aug 2026,2026-05-28,1.366837,1.0000,1.0000,1.0000,0.0000,0,0.0000,0.1009,734.7925,81.5291
tv15%_lb20d_ovly,Aug 2024–Aug 2026,2026-05-29,1.371873,1.0000,1.0000,1.0000,0.0000,0,0.0000,0.0975,737.4995,81.5687
tv15%_lb20d_ovly,Aug 2024–Aug 2026,2026-06-01,1.380104,1.0000,1.0000,1.0000,0.0000,0,0.0000,0.0975,741.9247,81.5220
tv15%_lb20d_ovly,Aug 2024–Aug 2026,2026-06-02,1.386459,1.0000,1.0000,1.0000,0.0000,0,0.0000,0.0948,745.3409,81.5220
tv15%_lb20d_ovly,Aug 2024–Aug 2026,2026-06-03,1.382836,1.0000,1.0000,1.0000,0.0000,0,-0.0070,0.0989,743.3931,81.4822
tv15%_lb20d_ovly,Aug 2024–Aug 2026,2026-06-04,1.376146,1.0000,1.0000,1.0000,0.0000,0,-0.0033,0.0890,739.7970,81.5419
tv15%_lb20d_ovly,Aug 2024–Aug 2026,2026-06-05,1.310090,1.0000,1.0000,1.0000,0.0000,0,-0.0290,0.1322,704.2860,81.3729
tv15%_lb20d_ovly,Aug 2024–Aug 2026,2026-06-08,1.330548,1.0000,1.0000,1.0000,0.0000,0,-0.0268,0.1291,715.2839,81.4126
tv15%_lb20d_ovly,Aug 2024–Aug 2026,2026-06-09,1.315237,1.0000,1.0000,1.0000,0.0000,0,-0.0296,0.1293,707.0530,81.4524
tv15%_lb20d_ovly,Aug 2024–Aug 2026,2026-06-10,1.288963,1.0000,1.0000,1.0000,0.0000,0,-0.0449,0.1409,692.9285,81.4524
tv15%_lb20d_ovly,Aug 2024–Aug 2026,2026-06-11,1.332499,1.0000,0.9811,0.9811,0.0000,0,-0.0287,0.1529,716.3328,81.6015
tv15%_lb20d_ovly,Aug 2024–Aug 2026,2026-06-12,1.340340,1.0000,0.9909,0.9909,0.0000,0,-0.0235,0.1514,720.5482,81.5816
tv15%_lb20d_ovly,Aug 2024–Aug 2026,2026-06-15,1.382445,1.0000,0.9528,0.9528,0.0000,0,-0.0062,0.1574,743.1833,81.6214
tv15%_lb20d_ovly,Aug 2024–Aug 2026,2026-06-16,1.356171,1.0000,0.9416,0.9416,0.0000,0,-0.0122,0.1593,729.0588,81.6413
tv15%_lb20d_ovly,Aug 2024–Aug 2026,2026-06-17,1.342436,0.9416,0.9132,0.9132,0.0000,0,-0.0245,0.1643,721.7169,81.3928
tv15%_lb20d_ovly,Aug 2024–Aug 2026,2026-06-18,1.374224,0.9416,0.9126,0.9126,0.0000,0,-0.0144,0.1644,739.8070,81.5021
tv15%_lb20d_ovly,Aug 2024–Aug 2026,2026-06-22,1.370898,0.9416,0.9104,0.9104,0.0000,0,-0.0175,0.1648,737.9500,81.4226
tv15%_lb20d_ovly,Aug 2024–Aug 2026,2026-06-23,1.328451,0.9416,0.8708,0.8708,0.0000,0,-0.0317,0.1723,713.6500,81.4822
tv15%_lb20d_ovly,Aug 2024–Aug 2026,2026-06-24,1.323142,0.8708,0.8819,0.8819,0.0000,0,-0.0322,0.1701,710.6200,81.5816
tv15%_lb20d_ovly,Aug 2024–Aug 2026,2026-06-25,1.332522,0.8708,0.8808,0.8808,0.0000,0,-0.0308,0.1703,716.3800,81.6015
tv15%_lb20d_ovly,Aug 2024–Aug 2026,2026-06-26,1.316761,0.8708,0.8829,0.8829,0.0000,0,-0.0378,0.1699,706.5200,81.7009
tv15%_lb20d_ovly,Aug 2024–Aug 2026,2026-06-29,1.345219,0.8708,0.8284,0.8284,0.0000,0,-0.0219,0.1811,724.0800,81.6810
tv15%_lb20d_ovly,Aug 2024–Aug 2026,2026-06-30,1.365023,0.8708,0.8184,0.8184,0.0000,0,-0.0143,0.1833,736.4000,81.6214
tv15%_lb20d_ovly,Aug 2024–Aug 2026,2026-07-01,1.346756,0.8184,0.8191,0.8191,0.0000,0,-0.0124,0.1831,725.1700,81.5895
tv15%_lb20d_ovly,Aug 2024–Aug 2026,2026-07-02,1.327949,0.8184,0.8257,0.8257,0.0000,0,-0.0137,0.1817,712.6000,81.6892
tv15%_lb20d_ovly,Aug 2024–Aug 2026,2026-07-06,1.343654,0.8184,0.8151,0.8151,0.0000,0,-0.0021,0.1840,722.8200,81.7291
tv15%_lb20d_ovly,Aug 2024–Aug 2026,2026-07-07,1.322926,0.8184,0.9499,0.9499,0.0000,0,-0.0069,0.1579,709.4300,81.6094
tv15%_lb20d_ovly,Aug 2024–Aug 2026,2026-07-08,1.325760,0.9499,0.9469,0.9469,0.0000,0,-0.0099,0.1584,711.4400,81.5895
tv15%_lb20d_ovly,Aug 2024–Aug 2026,2026-07-09,1.346775,0.9499,0.9362,0.9362,0.0000,0,-0.0016,0.1602,723.2800,81.6593
tv15%_lb20d_ovly,Aug 2024–Aug 2026,2026-07-10,1.350694,0.9499,1.0000,1.0000,0.0000,0,0.0000,0.1473,725.5100,81.6294
tv15%_lb20d_ovly,Aug 2024–Aug 2026,2026-07-13,1.326203,1.0000,1.0000,1.0000,0.0000,0,-0.0077,0.1404,711.7400,81.5396
tv15%_lb20d_ovly,Aug 2024–Aug 2026,2026-07-14,1.341016,1.0000,1.0000,1.0000,0.0000,0,-0.0041,0.1397,719.6900,81.6792
tv15%_lb20d_ovly,Aug 2024–Aug 2026,2026-07-15,1.337383,1.0000,1.0000,1.0000,0.0000,0,-0.0002,0.1259,717.7400,81.7490
tv15%_lb20d_ovly,Aug 2024–Aug 2026,2026-07-16,1.315395,1.0000,1.0000,1.0000,0.0000,0,-0.0056,0.1255,705.9400,81.7490
tv15%_lb20d_ovly,Aug 2024–Aug 2026,2026-07-17,1.295626,1.0000,1.0000,1.0000,0.0000,0,-0.0154,0.1223,695.3300,81.7390
tv15%_lb20d_ovly,Aug 2024–Aug 2026,2026-07-20,1.296986,1.0000,1.0000,1.0000,0.0000,0,-0.0170,0.1165,696.0600,81.7091
tv15%_lb20d_ovly,Aug 2024–Aug 2026,2026-07-21,1.321041,1.0000,1.0000,1.0000,0.0000,0,-0.0088,0.1199,708.9700,81.6393
tv15%_lb20d_ovly,Aug 2024–Aug 2026,2026-07-22,1.314296,1.0000,1.0000,1.0000,0.0000,0,-0.0100,0.1064,705.3500,81.5795
tv15%_lb20d_ovly,Aug 2024–Aug 2026,2026-07-23,1.289346,1.0000,1.0000,1.0000,0.0000,0,-0.0222,0.1165,691.9600,81.5197
tv15%_lb20d_ovly,Aug 2024–Aug 2026,2026-07-24,1.274943,1.0000,1.0000,1.0000,0.0000,0,-0.0212,0.1165,684.2300,81.5995
tv15%_lb20d_ovly,Aug 2024–Aug 2026,2026-07-27,1.271011,1.0000,1.0000,1.0000,0.0000,0,-0.0210,0.1130,682.1200,81.6194
tv15%_lb20d_ovly,Aug 2024–Aug 2026,2026-07-28,1.258657,1.0000,1.0000,1.0000,0.0000,0,-0.0187,0.0971,675.4900,81.6892
tv15%_lb20d_ovly,Aug 2024–Aug 2026,2026-07-29,1.233018,1.0000,1.0000,1.0000,0.0000,0,-0.0338,0.1070,661.7300,81.7390
tv15%_lb20d_ovly,Aug 2024–Aug 2026,2026-07-30,1.273676,1.0000,1.0000,1.0000,0.0000,0,-0.0176,0.1243,683.5500,81.7590
tv15%_lb20d_ovly,Aug 2024–Aug 2026,2026-07-31,1.281949,1.0000,1.0000,1.0000,0.0000,0,-0.0105,0.1270,687.9900,81.7490
tv15%_lb20d_ovly,Aug 2024–Aug 2026,2026-08-03,1.304458,1.0000,1.0000,1.0000,0.0000,0,0.0000,0.1331,700.0700,81.7700
tv15%_lb20d_ovly,Aug 2024–Aug 2026,2026-08-04,1.348768,1.0000,1.0000,1.0000,0.0000,0,0.0000,0.1451,723.8500,81.8700
tv15%_lb20d_ovly,Aug 2024–Aug 2026,2026-08-05,1.336563,1.0000,1.0000,1.0000,0.0000,0,-0.0020,0.1447,717.3000,81.9000
tv15%_lb20d_ovly,Aug 2024–Aug 2026,2026-08-06,1.331625,1.0000,1.0000,1.0000,0.0000,0,-0.0036,0.1428,714.6500,81.8000
tv15%_lb20d_ovly,Aug 2024–Aug 2026,2026-08-07,1.347240,1.0000,1.0000,1.0000,0.0000,0,0.0000,0.1435,723.0300,81.9200
tv15%_lb20d_ovly,Aug 2024–Aug 2026,2026-08-10,1.343215,1.0000,1.0000,1.0000,0.0000,0,-0.0003,0.1398,720.8700,81.8600
tv15%_lb20d_ovly,Aug 2024–Aug 2026,2026-08-11,1.338706,1.0000,1.0000,1.0000,0.0000,0,-0.0035,0.1406,718.4500,81.8700
tv15%_lb20d_ovly,Aug 2024–Aug 2026,2026-08-12,1.348488,1.0000,1.0000,1.0000,0.0000,0,-0.0010,0.1403,723.7000,81.9200
tv15%_lb20d_ovly,Aug 2024–Aug 2026,2026-08-13,1.364084,1.0000,1.0000,1.0000,0.0000,0,0.0000,0.1395,732.0700,82.0300
tv15%_lb20d_ovly,Aug 2024–Aug 2026,2026-08-14,1.362221,1.0000,1.0000,1.0000,0.0000,0,-0.0020,0.1333,731.0700,82.0000
tv15%_lb20d_ovly,Aug 2024–Aug 2026,2026-08-17,1.359985,1.0000,1.0000,1.0000,0.0000,0,-0.0067,0.1349,729.8700,82.0000
tv15%_lb20d_ovly,Aug 2024–Aug 2026,2026-08-18,1.336954,1.0000,1.0000,1.0000,0.0000,0,-0.0134,0.1362,717.5100,82.0200
tv15%_lb20d_ovly,Aug 2024–Aug 2026,2026-08-19,1.334290,1.0000,1.0000,1.0000,0.0000,0,-0.0113,0.1359,716.0800,82.0600
tv15%_lb20d_ovly,Aug 2024–Aug 2026,2026-08-20,1.324693,1.0000,1.0000,1.0000,0.0000,0,-0.0196,0.1312,710.9300,82.0200
tv15%_lb20d_ovly,Aug 2024–Aug 2026,2026-08-21,1.329370,1.0000,1.0000,1.0000,0.0000,0,-0.0156,0.1315,713.4400,82.0000
tv15%_lb60d_ovly,2022 bear,2022-01-03,1.000000,0.0000,0.0000,0.0000,0.0000,0,0.0000,0.0000,390.7567,74.2173
tv15%_lb60d_ovly,2022 bear,2022-01-04,1.000585,0.0000,0.0000,0.0000,0.0000,0,0.0000,0.0000,385.6885,74.2608
tv15%_lb60d_ovly,2022 bear,2022-01-05,0.999297,0.0000,0.0000,0.0000,0.0000,0,0.0000,0.0000,373.8396,74.1652
tv15%_lb60d_ovly,2022 bear,2022-01-06,0.998478,0.0000,0.0000,0.0000,0.0000,0,0.0000,0.0000,373.5770,74.1044
tv15%_lb60d_ovly,2022 bear,2022-01-07,0.998244,0.0000,0.0000,0.0000,0.0000,0,0.0000,0.0000,369.5301,74.0870
tv15%_lb60d_ovly,2022 bear,2022-01-10,0.997659,0.0000,0.0000,0.0000,0.0000,0,0.0000,0.0000,369.7733,74.0436
tv15%_lb60d_ovly,2022 bear,2022-01-11,0.998010,0.0000,0.0000,0.0000,0.0000,0,0.0000,0.0000,375.3281,74.0696
tv15%_lb60d_ovly,2022 bear,2022-01-12,0.997659,0.0000,0.0000,0.0000,0.0000,0,0.0000,0.0000,376.8165,74.0436
tv15%_lb60d_ovly,2022 bear,2022-01-13,0.998127,0.0000,0.0000,0.0000,0.0000,0,0.0000,0.0000,367.3900,74.0784
tv15%_lb60d_ovly,2022 bear,2022-01-14,0.996840,0.0000,0.0000,0.0000,0.0000,0,0.0000,0.0000,369.6761,73.9828
tv15%_lb60d_ovly,2022 bear,2022-01-18,0.995318,0.0000,0.0000,0.0000,0.0000,0,0.0000,0.0000,360.4733,73.8699
tv15%_lb60d_ovly,2022 bear,2022-01-19,0.995787,0.0000,0.0000,0.0000,0.0000,0,0.0000,0.0000,356.5141,73.9046
tv15%_lb60d_ovly,2022 bear,2022-01-20,0.995553,0.0000,0.0000,0.0000,0.0000,0,0.0000,0.0000,351.8836,73.8873
tv15%_lb60d_ovly,2022 bear,2022-01-21,0.996372,0.0000,0.0000,0.0000,0.0000,0,0.0000,0.0000,342.1262,73.9481
tv15%_lb60d_ovly,2022 bear,2022-01-24,0.996957,0.0000,0.0000,0.0000,0.0000,0,0.0000,0.0000,343.6924,73.9915
tv15%_lb60d_ovly,2022 bear,2022-01-25,0.996489,0.0000,0.0000,0.0000,0.0000,0,0.0000,0.0000,335.7251,73.9567
tv15%_lb60d_ovly,2022 bear,2022-01-26,0.994733,0.0000,0.0000,0.0000,0.0000,0,0.0000,0.0000,335.1998,73.8265
tv15%_lb60d_ovly,2022 bear,2022-01-27,0.993914,0.0000,0.0000,0.0000,0.0000,0,0.0000,0.0000,331.8242,73.7657
tv15%_lb60d_ovly,2022 bear,2022-01-28,0.994265,0.0000,0.0000,0.0000,0.0000,0,0.0000,0.0000,342.2333,73.7917
tv15%_lb60d_ovly,2022 bear,2022-01-31,0.994265,0.0000,0.0000,0.0000,0.0000,0,-0.0582,0.0000,353.1772,73.7917
tv15%_lb60d_ovly,2022 bear,2022-02-01,0.994183,0.0000,0.0000,0.0000,0.0000,0,-0.0515,0.0000,355.5801,73.7856
tv15%_lb60d_ovly,2022 bear,2022-02-02,0.994417,0.0000,0.0000,0.0000,0.0000,0,-0.0290,0.0000,358.4693,73.8030
tv15%_lb60d_ovly,2022 bear,2022-02-03,0.993597,0.0000,0.0000,0.0000,0.0000,0,-0.0518,0.0000,343.9356,73.7422
tv15%_lb60d_ovly,2022 bear,2022-02-04,0.991607,0.0000,0.0000,0.0000,0.0000,0,-0.0474,0.0000,348.2744,73.5945
tv15%_lb60d_ovly,2022 bear,2022-02-07,0.991842,0.0000,0.0000,0.0000,0.0000,0,-0.0504,0.0000,345.4727,73.6119
tv15%_lb60d_ovly,2022 bear,2022-02-08,0.990788,0.0000,0.0000,0.0000,0.0000,0,-0.0426,0.0000,349.3542,73.5336
tv15%_lb60d_ovly,2022 bear,2022-02-09,0.990671,0.0000,0.0000,0.0000,0.0000,0,-0.0286,0.0000,356.7572,73.5250
tv15%_lb60d_ovly,2022 bear,2022-02-10,0.985637,0.0000,0.0000,0.0000,0.0000,0,-0.0331,0.0000,348.6829,73.1513
tv15%_lb60d_ovly,2022 bear,2022-02-11,0.988681,0.0000,0.0000,0.0000,0.0000,0,-0.0522,0.0000,337.6221,73.3773
tv15%_lb60d_ovly,2022 bear,2022-02-14,0.986573,0.0000,0.0000,0.0000,0.0000,0,-0.0405,0.0000,338.0404,73.2209
tv15%_lb60d_ovly,2022 bear,2022-02-15,0.986924,0.0000,0.0000,0.0000,0.0000,0,-0.0250,0.0000,346.4455,73.2469
tv15%_lb60d_ovly,2022 bear,2022-02-16,0.988213,0.0000,0.0000,0.0000,0.0000,0,-0.0239,0.0000,346.3579,73.3425
tv15%_lb60d_ovly,2022 bear,2022-02-17,0.988798,0.0000,0.0000,0.0000,0.0000,0,-0.0448,0.0000,336.0560,73.3859
tv15%_lb60d_ovly,2022 bear,2022-02-18,0.988915,0.0000,0.0000,0.0000,0.0000,0,-0.0509,0.0000,332.2231,73.3946
tv15%_lb60d_ovly,2022 bear,2022-02-22,0.987978,0.0000,0.0000,0.0000,0.0000,0,-0.0611,0.0000,328.8863,73.3251
tv15%_lb60d_ovly,2022 bear,2022-02-23,0.987393,0.0000,0.0000,0.0000,0.0000,0,-0.0778,0.0000,320.4619,73.2817
tv15%_lb60d_ovly,2022 bear,2022-02-24,0.988213,0.0000,0.0000,0.0000,0.0000,0,-0.0639,0.0000,331.2308,73.3425
tv15%_lb60d_ovly,2022 bear,2022-02-25,0.988213,0.0000,0.0000,0.0000,0.0000,0,-0.0433,0.0000,336.3672,73.3425
tv15%_lb60d_ovly,2022 bear,2022-02-28,0.989969,0.0000,0.0000,0.0000,0.0000,0,-0.0457,0.0000,337.3692,73.4728
tv15%_lb60d_ovly,2022 bear,2022-03-01,0.992252,0.0000,0.0000,0.0000,0.0000,0,-0.0602,0.0000,332.2036,73.6423
tv15%_lb60d_ovly,2022 bear,2022-03-02,0.988973,0.0000,0.0000,0.0000,0.0000,0,-0.0429,0.0000,337.7777,73.3989
tv15%_lb60d_ovly,2022 bear,2022-03-03,0.988973,0.0000,0.0000,0.0000,0.0000,0,-0.0477,0.0000,332.9526,73.3989
tv15%_lb60d_ovly,2022 bear,2022-03-04,0.990027,0.0000,0.0000,0.0000,0.0000,0,-0.0554,0.0000,328.1275,73.4772
tv15%_lb60d_ovly,2022 bear,2022-03-07,0.988739,0.0000,0.0000,0.0000,0.0000,0,-0.0833,0.0000,316.0258,73.3816
tv15%_lb60d_ovly,2022 bear,2022-03-08,0.987450,0.0000,0.0000,0.0000,0.0000,0,-0.0902,0.0000,314.5569,73.2859
tv15%_lb60d_ovly,2022 bear,2022-03-09,0.986865,0.0000,0.0000,0.0000,0.0000,0,-0.0659,0.0000,325.8804,73.2425
tv15%_lb60d_ovly,2022 bear,2022-03-10,0.986045,0.0000,0.0000,0.0000,0.0000,0,-0.0531,0.0000,322.2615,73.1817
tv15%_lb60d_ovly,2022 bear,2022-03-11,0.985694,0.0000,0.0000,0.0000,0.0000,0,-0.0594,0.0000,315.5783,73.1556
tv15%_lb60d_ovly,2022 bear,2022-03-14,0.983118,0.0000,0.0000,0.0000,0.0000,0,-0.0663,0.0000,309.5176,72.9644
tv15%_lb60d_ovly,2022 bear,2022-03-15,0.983469,0.0000,0.0000,0.0000,0.0000,0,-0.0457,0.0000,319.2263,72.9904
tv15%_lb60d_ovly,2022 bear,2022-03-16,0.982532,0.0000,0.0000,0.0000,0.0000,0,-0.0246,0.0000,331.0655,72.9209
tv15%_lb60d_ovly,2022 bear,2022-03-17,0.982181,0.0000,0.0000,0.0000,0.0000,0,0.0000,0.0000,335.0734,72.8949
tv15%_lb60d_ovly,2022 bear,2022-03-18,0.981947,0.0000,0.0000,0.0000,0.0000,0,0.0000,0.0000,341.9316,72.8775
tv15%_lb60d_ovly,2022 bear,2022-03-21,0.978667,0.0000,0.0000,0.0000,0.0000,0,-0.0003,0.0000,340.9810,72.6341
tv15%_lb60d_ovly,2022 bear,2022-03-22,0.977965,0.0000,0.0000,0.0000,0.0000,0,0.0000,0.0000,347.6823,72.5819
tv15%_lb60d_ovly,2022 bear,2022-03-23,0.978784,0.0000,0.0000,0.0000,0.0000,0,-0.0129,0.0000,342.6855,72.6428
tv15%_lb60d_ovly,2022 bear,2022-03-24,0.978550,0.0000,0.0000,0.0000,0.0000,0,0.0000,0.0000,350.3023,72.6254
tv15%_lb60d_ovly,2022 bear,2022-03-25,0.975857,0.0000,0.0000,0.0000,0.0000,0,0.0000,0.0000,350.0102,72.4255
tv15%_lb60d_ovly,2022 bear,2022-03-28,0.974920,0.0000,0.0000,0.0000,0.0000,0,0.0000,0.0000,355.4256,72.3560
tv15%_lb60d_ovly,2022 bear,2022-03-29,0.975388,0.0000,0.0000,0.0000,0.0000,0,0.0000,0.0000,361.5423,72.3907
tv15%_lb60d_ovly,2022 bear,2022-03-30,0.976091,0.0000,0.6937,0.6937,0.0000,0,-0.0062,0.2162,357.5489,72.4429
tv15%_lb60d_ovly,2022 bear,2022-03-31,0.975414,0.6937,0.6869,0.6869,0.0000,0,-0.0215,0.2184,353.1172,72.4429
tv15%_lb60d_ovly,2022 bear,2022-04-01,0.973502,0.6937,0.6975,0.6975,0.0000,0,-0.0187,0.2150,352.4451,72.2916
tv15%_lb60d_ovly,2022 bear,2022-04-04,0.987585,0.6937,0.6950,0.6950,0.0000,0,-0.0103,0.2158,359.7014,72.3350
tv15%_lb60d_ovly,2022 bear,2022-04-05,0.971828,0.6937,0.6906,0.6906,0.0000,0,-0.0228,0.2172,351.7147,72.2047
tv15%_lb60d_ovly,2022 bear,2022-04-06,0.957406,0.6937,0.6878,0.6878,0.0000,0,-0.0326,0.2181,344.0783,72.2568
tv15%_lb60d_ovly,2022 bear,2022-04-07,0.959197,0.6937,0.6897,0.6897,0.0000,0,-0.0277,0.2175,344.8965,72.3090
tv15%_lb60d_ovly,2022 bear,2022-04-08,0.949542,0.6937,0.6900,0.6900,0.0000,0,-0.0303,0.2174,340.0752,72.2220
tv15%_lb60d_ovly,2022 bear,2022-04-11,0.934029,0.6937,0.6869,0.6869,0.0000,0,-0.0469,0.2184,332.0299,72.2394
tv15%_lb60d_ovly,2022 bear,2022-04-12,0.932015,0.6937,0.6867,0.6867,0.0000,0,-0.0504,0.2184,330.6273,72.4220
tv15%_lb60d_ovly,2022 bear,2022-04-13,0.945294,0.6937,0.6914,0.6914,0.0000,0,-0.0395,0.2170,337.3480,72.4568
tv15%_lb60d_ovly,2022 bear,2022-04-14,0.929778,0.6937,0.6900,0.6900,0.0000,0,-0.0515,0.2174,329.6338,72.3263
tv15%_lb60d_ovly,2022 bear,2022-04-18,0.930273,0.6937,0.6936,0.6936,0.0000,0,-0.0511,0.2163,329.8871,72.3263
tv15%_lb60d_ovly,2022 bear,2022-04-19,0.944046,0.6937,0.6980,0.6980,0.0000,0,-0.0358,0.2149,337.2603,72.1612
tv15%_lb60d_ovly,2022 bear,2022-04-20,0.934669,0.6937,0.6985,0.6985,0.0000,0,-0.0365,0.2148,332.3416,72.2047
tv15%_lb60d_ovly,2022 bear,2022-04-21,0.920771,0.6937,0.6960,0.6960,0.0000,0,-0.0509,0.2155,325.4651,72.0829
tv15%_lb60d_ovly,2022 bear,2022-04-22,0.903977,0.6937,0.6727,0.6727,0.0000,0,-0.0769,0.2230,316.9425,72.0655
tv15%_lb60d_ovly,2022 bear,2022-04-25,0.912466,0.6937,0.6723,0.6723,0.0000,0,-0.0716,0.2231,321.0138,72.1785
tv15%_lb60d_ovly,2022 bear,2022-04-26,0.889079,0.6937,0.6664,0.6664,0.0000,0,-0.0985,0.2251,308.8972,72.3090
tv15%_lb60d_ovly,2022 bear,2022-04-27,0.888209,0.6937,0.6763,0.6763,0.0000,0,-0.0903,0.2218,308.5270,72.2742
tv15%_lb60d_ovly,2022 bear,2022-04-28,0.909896,0.6937,0.6589,0.6589,0.0000,0,-0.0635,0.2277,319.4846,72.2220
tv15%_lb60d_ovly,2022 bear,2022-04-29,0.880956,0.6937,0.6285,0.6285,0.0000,0,-0.0981,0.2387,305.1083,72.0829
tv15%_lb60d_ovly,2022 bear,2022-05-02,0.891082,0.6285,0.6392,0.6392,0.0000,0,-0.0926,0.2347,310.2024,72.0777
tv15%_lb60d_ovly,2022 bear,2022-05-03,0.891520,0.6285,0.6393,0.6393,0.0000,0,-0.0768,0.2346,310.5335,72.0429
tv15%_lb60d_ovly,2022 bear,2022-05-04,0.911346,0.6285,0.6169,0.6169,0.0000,0,-0.0439,0.2431,321.0333,72.2343
tv15%_lb60d_ovly,2022 bear,2022-05-05,0.881927,0.6285,0.5927,0.5927,0.0000,0,-0.0779,0.2531,304.8647,72.1125
tv15%_lb60d_ovly,2022 bear,2022-05-06,0.875247,0.6285,0.5975,0.5975,0.0000,0,-0.0809,0.2510,301.2122,72.1038
tv15%_lb60d_ovly,2022 bear,2022-05-09,0.854547,0.6285,0.5843,0.5843,0.0000,0,-0.1053,0.2567,289.4268,72.2865
tv15%_lb60d_ovly,2022 bear,2022-05-10,0.860881,0.6285,1.0000,0.5903,0.5000,0,-0.1032,0.2541,292.9429,72.2430
tv15%_lb60d_ovly,2022 bear,2022-05-11,0.844559,1.0000,1.0000,0.5863,0.5000,0,-0.1175,0.2558,284.2548,72.2517
tv15%_lb60d_ovly,2022 bear,2022-05-12,0.842562,1.0000,1.0000,0.5926,0.5000,0,-0.1184,0.2531,283.5827,72.3560
tv15%_lb60d_ovly,2022 bear,2022-05-13,0.873787,1.0000,0.8303,0.5803,0.2500,0,-0.0973,0.2585,294.0923,72.3300
tv15%_lb60d_ovly,2022 bear,2022-05-16,0.863512,0.8303,1.0000,0.5878,0.5000,0,-0.1010,0.2552,290.6832,72.3735
tv15%_lb60d_ovly,2022 bear,2022-05-17,0.881616,1.0000,0.8295,0.5795,0.2500,0,-0.0818,0.2588,298.2123,72.2169
tv15%_lb60d_ovly,2022 bear,2022-05-18,0.838194,0.8295,1.0000,0.5536,0.5000,0,-0.1055,0.2709,283.5729,72.2517
tv15%_lb60d_ovly,2022 bear,2022-05-19,0.834533,1.0000,0.8077,0.5577,0.2500,0,-0.0923,0.2690,282.0535,72.3560
tv15%_lb60d_ovly,2022 bear,2022-05-20,0.831779,0.8077,0.8121,0.5621,0.2500,0,-0.0919,0.2669,281.1768,72.4083
tv15%_lb60d_ovly,2022 bear,2022-05-23,0.842873,0.8077,0.8145,0.5645,0.2500,0,-0.0749,0.2657,285.8521,72.3735
tv15%_lb60d_ovly,2022 bear,2022-05-24,0.828768,0.8077,0.8139,0.5639,0.2500,0,-0.0820,0.2660,279.7743,72.5388
tv15%_lb60d_ovly,2022 bear,2022-05-25,0.838251,0.8077,0.8154,0.5654,0.2500,0,-0.0739,0.2653,283.6898,72.5910
tv15%_lb60d_ovly,2022 bear,2022-05-26,0.857049,0.8077,0.8143,0.5643,0.2500,0,-0.0554,0.2658,291.5501,72.6084
tv15%_lb60d_ovly,2022 bear,2022-05-27,0.879682,0.8077,0.5540,0.5540,0.0000,0,-0.0322,0.2708,301.0661,72.6258
tv15%_lb60d_ovly,2022 bear,2022-05-31,0.877311,0.5540,0.5545,0.5545,0.0000,0,-0.0376,0.2705,300.2675,72.5127
tv15%_lb60d_ovly,2022 bear,2022-06-01,0.872988,0.5540,0.5680,0.5680,0.0000,0,-0.0454,0.2641,298.0467,72.3777
tv15%_lb60d_ovly,2022 bear,2022-06-02,0.886327,0.5540,0.5628,0.5628,0.0000,0,0.0000,0.2665,306.2089,72.3951
tv15%_lb60d_ovly,2022 bear,2022-06-03,0.873408,0.5540,0.5706,0.5706,0.0000,0,-0.0164,0.2629,298.2415,72.3690
tv15%_lb60d_ovly,2022 bear,2022-06-06,0.874504,0.5540,0.5706,0.5706,0.0000,0,-0.0134,0.2629,299.2350,72.2733
tv15%_lb60d_ovly,2022 bear,2022-06-07,0.878730,0.5540,0.5717,0.5717,0.0000,0,-0.0040,0.2624,301.8161,72.2820
tv15%_lb60d_ovly,2022 bear,2022-06-08,0.874944,0.5540,0.5705,0.5705,0.0000,0,-0.0148,0.2629,299.6442,72.2297
tv15%_lb60d_ovly,2022 bear,2022-06-09,0.861678,0.5540,0.5695,0.5695,0.0000,0,-0.0382,0.2634,291.6182,72.1775
tv15%_lb60d_ovly,2022 bear,2022-06-10,0.843219,0.5540,0.8153,0.5653,0.2500,0,-0.0661,0.2653,281.3327,71.8728
tv15%_lb60d_ovly,2022 bear,2022-06-13,0.819370,0.8153,0.5471,0.5471,0.0000,0,-0.1016,0.2742,268.2517,71.5071
tv15%_lb60d_ovly,2022 bear,2022-06-14,0.820069,0.5471,0.2500,0.5500,0.5000,1,-0.1043,0.2727,268.7388,71.3678
tv15%_lb60d_ovly,2022 bear,2022-06-15,0.832475,0.2500,0.7957,0.5457,0.2500,0,-0.0915,0.2749,275.4497,71.6464
tv15%_lb60d_ovly,2022 bear,2022-06-16,0.824463,0.7957,0.2500,0.5348,0.5000,1,-0.1216,0.2805,264.3363,71.7421
tv15%_lb60d_ovly,2022 bear,2022-06-17,0.831944,0.2500,0.2500,0.5358,0.5000,1,-0.1197,0.2800,267.5504,71.7247
tv15%_lb60d_ovly,2022 bear,2022-06-21,0.836964,0.2500,0.2500,0.5292,0.2500,1,-0.0975,0.2834,274.3007,71.6986
tv15%_lb60d_ovly,2022 bear,2022-06-22,0.838488,0.2500,0.2500,0.5301,0.2500,1,-0.0991,0.2830,273.9005,71.9076
tv15%_lb60d_ovly,2022 bear,2022-06-23,0.842143,0.2500,0.2500,0.5292,0.2500,1,-0.0903,0.2834,277.9797,71.9685
tv15%_lb60d_ovly,2022 bear,2022-06-24,0.849204,0.2500,0.2500,0.5165,0.2500,1,-0.0614,0.2904,287.5043,71.9511
tv15%_lb60d_ovly,2022 bear,2022-06-27,0.846954,0.2500,0.7667,0.5167,0.2500,0,-0.0650,0.2903,285.3965,71.8728
tv15%_lb60d_ovly,2022 bear,2022-06-28,0.839915,0.7667,0.2500,0.5146,0.2500,1,-0.0841,0.2915,276.7013,71.8553
tv15%_lb60d_ovly,2022 bear,2022-06-29,0.840308,0.2500,0.2500,0.5150,0.2500,1,-0.0848,0.2913,276.9550,71.9424
tv15%_lb60d_ovly,2022 bear,2022-06-30,0.838923,0.2500,0.2500,0.5163,0.2500,1,-0.0923,0.2905,273.5199,72.0817
tv15%_lb60d_ovly,2022 bear,2022-07-01,0.842202,0.2500,0.2500,0.5152,0.2500,1,-0.0790,0.2911,275.3253,72.2987
tv15%_lb60d_ovly,2022 bear,2022-07-05,0.845730,0.2500,0.7657,0.5157,0.2500,0,-0.0773,0.2909,280.0388,72.2900
tv15%_lb60d_ovly,2022 bear,2022-07-06,0.844891,0.7657,0.7660,0.5160,0.2500,0,-0.0742,0.2907,281.8345,72.0896
tv15%_lb60d_ovly,2022 bear,2022-07-07,0.858591,0.7657,0.5121,0.5121,0.0000,0,-0.0500,0.2929,287.8654,72.0373
tv15%_lb60d_ovly,2022 bear,2022-07-08,0.858955,0.5121,0.5150,0.5150,0.0000,0,-0.0276,0.2912,288.2265,71.9501
tv15%_lb60d_ovly,2022 bear,2022-07-11,0.849709,0.5121,0.5139,0.5139,0.0000,0,-0.0150,0.2919,282.0687,71.9763
tv15%_lb60d_ovly,2022 bear,2022-07-12,0.845694,0.5121,0.5158,0.5158,0.0000,0,-0.0237,0.2908,279.3362,72.0111
tv15%_lb60d_ovly,2022 bear,2022-07-13,0.844352,0.5121,0.5170,0.5170,0.0000,0,-0.0288,0.2901,278.7604,71.9327
tv15%_lb60d_ovly,2022 bear,2022-07-14,0.845746,0.5121,0.5171,0.5171,0.0000,0,-0.0312,0.2901,279.7559,71.9065
tv15%_lb60d_ovly,2022 bear,2022-07-15,0.853903,0.5121,0.5156,0.5156,0.0000,0,-0.0127,0.2909,284.8304,71.9588
tv15%_lb60d_ovly,2022 bear,2022-07-18,0.849950,0.5121,0.5152,0.5152,0.0000,0,-0.0208,0.2911,282.4200,71.9153
tv15%_lb60d_ovly,2022 bear,2022-07-19,0.862884,0.5121,0.5068,0.5068,0.0000,0,0.0000,0.2960,291.1053,71.8368
tv15%_lb60d_ovly,2022 bear,2022-07-20,0.869840,0.5121,0.5148,0.5148,0.0000,0,0.0000,0.2914,295.7213,71.8281
tv15%_lb60d_ovly,2022 bear,2022-07-21,0.877419,0.5121,0.5138,0.5138,0.0000,0,0.0000,0.2919,299.9663,72.0285
tv15%_lb60d_ovly,2022 bear,2022-07-22,0.870627,0.5121,0.5236,0.5236,0.0000,0,-0.0093,0.2865,294.7063,72.2115
tv15%_lb60d_ovly,2022 bear,2022-07-25,0.867729,0.5121,0.5237,0.5237,0.0000,0,-0.0081,0.2864,293.0278,72.1505
tv15%_lb60d_ovly,2022 bear,2022-07-26,0.858792,0.5121,0.5316,0.5316,0.0000,0,-0.0198,0.2822,287.2701,72.1157
tv15%_lb60d_ovly,2022 bear,2022-07-27,0.878037,0.5121,0.5410,0.5410,0.0000,0,0.0000,0.2772,299.4101,72.2290
tv15%_lb60d_ovly,2022 bear,2022-07-28,0.883364,0.5121,0.5392,0.5392,0.0000,0,0.0000,0.2782,302.3377,72.3858
tv15%_lb60d_ovly,2022 bear,2022-07-29,0.891563,0.5121,0.5363,0.5363,0.0000,0,0.0000,0.2797,307.8514,72.3772
tv15%_lb60d_ovly,2022 bear,2022-08-01,0.891277,0.5121,0.5503,0.5503,0.0000,0,-0.0030,0.2726,307.6660,72.3754
tv15%_lb60d_ovly,2022 bear,2022-08-02,0.888396,0.5121,0.5710,0.5710,0.0000,0,-0.0095,0.2627,306.7487,72.1224
tv15%_lb60d_ovly,2022 bear,2022-08-03,0.900890,0.5710,0.5675,0.5675,0.0000,0,0.0000,0.2643,315.1023,72.1486
tv15%_lb60d_ovly,2022 bear,2022-08-04,0.903810,0.5710,0.5873,0.5873,0.0000,0,-0.0007,0.2554,316.5759,72.2445
tv15%_lb60d_ovly,2022 bear,2022-08-05,0.898002,0.5710,0.5873,0.5873,0.0000,0,-0.0024,0.2554,313.9897,71.9479
tv15%_lb60d_ovly,2022 bear,2022-08-08,0.896719,0.5710,0.5927,0.5927,0.0000,0,-0.0035,0.2531,312.9749,72.0177
tv15%_lb60d_ovly,2022 bear,2022-08-09,0.890550,0.5710,0.5923,0.5923,0.0000,0,-0.0075,0.2533,309.4324,71.9479
tv15%_lb60d_ovly,2022 bear,2022-08-10,0.905114,0.5710,0.5947,0.5947,0.0000,0,0.0000,0.2522,318.0690,72.0177
tv15%_lb60d_ovly,2022 bear,2022-08-11,0.902040,0.5710,0.5952,0.5952,0.0000,0,0.0000,0.2520,316.2635,71.9915
tv15%_lb60d_ovly,2022 bear,2022-08-12,0.912163,0.5710,0.5977,0.5977,0.0000,0,0.0000,0.2510,322.4214,72.0090
tv15%_lb60d_ovly,2022 bear,2022-08-15,0.916704,0.5710,0.6375,0.6375,0.0000,0,0.0000,0.2353,325.0269,72.0700
tv15%_lb60d_ovly,2022 bear,2022-08-16,0.915084,0.6375,0.6390,0.6390,0.0000,0,0.0000,0.2347,324.2658,72.0090
tv15%_lb60d_ovly,2022 bear,2022-08-17,0.908148,0.6375,0.6372,0.6372,0.0000,0,-0.0071,0.2354,320.5672,71.9479
tv15%_lb60d_ovly,2022 bear,2022-08-18,0.910020,0.6375,0.6444,0.6444,0.0000,0,-0.0042,0.2328,321.3382,72.0526
tv15%_lb60d_ovly,2022 bear,2022-08-19,0.898468,0.6375,0.6409,0.6409,0.0000,0,-0.0176,0.2340,315.0730,72.0003
tv15%_lb60d_ovly,2022 bear,2022-08-22,0.882953,0.6375,0.6306,0.6306,0.0000,0,-0.0380,0.2379,306.7780,71.9043
tv15%_lb60d_ovly,2022 bear,2022-08-23,0.882643,0.6375,0.6394,0.6394,0.0000,0,-0.0404,0.2346,306.5242,71.9392
tv15%_lb60d_ovly,2022 bear,2022-08-24,0.883924,0.6375,0.6540,0.6540,0.0000,0,-0.0373,0.2294,307.4124,71.8607
tv15%_lb60d_ovly,2022 bear,2022-08-25,0.894083,0.6375,0.6498,0.6498,0.0000,0,-0.0237,0.2308,312.8479,71.9043
tv15%_lb60d_ovly,2022 bear,2022-08-26,0.870641,0.6375,0.8724,0.6224,0.2500,0,-0.0568,0.2410,300.0249,71.8868
tv15%_lb60d_ovly,2022 bear,2022-08-29,0.864737,0.8724,0.8800,0.6300,0.2500,0,-0.0630,0.2381,297.0679,71.8345
tv15%_lb60d_ovly,2022 bear,2022-08-30,0.856283,0.8724,0.8835,0.6335,0.2500,0,-0.0733,0.2368,293.7597,71.7996
tv15%_lb60d_ovly,2022 bear,2022-08-31,0.851927,0.8724,0.8826,0.6326,0.2500,0,-0.0803,0.2371,292.0519,71.7909
tv15%_lb60d_ovly,2022 bear,2022-09-01,0.852170,0.8724,0.8848,0.6348,0.2500,0,-0.0774,0.2363,292.1789,71.7385
tv15%_lb60d_ovly,2022 bear,2022-09-02,0.841906,0.8724,0.8849,0.6349,0.2500,0,-0.0872,0.2362,288.0508,71.8957
tv15%_lb60d_ovly,2022 bear,2022-09-06,0.836396,0.8724,0.6485,0.6485,0.0000,0,-0.0906,0.2313,285.9819,71.7385
tv15%_lb60d_ovly,2022 bear,2022-09-07,0.851101,0.6485,0.6633,0.6633,0.0000,0,-0.0743,0.2262,291.7592,71.8433
tv15%_lb60d_ovly,2022 bear,2022-09-08,0.853599,0.6485,0.7101,0.7101,0.0000,0,-0.0682,0.2112,293.2718,71.7559
tv15%_lb60d_ovly,2022 bear,2022-09-09,0.865393,0.7101,0.7041,0.7041,0.0000,0,-0.0538,0.2131,299.6833,71.6948
tv15%_lb60d_ovly,2022 bear,2022-09-12,0.872666,0.7101,0.7066,0.7066,0.0000,0,-0.0436,0.2123,303.2454,71.6861
tv15%_lb60d_ovly,2022 bear,2022-09-13,0.837822,0.7101,0.6791,0.6791,0.0000,0,-0.0852,0.2209,286.6163,71.4415
tv15%_lb60d_ovly,2022 bear,2022-09-14,0.842334,0.7101,0.9289,0.6789,0.2500,0,-0.0778,0.2209,288.8900,71.3803
tv15%_lb60d_ovly,2022 bear,2022-09-15,0.831922,0.9289,0.9417,0.6917,0.2500,0,-0.0883,0.2169,284.0790,71.3017
tv15%_lb60d_ovly,2022 bear,2022-09-16,0.827225,0.9289,0.6897,0.6897,0.0000,0,-0.0829,0.2175,282.3420,71.3367
tv15%_lb60d_ovly,2022 bear,2022-09-19,0.832945,0.6897,0.6908,0.6908,0.0000,0,-0.0700,0.2171,284.5406,71.2581
tv15%_lb60d_ovly,2022 bear,2022-09-20,0.828239,0.6897,0.7184,0.7184,0.0000,0,-0.0807,0.2088,282.2725,71.2231
tv15%_lb60d_ovly,2022 bear,2022-09-21,0.817789,0.6897,0.9585,0.7085,0.2500,0,-0.0967,0.2117,277.2180,71.1620
tv15%_lb60d_ovly,2022 bear,2022-09-22,0.810162,0.9585,0.7205,0.7205,0.0000,0,-0.1043,0.2082,273.8062,71.0310
tv15%_lb60d_ovly,2022 bear,2022-09-23,0.797288,0.7205,0.7110,0.7110,0.0000,0,-0.1010,0.2110,269.3482,70.9436
tv15%_lb60d_ovly,2022 bear,2022-09-26,0.794417,0.7205,0.7100,0.7100,0.0000,0,-0.1099,0.2113,268.2336,70.7864
tv15%_lb60d_ovly,2022 bear,2022-09-27,0.794646,0.7205,0.7141,0.7141,0.0000,0,-0.1122,0.2101,268.3413,70.7864
tv15%_lb60d_ovly,2022 bear,2022-09-28,0.806995,0.7205,0.7007,0.7007,0.0000,0,-0.0947,0.2141,273.6791,71.0921
tv15%_lb60d_ovly,2022 bear,2022-09-29,0.789928,0.7205,0.6880,0.6880,0.0000,0,-0.1136,0.2180,265.7896,70.9960
tv15%_lb60d_ovly,2022 bear,2022-09-30,0.780087,0.7205,0.6893,0.6893,0.0000,0,-0.1273,0.2176,261.2827,70.9349
tv15%_lb60d_ovly,2022 bear,2022-10-03,0.793752,0.7205,1.0000,0.6675,0.5000,0,-0.1043,0.2247,267.4124,71.0906
tv15%_lb60d_ovly,2022 bear,2022-10-04,0.811588,1.0000,0.6448,0.6448,0.0000,0,-0.0765,0.2326,275.8202,71.1168
tv15%_lb60d_ovly,2022 bear,2022-10-05,0.810868,0.6448,0.6466,0.6466,0.0000,0,-0.0787,0.2320,275.6735,71.0468
tv15%_lb60d_ovly,2022 bear,2022-10-06,0.806398,0.6448,0.6446,0.6446,0.0000,0,-0.0882,0.2327,273.5032,70.9594
tv15%_lb60d_ovly,2022 bear,2022-10-07,0.786232,0.6448,0.6258,0.6258,0.0000,0,-0.1136,0.2397,263.0815,70.8719
tv15%_lb60d_ovly,2022 bear,2022-10-10,0.781061,0.6448,0.6340,0.6340,0.0000,0,-0.0839,0.2366,260.4517,70.8457
tv15%_lb60d_ovly,2022 bear,2022-10-11,0.774279,0.6448,0.6345,0.6345,0.0000,0,-0.0897,0.2364,256.8736,70.8806
tv15%_lb60d_ovly,2022 bear,2022-10-12,0.774379,0.6448,0.6542,0.6542,0.0000,0,-0.0823,0.2293,256.7856,70.9506
tv15%_lb60d_ovly,2022 bear,2022-10-13,0.785276,0.6448,0.6366,0.6366,0.0000,0,-0.0581,0.2356,262.8078,70.7407
tv15%_lb60d_ovly,2022 bear,2022-10-14,0.769918,0.6448,0.6286,0.6286,0.0000,0,-0.0796,0.2386,254.9085,70.7057
tv15%_lb60d_ovly,2022 bear,2022-10-17,0.786616,0.6448,0.6137,0.6137,0.0000,0,-0.0450,0.2444,263.3259,70.7844
tv15%_lb60d_ovly,2022 bear,2022-10-18,0.790765,0.6448,0.6103,0.6103,0.0000,0,-0.0181,0.2458,265.4084,70.8195
tv15%_lb60d_ovly,2022 bear,2022-10-19,0.788385,0.6448,0.6120,0.6120,0.0000,0,-0.0251,0.2451,264.4405,70.6882
tv15%_lb60d_ovly,2022 bear,2022-10-20,0.785480,0.6448,0.6271,0.6271,0.0000,0,-0.0332,0.2392,263.0913,70.6095
tv15%_lb60d_ovly,2022 bear,2022-10-21,0.798081,0.6448,0.6168,0.6168,0.0000,0,-0.0097,0.2432,269.2603,70.7932
tv15%_lb60d_ovly,2022 bear,2022-10-24,0.803673,0.6448,0.6183,0.6183,0.0000,0,0.0000,0.2426,272.2224,70.7757
tv15%_lb60d_ovly,2022 bear,2022-10-25,0.814674,0.6448,0.6119,0.6119,0.0000,0,0.0000,0.2451,277.8536,70.8457
tv15%_lb60d_ovly,2022 bear,2022-10-26,0.803317,0.6448,0.6117,0.6117,0.0000,0,-0.0075,0.2452,271.7141,70.9069
tv15%_lb60d_ovly,2022 bear,2022-10-27,0.794485,0.6448,0.6175,0.6175,0.0000,0,-0.0128,0.2429,266.7672,71.0556
tv15%_lb60d_ovly,2022 bear,2022-10-28,0.809745,0.6448,0.6043,0.6043,0.0000,0,0.0000,0.2482,274.9305,70.9506
tv15%_lb60d_ovly,2022 bear,2022-10-31,0.803248,0.6448,0.6035,0.6035,0.0000,0,-0.0072,0.2485,271.7336,70.8457
tv15%_lb60d_ovly,2022 bear,2022-11-01,0.797677,0.6448,0.6033,0.6033,0.0000,0,-0.0116,0.2486,268.9571,70.7764
tv15%_lb60d_ovly,2022 bear,2022-11-02,0.779907,0.6448,0.5917,0.5917,0.0000,0,-0.0364,0.2535,259.7381,70.7414
tv15%_lb60d_ovly,2022 bear,2022-11-03,0.769528,0.5917,0.6004,0.6004,0.0000,0,-0.0463,0.2499,254.6641,70.6100
tv15%_lb60d_ovly,2022 bear,2022-11-04,0.777202,0.5917,0.5951,0.5951,0.0000,0,-0.0326,0.2520,258.7604,70.6888
tv15%_lb60d_ovly,2022 bear,2022-11-07,0.781982,0.5917,0.5995,0.5995,0.0000,0,-0.0233,0.2502,261.6053,70.6275
tv15%_lb60d_ovly,2022 bear,2022-11-08,0.785671,0.5917,0.5992,0.5992,0.0000,0,-0.0180,0.2503,263.5117,70.6976
tv15%_lb60d_ovly,2022 bear,2022-11-09,0.775461,0.5917,0.5924,0.5924,0.0000,0,-0.0383,0.2532,257.4308,70.8115
tv15%_lb60d_ovly,2022 bear,2022-11-10,0.811039,0.5917,0.5405,0.5405,0.0000,0,0.0000,0.2775,276.4262,71.1970
tv15%_lb60d_ovly,2022 bear,2022-11-11,0.819758,0.5405,0.5390,0.5390,0.0000,0,0.0000,0.2783,281.5197,71.1795
tv15%_lb60d_ovly,2022 bear,2022-11-14,0.815556,0.5405,0.5405,0.5405,0.0000,0,-0.0085,0.2775,279.0561,71.1182
tv15%_lb60d_ovly,2022 bear,2022-11-15,0.822025,0.5405,0.5454,0.5454,0.0000,0,-0.0001,0.2750,282.9178,71.1882
tv15%_lb60d_ovly,2022 bear,2022-11-16,0.816007,0.5405,0.5447,0.5447,0.0000,0,-0.0077,0.2754,279.0561,71.1970
tv15%_lb60d_ovly,2022 bear,2022-11-17,0.814572,0.5405,0.5449,0.5449,0.0000,0,-0.0107,0.2753,278.4402,71.1094
tv15%_lb60d_ovly,2022 bear,2022-11-18,0.814172,0.5405,0.5478,0.5478,0.0000,0,-0.0062,0.2738,278.4500,71.0305
tv15%_lb60d_ovly,2022 bear,2022-11-21,0.809553,0.5405,0.5664,0.5664,0.0000,0,-0.0098,0.2648,275.5855,71.0130
tv15%_lb60d_ovly,2022 bear,2022-11-22,0.816131,0.5405,0.5640,0.5640,0.0000,0,0.0000,0.2660,279.5547,71.0656
tv15%_lb60d_ovly,2022 bear,2022-11-23,0.820882,0.5405,0.5654,0.5654,0.0000,0,0.0000,0.2653,282.3606,71.1269
tv15%_lb60d_ovly,2022 bear,2022-11-25,0.818009,0.5405,0.5665,0.5665,0.0000,0,-0.0002,0.2648,280.5030,71.1357
tv15%_lb60d_ovly,2022 bear,2022-11-28,0.811614,0.5405,0.5621,0.5621,0.0000,0,-0.0162,0.2668,276.3872,71.1532
tv15%_lb60d_ovly,2022 bear,2022-11-29,0.808156,0.5405,0.5640,0.5640,0.0000,0,-0.0179,0.2659,274.2950,71.1269
tv15%_lb60d_ovly,2022 bear,2022-11-30,0.829167,0.5405,0.5491,0.5491,0.0000,0,0.0000,0.2732,286.7990,71.3372
tv15%_lb60d_ovly,2022 bear,2022-12-01,0.830537,0.5405,0.5537,0.5537,0.0000,0,-0.0007,0.2709,287.1509,71.4908
tv15%_lb60d_ovly,2022 bear,2022-12-02,0.828655,0.5405,0.5543,0.5543,0.0000,0,-0.0019,0.2706,286.0070,71.4733
tv15%_lb60d_ovly,2022 bear,2022-12-05,0.820062,0.5405,0.5528,0.5528,0.0000,0,-0.0198,0.2714,281.2069,71.2713
tv15%_lb60d_ovly,2022 bear,2022-12-06,0.811295,0.5405,0.5516,0.5516,0.0000,0,-0.0340,0.2719,275.3802,71.3503
tv15%_lb60d_ovly,2022 bear,2022-12-07,0.810285,0.5405,0.5855,0.5855,0.0000,0,-0.0356,0.2562,274.2559,71.4996
tv15%_lb60d_ovly,2022 bear,2022-12-08,0.815102,0.5405,0.5846,0.5846,0.0000,0,-0.0281,0.2566,277.5016,71.4294
tv15%_lb60d_ovly,2022 bear,2022-12-09,0.812109,0.5405,0.5861,0.5861,0.0000,0,-0.0353,0.2559,275.7321,71.3942
tv15%_lb60d_ovly,2022 bear,2022-12-12,0.817389,0.5405,0.5836,0.5836,0.0000,0,-0.0214,0.2570,279.1930,71.3503
tv15%_lb60d_ovly,2022 bear,2022-12-13,0.823248,0.5405,0.5837,0.5837,0.0000,0,-0.0140,0.2570,282.1943,71.5611
tv15%_lb60d_ovly,2022 bear,2022-12-14,0.819995,0.5405,0.5855,0.5855,0.0000,0,-0.0203,0.2562,280.1021,71.5698
tv15%_lb60d_ovly,2022 bear,2022-12-15,0.805164,0.5405,0.5797,0.5797,0.0000,0,-0.0443,0.2588,270.6974,71.5795
tv15%_lb60d_ovly,2022 bear,2022-12-16,0.801378,0.5405,0.8283,0.5783,0.2500,0,-0.0556,0.2594,268.1164,71.6499
tv15%_lb60d_ovly,2022 bear,2022-12-19,0.794610,0.8283,0.8325,0.5825,0.2500,0,-0.0636,0.2575,264.3484,71.5619
tv15%_lb60d_ovly,2022 bear,2022-12-20,0.794097,0.8283,0.8346,0.5846,0.2500,0,-0.0623,0.2566,264.1426,71.5619
tv15%_lb60d_ovly,2022 bear,2022-12-21,0.803773,0.8283,0.5812,0.5812,0.0000,0,-0.0483,0.2581,267.9743,71.6323
tv15%_lb60d_ovly,2022 bear,2022-12-22,0.787205,0.5812,0.8334,0.5834,0.2500,0,-0.0618,0.2571,261.4182,71.5883
tv15%_lb60d_ovly,2022 bear,2022-12-23,0.787873,0.8334,0.8421,0.5921,0.2500,0,-0.0564,0.2533,262.0062,71.5532
tv15%_lb60d_ovly,2022 bear,2022-12-27,0.778412,0.8334,0.8472,0.5972,0.2500,0,-0.0602,0.2512,258.3019,71.4564
tv15%_lb60d_ovly,2022 bear,2022-12-28,0.769847,0.8334,0.8566,0.6066,0.2500,0,-0.0718,0.2473,254.8916,71.4564
tv15%_lb60d_ovly,2022 bear,2022-12-29,0.785581,0.8334,0.8698,0.6198,0.2500,0,-0.0544,0.2420,261.1046,71.5091
tv15%_lb60d_ovly,2022 bear,2022-12-30,0.785027,0.8334,0.8698,0.6198,0.2500,0,-0.0558,0.2420,260.9479,71.4212
tv15%_lb60d_ovly,2023–Aug 2024,2023-01-03,1.000000,0.0000,0.0000,0.0000,0.0000,0,0.0000,0.0000,259.1840,71.4827
tv15%_lb60d_ovly,2023–Aug 2024,2023-01-04,1.000985,0.0000,0.0000,0.0000,0.0000,0,0.0000,0.0000,260.4186,71.5531
tv15%_lb60d_ovly,2023–Aug 2024,2023-01-05,0.999631,0.0000,0.0000,0.0000,0.0000,0,0.0000,0.0000,256.3419,71.4564
tv15%_lb60d_ovly,2023–Aug 2024,2023-01-06,1.003447,0.0000,0.0000,0.0000,0.0000,0,0.0000,0.0000,263.4174,71.7291
tv15%_lb60d_ovly,2023–Aug 2024,2023-01-09,1.004431,0.0000,0.0000,0.0000,0.0000,0,0.0000,0.0000,265.1226,71.7995
tv15%_lb60d_ovly,2023–Aug 2024,2023-01-10,1.003570,0.0000,0.0000,0.0000,0.0000,0,0.0000,0.0000,267.3667,71.7379
tv15%_lb60d_ovly,2023–Aug 2024,2023-01-11,1.004431,0.0000,0.0000,0.0000,0.0000,0,0.0000,0.0000,271.9921,71.7995
tv15%_lb60d_ovly,2023–Aug 2024,2023-01-12,1.006647,0.0000,0.0000,0.0000,0.0000,0,0.0000,0.0000,273.4621,71.9579
tv15%_lb60d_ovly,2023–Aug 2024,2023-01-13,1.004923,0.0000,0.0000,0.0000,0.0000,0,0.0000,0.0000,275.3437,71.8347
tv15%_lb60d_ovly,2023–Aug 2024,2023-01-17,1.005539,0.0000,0.0000,0.0000,0.0000,0,0.0000,0.0000,275.9023,71.8787
tv15%_lb60d_ovly,2023–Aug 2024,2023-01-18,1.007755,0.0000,0.0000,0.0000,0.0000,0,0.0000,0.0000,272.3156,72.0371
tv15%_lb60d_ovly,2023–Aug 2024,2023-01-19,1.007509,0.0000,0.0000,0.0000,0.0000,0,0.0000,0.0000,269.6403,72.0195
tv15%_lb60d_ovly,2023–Aug 2024,2023-01-20,1.006647,0.0000,0.0000,0.0000,0.0000,0,0.0000,0.0000,277.0195,71.9579
tv15%_lb60d_ovly,2023–Aug 2024,2023-01-23,1.005662,0.0000,0.0000,0.0000,0.0000,0,0.0000,0.0000,283.1736,71.8875
tv15%_lb60d_ovly,2023–Aug 2024,2023-01-24,1.006031,0.0000,0.0000,0.0000,0.0000,0,0.0000,0.0000,282.5956,71.9139
tv15%_lb60d_ovly,2023–Aug 2024,2023-01-25,1.006647,0.0000,0.0000,0.0000,0.0000,0,0.0000,0.0000,281.9684,71.9579
tv15%_lb60d_ovly,2023–Aug 2024,2023-01-26,1.006031,0.0000,0.0000,0.0000,0.0000,0,0.0000,0.0000,287.4660,71.9139
tv15%_lb60d_ovly,2023–Aug 2024,2023-01-27,1.006031,0.0000,0.0000,0.0000,0.0000,0,0.0000,0.0000,290.3275,71.9139
tv15%_lb60d_ovly,2023–Aug 2024,2023-01-30,1.005047,0.0000,0.0000,0.0000,0.0000,0,0.0000,0.0000,284.4576,71.8435
tv15%_lb60d_ovly,2023–Aug 2024,2023-01-31,1.006893,0.0000,0.0000,0.0000,0.0000,0,0.0000,0.0000,288.7204,71.9755
tv15%_lb60d_ovly,2023–Aug 2024,2023-02-01,1.008644,0.0000,0.0000,0.0000,0.0000,0,0.0000,0.0000,294.8942,72.1006
tv15%_lb60d_ovly,2023–Aug 2024,2023-02-02,1.008768,0.0000,0.0000,0.0000,0.0000,0,0.0000,0.0000,305.4780,72.1095
tv15%_lb60d_ovly,2023–Aug 2024,2023-02-03,1.005068,0.0000,0.0000,0.0000,0.0000,0,-0.0106,0.0000,300.0489,71.8450
tv15%_lb60d_ovly,2023–Aug 2024,2023-02-06,1.002232,0.0000,0.0000,0.0000,0.0000,0,-0.0167,0.0000,297.5108,71.6423
tv15%_lb60d_ovly,2023–Aug 2024,2023-02-07,1.002725,0.0000,0.0000,0.0000,0.0000,0,-0.0038,0.0000,303.6748,71.6775
tv15%_lb60d_ovly,2023–Aug 2024,2023-02-08,1.003095,0.0000,0.0000,0.0000,0.0000,0,-0.0147,0.0000,298.2751,71.7040
tv15%_lb60d_ovly,2023–Aug 2024,2023-02-09,1.002355,0.0000,0.0000,0.0000,0.0000,0,-0.0232,0.0000,295.6390,71.6511
tv15%_lb60d_ovly,2023–Aug 2024,2023-02-10,1.001862,0.0000,0.0000,0.0000,0.0000,0,-0.0210,0.0000,293.6986,71.6158
tv15%_lb60d_ovly,2023–Aug 2024,2023-02-13,1.002108,0.0000,0.0000,0.0000,0.0000,0,-0.0095,0.0000,298.4026,71.6334
tv15%_lb60d_ovly,2023–Aug 2024,2023-02-14,1.000012,0.0000,0.0000,0.0000,0.0000,0,-0.0099,0.0000,300.6075,71.4836
tv15%_lb60d_ovly,2023–Aug 2024,2023-02-15,1.000135,0.0000,0.0000,0.0000,0.0000,0,-0.0067,0.0000,302.9104,71.4924
tv15%_lb60d_ovly,2023–Aug 2024,2023-02-16,1.000259,0.0000,0.0000,0.0000,0.0000,0,-0.0204,0.0000,297.2266,71.5012
tv15%_lb60d_ovly,2023–Aug 2024,2023-02-17,1.001122,0.0000,0.0000,0.0000,0.0000,0,-0.0228,0.0000,295.1294,71.5629
tv15%_lb60d_ovly,2023–Aug 2024,2023-02-21,0.999149,0.0000,0.0000,0.0000,0.0000,0,-0.0424,0.0000,288.1422,71.4219
tv15%_lb60d_ovly,2023–Aug 2024,2023-02-22,0.999642,0.0000,0.0000,0.0000,0.0000,0,-0.0438,0.0000,288.3578,71.4571
tv15%_lb60d_ovly,2023–Aug 2024,2023-02-23,1.000259,0.0000,0.0000,0.0000,0.0000,0,-0.0387,0.0000,290.8763,71.5012
tv15%_lb60d_ovly,2023–Aug 2024,2023-02-24,0.998162,0.0000,0.0000,0.0000,0.0000,0,-0.0489,0.0000,286.0059,71.3513
tv15%_lb60d_ovly,2023–Aug 2024,2023-02-27,0.999025,0.0000,0.0000,0.0000,0.0000,0,-0.0457,0.0000,288.0540,71.4131
tv15%_lb60d_ovly,2023–Aug 2024,2023-02-28,0.998779,0.0000,0.0000,0.0000,0.0000,0,-0.0492,0.0000,287.6816,71.3954
tv15%_lb60d_ovly,2023–Aug 2024,2023-03-01,0.996950,0.0000,0.0000,0.0000,0.0000,0,-0.0529,0.0000,285.3688,71.2647
tv15%_lb60d_ovly,2023–Aug 2024,2023-03-02,0.997321,0.0000,0.0000,0.0000,0.0000,0,-0.0455,0.0000,287.7306,71.2912
tv15%_lb60d_ovly,2023–Aug 2024,2023-03-03,0.997938,0.0000,0.0000,0.0000,0.0000,0,-0.0265,0.0000,293.6790,71.3354
tv15%_lb60d_ovly,2023–Aug 2024,2023-03-06,0.997444,0.0000,0.0000,0.0000,0.0000,0,-0.0258,0.0000,294.0122,71.3000
tv15%_lb60d_ovly,2023–Aug 2024,2023-03-07,0.995343,0.0000,0.0000,0.0000,0.0000,0,-0.0408,0.0000,290.4059,71.1499
tv15%_lb60d_ovly,2023–Aug 2024,2023-03-08,0.994849,0.0000,0.0000,0.0000,0.0000,0,-0.0364,0.0000,291.8563,71.1145
tv15%_lb60d_ovly,2023–Aug 2024,2023-03-09,0.998062,0.0000,0.0000,0.0000,0.0000,0,-0.0542,0.0000,286.7996,71.3442
tv15%_lb60d_ovly,2023–Aug 2024,2023-03-10,1.003499,0.0000,0.0000,0.0000,0.0000,0,-0.0678,0.0000,282.7719,71.7328
tv15%_lb60d_ovly,2023–Aug 2024,2023-03-13,1.013508,0.0000,0.0000,0.0000,0.0000,0,-0.0691,0.0000,284.8690,72.4483
tv15%_lb60d_ovly,2023–Aug 2024,2023-03-14,1.009677,0.0000,0.0000,0.0000,0.0000,0,-0.0537,0.0000,291.4153,72.1745
tv15%_lb60d_ovly,2023–Aug 2024,2023-03-15,1.015609,0.0000,0.0000,0.0000,0.0000,0,-0.0597,0.0000,292.9441,72.5985
tv15%_lb60d_ovly,2023–Aug 2024,2023-03-16,1.011531,0.0000,0.0000,0.0000,0.0000,0,-0.0298,0.0000,300.6663,72.3070
tv15%_lb60d_ovly,2023–Aug 2024,2023-03-17,1.016597,0.0000,0.0000,0.0000,0.0000,0,-0.0388,0.0000,299.2452,72.6691
tv15%_lb60d_ovly,2023–Aug 2024,2023-03-20,1.015362,0.0000,0.0000,0.0000,0.0000,0,-0.0228,0.0000,300.3073,72.5808
tv15%_lb60d_ovly,2023–Aug 2024,2023-03-21,1.011531,0.0000,0.0000,0.0000,0.0000,0,-0.0100,0.0000,304.5964,72.3070
tv15%_lb60d_ovly,2023–Aug 2024,2023-03-22,1.016226,0.0000,0.0000,0.0000,0.0000,0,-0.0269,0.0000,300.4544,72.6426
tv15%_lb60d_ovly,2023–Aug 2024,2023-03-23,1.019192,0.0000,0.0000,0.0000,0.0000,0,-0.0242,0.0000,304.0174,72.8546
tv15%_lb60d_ovly,2023–Aug 2024,2023-03-24,1.019686,0.0000,0.0000,0.0000,0.0000,0,-0.0178,0.0000,305.1363,72.8900
tv15%_lb60d_ovly,2023–Aug 2024,2023-03-27,1.015362,0.0000,0.0000,0.0000,0.0000,0,-0.0160,0.0000,303.0457,72.5808
tv15%_lb60d_ovly,2023–Aug 2024,2023-03-28,1.014249,0.0000,0.0000,0.0000,0.0000,0,-0.0182,0.0000,301.4359,72.5013
tv15%_lb60d_ovly,2023–Aug 2024,2023-03-29,1.013879,0.0000,0.0000,0.0000,0.0000,0,-0.0039,0.0000,306.9324,72.4748
tv15%_lb60d_ovly,2023–Aug 2024,2023-03-30,1.014002,0.0000,0.8884,0.8884,0.0000,0,0.0000,0.1688,309.8376,72.4837
tv15%_lb60d_ovly,2023–Aug 2024,2023-03-31,1.014336,0.8884,0.8803,0.8803,0.0000,0,0.0000,0.1704,314.9904,72.5720
tv15%_lb60d_ovly,2023–Aug 2024,2023-04-03,1.012284,0.8884,0.8906,0.8906,0.0000,0,0.0000,0.1684,314.2248,72.6605
tv15%_lb60d_ovly,2023–Aug 2024,2023-04-04,1.009512,0.8884,0.9200,0.9200,0.0000,0,-0.0055,0.1630,313.1649,72.8287
tv15%_lb60d_ovly,2023–Aug 2024,2023-04-05,1.000808,0.8884,0.9192,0.9192,0.0000,0,-0.0082,0.1632,310.0732,72.9261
tv15%_lb60d_ovly,2023–Aug 2024,2023-04-06,1.006762,0.8884,0.9213,0.9213,0.0000,0,-0.0043,0.1628,312.1637,72.8995
tv15%_lb60d_ovly,2023–Aug 2024,2023-04-10,1.005860,0.8884,0.9319,0.9319,0.0000,0,-0.0033,0.1610,311.9871,72.6428
tv15%_lb60d_ovly,2023–Aug 2024,2023-04-11,1.000112,0.8884,0.9326,0.9326,0.0000,0,-0.0030,0.1608,309.9848,72.6339
tv15%_lb60d_ovly,2023–Aug 2024,2023-04-12,0.992385,0.8884,0.9318,0.9318,0.0000,0,-0.0071,0.1610,307.2464,72.7136
tv15%_lb60d_ovly,2023–Aug 2024,2023-04-13,1.009717,0.8884,0.9203,0.9203,0.0000,0,0.0000,0.1630,313.2630,72.7579
tv15%_lb60d_ovly,2023–Aug 2024,2023-04-14,1.007770,0.8884,0.9409,0.9409,0.0000,0,-0.0024,0.1594,312.6740,72.5897
tv15%_lb60d_ovly,2023–Aug 2024,2023-04-17,1.008311,0.9409,0.9459,0.9459,0.0000,0,0.0000,0.1586,312.9391,72.4835
tv15%_lb60d_ovly,2023–Aug 2024,2023-04-18,1.008356,0.9409,0.9714,0.9714,0.0000,0,0.0000,0.1544,312.9587,72.4658
tv15%_lb60d_ovly,2023–Aug 2024,2023-04-19,1.007859,0.9409,0.9825,0.9825,0.0000,0,-0.0002,0.1527,312.8115,72.4038
tv15%_lb60d_ovly,2023–Aug 2024,2023-04-20,1.000775,0.9409,0.9794,0.9794,0.0000,0,-0.0056,0.1531,310.4265,72.5809
tv15%_lb60d_ovly,2023–Aug 2024,2023-04-21,1.001721,0.9409,0.9794,0.9794,0.0000,0,-0.0049,0.1531,310.7503,72.5366
tv15%_lb60d_ovly,2023–Aug 2024,2023-04-24,0.999822,0.9409,0.9893,0.9893,0.0000,0,-0.0038,0.1516,310.1025,72.6163
tv15%_lb60d_ovly,2023–Aug 2024,2023-04-25,0.982308,0.9409,0.9663,0.9663,0.0000,0,-0.0196,0.1552,304.2529,72.8995
tv15%_lb60d_ovly,2023–Aug 2024,2023-04-26,0.987842,0.9409,0.9789,0.9789,0.0000,0,-0.0238,0.1532,306.0981,72.8110
tv15%_lb60d_ovly,2023–Aug 2024,2023-04-27,1.013000,0.9409,0.9639,0.9639,0.0000,0,-0.0043,0.1556,314.4211,72.6694
tv15%_lb60d_ovly,2023–Aug 2024,2023-04-28,1.019641,0.9409,0.9671,0.9671,0.0000,0,0.0000,0.1551,316.5903,72.7490
tv15%_lb60d_ovly,2023–Aug 2024,2023-05-01,1.018408,0.9409,0.9851,0.9851,0.0000,0,-0.0010,0.1523,316.2271,72.5902
tv15%_lb60d_ovly,2023–Aug 2024,2023-05-02,1.010251,0.9409,0.9839,0.9839,0.0000,0,-0.0122,0.1525,313.4691,72.8298
tv15%_lb60d_ovly,2023–Aug 2024,2023-05-03,1.004176,0.9409,0.9830,0.9830,0.0000,0,-0.0190,0.1526,311.4178,73.0072
tv15%_lb60d_ovly,2023–Aug 2024,2023-05-04,1.000935,0.9409,0.9945,0.9945,0.0000,0,-0.0260,0.1508,310.3186,73.1226
tv15%_lb60d_ovly,2023–Aug 2024,2023-05-05,1.020753,0.9945,0.9744,0.9744,0.0000,0,-0.0079,0.1539,316.9142,72.9451
tv15%_lb60d_ovly,2023–Aug 2024,2023-05-08,1.023259,0.9945,0.9815,0.9815,0.0000,0,-0.0077,0.1528,317.6993,72.8298
tv15%_lb60d_ovly,2023–Aug 2024,2023-05-09,1.016813,0.9945,0.9800,0.9800,0.0000,0,-0.0120,0.1531,315.6873,72.8120
tv15%_lb60d_ovly,2023–Aug 2024,2023-05-10,1.027830,0.9945,0.9902,0.9902,0.0000,0,-0.0074,0.1515,319.1225,72.9895
tv15%_lb60d_ovly,2023–Aug 2024,2023-05-11,1.031166,0.9945,0.9899,0.9899,0.0000,0,-0.0091,0.1515,320.1629,73.0339
tv15%_lb60d_ovly,2023–Aug 2024,2023-05-12,1.027478,0.9945,0.9907,0.9907,0.0000,0,-0.0104,0.1514,319.0145,72.9096
tv15%_lb60d_ovly,2023–Aug 2024,2023-05-15,1.033011,0.9945,1.0000,1.0000,0.0000,0,-0.0070,0.1488,320.7419,72.9185
tv15%_lb60d_ovly,2023–Aug 2024,2023-05-16,1.034168,0.9945,1.0000,1.0000,0.0000,0,-0.0137,0.1494,321.1051,72.8298
tv15%_lb60d_ovly,2023–Aug 2024,2023-05-17,1.046610,0.9945,1.0000,1.0000,0.0000,0,-0.0017,0.1451,324.9918,72.7499
tv15%_lb60d_ovly,2023–Aug 2024,2023-05-18,1.065931,0.9945,1.0000,1.0000,0.0000,0,0.0000,0.1462,331.0280,72.6168
tv15%_lb60d_ovly,2023–Aug 2024,2023-05-19,1.063538,0.9945,1.0000,1.0000,0.0000,0,-0.0015,0.1459,330.2821,72.5636
tv15%_lb60d_ovly,2023–Aug 2024,2023-05-22,1.067087,0.9945,1.0000,1.0000,0.0000,0,-0.0010,0.1439,331.3912,72.5370
tv15%_lb60d_ovly,2023–Aug 2024,2023-05-23,1.053635,0.9945,1.0000,1.0000,0.0000,0,-0.0123,0.1460,327.1903,72.5281
tv15%_lb60d_ovly,2023–Aug 2024,2023-05-24,1.048253,0.9945,1.0000,1.0000,0.0000,0,-0.0194,0.1467,325.5120,72.4393
tv15%_lb60d_ovly,2023–Aug 2024,2023-05-25,1.073606,0.9945,1.0000,1.0000,0.0000,0,-0.0109,0.1473,333.4326,72.2797
tv15%_lb60d_ovly,2023–Aug 2024,2023-05-26,1.100884,0.9945,1.0000,1.0000,0.0000,0,0.0000,0.1486,341.9520,72.2619
tv15%_lb60d_ovly,2023–Aug 2024,2023-05-30,1.105861,0.9945,1.0000,1.0000,0.0000,0,0.0000,0.1453,343.5028,72.4039
tv15%_lb60d_ovly,2023–Aug 2024,2023-05-31,1.099614,0.9945,1.0000,1.0000,0.0000,0,-0.0055,0.1459,341.5496,72.4748
tv15%_lb60d_ovly,2023–Aug 2024,2023-06-01,1.112256,0.9945,1.0000,1.0000,0.0000,0,0.0000,0.1431,345.4952,72.5878
tv15%_lb60d_ovly,2023–Aug 2024,2023-06-02,1.120534,0.9945,1.0000,1.0000,0.0000,0,0.0000,0.1457,348.0863,72.3832
tv15%_lb60d_ovly,2023–Aug 2024,2023-06-05,1.121321,0.9945,1.0000,1.0000,0.0000,0,-0.0019,0.1399,348.3317,72.4010
tv15%_lb60d_ovly,2023–Aug 2024,2023-06-06,1.121129,0.9945,1.0000,1.0000,0.0000,0,0.0000,0.1358,348.2728,72.3655
tv15%_lb60d_ovly,2023–Aug 2024,2023-06-07,1.102210,0.9945,1.0000,1.0000,0.0000,0,-0.0035,0.1361,342.3642,72.3121
tv15%_lb60d_ovly,2023–Aug 2024,2023-06-08,1.115826,0.9945,1.0000,1.0000,0.0000,0,0.0000,0.1330,346.6141,72.4277
tv15%_lb60d_ovly,2023–Aug 2024,2023-06-09,1.120056,0.9945,1.0000,1.0000,0.0000,0,0.0000,0.1319,347.9391,72.2943
tv15%_lb60d_ovly,2023–Aug 2024,2023-06-12,1.138883,0.9945,1.0000,1.0000,0.0000,0,0.0000,0.1288,353.8182,72.3566
tv15%_lb60d_ovly,2023–Aug 2024,2023-06-13,1.147574,0.9945,1.0000,1.0000,0.0000,0,0.0000,0.1261,356.5370,72.2231
tv15%_lb60d_ovly,2023–Aug 2024,2023-06-14,1.155864,0.9945,1.0000,1.0000,0.0000,0,0.0000,0.1251,359.1282,72.1787
tv15%_lb60d_ovly,2023–Aug 2024,2023-06-15,1.169574,0.9945,1.0000,1.0000,0.0000,0,0.0000,0.1248,363.4074,72.3299
tv15%_lb60d_ovly,2023–Aug 2024,2023-06-16,1.162246,0.9945,1.0000,1.0000,0.0000,0,-0.0034,0.1190,361.1206,72.2320
tv15%_lb60d_ovly,2023–Aug 2024,2023-06-20,1.160594,0.9945,1.0000,1.0000,0.0000,0,-0.0086,0.1198,360.6036,72.2587
tv15%_lb60d_ovly,2023–Aug 2024,2023-06-21,1.144865,0.9945,1.0000,1.0000,0.0000,0,-0.0137,0.1203,355.6894,72.2587
tv15%_lb60d_ovly,2023–Aug 2024,2023-06-22,1.158292,0.9945,1.0000,1.0000,0.0000,0,-0.0101,0.1203,359.8861,72.1787
tv15%_lb60d_ovly,2023–Aug 2024,2023-06-23,1.146878,0.9945,1.0000,1.0000,0.0000,0,-0.0176,0.1216,356.3184,72.2409
tv15%_lb60d_ovly,2023–Aug 2024,2023-06-26,1.131593,0.9945,1.0000,1.0000,0.0000,0,-0.0216,0.1191,351.5418,72.2943
tv15%_lb60d_ovly,2023–Aug 2024,2023-06-27,1.150933,0.9945,1.0000,1.0000,0.0000,0,-0.0109,0.1204,357.5863,72.1876
tv15%_lb60d_ovly,2023–Aug 2024,2023-06-28,1.153174,0.9945,1.0000,1.0000,0.0000,0,-0.0104,0.1175,358.2841,72.2676
tv15%_lb60d_ovly,2023–Aug 2024,2023-06-29,1.150862,0.9945,1.0000,1.0000,0.0000,0,-0.0065,0.1175,357.5667,72.0897
tv15%_lb60d_ovly,2023–Aug 2024,2023-06-30,1.168512,0.9945,1.0000,1.0000,0.0000,0,0.0000,0.1186,363.0803,72.1164
tv15%_lb60d_ovly,2023–Aug 2024,2023-07-03,1.171242,0.9945,1.0000,1.0000,0.0000,0,0.0000,0.1183,363.9355,72.0326
tv15%_lb60d_ovly,2023–Aug 2024,2023-07-05,1.171209,0.9945,1.0000,1.0000,0.0000,0,-0.0015,0.1184,363.9256,72.0147
tv15%_lb60d_ovly,2023–Aug 2024,2023-07-06,1.162334,0.9945,1.0000,1.0000,0.0000,0,-0.0093,0.1199,361.1540,71.9702
tv15%_lb60d_ovly,2023–Aug 2024,2023-07-07,1.158503,0.9945,1.0000,1.0000,0.0000,0,-0.0118,0.1201,359.9548,72.0504
tv15%_lb60d_ovly,2023–Aug 2024,2023-07-10,1.158890,0.9945,1.0000,1.0000,0.0000,0,-0.0093,0.1196,360.0728,72.1574
tv15%_lb60d_ovly,2023–Aug 2024,2023-07-11,1.164583,0.9945,1.0000,1.0000,0.0000,0,-0.0030,0.1175,361.8517,72.1485
tv15%_lb60d_ovly,2023–Aug 2024,2023-07-12,1.179230,0.9945,1.0000,1.0000,0.0000,0,0.0000,0.1181,366.4220,72.3625
tv15%_lb60d_ovly,2023–Aug 2024,2023-07-13,1.199160,0.9945,1.0000,1.0000,0.0000,0,0.0000,0.1188,372.6434,72.5676
tv15%_lb60d_ovly,2023–Aug 2024,2023-07-14,1.198891,0.9945,1.0000,1.0000,0.0000,0,-0.0006,0.1188,372.5647,72.3803
tv15%_lb60d_ovly,2023–Aug 2024,2023-07-17,1.210027,0.9945,1.0000,1.0000,0.0000,0,0.0000,0.1189,376.0439,72.4071
tv15%_lb60d_ovly,2023–Aug 2024,2023-07-18,1.219872,0.9945,1.0000,1.0000,0.0000,0,0.0000,0.1186,379.1203,72.4071
tv15%_lb60d_ovly,2023–Aug 2024,2023-07-19,1.219591,0.9945,1.0000,1.0000,0.0000,0,0.0000,0.1186,379.0318,72.4339
tv15%_lb60d_ovly,2023–Aug 2024,2023-07-20,1.191624,0.9945,1.0000,1.0000,0.0000,0,-0.0066,0.1198,370.2944,72.3447
tv15%_lb60d_ovly,2023–Aug 2024,2023-07-21,1.188071,0.9945,1.0000,1.0000,0.0000,0,-0.0066,0.1141,369.1838,72.3536
tv15%_lb60d_ovly,2023–Aug 2024,2023-07-24,1.189950,0.9945,1.0000,1.0000,0.0000,0,-0.0022,0.1135,369.7735,72.2644
tv15%_lb60d_ovly,2023–Aug 2024,2023-07-25,1.197970,0.9945,1.0000,1.0000,0.0000,0,0.0000,0.1074,372.2797,72.2555
tv15%_lb60d_ovly,2023–Aug 2024,2023-07-26,1.194013,0.9945,1.0000,1.0000,0.0000,0,0.0000,0.1065,371.0413,72.3269
tv15%_lb60d_ovly,2023–Aug 2024,2023-07-27,1.191173,0.9945,1.0000,1.0000,0.0000,0,-0.0066,0.1077,370.1568,72.2198
tv15%_lb60d_ovly,2023–Aug 2024,2023-07-28,1.212759,0.9945,1.0000,1.0000,0.0000,0,0.0000,0.1056,376.8990,72.3179
tv15%_lb60d_ovly,2023–Aug 2024,2023-07-31,1.213389,0.9945,1.0000,1.0000,0.0000,0,0.0000,0.1041,377.0956,72.3358
tv15%_lb60d_ovly,2023–Aug 2024,2023-08-01,1.210585,0.9945,1.0000,1.0000,0.0000,0,-0.0029,0.1028,376.2209,72.2750
tv15%_lb60d_ovly,2023–Aug 2024,2023-08-02,1.184169,0.9945,1.0000,1.0000,0.0000,0,-0.0167,0.1023,367.9650,72.3107
tv15%_lb60d_ovly,2023–Aug 2024,2023-08-03,1.182285,0.9945,1.0000,1.0000,0.0000,0,-0.0196,0.1027,367.3754,72.3376
tv15%_lb60d_ovly,2023–Aug 2024,2023-08-04,1.176793,0.9945,1.0000,1.0000,0.0000,0,-0.0240,0.1027,365.6554,72.4806
tv15%_lb60d_ovly,2023–Aug 2024,2023-08-07,1.186704,0.9945,1.0000,1.0000,0.0000,0,-0.0155,0.1036,368.7513,72.5074
tv15%_lb60d_ovly,2023–Aug 2024,2023-08-08,1.176673,0.9945,1.0000,1.0000,0.0000,0,-0.0197,0.1041,365.6160,72.5432
tv15%_lb60d_ovly,2023–Aug 2024,2023-08-09,1.163804,0.9945,1.0000,1.0000,0.0000,0,-0.0263,0.1053,361.5963,72.4985
tv15%_lb60d_ovly,2023–Aug 2024,2023-08-10,1.165940,0.9945,1.0000,1.0000,0.0000,0,-0.0260,0.1052,362.2646,72.4627
tv15%_lb60d_ovly,2023–Aug 2024,2023-08-11,1.158540,0.9945,1.0000,1.0000,0.0000,0,-0.0265,0.1039,359.9548,72.3912
tv15%_lb60d_ovly,2023–Aug 2024,2023-08-14,1.171464,0.9945,1.0000,1.0000,0.0000,0,-0.0211,0.1019,363.9944,72.3286
tv15%_lb60d_ovly,2023–Aug 2024,2023-08-15,1.159105,0.9945,1.0000,1.0000,0.0000,0,-0.0325,0.1039,360.1318,72.3555
tv15%_lb60d_ovly,2023–Aug 2024,2023-08-16,1.146896,0.9945,1.0000,1.0000,0.0000,0,-0.0396,0.1052,356.3184,72.3197
tv15%_lb60d_ovly,2023–Aug 2024,2023-08-17,1.134444,0.9945,1.0000,1.0000,0.0000,0,-0.0470,0.1066,352.4264,72.4001
tv15%_lb60d_ovly,2023–Aug 2024,2023-08-18,1.133031,0.9945,1.0000,1.0000,0.0000,0,-0.0465,0.1036,351.9840,72.4270
tv15%_lb60d_ovly,2023–Aug 2024,2023-08-21,1.151178,0.9945,1.0000,1.0000,0.0000,0,-0.0403,0.1028,357.6551,72.3465
tv15%_lb60d_ovly,2023–Aug 2024,2023-08-22,1.149539,0.9945,1.0000,1.0000,0.0000,0,-0.0429,0.1019,357.1440,72.3107
tv15%_lb60d_ovly,2023–Aug 2024,2023-08-23,1.167577,0.9945,1.0000,1.0000,0.0000,0,-0.0322,0.1011,362.7756,72.4448
tv15%_lb60d_ovly,2023–Aug 2024,2023-08-24,1.142753,0.9945,1.0000,1.0000,0.0000,0,-0.0457,0.1056,355.0211,72.4001
tv15%_lb60d_ovly,2023–Aug 2024,2023-08-25,1.151558,0.9945,1.0000,1.0000,0.0000,0,-0.0389,0.1056,357.7730,72.3555
tv15%_lb60d_ovly,2023–Aug 2024,2023-08-28,1.160182,0.9945,1.0000,1.0000,0.0000,0,-0.0301,0.1047,360.4660,72.4001
tv15%_lb60d_ovly,2023–Aug 2024,2023-08-29,1.185395,0.9945,1.0000,1.0000,0.0000,0,-0.0034,0.1047,368.3385,72.5611
tv15%_lb60d_ovly,2023–Aug 2024,2023-08-30,1.191969,0.9945,1.0000,1.0000,0.0000,0,0.0000,0.1047,370.3927,72.5611
tv15%_lb60d_ovly,2023–Aug 2024,2023-08-31,1.195529,0.9945,1.0000,1.0000,0.0000,0,-0.0015,0.1048,371.5032,72.6326
tv15%_lb60d_ovly,2023–Aug 2024,2023-09-01,1.194268,0.9945,1.0000,1.0000,0.0000,0,0.0000,0.1044,371.1101,72.5931
tv15%_lb60d_ovly,2023–Aug 2024,2023-09-05,1.195769,0.9945,1.0000,1.0000,0.0000,0,-0.0043,0.1044,371.5819,72.5035
tv15%_lb60d_ovly,2023–Aug 2024,2023-09-06,1.185288,0.9945,1.0000,1.0000,0.0000,0,-0.0110,0.1056,368.3090,72.4229
tv15%_lb60d_ovly,2023–Aug 2024,2023-09-07,1.176870,0.9945,1.0000,1.0000,0.0000,0,-0.0141,0.1044,365.6750,72.5573
tv15%_lb60d_ovly,2023–Aug 2024,2023-09-08,1.178503,0.9945,1.0000,1.0000,0.0000,0,-0.0126,0.1036,366.1861,72.5215
tv15%_lb60d_ovly,2023–Aug 2024,2023-09-11,1.192314,0.9945,1.0000,1.0000,0.0000,0,-0.0061,0.1044,370.5008,72.5394
tv15%_lb60d_ovly,2023–Aug 2024,2023-09-12,1.179163,0.9945,1.0000,1.0000,0.0000,0,-0.0115,0.1021,366.3925,72.5035
tv15%_lb60d_ovly,2023–Aug 2024,2023-09-13,1.183635,0.9945,1.0000,1.0000,0.0000,0,-0.0104,0.1019,367.7881,72.5663
tv15%_lb60d_ovly,2023–Aug 2024,2023-09-14,1.193259,0.9945,1.0000,1.0000,0.0000,0,-0.0018,0.1026,370.7957,72.5484
tv15%_lb60d_ovly,2023–Aug 2024,2023-09-15,1.172936,0.9945,1.0000,1.0000,0.0000,0,-0.0139,0.1052,364.4465,72.5125
tv15%_lb60d_ovly,2023–Aug 2024,2023-09-18,1.174152,0.9945,1.0000,1.0000,0.0000,0,-0.0133,0.1050,364.8264,72.5035
tv15%_lb60d_ovly,2023–Aug 2024,2023-09-19,1.171658,0.9945,1.0000,1.0000,0.0000,0,-0.0153,0.1038,364.0488,72.4497
tv15%_lb60d_ovly,2023–Aug 2024,2023-09-20,1.154863,0.9945,1.0000,1.0000,0.0000,0,-0.0244,0.1053,358.8027,72.4050
tv15%_lb60d_ovly,2023–Aug 2024,2023-09-21,1.133821,0.9945,1.0000,1.0000,0.0000,0,-0.0405,0.1086,352.2278,72.4408
tv15%_lb60d_ovly,2023–Aug 2024,2023-09-22,1.133985,0.9945,1.0000,1.0000,0.0000,0,-0.0427,0.1087,352.2771,72.5125
tv15%_lb60d_ovly,2023–Aug 2024,2023-09-25,1.139339,0.9945,1.0000,1.0000,0.0000,0,-0.0386,0.1087,353.9503,72.4856
tv15%_lb60d_ovly,2023–Aug 2024,2023-09-26,1.122325,0.9945,1.0000,1.0000,0.0000,0,-0.0528,0.1099,348.6353,72.4946
tv15%_lb60d_ovly,2023–Aug 2024,2023-09-27,1.124936,0.9945,1.0000,1.0000,0.0000,0,-0.0524,0.1099,349.4522,72.4408
tv15%_lb60d_ovly,2023–Aug 2024,2023-09-28,1.134306,0.9945,1.0000,1.0000,0.0000,0,-0.0469,0.1106,352.3755,72.5663
tv15%_lb60d_ovly,2023–Aug 2024,2023-09-29,1.135125,0.9945,1.0000,1.0000,0.0000,0,-0.0492,0.1096,352.6314,72.5752
tv15%_lb60d_ovly,2023–Aug 2024,2023-10-02,1.144540,0.9945,1.0000,1.0000,0.0000,0,-0.0478,0.1096,355.5744,72.5024
tv15%_lb60d_ovly,2023–Aug 2024,2023-10-03,1.124560,0.9945,1.0000,1.0000,0.0000,0,-0.0606,0.1126,349.3341,72.4485
tv15%_lb60d_ovly,2023–Aug 2024,2023-10-04,1.139793,0.9945,1.0000,1.0000,0.0000,0,-0.0537,0.1129,354.0881,72.6103
tv15%_lb60d_ovly,2023–Aug 2024,2023-10-05,1.136460,0.9945,1.0000,1.0000,0.0000,0,-0.0541,0.1114,353.0447,72.6822
tv15%_lb60d_ovly,2023–Aug 2024,2023-10-06,1.155391,0.9945,1.0000,1.0000,0.0000,0,-0.0429,0.1130,358.9603,72.6193
tv15%_lb60d_ovly,2023–Aug 2024,2023-10-09,1.161270,0.9945,1.0000,1.0000,0.0000,0,-0.0367,0.1139,360.7909,72.8349
tv15%_lb60d_ovly,2023–Aug 2024,2023-10-10,1.167661,0.9945,1.0000,1.0000,0.0000,0,-0.0317,0.1142,362.7890,72.7900
tv15%_lb60d_ovly,2023–Aug 2024,2023-10-11,1.175945,0.9945,1.0000,1.0000,0.0000,0,-0.0278,0.1135,365.3776,72.7720
tv15%_lb60d_ovly,2023–Aug 2024,2023-10-12,1.171873,0.9945,1.0000,1.0000,0.0000,0,-0.0225,0.1139,364.1078,72.6822
tv15%_lb60d_ovly,2023–Aug 2024,2023-10-13,1.157229,0.9945,1.0000,1.0000,0.0000,0,-0.0273,0.1135,359.5311,72.7271
tv15%_lb60d_ovly,2023–Aug 2024,2023-10-16,1.170236,0.9945,1.0000,1.0000,0.0000,0,-0.0151,0.1158,363.5961,72.6822
tv15%_lb60d_ovly,2023–Aug 2024,2023-10-17,1.166410,0.9945,1.0000,1.0000,0.0000,0,-0.0060,0.1154,362.4052,72.5204
tv15%_lb60d_ovly,2023–Aug 2024,2023-10-18,1.151194,0.9945,1.0000,1.0000,0.0000,0,-0.0140,0.1181,357.6511,72.5204
tv15%_lb60d_ovly,2023–Aug 2024,2023-10-19,1.140491,0.9945,1.0000,1.0000,0.0000,0,-0.0227,0.1192,354.3047,72.6193
tv15%_lb60d_ovly,2023–Aug 2024,2023-10-20,1.123581,0.9945,1.0000,1.0000,0.0000,0,-0.0347,0.1209,349.0191,72.7361
tv15%_lb60d_ovly,2023–Aug 2024,2023-10-23,1.126956,0.9945,1.0000,1.0000,0.0000,0,-0.0363,0.1187,350.0723,72.7810
tv15%_lb60d_ovly,2023–Aug 2024,2023-10-24,1.137858,0.9945,1.0000,1.0000,0.0000,0,-0.0291,0.1199,353.4779,72.7631
tv15%_lb60d_ovly,2023–Aug 2024,2023-10-25,1.110155,0.9945,1.0000,1.0000,0.0000,0,-0.0430,0.1229,344.8263,72.6822
tv15%_lb60d_ovly,2023–Aug 2024,2023-10-26,1.089116,0.9945,1.0000,1.0000,0.0000,0,-0.0545,0.1221,338.2513,72.8260
tv15%_lb60d_ovly,2023–Aug 2024,2023-10-27,1.094320,0.9945,1.0000,1.0000,0.0000,0,-0.0588,0.1223,339.8754,72.8709
tv15%_lb60d_ovly,2023–Aug 2024,2023-10-30,1.106577,0.9945,1.0000,1.0000,0.0000,0,-0.0475,0.1251,343.7041,72.8439
tv15%_lb60d_ovly,2023–Aug 2024,2023-10-31,1.111838,0.9945,1.0000,1.0000,0.0000,0,-0.0415,0.1244,345.3478,72.8169
tv15%_lb60d_ovly,2023–Aug 2024,2023-11-01,1.131043,0.9945,1.0000,1.0000,0.0000,0,-0.0313,0.1265,351.3420,72.9792
tv15%_lb60d_ovly,2023–Aug 2024,2023-11-02,1.151462,0.9945,1.0000,1.0000,0.0000,0,-0.0127,0.1323,357.7200,72.9882
tv15%_lb60d_ovly,2023–Aug 2024,2023-11-03,1.164933,0.9945,1.0000,1.0000,0.0000,0,-0.0037,0.1338,361.9228,73.1865
tv15%_lb60d_ovly,2023–Aug 2024,2023-11-06,1.169647,0.9945,1.0000,1.0000,0.0000,0,-0.0014,0.1339,363.3992,73.0513
tv15%_lb60d_ovly,2023–Aug 2024,2023-11-07,1.180647,0.9945,1.0000,1.0000,0.0000,0,0.0000,0.1335,366.8344,73.1054
tv15%_lb60d_ovly,2023–Aug 2024,2023-11-08,1.181402,0.9945,1.0000,1.0000,0.0000,0,0.0000,0.1314,367.0705,73.0873
tv15%_lb60d_ovly,2023–Aug 2024,2023-11-09,1.172351,0.9945,1.0000,1.0000,0.0000,0,-0.0078,0.1315,364.2457,72.9792
tv15%_lb60d_ovly,2023–Aug 2024,2023-11-10,1.198564,0.9945,1.0000,1.0000,0.0000,0,0.0000,0.1344,372.4348,72.9972
tv15%_lb60d_ovly,2023–Aug 2024,2023-11-13,1.194849,0.9945,1.0000,1.0000,0.0000,0,-0.0010,0.1344,371.2733,73.0242
tv15%_lb60d_ovly,2023–Aug 2024,2023-11-14,1.220454,0.9945,1.0000,1.0000,0.0000,0,0.0000,0.1394,379.2655,73.3126
tv15%_lb60d_ovly,2023–Aug 2024,2023-11-15,1.221355,0.9945,1.0000,1.0000,0.0000,0,0.0000,0.1393,379.5510,73.1774
tv15%_lb60d_ovly,2023–Aug 2024,2023-11-16,1.222406,0.9945,1.0000,1.0000,0.0000,0,0.0000,0.1375,379.8758,73.3036
tv15%_lb60d_ovly,2023–Aug 2024,2023-11-17,1.222684,0.9945,1.0000,1.0000,0.0000,0,0.0000,0.1343,379.9643,73.2495
tv15%_lb60d_ovly,2023–Aug 2024,2023-11-20,1.237489,0.9945,1.0000,1.0000,0.0000,0,0.0000,0.1344,384.5903,73.2586
tv15%_lb60d_ovly,2023–Aug 2024,2023-11-21,1.230344,0.9945,1.0000,1.0000,0.0000,0,-0.0022,0.1340,382.3561,73.3036
tv15%_lb60d_ovly,2023–Aug 2024,2023-11-22,1.235352,0.9945,1.0000,1.0000,0.0000,0,0.0000,0.1310,383.9210,73.3126
tv15%_lb60d_ovly,2023–Aug 2024,2023-11-24,1.233615,0.9945,1.0000,1.0000,0.0000,0,0.0000,0.1308,383.3797,73.2586
tv15%_lb60d_ovly,2023–Aug 2024,2023-11-27,1.232553,0.9945,1.0000,1.0000,0.0000,0,-0.0018,0.1308,383.0451,73.3487
tv15%_lb60d_ovly,2023–Aug 2024,2023-11-28,1.235778,0.9945,1.0000,1.0000,0.0000,0,-0.0008,0.1308,384.0490,73.4838
tv15%_lb60d_ovly,2023–Aug 2024,2023-11-29,1.234594,0.9945,1.0000,1.0000,0.0000,0,-0.0015,0.1305,383.6750,73.6281
tv15%_lb60d_ovly,2023–Aug 2024,2023-11-30,1.231503,0.9945,1.0000,1.0000,0.0000,0,0.0000,0.1298,382.7104,73.5830
tv15%_lb60d_ovly,2023–Aug 2024,2023-12-01,1.235019,0.9945,1.0000,1.0000,0.0000,0,0.0000,0.1301,383.8029,73.7972
tv15%_lb60d_ovly,2023–Aug 2024,2023-12-04,1.223607,0.9945,1.0000,1.0000,0.0000,0,-0.0052,0.1306,380.2399,73.6887
tv15%_lb60d_ovly,2023–Aug 2024,2023-12-05,1.226671,0.9945,1.0000,1.0000,0.0000,0,-0.0054,0.1300,381.1947,73.7791
tv15%_lb60d_ovly,2023–Aug 2024,2023-12-06,1.219614,0.9945,1.0000,1.0000,0.0000,0,-0.0095,0.1298,378.9899,73.7611
tv15%_lb60d_ovly,2023–Aug 2024,2023-12-07,1.236566,0.9945,1.0000,1.0000,0.0000,0,-0.0019,0.1306,384.2853,73.8153
tv15%_lb60d_ovly,2023–Aug 2024,2023-12-08,1.242031,0.9945,1.0000,1.0000,0.0000,0,0.0000,0.1298,385.9979,73.6526
tv15%_lb60d_ovly,2023–Aug 2024,2023-12-11,1.252584,0.9945,1.0000,1.0000,0.0000,0,0.0000,0.1273,389.2951,73.6707
tv15%_lb60d_ovly,2023–Aug 2024,2023-12-12,1.262505,0.9945,1.0000,1.0000,0.0000,0,0.0000,0.1275,392.3956,73.6797
tv15%_lb60d_ovly,2023–Aug 2024,2023-12-13,1.278507,0.9945,1.0000,1.0000,0.0000,0,0.0000,0.1301,397.3858,74.0503
tv15%_lb60d_ovly,2023–Aug 2024,2023-12-14,1.277417,0.9945,1.0000,1.0000,0.0000,0,0.0000,0.1284,397.0413,74.1773
tv15%_lb60d_ovly,2023–Aug 2024,2023-12-15,1.283550,0.9945,1.0000,1.0000,0.0000,0,-0.0016,0.1230,398.9606,74.0956
tv15%_lb60d_ovly,2023–Aug 2024,2023-12-18,1.291589,0.9945,1.0000,1.0000,0.0000,0,0.0000,0.1231,401.4735,74.0866
tv15%_lb60d_ovly,2023–Aug 2024,2023-12-19,1.298155,0.9945,1.0000,1.0000,0.0000,0,0.0000,0.1233,403.5248,74.1138
tv15%_lb60d_ovly,2023–Aug 2024,2023-12-20,1.278981,0.9945,1.0000,1.0000,0.0000,0,-0.0139,0.1228,397.5286,74.2135
tv15%_lb60d_ovly,2023–Aug 2024,2023-12-21,1.293787,0.9945,1.0000,1.0000,0.0000,0,-0.0045,0.1238,402.1540,74.2861
tv15%_lb60d_ovly,2023–Aug 2024,2023-12-22,1.295714,0.9945,1.0000,1.0000,0.0000,0,-0.0025,0.1236,402.7556,74.3133
tv15%_lb60d_ovly,2023–Aug 2024,2023-12-26,1.303599,0.9945,1.0000,1.0000,0.0000,0,0.0000,0.1234,405.2212,74.2770
tv15%_lb60d_ovly,2023–Aug 2024,2023-12-27,1.306247,0.9945,1.0000,1.0000,0.0000,0,0.0000,0.1233,406.0461,74.3677
tv15%_lb60d_ovly,2023–Aug 2024,2023-12-28,1.305615,0.9945,1.0000,1.0000,0.0000,0,0.0000,0.1191,405.8488,74.3586
tv15%_lb60d_ovly,2023–Aug 2024,2023-12-29,1.299999,0.9945,1.0000,1.0000,0.0000,0,-0.0029,0.1190,404.0923,74.3949
tv15%_lb60d_ovly,2023–Aug 2024,2024-01-02,1.278113,0.9945,1.0000,1.0000,0.0000,0,-0.0085,0.1200,397.2542,74.3043
tv15%_lb60d_ovly,2023–Aug 2024,2024-01-03,1.264665,0.9945,1.0000,1.0000,0.0000,0,-0.0166,0.1199,393.0506,74.3224
tv15%_lb60d_ovly,2023–Aug 2024,2024-01-04,1.258188,0.9945,1.0000,1.0000,0.0000,0,-0.0197,0.1198,391.0278,74.2770
tv15%_lb60d_ovly,2023–Aug 2024,2024-01-05,1.259671,0.9945,1.0000,1.0000,0.0000,0,-0.0184,0.1196,391.4916,74.2589
tv15%_lb60d_ovly,2023–Aug 2024,2024-01-08,1.285568,0.9945,1.0000,1.0000,0.0000,0,-0.0044,0.1223,399.5829,74.3224
tv15%_lb60d_ovly,2023–Aug 2024,2024-01-09,1.288095,0.9945,1.0000,1.0000,0.0000,0,-0.0059,0.1215,400.3723,74.3405
tv15%_lb60d_ovly,2023–Aug 2024,2024-01-10,1.296777,0.9945,1.0000,1.0000,0.0000,0,-0.0003,0.1210,403.0859,74.3405
tv15%_lb60d_ovly,2023–Aug 2024,2024-01-11,1.299477,0.9945,1.0000,1.0000,0.0000,0,-0.0007,0.1197,403.9246,74.5128
tv15%_lb60d_ovly,2023–Aug 2024,2024-01-12,1.300155,0.9945,1.0000,1.0000,0.0000,0,-0.0000,0.1196,404.1318,74.6669
tv15%_lb60d_ovly,2023–Aug 2024,2024-01-16,1.300017,0.9945,1.0000,1.0000,0.0000,0,-0.0037,0.1160,404.0923,74.5491
tv15%_lb60d_ovly,2023–Aug 2024,2024-01-17,1.292710,0.9945,1.0000,1.0000,0.0000,0,-0.0092,0.1150,401.8130,74.4040
tv15%_lb60d_ovly,2023–Aug 2024,2024-01-18,1.310961,0.9945,1.0000,1.0000,0.0000,0,-0.0004,0.1120,407.5164,74.4402
tv15%_lb60d_ovly,2023–Aug 2024,2024-01-19,1.336810,0.9945,1.0000,1.0000,0.0000,0,0.0000,0.1137,415.5978,74.3858
tv15%_lb60d_ovly,2023–Aug 2024,2024-01-22,1.338550,0.9945,1.0000,1.0000,0.0000,0,0.0000,0.1132,416.1406,74.4221
tv15%_lb60d_ovly,2023–Aug 2024,2024-01-23,1.344073,0.9945,1.0000,1.0000,0.0000,0,0.0000,0.1077,417.8673,74.4130
tv15%_lb60d_ovly,2023–Aug 2024,2024-01-24,1.351486,0.9945,1.0000,1.0000,0.0000,0,0.0000,0.1033,420.1862,74.3768
tv15%_lb60d_ovly,2023–Aug 2024,2024-01-25,1.353141,0.9945,1.0000,1.0000,0.0000,0,0.0000,0.1023,420.6993,74.5128
tv15%_lb60d_ovly,2023–Aug 2024,2024-01-26,1.345120,0.9945,1.0000,1.0000,0.0000,0,-0.0013,0.1010,418.1930,74.4675
tv15%_lb60d_ovly,2023–Aug 2024,2024-01-29,1.358825,0.9945,1.0000,1.0000,0.0000,0,0.0000,0.1013,422.4754,74.5400
tv15%_lb60d_ovly,2023–Aug 2024,2024-01-30,1.349826,0.9945,1.0000,1.0000,0.0000,0,-0.0008,0.1002,419.6632,74.4947
tv15%_lb60d_ovly,2023–Aug 2024,2024-01-31,1.323548,0.9945,1.0000,1.0000,0.0000,0,-0.0171,0.1017,411.4436,74.6307
tv15%_lb60d_ovly,2023–Aug 2024,2024-02-01,1.339058,0.9945,1.0000,1.0000,0.0000,0,-0.0042,0.1031,416.2885,74.7417
tv15%_lb60d_ovly,2023–Aug 2024,2024-02-02,1.361540,0.9945,1.0000,1.0000,0.0000,0,0.0000,0.1046,423.3240,74.5052
tv15%_lb60d_ovly,2023–Aug 2024,2024-02-05,1.359758,0.9945,1.0000,1.0000,0.0000,0,-0.0036,0.1052,422.7715,74.3597
tv15%_lb60d_ovly,2023–Aug 2024,2024-02-06,1.357056,0.9945,1.0000,1.0000,0.0000,0,-0.0007,0.1052,421.9228,74.4779
tv15%_lb60d_ovly,2023–Aug 2024,2024-02-07,1.370940,0.9945,1.0000,1.0000,0.0000,0,0.0000,0.1039,426.2646,74.4506
tv15%_lb60d_ovly,2023–Aug 2024,2024-02-08,1.373463,0.9945,1.0000,1.0000,0.0000,0,0.0000,0.1003,427.0539,74.4324
tv15%_lb60d_ovly,2023–Aug 2024,2024-02-09,1.386905,0.9945,1.0000,1.0000,0.0000,0,0.0000,0.1004,431.2575,74.4051
tv15%_lb60d_ovly,2023–Aug 2024,2024-02-12,1.381509,0.9945,1.0000,1.0000,0.0000,0,-0.0004,0.0941,429.5701,74.4142
tv15%_lb60d_ovly,2023–Aug 2024,2024-02-13,1.360057,0.9945,1.0000,1.0000,0.0000,0,-0.0142,0.0994,422.8701,74.1778
tv15%_lb60d_ovly,2023–Aug 2024,2024-02-14,1.374807,0.9945,1.0000,1.0000,0.0000,0,-0.0052,0.1006,427.4782,74.2869
tv15%_lb60d_ovly,2023–Aug 2024,2024-02-15,1.378885,0.9945,1.0000,1.0000,0.0000,0,0.0000,0.1011,428.7512,74.3597
tv15%_lb60d_ovly,2023–Aug 2024,2024-02-16,1.366442,0.9945,1.0000,1.0000,0.0000,0,-0.0050,0.1014,424.8634,74.2687
tv15%_lb60d_ovly,2023–Aug 2024,2024-02-20,1.356189,0.9945,1.0000,1.0000,0.0000,0,-0.0105,0.1021,421.6564,74.3142
tv15%_lb60d_ovly,2023–Aug 2024,2024-02-21,1.350786,0.9945,1.0000,1.0000,0.0000,0,-0.0096,0.1020,419.9691,74.2505
tv15%_lb60d_ovly,2023–Aug 2024,2024-02-22,1.390111,0.9945,1.0000,1.0000,0.0000,0,0.0000,0.1091,432.2639,74.2414
tv15%_lb60d_ovly,2023–Aug 2024,2024-02-23,1.386044,0.9945,1.0000,1.0000,0.0000,0,0.0000,0.1089,430.9911,74.2778
tv15%_lb60d_ovly,2023–Aug 2024,2024-02-26,1.385313,0.9945,1.0000,1.0000,0.0000,0,-0.0037,0.1095,430.7641,74.2232
tv15%_lb60d_ovly,2023–Aug 2024,2024-02-27,1.388626,0.9945,1.0000,1.0000,0.0000,0,-0.0018,0.1093,431.8001,74.2232
tv15%_lb60d_ovly,2023–Aug 2024,2024-02-28,1.381281,0.9945,1.0000,1.0000,0.0000,0,-0.0031,0.1095,429.5011,74.2960
tv15%_lb60d_ovly,2023–Aug 2024,2024-02-29,1.393057,0.9945,1.0000,1.0000,0.0000,0,0.0000,0.1092,433.1816,74.3415
tv15%_lb60d_ovly,2023–Aug 2024,2024-03-01,1.413931,0.9945,1.0000,1.0000,0.0000,0,0.0000,0.1093,439.7040,74.4874
tv15%_lb60d_ovly,2023–Aug 2024,2024-03-04,1.408906,0.9945,1.0000,1.0000,0.0000,0,-0.0011,0.1094,438.1351,74.4144
tv15%_lb60d_ovly,2023–Aug 2024,2024-03-05,1.383763,0.9945,1.0000,1.0000,0.0000,0,-0.0111,0.1115,430.2707,74.4692
tv15%_lb60d_ovly,2023–Aug 2024,2024-03-06,1.392412,0.9945,1.0000,1.0000,0.0000,0,-0.0060,0.1110,432.9745,74.4874
tv15%_lb60d_ovly,2023–Aug 2024,2024-03-07,1.413438,0.9945,1.0000,1.0000,0.0000,0,0.0000,0.1121,439.5462,74.5786
tv15%_lb60d_ovly,2023–Aug 2024,2024-03-08,1.393152,0.9945,1.0000,1.0000,0.0000,0,-0.0060,0.1132,433.2014,74.6151
tv15%_lb60d_ovly,2023–Aug 2024,2024-03-11,1.388002,0.9945,1.0000,1.0000,0.0000,0,-0.0069,0.1132,431.5929,74.5513
tv15%_lb60d_ovly,2023–Aug 2024,2024-03-12,1.407781,0.9945,1.0000,1.0000,0.0000,0,0.0000,0.1120,437.7799,74.4783
tv15%_lb60d_ovly,2023–Aug 2024,2024-03-13,1.397017,0.9945,1.0000,1.0000,0.0000,0,-0.0016,0.1121,434.4151,74.4418
tv15%_lb60d_ovly,2023–Aug 2024,2024-03-14,1.393508,0.9945,1.0000,1.0000,0.0000,0,-0.0035,0.1122,433.3198,74.3779
tv15%_lb60d_ovly,2023–Aug 2024,2024-03-15,1.377030,0.9945,1.0000,1.0000,0.0000,0,-0.0104,0.1132,428.1690,74.3324
tv15%_lb60d_ovly,2023–Aug 2024,2024-03-18,1.390092,0.9945,1.0000,1.0000,0.0000,0,-0.0045,0.1131,432.2526,74.3415
tv15%_lb60d_ovly,2023–Aug 2024,2024-03-19,1.393542,0.9945,1.0000,1.0000,0.0000,0,0.0000,0.1089,433.3295,74.4053
tv15%_lb60d_ovly,2023–Aug 2024,2024-03-20,1.409986,0.9945,1.0000,1.0000,0.0000,0,0.0000,0.1088,438.4674,74.5239
tv15%_lb60d_ovly,2023–Aug 2024,2024-03-21,1.416622,0.9945,1.0000,1.0000,0.0000,0,0.0000,0.1089,440.5423,74.5239
tv15%_lb60d_ovly,2023–Aug 2024,2024-03-22,1.418239,0.9945,1.0000,1.0000,0.0000,0,-0.0019,0.1090,441.0462,74.5786
tv15%_lb60d_ovly,2023–Aug 2024,2024-03-25,1.413116,0.9945,1.0000,1.0000,0.0000,0,-0.0047,0.1093,439.4456,74.5421
tv15%_lb60d_ovly,2023–Aug 2024,2024-03-26,1.408568,0.9945,1.0000,1.0000,0.0000,0,-0.0065,0.1095,438.0228,74.5604
tv15%_lb60d_ovly,2023–Aug 2024,2024-03-27,1.413348,0.9945,1.0000,1.0000,0.0000,0,0.0000,0.1100,439.5147,74.6425
tv15%_lb60d_ovly,2023–Aug 2024,2024-03-28,1.410752,0.9945,1.0000,1.0000,0.0000,0,-0.0002,0.1091,438.7046,74.5969
tv15%_lb60d_ovly,2023–Aug 2024,2024-04-01,1.413706,0.9945,1.0000,1.0000,0.0000,0,-0.0019,0.1073,439.6334,74.4413
tv15%_lb60d_ovly,2023–Aug 2024,2024-04-02,1.401577,0.9945,1.0000,1.0000,0.0000,0,-0.0083,0.1082,435.8392,74.4779
tv15%_lb60d_ovly,2023–Aug 2024,2024-04-03,1.404711,0.9945,1.0000,1.0000,0.0000,0,-0.0072,0.1082,436.8174,74.5328
tv15%_lb60d_ovly,2023–Aug 2024,2024-04-04,1.383358,0.9945,1.0000,1.0000,0.0000,0,-0.0193,0.1088,430.1381,74.6060
tv15%_lb60d_ovly,2023–Aug 2024,2024-04-05,1.399557,0.9945,1.0000,1.0000,0.0000,0,-0.0091,0.1102,435.2068,74.4870
tv15%_lb60d_ovly,2023–Aug 2024,2024-04-08,1.399961,0.9945,1.0000,1.0000,0.0000,0,-0.0085,0.1099,435.3353,74.4138
tv15%_lb60d_ovly,2023–Aug 2024,2024-04-09,1.405119,0.9945,1.0000,1.0000,0.0000,0,-0.0074,0.1098,436.9458,74.4870
tv15%_lb60d_ovly,2023–Aug 2024,2024-04-10,1.392890,0.9945,1.0000,1.0000,0.0000,0,-0.0173,0.1123,433.1319,74.1851
tv15%_lb60d_ovly,2023–Aug 2024,2024-04-11,1.415019,0.9945,1.0000,1.0000,0.0000,0,-0.0099,0.1126,440.0483,74.2766
tv15%_lb60d_ovly,2023–Aug 2024,2024-04-12,1.392590,0.9945,1.0000,1.0000,0.0000,0,-0.0235,0.1160,433.0331,74.3223
tv15%_lb60d_ovly,2023–Aug 2024,2024-04-15,1.369805,0.9945,1.0000,1.0000,0.0000,0,-0.0358,0.1184,425.9093,74.2949
tv15%_lb60d_ovly,2023–Aug 2024,2024-04-16,1.369927,0.9945,1.0000,1.0000,0.0000,0,-0.0375,0.1162,425.9488,74.2491
tv15%_lb60d_ovly,2023–Aug 2024,2024-04-17,1.353309,0.9945,1.0000,1.0000,0.0000,0,-0.0432,0.1169,420.7516,74.3040
tv15%_lb60d_ovly,2023–Aug 2024,2024-04-18,1.345626,0.9945,1.0000,1.0000,0.0000,0,-0.0452,0.1169,418.3507,74.2674
tv15%_lb60d_ovly,2023–Aug 2024,2024-04-19,1.317942,0.9945,1.0000,1.0000,0.0000,0,-0.0535,0.1185,409.6954,74.2857
tv15%_lb60d_ovly,2023–Aug 2024,2024-04-22,1.331126,0.9945,1.0000,1.0000,0.0000,0,-0.0448,0.1194,413.8155,74.3223
tv15%_lb60d_ovly,2023–Aug 2024,2024-04-23,1.350887,0.9945,1.0000,1.0000,0.0000,0,-0.0335,0.1216,419.9909,74.3864
tv15%_lb60d_ovly,2023–Aug 2024,2024-04-24,1.355436,0.9945,1.0000,1.0000,0.0000,0,-0.0339,0.1207,421.4137,74.3589
tv15%_lb60d_ovly,2023–Aug 2024,2024-04-25,1.348920,0.9945,1.0000,1.0000,0.0000,0,-0.0374,0.1210,419.3783,74.3040
tv15%_lb60d_ovly,2023–Aug 2024,2024-04-26,1.369623,0.9945,1.0000,1.0000,0.0000,0,-0.0266,0.1171,425.8501,74.3223
tv15%_lb60d_ovly,2023–Aug 2024,2024-04-29,1.375157,0.9945,1.0000,1.0000,0.0000,0,-0.0180,0.1145,427.5791,74.3589
tv15%_lb60d_ovly,2023–Aug 2024,2024-04-30,1.349360,0.9945,1.0000,1.0000,0.0000,0,-0.0336,0.1177,419.5166,74.2674
tv15%_lb60d_ovly,2023–Aug 2024,2024-05-01,1.339673,0.9945,1.0000,1.0000,0.0000,0,-0.0365,0.1176,416.4832,74.4161
tv15%_lb60d_ovly,2023–Aug 2024,2024-05-02,1.356688,0.9945,1.0000,1.0000,0.0000,0,-0.0275,0.1189,421.7990,74.5263
tv15%_lb60d_ovly,2023–Aug 2024,2024-05-03,1.383816,0.9945,1.0000,1.0000,0.0000,0,-0.0155,0.1203,430.2765,74.6457
tv15%_lb60d_ovly,2023–Aug 2024,2024-05-06,1.398889,0.9945,1.0000,1.0000,0.0000,0,-0.0053,0.1220,434.9895,74.6365
tv15%_lb60d_ovly,2023–Aug 2024,2024-05-07,1.399111,0.9945,1.0000,1.0000,0.0000,0,-0.0017,0.1215,435.0587,74.6457
tv15%_lb60d_ovly,2023–Aug 2024,2024-05-08,1.398288,0.9945,1.0000,1.0000,0.0000,0,-0.0016,0.1215,434.8017,74.6273
tv15%_lb60d_ovly,2023–Aug 2024,2024-05-09,1.401328,0.9945,1.0000,1.0000,0.0000,0,0.0000,0.1182,435.7502,74.6916
tv15%_lb60d_ovly,2023–Aug 2024,2024-05-10,1.404608,0.9945,1.0000,1.0000,0.0000,0,0.0000,0.1170,436.7779,74.6273
tv15%_lb60d_ovly,2023–Aug 2024,2024-05-13,1.407833,0.9945,1.0000,1.0000,0.0000,0,0.0000,0.1163,437.7856,74.6457
tv15%_lb60d_ovly,2023–Aug 2024,2024-05-14,1.416846,0.9945,1.0000,1.0000,0.0000,0,0.0000,0.1159,440.6016,74.7191
tv15%_lb60d_ovly,2023–Aug 2024,2024-05-15,1.438883,0.9945,1.0000,1.0000,0.0000,0,0.0000,0.1175,447.4883,74.8568
tv15%_lb60d_ovly,2023–Aug 2024,2024-05-16,1.435971,0.9945,1.0000,1.0000,0.0000,0,-0.0021,0.1177,446.5793,74.8018
tv15%_lb60d_ovly,2023–Aug 2024,2024-05-17,1.435271,0.9945,1.0000,1.0000,0.0000,0,-0.0006,0.1105,446.3620,74.7558
tv15%_lb60d_ovly,2023–Aug 2024,2024-05-20,1.445221,0.9945,1.0000,1.0000,0.0000,0,0.0000,0.1105,449.4743,74.7375
tv15%_lb60d_ovly,2023–Aug 2024,2024-05-21,1.448037,0.9945,1.0000,1.0000,0.0000,0,0.0000,0.1102,450.3536,74.7742
tv15%_lb60d_ovly,2023–Aug 2024,2024-05-22,1.447747,0.9945,1.0000,1.0000,0.0000,0,-0.0029,0.1104,450.2647,74.7191
tv15%_lb60d_ovly,2023–Aug 2024,2024-05-23,1.441266,0.9945,1.0000,1.0000,0.0000,0,-0.0102,0.1116,448.2392,74.6824
tv15%_lb60d_ovly,2023–Aug 2024,2024-05-24,1.454823,0.9945,1.0000,1.0000,0.0000,0,-0.0036,0.1121,452.4780,74.7100
tv15%_lb60d_ovly,2023–Aug 2024,2024-05-28,1.460282,0.9945,1.0000,1.0000,0.0000,0,-0.0029,0.1107,454.1873,74.6457
tv15%_lb60d_ovly,2023–Aug 2024,2024-05-29,1.450043,0.9945,1.0000,1.0000,0.0000,0,-0.0099,0.1117,450.9860,74.6181
tv15%_lb60d_ovly,2023–Aug 2024,2024-05-30,1.434603,0.9945,1.0000,1.0000,0.0000,0,-0.0165,0.1106,446.1544,74.7008
tv15%_lb60d_ovly,2023–Aug 2024,2024-05-31,1.431960,0.9945,1.0000,1.0000,0.0000,0,-0.0075,0.1116,445.3245,74.8018
tv15%_lb60d_ovly,2023–Aug 2024,2024-06-03,1.439615,0.9945,1.0000,1.0000,0.0000,0,-0.0067,0.1099,447.7156,74.8865
tv15%_lb60d_ovly,2023–Aug 2024,2024-06-04,1.443540,0.9945,1.0000,1.0000,0.0000,0,-0.0056,0.1091,448.9408,74.9602
tv15%_lb60d_ovly,2023–Aug 2024,2024-06-05,1.472489,0.9945,1.0000,1.0000,0.0000,0,0.0000,0.1114,457.9913,75.0339
tv15%_lb60d_ovly,2023–Aug 2024,2024-06-06,1.471984,0.9945,1.0000,1.0000,0.0000,0,-0.0000,0.1095,457.8332,75.0431
tv15%_lb60d_ovly,2023–Aug 2024,2024-06-07,1.470668,0.9945,1.0000,1.0000,0.0000,0,-0.0012,0.1095,457.4281,74.8497
tv15%_lb60d_ovly,2023–Aug 2024,2024-06-10,1.476577,0.9945,1.0000,1.0000,0.0000,0,0.0000,0.1094,459.2757,74.8589
tv15%_lb60d_ovly,2023–Aug 2024,2024-06-11,1.486663,0.9945,1.0000,1.0000,0.0000,0,0.0000,0.1083,462.4277,74.9418
tv15%_lb60d_ovly,2023–Aug 2024,2024-06-12,1.506038,0.9945,1.0000,1.0000,0.0000,0,0.0000,0.1089,468.4844,75.0431
tv15%_lb60d_ovly,2023–Aug 2024,2024-06-13,1.514170,0.9945,1.0000,1.0000,0.0000,0,0.0000,0.1085,471.0237,75.1628
tv15%_lb60d_ovly,2023–Aug 2024,2024-06-14,1.521973,0.9945,1.0000,1.0000,0.0000,0,0.0000,0.1071,473.4642,75.1721
tv15%_lb60d_ovly,2023–Aug 2024,2024-06-17,1.540505,0.9945,1.0000,1.0000,0.0000,0,0.0000,0.1080,479.2640,75.0984
tv15%_lb60d_ovly,2023–Aug 2024,2024-06-18,1.540991,0.9945,1.0000,1.0000,0.0000,0,0.0000,0.1079,479.4123,75.1997
tv15%_lb60d_ovly,2023–Aug 2024,2024-06-20,1.529175,0.9945,1.0000,1.0000,0.0000,0,-0.0027,0.1079,475.7169,75.1721
tv15%_lb60d_ovly,2023–Aug 2024,2024-06-21,1.525104,0.9945,1.0000,1.0000,0.0000,0,-0.0041,0.1078,474.4424,75.1997
tv15%_lb60d_ovly,2023–Aug 2024,2024-06-24,1.507838,0.9945,1.0000,1.0000,0.0000,0,-0.0073,0.1070,469.0410,75.2089
tv15%_lb60d_ovly,2023–Aug 2024,2024-06-25,1.524987,0.9945,1.0000,1.0000,0.0000,0,-0.0035,0.1072,474.4048,75.2181
tv15%_lb60d_ovly,2023–Aug 2024,2024-06-26,1.528111,0.9945,1.0000,1.0000,0.0000,0,-0.0022,0.1070,475.3845,75.1444
tv15%_lb60d_ovly,2023–Aug 2024,2024-06-27,1.532039,0.9945,1.0000,1.0000,0.0000,0,-0.0007,0.1060,476.6116,75.1997
tv15%_lb60d_ovly,2023–Aug 2024,2024-06-28,1.524132,0.9945,1.0000,1.0000,0.0000,0,-0.0046,0.1065,474.1375,75.2089
tv15%_lb60d_ovly,2023–Aug 2024,2024-07-01,1.533014,0.9945,1.0000,1.0000,0.0000,0,-0.0025,0.1029,476.9184,75.1442
tv15%_lb60d_ovly,2023–Aug 2024,2024-07-02,1.549029,0.9945,1.0000,1.0000,0.0000,0,0.0000,0.1018,481.9259,75.2089
tv15%_lb60d_ovly,2023–Aug 2024,2024-07-03,1.561884,0.9945,1.0000,1.0000,0.0000,0,0.0000,0.1020,485.9437,75.3198
tv15%_lb60d_ovly,2023–Aug 2024,2024-07-05,1.578096,0.9945,1.0000,1.0000,0.0000,0,0.0000,0.1025,491.0106,75.4584
tv15%_lb60d_ovly,2023–Aug 2024,2024-07-08,1.581827,0.9945,1.0000,1.0000,0.0000,0,0.0000,0.0998,492.1784,75.4492
tv15%_lb60d_ovly,2023–Aug 2024,2024-07-09,1.583185,0.9945,1.0000,1.0000,0.0000,0,0.0000,0.0989,492.6039,75.4307
tv15%_lb60d_ovly,2023–Aug 2024,2024-07-10,1.599604,0.9945,1.0000,1.0000,0.0000,0,0.0000,0.0953,497.7400,75.4584
tv15%_lb60d_ovly,2023–Aug 2024,2024-07-11,1.564739,0.9945,1.0000,1.0000,0.0000,0,-0.0086,0.0931,486.8245,75.6340
tv15%_lb60d_ovly,2023–Aug 2024,2024-07-12,1.573893,0.9945,1.0000,1.0000,0.0000,0,-0.0024,0.0933,489.6845,75.7449
tv15%_lb60d_ovly,2023–Aug 2024,2024-07-15,1.578100,0.9945,1.0000,1.0000,0.0000,0,0.0000,0.0919,491.0007,75.7449
tv15%_lb60d_ovly,2023–Aug 2024,2024-07-16,1.578704,0.9945,1.0000,1.0000,0.0000,0,0.0000,0.0919,491.1888,75.7726
tv15%_lb60d_ovly,2023–Aug 2024,2024-07-17,1.532619,0.9945,1.0000,1.0000,0.0000,0,-0.0140,0.0952,476.7700,75.7819
tv15%_lb60d_ovly,2023–Aug 2024,2024-07-18,1.525402,0.9945,1.0000,1.0000,0.0000,0,-0.0216,0.0960,474.5136,75.7449
tv15%_lb60d_ovly,2023–Aug 2024,2024-07-19,1.511952,0.9945,1.0000,1.0000,0.0000,0,-0.0281,0.0952,470.3077,75.7080
tv15%_lb60d_ovly,2023–Aug 2024,2024-07-22,1.534353,0.9945,1.0000,1.0000,0.0000,0,-0.0181,0.0968,477.3143,75.7172
tv15%_lb60d_ovly,2023–Aug 2024,2024-07-23,1.528979,0.9945,1.0000,1.0000,0.0000,0,-0.0196,0.0964,475.6319,75.7542
tv15%_lb60d_ovly,2023–Aug 2024,2024-07-24,1.474441,0.9945,1.0000,1.0000,0.0000,0,-0.0418,0.1074,458.5708,75.7911
tv15%_lb60d_ovly,2023–Aug 2024,2024-07-25,1.458273,0.9945,1.0000,1.0000,0.0000,0,-0.0468,0.1081,453.5139,75.8004
tv15%_lb60d_ovly,2023–Aug 2024,2024-07-26,1.473157,0.9945,1.0000,1.0000,0.0000,0,-0.0362,0.1041,458.1650,75.9020
tv15%_lb60d_ovly,2023–Aug 2024,2024-07-29,1.476100,0.9945,1.0000,1.0000,0.0000,0,-0.0356,0.1037,459.0854,75.9113
tv15%_lb60d_ovly,2023–Aug 2024,2024-07-30,1.455946,0.9945,1.0000,1.0000,0.0000,0,-0.0405,0.1032,452.7815,75.9390
tv15%_lb60d_ovly,2023–Aug 2024,2024-07-31,1.498812,0.9945,1.0000,1.0000,0.0000,0,-0.0249,0.1053,466.1810,76.0961
tv15%_lb60d_ovly,2023–Aug 2024,2024-08-01,1.462724,0.9945,1.0000,1.0000,0.0000,0,-0.0387,0.1083,454.8894,76.2278
tv15%_lb60d_ovly,2023–Aug 2024,2024-08-02,1.428243,0.9945,1.0000,1.0000,0.0000,0,-0.0566,0.1156,444.0927,76.6543
tv15%_lb60d_ovly,2023–Aug 2024,2024-08-05,1.385892,0.9945,1.0000,1.0000,0.0000,0,-0.0841,0.1310,430.8515,76.6357
tv15%_lb60d_ovly,2023–Aug 2024,2024-08-06,1.399052,0.9945,1.0000,1.0000,0.0000,0,-0.0756,0.1318,434.9684,76.5431
tv15%_lb60d_ovly,2023–Aug 2024,2024-08-07,1.383979,0.9945,1.0000,1.0000,0.2500,0,-0.0818,0.1325,430.2577,76.4967
tv15%_lb60d_ovly,2023–Aug 2024,2024-08-08,1.426079,0.9945,1.0000,1.0000,0.2500,0,-0.0606,0.1406,443.4197,76.4596
tv15%_lb60d_ovly,2023–Aug 2024,2024-08-09,1.433487,0.9945,1.0000,1.0000,0.2500,0,-0.0564,0.1406,445.7355,76.4781
tv15%_lb60d_ovly,2023–Aug 2024,2024-08-12,1.436562,0.9945,1.0000,1.0000,0.2500,0,-0.0559,0.1383,446.6954,76.5245
tv15%_lb60d_ovly,2023–Aug 2024,2024-08-13,1.472023,0.9945,1.0000,1.0000,0.0000,0,-0.0268,0.1421,457.7791,76.6450
tv15%_lb60d_ovly,2023–Aug 2024,2024-08-14,1.472496,0.9945,1.0000,1.0000,0.0000,0,-0.0197,0.1422,457.9276,76.6357
tv15%_lb60d_ovly,2023–Aug 2024,2024-08-15,1.509471,0.9945,1.0000,1.0000,0.0000,0,-0.0028,0.1462,469.4962,76.4503
tv15%_lb60d_ovly,2023–Aug 2024,2024-08-16,1.511410,0.9945,1.0000,1.0000,0.0000,0,-0.0006,0.1462,470.0999,76.5338
tv15%_lb60d_ovly,2023–Aug 2024,2024-08-19,1.531152,0.9945,1.0000,1.0000,0.0000,0,0.0000,0.1471,476.2752,76.5152
tv15%_lb60d_ovly,2023–Aug 2024,2024-08-20,1.527969,0.9945,1.0000,1.0000,0.0000,0,-0.0016,0.1462,475.2757,76.6265
tv15%_lb60d_ovly,2023–Aug 2024,2024-08-21,1.535065,0.9945,1.0000,1.0000,0.0000,0,0.0000,0.1458,477.4923,76.7100
tv15%_lb60d_ovly,2023–Aug 2024,2024-08-22,1.510850,0.9945,1.0000,1.0000,0.0000,0,-0.0078,0.1469,469.9218,76.6079
tv15%_lb60d_ovly,2023–Aug 2024,2024-08-23,1.527165,0.9945,1.0000,1.0000,0.0000,0,0.0000,0.1473,475.0184,76.7841
tv15%_lb60d_ovly,2023–Aug 2024,2024-08-26,1.512417,0.9945,1.0000,1.0000,0.0000,0,-0.0024,0.1466,470.4067,76.7470
tv15%_lb60d_ovly,2023–Aug 2024,2024-08-27,1.516915,0.9945,1.0000,1.0000,0.0000,0,-0.0010,0.1457,471.8120,76.7934
tv15%_lb60d_ovly,2023–Aug 2024,2024-08-28,1.499796,0.9945,1.0000,1.0000,0.0000,0,-0.0068,0.1464,466.4581,76.7841
tv15%_lb60d_ovly,2023–Aug 2024,2024-08-29,1.497611,0.9945,1.0000,1.0000,0.0000,0,-0.0067,0.1464,465.7753,76.7748
tv15%_lb60d_ovly,2023–Aug 2024,2024-08-30,1.515363,0.9945,1.0000,1.0000,0.0000,0,0.0000,0.1457,471.3270,76.7748
tv15%_lb60d_ovly,Aug 2024–Aug 2026,2024-08-01,1.000000,0.0000,0.0000,0.0000,0.0000,0,0.0000,0.0000,454.8895,76.2278
tv15%_lb60d_ovly,Aug 2024–Aug 2026,2024-08-02,1.005595,0.0000,0.0000,0.0000,0.0000,0,0.0000,0.0000,444.0927,76.6543
tv15%_lb60d_ovly,Aug 2024–Aug 2026,2024-08-05,1.005352,0.0000,0.0000,0.0000,0.0000,0,0.0000,0.0000,430.8515,76.6358
tv15%_lb60d_ovly,Aug 2024–Aug 2026,2024-08-06,1.004136,0.0000,0.0000,0.0000,0.0000,0,0.0000,0.0000,434.9684,76.5430
tv15%_lb60d_ovly,Aug 2024–Aug 2026,2024-08-07,1.003527,0.0000,0.0000,0.0000,0.0000,0,0.0000,0.0000,430.2577,76.4967
tv15%_lb60d_ovly,Aug 2024–Aug 2026,2024-08-08,1.003041,0.0000,0.0000,0.0000,0.0000,0,0.0000,0.0000,443.4197,76.4596
tv15%_lb60d_ovly,Aug 2024–Aug 2026,2024-08-09,1.003284,0.0000,0.0000,0.0000,0.0000,0,0.0000,0.0000,445.7354,76.4781
tv15%_lb60d_ovly,Aug 2024–Aug 2026,2024-08-12,1.003892,0.0000,0.0000,0.0000,0.0000,0,0.0000,0.0000,446.6953,76.5245
tv15%_lb60d_ovly,Aug 2024–Aug 2026,2024-08-13,1.005473,0.0000,0.0000,0.0000,0.0000,0,0.0000,0.0000,457.7791,76.6450
tv15%_lb60d_ovly,Aug 2024–Aug 2026,2024-08-14,1.005352,0.0000,0.0000,0.0000,0.0000,0,0.0000,0.0000,457.9276,76.6358
tv15%_lb60d_ovly,Aug 2024–Aug 2026,2024-08-15,1.002919,0.0000,0.0000,0.0000,0.0000,0,0.0000,0.0000,469.4962,76.4503
tv15%_lb60d_ovly,Aug 2024–Aug 2026,2024-08-16,1.004014,0.0000,0.0000,0.0000,0.0000,0,0.0000,0.0000,470.0999,76.5338
tv15%_lb60d_ovly,Aug 2024–Aug 2026,2024-08-19,1.003771,0.0000,0.0000,0.0000,0.0000,0,0.0000,0.0000,476.2751,76.5152
tv15%_lb60d_ovly,Aug 2024–Aug 2026,2024-08-20,1.005230,0.0000,0.0000,0.0000,0.0000,0,0.0000,0.0000,475.2756,76.6265
tv15%_lb60d_ovly,Aug 2024–Aug 2026,2024-08-21,1.006325,0.0000,0.0000,0.0000,0.0000,0,0.0000,0.0000,477.4924,76.7099
tv15%_lb60d_ovly,Aug 2024–Aug 2026,2024-08-22,1.004987,0.0000,0.0000,0.0000,0.0000,0,0.0000,0.0000,469.9218,76.6079
tv15%_lb60d_ovly,Aug 2024–Aug 2026,2024-08-23,1.007298,0.0000,0.0000,0.0000,0.0000,0,0.0000,0.0000,475.0183,76.7841
tv15%_lb60d_ovly,Aug 2024–Aug 2026,2024-08-26,1.006811,0.0000,0.0000,0.0000,0.0000,0,0.0000,0.0000,470.4067,76.7470
tv15%_lb60d_ovly,Aug 2024–Aug 2026,2024-08-27,1.007420,0.0000,0.0000,0.0000,0.0000,0,0.0000,0.0000,471.8120,76.7934
tv15%_lb60d_ovly,Aug 2024–Aug 2026,2024-08-28,1.007298,0.0000,0.0000,0.0000,0.0000,0,-0.0068,0.0000,466.4581,76.7841
tv15%_lb60d_ovly,Aug 2024–Aug 2026,2024-08-29,1.007176,0.0000,0.0000,0.0000,0.0000,0,-0.0067,0.0000,465.7753,76.7748
tv15%_lb60d_ovly,Aug 2024–Aug 2026,2024-08-30,1.007176,0.0000,0.0000,0.0000,0.0000,0,0.0000,0.0000,471.3270,76.7748
tv15%_lb60d_ovly,Aug 2024–Aug 2026,2024-09-03,1.008251,0.0000,0.0000,0.0000,0.0000,0,-0.0206,0.0000,457.0171,76.8567
tv15%_lb60d_ovly,Aug 2024–Aug 2026,2024-09-04,1.010448,0.0000,0.0000,0.0000,0.0000,0,-0.0226,0.0000,455.8296,77.0242
tv15%_lb60d_ovly,Aug 2024–Aug 2026,2024-09-05,1.010814,0.0000,0.0000,0.0000,0.0000,0,-0.0250,0.0000,456.2551,77.0521
tv15%_lb60d_ovly,Aug 2024–Aug 2026,2024-09-06,1.012645,0.0000,0.0000,0.0000,0.0000,0,-0.0414,0.0000,444.0333,77.1917
tv15%_lb60d_ovly,Aug 2024–Aug 2026,2024-09-09,1.012767,0.0000,0.0000,0.0000,0.0000,0,-0.0306,0.0000,449.7434,77.2010
tv15%_lb60d_ovly,Aug 2024–Aug 2026,2024-09-10,1.014232,0.0000,0.0000,0.0000,0.0000,0,-0.0264,0.0000,453.8998,77.3126
tv15%_lb60d_ovly,Aug 2024–Aug 2026,2024-09-11,1.013377,0.0000,0.0000,0.0000,0.0000,0,-0.0164,0.0000,463.7564,77.2475
tv15%_lb60d_ovly,Aug 2024–Aug 2026,2024-09-12,1.013499,0.0000,0.0000,0.0000,0.0000,0,-0.0081,0.0000,468.3087,77.2568
tv15%_lb60d_ovly,Aug 2024–Aug 2026,2024-09-13,1.014964,0.0000,0.0000,0.0000,0.0000,0,-0.0030,0.0000,470.4067,77.3685
tv15%_lb60d_ovly,Aug 2024–Aug 2026,2024-09-16,1.015574,0.0000,0.0000,0.0000,0.0000,0,-0.0015,0.0000,468.3284,77.4150
tv15%_lb60d_ovly,Aug 2024–Aug 2026,2024-09-17,1.014842,0.0000,0.0000,0.0000,0.0000,0,-0.0011,0.0000,468.5759,77.3592
tv15%_lb60d_ovly,Aug 2024–Aug 2026,2024-09-18,1.014476,0.0000,0.0000,0.0000,0.0000,0,-0.0040,0.0000,466.5472,77.3312
tv15%_lb60d_ovly,Aug 2024–Aug 2026,2024-09-19,1.015330,0.0000,0.0000,0.0000,0.0000,0,0.0000,0.0000,478.3434,77.3964
tv15%_lb60d_ovly,Aug 2024–Aug 2026,2024-09-20,1.015697,0.0000,0.0000,0.0000,0.0000,0,-0.0017,0.0000,477.4330,77.4243
tv15%_lb60d_ovly,Aug 2024–Aug 2026,2024-09-23,1.015697,0.0000,0.0000,0.0000,0.0000,0,0.0000,0.0000,478.6985,77.4243
tv15%_lb60d_ovly,Aug 2024–Aug 2026,2024-09-24,1.016673,0.0000,0.0000,0.0000,0.0000,0,0.0000,0.0000,481.0076,77.4987
tv15%_lb60d_ovly,Aug 2024–Aug 2026,2024-09-25,1.015819,0.0000,0.0000,0.0000,0.0000,0,-0.0022,0.0000,481.4536,77.4336
tv15%_lb60d_ovly,Aug 2024–Aug 2026,2024-09-26,1.014842,0.0000,0.0000,0.0000,0.0000,0,0.0000,0.0000,485.0707,77.3592
tv15%_lb60d_ovly,Aug 2024–Aug 2026,2024-09-27,1.016429,0.0000,0.0000,0.0000,0.0000,0,-0.0015,0.0000,482.3752,77.4801
tv15%_lb60d_ovly,Aug 2024–Aug 2026,2024-09-30,1.014964,0.0000,0.0000,0.0000,0.0000,0,0.0000,0.0000,483.6833,77.3685
tv15%_lb60d_ovly,Aug 2024–Aug 2026,2024-10-01,1.015613,0.0000,0.0000,0.0000,0.0000,0,-0.0090,0.0000,476.9444,77.4179
tv15%_lb60d_ovly,Aug 2024–Aug 2026,2024-10-02,1.015368,0.0000,0.0000,0.0000,0.0000,0,-0.0085,0.0000,477.6183,77.3993
tv15%_lb60d_ovly,Aug 2024–Aug 2026,2024-10-03,1.014021,0.0000,0.0000,0.0000,0.0000,0,-0.0104,0.0000,477.2615,77.2966
tv15%_lb60d_ovly,Aug 2024–Aug 2026,2024-10-04,1.010592,0.0000,0.0000,0.0000,0.0000,0,-0.0014,0.0000,482.9401,77.0352
tv15%_lb60d_ovly,Aug 2024–Aug 2026,2024-10-07,1.009245,0.0000,0.0000,0.0000,0.0000,0,-0.0104,0.0000,477.7670,76.9325
tv15%_lb60d_ovly,Aug 2024–Aug 2026,2024-10-08,1.010102,0.0000,0.0000,0.0000,0.0000,0,-0.0010,0.0000,484.9023,76.9979
tv15%_lb60d_ovly,Aug 2024–Aug 2026,2024-10-09,1.009122,0.0000,0.0000,0.0000,0.0000,0,0.0000,0.0000,488.7177,76.9232
tv15%_lb60d_ovly,Aug 2024–Aug 2026,2024-10-10,1.009980,0.0000,0.0000,0.0000,0.0000,0,-0.0018,0.0000,488.1627,76.9885
tv15%_lb60d_ovly,Aug 2024–Aug 2026,2024-10-11,1.010837,0.0000,0.0000,0.0000,0.0000,0,0.0000,0.0000,488.9258,77.0539
tv15%_lb60d_ovly,Aug 2024–Aug 2026,2024-10-14,1.010347,0.0000,0.0000,0.0000,0.0000,0,0.0000,0.0000,493.0286,77.0165
tv15%_lb60d_ovly,Aug 2024–Aug 2026,2024-10-15,1.010837,0.0000,0.0000,0.0000,0.0000,0,-0.0078,0.0000,486.4383,77.0539
tv15%_lb60d_ovly,Aug 2024–Aug 2026,2024-10-16,1.011449,0.0000,0.0000,0.0000,0.0000,0,-0.0035,0.0000,486.4978,77.1005
tv15%_lb60d_ovly,Aug 2024–Aug 2026,2024-10-17,1.010592,0.0000,0.0000,0.0000,0.0000,0,-0.0034,0.0000,486.8347,77.0352
tv15%_lb60d_ovly,Aug 2024–Aug 2026,2024-10-18,1.011449,0.0000,0.0000,0.0000,0.0000,0,0.0000,0.0000,490.0258,77.1005
tv15%_lb60d_ovly,Aug 2024–Aug 2026,2024-10-21,1.009980,0.0000,0.0000,0.0000,0.0000,0,-0.0016,0.0000,490.9673,76.9885
tv15%_lb60d_ovly,Aug 2024–Aug 2026,2024-10-22,1.009858,0.0000,0.0000,0.0000,0.0000,0,-0.0022,0.0000,491.5024,76.9792
tv15%_lb60d_ovly,Aug 2024–Aug 2026,2024-10-23,1.009245,0.0000,0.0000,0.0000,0.0000,0,-0.0113,0.0000,483.9707,76.9325
tv15%_lb60d_ovly,Aug 2024–Aug 2026,2024-10-24,1.009735,0.0000,0.0000,0.0000,0.0000,0,-0.0092,0.0000,487.8951,76.9699
tv15%_lb60d_ovly,Aug 2024–Aug 2026,2024-10-25,1.009368,0.0000,1.0000,1.0000,0.0000,0,-0.0095,0.1448,490.8682,76.9419
tv15%_lb60d_ovly,Aug 2024–Aug 2026,2024-10-28,1.007869,1.0000,1.0000,1.0000,0.0000,0,-0.0064,0.1387,490.9474,76.9045
tv15%_lb60d_ovly,Aug 2024–Aug 2026,2024-10-29,1.017553,1.0000,1.0000,1.0000,0.0000,0,-0.0048,0.1227,495.6647,76.9325
tv15%_lb60d_ovly,Aug 2024–Aug 2026,2024-10-30,1.009863,1.0000,1.0000,1.0000,0.0000,0,-0.0078,0.1222,491.9187,76.8672
tv15%_lb60d_ovly,Aug 2024–Aug 2026,2024-10-31,0.984371,1.0000,1.0000,1.0000,0.0000,0,-0.0273,0.1289,479.5013,76.8858
tv15%_lb60d_ovly,Aug 2024–Aug 2026,2024-11-01,0.991654,1.0000,1.0000,1.0000,0.0000,0,-0.0232,0.1212,483.0490,76.8606
tv15%_lb60d_ovly,Aug 2024–Aug 2026,2024-11-04,0.988765,1.0000,1.0000,1.0000,0.0000,0,-0.0253,0.1212,481.6418,76.9167
tv15%_lb60d_ovly,Aug 2024–Aug 2026,2024-11-05,1.001379,1.0000,1.0000,1.0000,0.0000,0,-0.0135,0.1232,487.7861,76.8980
tv15%_lb60d_ovly,Aug 2024–Aug 2026,2024-11-06,1.028579,1.0000,1.0000,1.0000,0.0000,0,0.0000,0.1286,501.0359,76.8043
tv15%_lb60d_ovly,Aug 2024–Aug 2026,2024-11-07,1.044774,1.0000,1.0000,1.0000,0.0000,0,0.0000,0.1291,508.9243,76.9355
tv15%_lb60d_ovly,Aug 2024–Aug 2026,2024-11-08,1.045994,1.0000,1.0000,1.0000,0.0000,0,0.0000,0.1252,509.5190,76.8793
tv15%_lb60d_ovly,Aug 2024–Aug 2026,2024-11-11,1.045384,1.0000,1.0000,1.0000,0.0000,0,0.0000,0.1252,509.2217,76.8231
tv15%_lb60d_ovly,Aug 2024–Aug 2026,2024-11-12,1.043492,1.0000,1.0000,1.0000,0.0000,0,-0.0031,0.1244,508.3000,76.7481
tv15%_lb60d_ovly,Aug 2024–Aug 2026,2024-11-13,1.042149,1.0000,1.0000,1.0000,0.0000,0,-0.0026,0.1242,507.6460,76.8606
tv15%_lb60d_ovly,Aug 2024–Aug 2026,2024-11-14,1.034907,1.0000,1.0000,1.0000,0.0000,0,-0.0090,0.1251,504.1180,76.7481
tv15%_lb60d_ovly,Aug 2024–Aug 2026,2024-11-15,1.010249,1.0000,1.0000,1.0000,0.0000,0,-0.0217,0.1270,492.1069,76.8324
tv15%_lb60d_ovly,Aug 2024–Aug 2026,2024-11-18,1.017268,1.0000,1.0000,1.0000,0.0000,0,-0.0177,0.1256,495.5259,76.8887
tv15%_lb60d_ovly,Aug 2024–Aug 2026,2024-11-19,1.024266,1.0000,1.0000,1.0000,0.0000,0,-0.0141,0.1256,498.9350,76.8887
tv15%_lb60d_ovly,Aug 2024–Aug 2026,2024-11-20,1.023676,1.0000,1.0000,1.0000,0.0000,0,-0.0138,0.1256,498.6476,76.8512
tv15%_lb60d_ovly,Aug 2024–Aug 2026,2024-11-21,1.027359,1.0000,1.0000,1.0000,0.0000,0,-0.0085,0.1251,500.4413,76.8324
tv15%_lb60d_ovly,Aug 2024–Aug 2026,2024-11-22,1.029007,1.0000,1.0000,1.0000,0.0000,0,-0.0054,0.1252,501.2441,76.8231
tv15%_lb60d_ovly,Aug 2024–Aug 2026,2024-11-25,1.030634,1.0000,1.0000,1.0000,0.0000,0,-0.0021,0.1240,502.0369,76.9730
tv15%_lb60d_ovly,Aug 2024–Aug 2026,2024-11-26,1.036168,1.0000,1.0000,1.0000,0.0000,0,0.0000,0.1157,504.7324,76.9730
tv15%_lb60d_ovly,Aug 2024–Aug 2026,2024-11-27,1.028010,1.0000,1.0000,1.0000,0.0000,0,-0.0030,0.1158,500.7584,77.0198
tv15%_lb60d_ovly,Aug 2024–Aug 2026,2024-11-29,1.037043,1.0000,1.0000,1.0000,0.0000,0,0.0000,0.1159,505.1585,77.1135
tv15%_lb60d_ovly,Aug 2024–Aug 2026,2024-12-02,1.048334,1.0000,1.0000,1.0000,0.0000,0,0.0000,0.1093,510.6586,77.1088
tv15%_lb60d_ovly,Aug 2024–Aug 2026,2024-12-03,1.051549,1.0000,1.0000,1.0000,0.0000,0,0.0000,0.1076,512.2245,77.1182
tv15%_lb60d_ovly,Aug 2024–Aug 2026,2024-12-04,1.064549,1.0000,1.0000,1.0000,0.0000,0,0.0000,0.1079,518.5570,77.2028
tv15%_lb60d_ovly,Aug 2024–Aug 2026,2024-12-05,1.061599,1.0000,1.0000,1.0000,0.0000,0,-0.0016,0.1066,517.1201,77.2028
tv15%_lb60d_ovly,Aug 2024–Aug 2026,2024-12-06,1.071100,1.0000,1.0000,1.0000,0.0000,0,0.0000,0.1057,521.7481,77.2779
tv15%_lb60d_ovly,Aug 2024–Aug 2026,2024-12-09,1.062758,1.0000,1.0000,1.0000,0.0000,0,-0.0051,0.1062,517.6849,77.2497
tv15%_lb60d_ovly,Aug 2024–Aug 2026,2024-12-10,1.059137,1.0000,1.0000,1.0000,0.0000,0,-0.0082,0.1066,515.9209,77.2403
tv15%_lb60d_ovly,Aug 2024–Aug 2026,2024-12-11,1.078098,1.0000,1.0000,1.0000,0.0000,0,-0.0006,0.1074,525.1571,77.2215
tv15%_lb60d_ovly,Aug 2024–Aug 2026,2024-12-12,1.071140,1.0000,1.0000,1.0000,0.0000,0,-0.0057,0.1079,521.7679,77.1839
tv15%_lb60d_ovly,Aug 2024–Aug 2026,2024-12-13,1.079339,1.0000,1.0000,1.0000,0.0000,0,-0.0059,0.1029,525.7617,77.1464
tv15%_lb60d_ovly,Aug 2024–Aug 2026,2024-12-16,1.094882,1.0000,1.0000,1.0000,0.0000,0,-0.0017,0.1029,533.3330,77.1557
tv15%_lb60d_ovly,Aug 2024–Aug 2026,2024-12-17,1.090061,1.0000,1.0000,1.0000,0.0000,0,-0.0058,0.1034,530.9844,77.1651
tv15%_lb60d_ovly,Aug 2024–Aug 2026,2024-12-18,1.050735,1.0000,1.0000,1.0000,0.0000,0,-0.0354,0.1216,511.8280,77.0237
tv15%_lb60d_ovly,Aug 2024–Aug 2026,2024-12-19,1.046055,1.0000,1.0000,1.0000,0.0000,0,-0.0357,0.1214,509.5487,77.1086
tv15%_lb60d_ovly,Aug 2024–Aug 2026,2024-12-20,1.055190,1.0000,1.0000,1.0000,0.0000,0,-0.0241,0.1235,513.9984,77.1180
tv15%_lb60d_ovly,Aug 2024–Aug 2026,2024-12-23,1.065470,1.0000,1.0000,1.0000,0.0000,0,-0.0183,0.1239,519.0061,77.0709
tv15%_lb60d_ovly,Aug 2024–Aug 2026,2024-12-24,1.079918,1.0000,1.0000,1.0000,0.0000,0,-0.0074,0.1256,526.0437,77.1086
tv15%_lb60d_ovly,Aug 2024–Aug 2026,2024-12-26,1.079184,1.0000,1.0000,1.0000,0.0000,0,-0.0073,0.1239,525.6863,77.1274
tv15%_lb60d_ovly,Aug 2024–Aug 2026,2024-12-27,1.064839,1.0000,1.0000,1.0000,0.0000,0,-0.0178,0.1261,518.6984,77.1463
tv15%_lb60d_ovly,Aug 2024–Aug 2026,2024-12-30,1.050677,1.0000,1.0000,1.0000,0.0000,0,-0.0290,0.1285,511.7998,77.2595
tv15%_lb60d_ovly,Aug 2024–Aug 2026,2024-12-31,1.041751,1.0000,1.0000,1.0000,0.0000,0,-0.0325,0.1276,507.4521,77.3066
tv15%_lb60d_ovly,Aug 2024–Aug 2026,2025-01-02,1.039714,1.0000,1.0000,1.0000,0.0000,0,-0.0349,0.1262,506.4595,77.2878
tv15%_lb60d_ovly,Aug 2024–Aug 2026,2025-01-03,1.056728,1.0000,1.0000,1.0000,0.0000,0,-0.0228,0.1273,514.7477,77.2878
tv15%_lb60d_ovly,Aug 2024–Aug 2026,2025-01-06,1.068874,1.0000,1.0000,1.0000,0.0000,0,-0.0172,0.1270,520.6638,77.3066
tv15%_lb60d_ovly,Aug 2024–Aug 2026,2025-01-07,1.049800,1.0000,1.0000,1.0000,0.0000,0,-0.0277,0.1293,511.3729,77.2595
tv15%_lb60d_ovly,Aug 2024–Aug 2026,2025-01-08,1.049984,1.0000,1.0000,1.0000,0.0000,0,-0.0263,0.1288,511.4623,77.3066
tv15%_lb60d_ovly,Aug 2024–Aug 2026,2025-01-10,1.033519,1.0000,1.0000,1.0000,0.0000,0,-0.0412,0.1317,503.4420,77.1651
tv15%_lb60d_ovly,Aug 2024–Aug 2026,2025-01-13,1.030197,1.0000,1.0000,1.0000,0.0000,0,-0.0386,0.1307,501.8240,77.1840
tv15%_lb60d_ovly,Aug 2024–Aug 2026,2025-01-14,1.029219,1.0000,1.0000,1.0000,0.0000,0,-0.0373,0.1305,501.3476,77.2029
tv15%_lb60d_ovly,Aug 2024–Aug 2026,2025-01-15,1.052898,1.0000,1.0000,1.0000,0.0000,0,-0.0198,0.1356,512.8817,77.3726
tv15%_lb60d_ovly,Aug 2024–Aug 2026,2025-01-16,1.045521,1.0000,1.0000,1.0000,0.0000,0,-0.0176,0.1355,509.2885,77.4198
tv15%_lb60d_ovly,Aug 2024–Aug 2026,2025-01-17,1.063168,1.0000,1.0000,1.0000,0.0000,0,-0.0063,0.1368,517.8845,77.4009
tv15%_lb60d_ovly,Aug 2024–Aug 2026,2025-01-21,1.069403,1.0000,1.0000,1.0000,0.0000,0,0.0000,0.1380,520.9218,77.4292
tv15%_lb60d_ovly,Aug 2024–Aug 2026,2025-01-22,1.083076,1.0000,1.0000,1.0000,0.0000,0,0.0000,0.1368,527.5822,77.4103
tv15%_lb60d_ovly,Aug 2024–Aug 2026,2025-01-23,1.085379,1.0000,1.0000,1.0000,0.0000,0,0.0000,0.1371,528.7040,77.4103
tv15%_lb60d_ovly,Aug 2024–Aug 2026,2025-01-24,1.079246,1.0000,1.0000,1.0000,0.0000,0,-0.0029,0.1373,525.7162,77.4575
tv15%_lb60d_ovly,Aug 2024–Aug 2026,2025-01-27,1.047824,1.0000,1.0000,1.0000,0.0000,0,-0.0170,0.1407,510.4101,77.5706
tv15%_lb60d_ovly,Aug 2024–Aug 2026,2025-01-28,1.063310,1.0000,1.0000,1.0000,0.0000,0,-0.0086,0.1416,517.9539,77.5895
tv15%_lb60d_ovly,Aug 2024–Aug 2026,2025-01-29,1.061314,1.0000,1.0000,1.0000,0.0000,0,-0.0130,0.1418,516.9812,77.5424
tv15%_lb60d_ovly,Aug 2024–Aug 2026,2025-01-30,1.065837,1.0000,1.0000,1.0000,0.0000,0,-0.0077,0.1355,519.1848,77.5895
tv15%_lb60d_ovly,Aug 2024–Aug 2026,2025-01-31,1.064289,1.0000,1.0000,1.0000,0.0000,0,-0.0130,0.1360,518.4304,77.5989
tv15%_lb60d_ovly,Aug 2024–Aug 2026,2025-02-03,1.055771,1.0000,1.0000,1.0000,0.0000,0,-0.0196,0.1368,514.2812,77.5450
tv15%_lb60d_ovly,Aug 2024–Aug 2026,2025-02-04,1.068731,1.0000,1.0000,1.0000,0.0000,0,-0.0131,0.1353,520.5942,77.6207
tv15%_lb60d_ovly,Aug 2024–Aug 2026,2025-02-05,1.073581,1.0000,1.0000,1.0000,0.0000,0,-0.0091,0.1262,522.9567,77.6680
tv15%_lb60d_ovly,Aug 2024–Aug 2026,2025-02-06,1.079184,1.0000,1.0000,1.0000,0.0000,0,-0.0056,0.1254,525.6863,77.6396
tv15%_lb60d_ovly,Aug 2024–Aug 2026,2025-02-07,1.065572,1.0000,1.0000,1.0000,0.0000,0,-0.0147,0.1266,519.0557,77.5545
tv15%_lb60d_ovly,Aug 2024–Aug 2026,2025-02-10,1.078471,1.0000,1.0000,1.0000,0.0000,0,-0.0080,0.1274,525.3389,77.5923
tv15%_lb60d_ovly,Aug 2024–Aug 2026,2025-02-11,1.075904,1.0000,1.0000,1.0000,0.0000,0,-0.0073,0.1272,524.0883,77.5734
tv15%_lb60d_ovly,Aug 2024–Aug 2026,2025-02-12,1.076535,1.0000,1.0000,1.0000,0.0000,0,-0.0105,0.1274,524.3960,77.4693
tv15%_lb60d_ovly,Aug 2024–Aug 2026,2025-02-13,1.092022,1.0000,1.0000,1.0000,0.0000,0,-0.0000,0.1283,531.9398,77.5734
tv15%_lb60d_ovly,Aug 2024–Aug 2026,2025-02-14,1.096607,1.0000,1.0000,1.0000,0.0000,0,-0.0001,0.1252,534.1732,77.6775
tv15%_lb60d_ovly,Aug 2024–Aug 2026,2025-02-18,1.099093,1.0000,1.0000,1.0000,0.0000,0,0.0000,0.1251,535.3842,77.6112
tv15%_lb60d_ovly,Aug 2024–Aug 2026,2025-02-19,1.099399,1.0000,1.0000,1.0000,0.0000,0,0.0000,0.1250,535.5331,77.6680
tv15%_lb60d_ovly,Aug 2024–Aug 2026,2025-02-20,1.094732,1.0000,1.0000,1.0000,0.0000,0,-0.0042,0.1254,533.2599,77.6775
tv15%_lb60d_ovly,Aug 2024–Aug 2026,2025-02-21,1.072011,1.0000,1.0000,1.0000,0.0000,0,-0.0212,0.1302,522.1923,77.8099
tv15%_lb60d_ovly,Aug 2024–Aug 2026,2025-02-24,1.059357,1.0000,1.0000,1.0000,0.0000,0,-0.0256,0.1305,516.0283,77.8667
tv15%_lb60d_ovly,Aug 2024–Aug 2026,2025-02-25,1.046010,1.0000,1.0000,1.0000,0.0000,0,-0.0305,0.1307,509.5267,77.9708
tv15%_lb60d_ovly,Aug 2024–Aug 2026,2025-02-26,1.048537,1.0000,1.0000,1.0000,0.0000,0,-0.0300,0.1302,510.7575,77.9992
tv15%_lb60d_ovly,Aug 2024–Aug 2026,2025-02-27,1.019418,1.0000,1.0000,1.0000,0.0000,0,-0.0455,0.1342,496.5731,78.0275
tv15%_lb60d_ovly,Aug 2024–Aug 2026,2025-02-28,1.035516,1.0000,1.0000,1.0000,0.0000,0,-0.0306,0.1374,504.4147,78.1695
tv15%_lb60d_ovly,Aug 2024–Aug 2026,2025-03-03,1.012856,1.0000,1.0000,1.0000,0.0000,0,-0.0476,0.1419,493.3769,78.2197
tv15%_lb60d_ovly,Aug 2024–Aug 2026,2025-03-04,1.009800,1.0000,1.0000,1.0000,0.0000,0,-0.0588,0.1438,491.8880,78.2292
tv15%_lb60d_ovly,Aug 2024–Aug 2026,2025-03-05,1.022963,1.0000,1.0000,1.0000,0.0000,0,-0.0487,0.1450,498.3003,78.1438
tv15%_lb60d_ovly,Aug 2024–Aug 2026,2025-03-06,0.994822,1.0000,1.0000,1.0000,0.0000,0,-0.0656,0.1493,484.5923,78.1913
tv15%_lb60d_ovly,Aug 2024–Aug 2026,2025-03-07,1.002138,1.0000,1.0000,1.0000,0.2500,0,-0.0604,0.1498,488.1558,78.1818
tv15%_lb60d_ovly,Aug 2024–Aug 2026,2025-03-10,0.963299,1.0000,0.9441,0.9441,0.0000,0,-0.0854,0.1589,469.2367,78.3241
tv15%_lb60d_ovly,Aug 2024–Aug 2026,2025-03-11,0.960942,0.9441,0.9404,0.9404,0.0000,0,-0.0930,0.1595,468.1150,78.2767
tv15%_lb60d_ovly,Aug 2024–Aug 2026,2025-03-12,0.971137,0.9441,1.0000,0.9433,0.2500,0,-0.0882,0.1590,473.3957,78.2197
tv15%_lb60d_ovly,Aug 2024–Aug 2026,2025-03-13,0.954629,1.0000,1.0000,0.9331,0.5000,0,-0.1004,0.1607,464.8791,78.2767
tv15%_lb60d_ovly,Aug 2024–Aug 2026,2025-03-14,0.977703,1.0000,1.0000,0.8988,0.2500,0,-0.0818,0.1669,476.1154,78.2197
tv15%_lb60d_ovly,Aug 2024–Aug 2026,2025-03-17,0.984042,1.0000,1.0000,0.8954,0.2500,0,-0.0747,0.1675,479.2024,78.1913
tv15%_lb60d_ovly,Aug 2024–Aug 2026,2025-03-18,0.967267,1.0000,1.0000,0.8896,0.2500,0,-0.0847,0.1686,471.0333,78.1913
tv15%_lb60d_ovly,Aug 2024–Aug 2026,2025-03-19,0.980210,1.0000,1.0000,0.9428,0.2500,0,-0.0709,0.1591,477.3364,78.3052
tv15%_lb60d_ovly,Aug 2024–Aug 2026,2025-03-20,0.976887,1.0000,1.0000,0.9423,0.2500,0,-0.0574,0.1592,475.7184,78.3241
tv15%_lb60d_ovly,Aug 2024–Aug 2026,2025-03-21,0.980108,1.0000,1.0000,0.9551,0.2500,0,-0.0528,0.1571,477.2867,78.3716
tv15%_lb60d_ovly,Aug 2024–Aug 2026,2025-03-24,1.001616,1.0000,0.9316,0.9316,0.0000,0,-0.0315,0.1610,487.7604,78.2672
tv15%_lb60d_ovly,Aug 2024–Aug 2026,2025-03-25,1.007263,0.9316,0.9415,0.9415,0.0000,0,-0.0292,0.1593,490.5439,78.2957
tv15%_lb60d_ovly,Aug 2024–Aug 2026,2025-03-26,0.989979,0.9316,0.9318,0.9318,0.0000,0,-0.0402,0.1610,481.5175,78.2767
tv15%_lb60d_ovly,Aug 2024–Aug 2026,2025-03-27,0.984757,0.9316,0.9389,0.9389,0.0000,0,-0.0427,0.1598,478.7739,78.3146
tv15%_lb60d_ovly,Aug 2024–Aug 2026,2025-03-28,0.960725,0.9316,0.9186,0.9186,0.0000,0,-0.0453,0.1633,466.1688,78.4570
tv15%_lb60d_ovly,Aug 2024–Aug 2026,2025-03-31,0.960735,0.9316,0.9150,0.9150,0.0000,0,-0.0377,0.1639,466.1489,78.5139
tv15%_lb60d_ovly,Aug 2024–Aug 2026,2025-04-01,0.967974,0.9316,0.9144,0.9144,0.0000,0,-0.0350,0.1640,469.9066,78.5425
tv15%_lb60d_ovly,Aug 2024–Aug 2026,2025-04-02,0.974507,0.9316,0.9234,0.9234,0.0000,0,-0.0190,0.1624,473.3362,78.4854
tv15%_lb60d_ovly,Aug 2024–Aug 2026,2025-04-03,0.926156,0.9316,0.7844,0.7844,0.0000,0,-0.0674,0.1912,447.9968,78.7806
tv15%_lb60d_ovly,Aug 2024–Aug 2026,2025-04-04,0.872399,0.7844,0.6662,0.6662,0.0000,0,-0.1220,0.2251,420.1722,78.7330
tv15%_lb60d_ovly,Aug 2024–Aug 2026,2025-04-07,0.873970,0.6662,0.6667,0.6667,0.0000,0,-0.1235,0.2250,421.1862,78.7425
tv15%_lb60d_ovly,Aug 2024–Aug 2026,2025-04-08,0.863308,0.6662,0.6664,0.6664,0.0000,0,-0.1372,0.2251,413.6012,78.6949
tv15%_lb60d_ovly,Aug 2024–Aug 2026,2025-04-09,0.932171,0.6662,0.4874,0.4874,0.0000,0,-0.0466,0.3078,463.2461,78.6473
tv15%_lb60d_ovly,Aug 2024–Aug 2026,2025-04-10,0.905557,0.4874,0.4679,0.4679,0.0000,0,-0.0884,0.3206,443.5433,78.6377
tv15%_lb60d_ovly,Aug 2024–Aug 2026,2025-04-11,0.912845,0.4874,0.7180,0.4680,0.2500,0,-0.0722,0.3205,451.7147,78.4949
tv15%_lb60d_ovly,Aug 2024–Aug 2026,2025-04-14,0.916671,0.7180,0.7168,0.4668,0.2500,0,-0.0631,0.3213,454.7765,78.6663
tv15%_lb60d_ovly,Aug 2024–Aug 2026,2025-04-15,0.917405,0.7180,0.7181,0.4681,0.2500,0,-0.0658,0.3204,455.2835,78.6663
tv15%_lb60d_ovly,Aug 2024–Aug 2026,2025-04-16,0.897886,0.7180,0.7152,0.4652,0.2500,0,-0.0865,0.3224,441.5551,78.7711
tv15%_lb60d_ovly,Aug 2024–Aug 2026,2025-04-17,0.897862,0.7180,0.7157,0.4657,0.2500,0,-0.0852,0.3221,441.4756,78.7996
tv15%_lb60d_ovly,Aug 2024–Aug 2026,2025-04-21,0.881755,0.7180,0.2500,0.4619,0.5000,1,-0.1070,0.3247,430.5504,78.7520
tv15%_lb60d_ovly,Aug 2024–Aug 2026,2025-04-22,0.898046,0.2500,0.7046,0.4546,0.2500,0,-0.0838,0.3299,441.8533,78.7806
tv15%_lb60d_ovly,Aug 2024–Aug 2026,2025-04-23,0.902238,0.7046,0.7032,0.4532,0.2500,0,-0.0583,0.3310,451.8737,78.7234
tv15%_lb60d_ovly,Aug 2024–Aug 2026,2025-04-24,0.920448,0.7046,0.4497,0.4497,0.0000,0,-0.0360,0.3335,464.5882,78.8187
tv15%_lb60d_ovly,Aug 2024–Aug 2026,2025-04-25,0.927672,0.4497,0.4491,0.4491,0.0000,0,-0.0246,0.3340,469.7674,78.8853
tv15%_lb60d_ovly,Aug 2024–Aug 2026,2025-04-28,0.928279,0.4497,0.4495,0.4495,0.0000,0,-0.0242,0.3337,469.6183,78.9996
tv15%_lb60d_ovly,Aug 2024–Aug 2026,2025-04-29,0.931344,0.4497,0.4491,0.4491,0.0000,0,-0.0181,0.3340,472.7198,79.0472
tv15%_lb60d_ovly,Aug 2024–Aug 2026,2025-04-30,0.931970,0.4497,0.4494,0.4494,0.0000,0,-0.0177,0.3338,472.6602,79.1520
tv15%_lb60d_ovly,Aug 2024–Aug 2026,2025-05-01,0.936386,0.4497,0.4493,0.4493,0.0000,0,0.0000,0.3338,478.8335,78.9886
tv15%_lb60d_ovly,Aug 2024–Aug 2026,2025-05-02,0.941640,0.4497,0.4474,0.4474,0.0000,0,0.0000,0.3353,485.9412,78.8358
tv15%_lb60d_ovly,Aug 2024–Aug 2026,2025-05-05,0.939065,0.4497,0.4474,0.4474,0.0000,0,-0.0057,0.3353,483.0583,78.8262
tv15%_lb60d_ovly,Aug 2024–Aug 2026,2025-05-06,0.935575,0.4497,0.4475,0.4475,0.0000,0,-0.0140,0.3352,478.5650,78.8931
tv15%_lb60d_ovly,Aug 2024–Aug 2026,2025-05-07,0.937414,0.4497,0.4478,0.4478,0.0000,0,-0.0099,0.3350,480.4439,78.9217
tv15%_lb60d_ovly,Aug 2024–Aug 2026,2025-05-08,0.940705,0.4497,0.4473,0.4473,0.0000,0,-0.0030,0.3354,485.4044,78.7594
tv15%_lb60d_ovly,Aug 2024–Aug 2026,2025-05-09,0.940679,0.4497,0.4473,0.4473,0.0000,0,-0.0043,0.3353,485.0863,78.7976
tv15%_lb60d_ovly,Aug 2024–Aug 2026,2025-05-12,0.956972,0.4497,0.4392,0.4392,0.0000,0,0.0000,0.3416,504.8488,78.6543
tv15%_lb60d_ovly,Aug 2024–Aug 2026,2025-05-13,0.963403,0.4497,0.4387,0.4387,0.0000,0,0.0000,0.3419,512.5431,78.6352
tv15%_lb60d_ovly,Aug 2024–Aug 2026,2025-05-14,0.965614,0.4497,0.4388,0.4388,0.0000,0,0.0000,0.3418,515.6148,78.5779
tv15%_lb60d_ovly,Aug 2024–Aug 2026,2025-05-15,0.967124,0.4497,0.4386,0.4386,0.0000,0,0.0000,0.3420,516.1815,78.7307
tv15%_lb60d_ovly,Aug 2024–Aug 2026,2025-05-16,0.968888,0.4497,0.4384,0.4384,0.0000,0,0.0000,0.3422,518.4281,78.7116
tv15%_lb60d_ovly,Aug 2024–Aug 2026,2025-05-19,0.969500,0.4497,0.4407,0.4407,0.0000,0,0.0000,0.3404,518.9252,78.7402
tv15%_lb60d_ovly,Aug 2024–Aug 2026,2025-05-20,0.968111,0.4497,0.4408,0.4408,0.0000,0,-0.0034,0.3403,517.1954,78.7498
tv15%_lb60d_ovly,Aug 2024–Aug 2026,2025-05-21,0.961738,0.4497,0.4387,0.4387,0.0000,0,-0.0202,0.3419,510.0081,78.7020
tv15%_lb60d_ovly,Aug 2024–Aug 2026,2025-05-22,0.962868,0.4497,0.4387,0.4387,0.0000,0,-0.0198,0.3419,510.9624,78.7498
tv15%_lb60d_ovly,Aug 2024–Aug 2026,2025-05-23,0.959180,0.4497,0.4404,0.4404,0.0000,0,-0.0265,0.3406,506.2306,78.7976
tv15%_lb60d_ovly,Aug 2024–Aug 2026,2025-05-27,0.969520,0.4497,0.4389,0.4389,0.0000,0,-0.0062,0.3418,518.1398,78.8262
tv15%_lb60d_ovly,Aug 2024–Aug 2026,2025-05-28,0.967199,0.4497,0.4411,0.4411,0.0000,0,-0.0120,0.3400,515.8434,78.7689
tv15%_lb60d_ovly,Aug 2024–Aug 2026,2025-05-29,0.968635,0.4497,0.4422,0.4422,0.0000,0,-0.0081,0.3392,516.8574,78.8549
tv15%_lb60d_ovly,Aug 2024–Aug 2026,2025-05-30,0.968594,0.4497,0.4431,0.4431,0.0000,0,-0.0092,0.3385,516.0423,78.9504
tv15%_lb60d_ovly,Aug 2024–Aug 2026,2025-06-02,0.971594,0.4497,0.4457,0.4457,0.0000,0,-0.0036,0.3366,520.1182,78.8852
tv15%_lb60d_ovly,Aug 2024–Aug 2026,2025-06-03,0.974880,0.4497,0.4457,0.4457,0.0000,0,0.0000,0.3366,524.1838,78.8661
tv15%_lb60d_ovly,Aug 2024–Aug 2026,2025-06-04,0.977080,0.4497,0.4523,0.4523,0.0000,0,-0.0003,0.3316,525.6452,79.0098
tv15%_lb60d_ovly,Aug 2024–Aug 2026,2025-06-05,0.973186,0.4497,0.4528,0.4528,0.0000,0,-0.0051,0.3313,521.6887,78.9236
tv15%_lb60d_ovly,Aug 2024–Aug 2026,2025-06-06,0.976553,0.4497,0.4522,0.4522,0.0000,0,0.0000,0.3317,526.7883,78.7894
tv15%_lb60d_ovly,Aug 2024–Aug 2026,2025-06-09,0.977592,0.4497,0.4541,0.4541,0.0000,0,0.0000,0.3303,527.5638,78.8469
tv15%_lb60d_ovly,Aug 2024–Aug 2026,2025-06-10,0.980500,0.4497,0.4573,0.4573,0.0000,0,0.0000,0.3280,531.0531,78.8469
tv15%_lb60d_ovly,Aug 2024–Aug 2026,2025-06-11,0.979867,0.4497,0.4575,0.4575,0.0000,0,-0.0029,0.3279,529.2637,78.9715
tv15%_lb60d_ovly,Aug 2024–Aug 2026,2025-06-12,0.981360,0.4497,0.4588,0.4588,0.0000,0,0.0000,0.3270,530.5062,79.0386
tv15%_lb60d_ovly,Aug 2024–Aug 2026,2025-06-13,0.975426,0.4497,0.4582,0.4582,0.0000,0,-0.0112,0.3273,523.8459,78.9811
tv15%_lb60d_ovly,Aug 2024–Aug 2026,2025-06-16,0.981462,0.4497,0.4577,0.4577,0.0000,0,-0.0018,0.3277,531.1325,78.9715
tv15%_lb60d_ovly,Aug 2024–Aug 2026,2025-06-17,0.977421,0.4497,0.4569,0.4569,0.0000,0,-0.0103,0.3283,525.9534,79.0098
tv15%_lb60d_ovly,Aug 2024–Aug 2026,2025-06-18,0.977607,0.4497,0.4595,0.4595,0.0000,0,-0.0105,0.3264,525.8639,79.0482
tv15%_lb60d_ovly,Aug 2024–Aug 2026,2025-06-20,0.976203,0.4497,0.4594,0.4594,0.0000,0,-0.0128,0.3265,523.7167,79.1057
tv15%_lb60d_ovly,Aug 2024–Aug 2026,2025-06-23,0.981433,0.4497,0.4602,0.4602,0.0000,0,-0.0030,0.3260,529.1017,79.2111
tv15%_lb60d_ovly,Aug 2024–Aug 2026,2025-06-24,0.988640,0.4497,0.4594,0.4594,0.0000,0,0.0000,0.3265,537.1929,79.2782
tv15%_lb60d_ovly,Aug 2024–Aug 2026,2025-06-25,0.989842,0.4497,0.4638,0.4638,0.0000,0,0.0000,0.3234,538.5661,79.2878
tv15%_lb60d_ovly,Aug 2024–Aug 2026,2025-06-26,0.994663,0.4497,0.4637,0.4637,0.0000,0,0.0000,0.3235,543.6019,79.3836
tv15%_lb60d_ovly,Aug 2024–Aug 2026,2025-06-27,0.995996,0.4497,0.4636,0.4636,0.0000,0,0.0000,0.3236,545.4630,79.3548
tv15%_lb60d_ovly,Aug 2024–Aug 2026,2025-06-30,0.999294,0.4497,0.4637,0.4637,0.0000,0,0.0000,0.3235,548.9959,79.4124
tv15%_lb60d_ovly,Aug 2024–Aug 2026,2025-07-01,0.994934,0.4497,0.4922,0.4922,0.0000,0,-0.0003,0.3048,544.3682,79.3297
tv15%_lb60d_ovly,Aug 2024–Aug 2026,2025-07-02,0.997984,0.4497,0.5448,0.5448,0.0000,0,0.0000,0.2753,548.1599,79.3201
tv15%_lb60d_ovly,Aug 2024–Aug 2026,2025-07-03,1.001706,0.5448,0.5449,0.5449,0.0000,0,0.0000,0.2753,553.5540,79.2335
tv15%_lb60d_ovly,Aug 2024–Aug 2026,2025-07-07,0.997484,0.5448,0.5489,0.5489,0.0000,0,-0.0075,0.2733,549.3841,79.2143
tv15%_lb60d_ovly,Aug 2024–Aug 2026,2025-07-08,0.997844,0.5448,0.8064,0.8064,0.0000,0,-0.0080,0.1860,549.6926,79.2239
tv15%_lb60d_ovly,Aug 2024–Aug 2026,2025-07-09,1.001817,0.8064,0.9471,0.9471,0.0000,0,-0.0020,0.1584,553.5839,79.2912
tv15%_lb60d_ovly,Aug 2024–Aug 2026,2025-07-10,1.000514,0.9471,0.9654,0.9654,0.0000,0,0.0000,0.1554,552.7877,79.2912
tv15%_lb60d_ovly,Aug 2024–Aug 2026,2025-07-11,0.998369,0.9471,0.9665,0.9665,0.0000,0,-0.0035,0.1552,551.5436,79.2720
tv15%_lb60d_ovly,Aug 2024–Aug 2026,2025-07-14,1.001804,0.9471,0.9689,0.9689,0.0000,0,-0.0016,0.1548,553.5441,79.2816
tv15%_lb60d_ovly,Aug 2024–Aug 2026,2025-07-15,1.002623,0.9471,1.0000,1.0000,0.0000,0,-0.0059,0.1465,554.0515,79.2047
tv15%_lb60d_ovly,Aug 2024–Aug 2026,2025-07-16,1.003613,1.0000,1.0000,1.0000,0.0000,0,-0.0026,0.1465,554.6188,79.3104
tv15%_lb60d_ovly,Aug 2024–Aug 2026,2025-07-17,1.011735,1.0000,1.0000,1.0000,0.0000,0,0.0000,0.1354,559.1072,79.2816
tv15%_lb60d_ovly,Aug 2024–Aug 2026,2025-07-18,1.010762,1.0000,1.0000,1.0000,0.0000,0,-0.0007,0.1274,558.5698,79.3489
tv15%_lb60d_ovly,Aug 2024–Aug 2026,2025-07-21,1.016003,1.0000,1.0000,1.0000,0.0000,0,0.0000,0.1247,561.4659,79.3970
tv15%_lb60d_ovly,Aug 2024–Aug 2026,2025-07-22,1.010744,1.0000,1.0000,1.0000,0.0000,0,0.0000,0.1190,558.5599,79.4547
tv15%_lb60d_ovly,Aug 2024–Aug 2026,2025-07-23,1.015355,1.0000,1.0000,1.0000,0.0000,0,0.0000,0.1192,561.1076,79.3874
tv15%_lb60d_ovly,Aug 2024–Aug 2026,2025-07-24,1.017516,1.0000,1.0000,1.0000,0.0000,0,0.0000,0.1192,562.3018,79.3201
tv15%_lb60d_ovly,Aug 2024–Aug 2026,2025-07-25,1.019965,1.0000,1.0000,1.0000,0.0000,0,0.0000,0.1190,563.6553,79.3681
tv15%_lb60d_ovly,Aug 2024–Aug 2026,2025-07-28,1.023153,1.0000,1.0000,1.0000,0.0000,0,-0.0003,0.1191,565.4169,79.3585
tv15%_lb60d_ovly,Aug 2024–Aug 2026,2025-07-29,1.021568,1.0000,1.0000,1.0000,0.0000,0,-0.0029,0.1191,564.5411,79.4258
tv15%_lb60d_ovly,Aug 2024–Aug 2026,2025-07-30,1.022936,1.0000,1.0000,1.0000,0.0000,0,-0.0041,0.1164,565.2974,79.3393
tv15%_lb60d_ovly,Aug 2024–Aug 2026,2025-07-31,1.017516,1.0000,1.0000,1.0000,0.0000,0,-0.0079,0.1159,562.3018,79.3393
tv15%_lb60d_ovly,Aug 2024–Aug 2026,2025-08-01,0.997472,1.0000,1.0000,1.0000,0.0000,0,-0.0241,0.1201,551.2252,79.7348
tv15%_lb60d_ovly,Aug 2024–Aug 2026,2025-08-04,1.015877,1.0000,1.0000,1.0000,0.0000,0,-0.0093,0.1231,561.3962,79.7541
tv15%_lb60d_ovly,Aug 2024–Aug 2026,2025-08-05,1.008980,1.0000,1.0000,1.0000,0.0000,0,-0.0143,0.1235,557.5846,79.7251
tv15%_lb60d_ovly,Aug 2024–Aug 2026,2025-08-06,1.021676,1.0000,1.0000,1.0000,0.0000,0,-0.0068,0.1239,564.6008,79.7541
tv15%_lb60d_ovly,Aug 2024–Aug 2026,2025-08-07,1.025133,1.0000,1.0000,1.0000,0.0000,0,-0.0076,0.1064,566.5115,79.7155
tv15%_lb60d_ovly,Aug 2024–Aug 2026,2025-08-08,1.034696,1.0000,1.0000,1.0000,0.0000,0,0.0000,0.1066,571.7961,79.6962
tv15%_lb60d_ovly,Aug 2024–Aug 2026,2025-08-11,1.031634,1.0000,1.0000,1.0000,0.0000,0,-0.0020,0.1069,570.1042,79.6962
tv15%_lb60d_ovly,Aug 2024–Aug 2026,2025-08-12,1.044601,1.0000,1.0000,1.0000,0.0000,0,0.0000,0.1083,577.2697,79.7541
tv15%_lb60d_ovly,Aug 2024–Aug 2026,2025-08-13,1.045123,1.0000,1.0000,1.0000,0.0000,0,0.0000,0.1079,577.5584,79.8602
tv15%_lb60d_ovly,Aug 2024–Aug 2026,2025-08-14,1.044313,1.0000,1.0000,1.0000,0.0000,0,0.0000,0.1080,577.1105,79.7734
tv15%_lb60d_ovly,Aug 2024–Aug 2026,2025-08-15,1.039721,1.0000,1.0000,1.0000,0.0000,0,-0.0023,0.1078,574.5728,79.7444
tv15%_lb60d_ovly,Aug 2024–Aug 2026,2025-08-18,1.039306,1.0000,1.0000,1.0000,0.0000,0,-0.0026,0.1008,574.3439,79.7444
tv15%_lb60d_ovly,Aug 2024–Aug 2026,2025-08-19,1.025205,1.0000,1.0000,1.0000,0.0000,0,-0.0080,0.1018,566.5514,79.7830
tv15%_lb60d_ovly,Aug 2024–Aug 2026,2025-08-20,1.019119,1.0000,1.0000,1.0000,0.0000,0,-0.0106,0.1007,563.1876,79.8120
tv15%_lb60d_ovly,Aug 2024–Aug 2026,2025-08-21,1.014400,1.0000,1.0000,1.0000,0.0000,0,-0.0146,0.0933,560.5802,79.7444
tv15%_lb60d_ovly,Aug 2024–Aug 2026,2025-08-22,1.030050,1.0000,1.0000,1.0000,0.0000,0,0.0000,0.0964,569.2285,79.9180
tv15%_lb60d_ovly,Aug 2024–Aug 2026,2025-08-25,1.027079,1.0000,1.0000,1.0000,0.0000,0,-0.0044,0.0971,567.5865,79.8795
tv15%_lb60d_ovly,Aug 2024–Aug 2026,2025-08-26,1.031202,1.0000,1.0000,1.0000,0.0000,0,-0.0002,0.0971,569.8654,79.9470
tv15%_lb60d_ovly,Aug 2024–Aug 2026,2025-08-27,1.032787,1.0000,1.0000,1.0000,0.0000,0,0.0000,0.0967,570.7412,80.0049
tv15%_lb60d_ovly,Aug 2024–Aug 2026,2025-08-28,1.039252,1.0000,1.0000,1.0000,0.0000,0,0.0000,0.0964,574.3140,79.9759
tv15%_lb60d_ovly,Aug 2024–Aug 2026,2025-08-29,1.027222,1.0000,1.0000,1.0000,0.0000,0,-0.0060,0.0976,567.6660,80.0435
tv15%_lb60d_ovly,Aug 2024–Aug 2026,2025-09-02,1.018614,1.0000,1.0000,1.0000,0.0000,0,-0.0133,0.0984,562.9090,80.0028
tv15%_lb60d_ovly,Aug 2024–Aug 2026,2025-09-03,1.026628,1.0000,1.0000,1.0000,0.0000,0,-0.0080,0.0970,567.3376,80.0609
tv15%_lb60d_ovly,Aug 2024–Aug 2026,2025-09-04,1.035921,1.0000,1.0000,1.0000,0.0000,0,0.0000,0.0981,572.4728,80.1189
tv15%_lb60d_ovly,Aug 2024–Aug 2026,2025-09-05,1.037415,1.0000,1.0000,1.0000,0.0000,0,-0.0029,0.0981,573.2989,80.2350
tv15%_lb60d_ovly,Aug 2024–Aug 2026,2025-09-08,1.042476,1.0000,1.0000,1.0000,0.0000,0,-0.0004,0.0977,576.0954,80.2834
tv15%_lb60d_ovly,Aug 2024–Aug 2026,2025-09-09,1.045429,1.0000,1.0000,1.0000,0.0000,0,0.0000,0.0976,577.7275,80.2157
tv15%_lb60d_ovly,Aug 2024–Aug 2026,2025-09-10,1.045772,1.0000,1.0000,1.0000,0.0000,0,0.0000,0.0941,577.9167,80.2254
tv15%_lb60d_ovly,Aug 2024–Aug 2026,2025-09-11,1.051859,1.0000,1.0000,1.0000,0.0000,0,0.0000,0.0937,581.2805,80.2544
tv15%_lb60d_ovly,Aug 2024–Aug 2026,2025-09-12,1.056505,1.0000,1.0000,1.0000,0.0000,0,-0.0003,0.0914,583.8481,80.2447
tv15%_lb60d_ovly,Aug 2024–Aug 2026,2025-09-15,1.065545,1.0000,1.0000,1.0000,0.0000,0,0.0000,0.0916,588.8440,80.2738
tv15%_lb60d_ovly,Aug 2024–Aug 2026,2025-09-16,1.064645,1.0000,1.0000,1.0000,0.0000,0,-0.0014,0.0915,588.3464,80.3124
tv15%_lb60d_ovly,Aug 2024–Aug 2026,2025-09-17,1.062520,1.0000,1.0000,1.0000,0.0000,0,-0.0026,0.0901,587.1721,80.2738
tv15%_lb60d_ovly,Aug 2024–Aug 2026,2025-09-18,1.072100,1.0000,1.0000,1.0000,0.0000,0,0.0000,0.0882,592.4666,80.2447
tv15%_lb60d_ovly,Aug 2024–Aug 2026,2025-09-19,1.079358,1.0000,1.0000,1.0000,0.0000,0,0.0000,0.0884,596.4772,80.2738
tv15%_lb60d_ovly,Aug 2024–Aug 2026,2025-09-22,1.085748,1.0000,1.0000,1.0000,0.0000,0,0.0000,0.0877,600.0084,80.2350
tv15%_lb60d_ovly,Aug 2024–Aug 2026,2025-09-23,1.078536,1.0000,1.0000,1.0000,0.0000,0,-0.0054,0.0886,596.0229,80.2641
tv15%_lb60d_ovly,Aug 2024–Aug 2026,2025-09-24,1.074750,1.0000,1.0000,1.0000,0.0000,0,-0.0086,0.0887,593.9305,80.2254
tv15%_lb60d_ovly,Aug 2024–Aug 2026,2025-09-25,1.070116,1.0000,1.0000,1.0000,0.0000,0,-0.0132,0.0895,591.3699,80.1576
tv15%_lb60d_ovly,Aug 2024–Aug 2026,2025-09-26,1.074515,1.0000,1.0000,1.0000,0.0000,0,-0.0075,0.0897,593.8010,80.2060
tv15%_lb60d_ovly,Aug 2024–Aug 2026,2025-09-29,1.079491,1.0000,1.0000,1.0000,0.0000,0,-0.0047,0.0887,596.5510,80.2350
tv15%_lb60d_ovly,Aug 2024–Aug 2026,2025-09-30,1.082448,1.0000,1.0000,1.0000,0.0000,0,-0.0010,0.0871,598.1851,80.2738
tv15%_lb60d_ovly,Aug 2024–Aug 2026,2025-10-01,1.087641,1.0000,1.0000,1.0000,0.0000,0,0.0000,0.0871,601.0545,80.3669
tv15%_lb60d_ovly,Aug 2024–Aug 2026,2025-10-02,1.092112,1.0000,1.0000,1.0000,0.0000,0,0.0000,0.0865,603.5255,80.3863
tv15%_lb60d_ovly,Aug 2024–Aug 2026,2025-10-03,1.087515,1.0000,1.0000,1.0000,0.0000,0,-0.0000,0.0865,600.9848,80.3572
tv15%_lb60d_ovly,Aug 2024–Aug 2026,2025-10-06,1.095682,1.0000,1.0000,1.0000,0.0000,0,0.0000,0.0861,605.4983,80.3378
tv15%_lb60d_ovly,Aug 2024–Aug 2026,2025-10-07,1.089913,1.0000,1.0000,1.0000,0.0000,0,-0.0037,0.0867,602.3099,80.3766
tv15%_lb60d_ovly,Aug 2024–Aug 2026,2025-10-08,1.102407,1.0000,1.0000,1.0000,0.0000,0,0.0000,0.0865,609.2147,80.3669
tv15%_lb60d_ovly,Aug 2024–Aug 2026,2025-10-09,1.101073,1.0000,1.0000,1.0000,0.0000,0,-0.0029,0.0868,608.4774,80.3572
tv15%_lb60d_ovly,Aug 2024–Aug 2026,2025-10-10,1.062850,1.0000,1.0000,1.0000,0.0000,0,-0.0298,0.1042,587.3546,80.4931
tv15%_lb60d_ovly,Aug 2024–Aug 2026,2025-10-13,1.085405,1.0000,1.0000,1.0000,0.0000,0,-0.0150,0.1083,599.8190,80.6484
tv15%_lb60d_ovly,Aug 2024–Aug 2026,2025-10-14,1.078175,1.0000,1.0000,1.0000,0.0000,0,-0.0162,0.1084,595.8237,80.5902
tv15%_lb60d_ovly,Aug 2024–Aug 2026,2025-10-15,1.085784,1.0000,1.0000,1.0000,0.0000,0,-0.0118,0.1086,600.0283,80.5513
tv15%_lb60d_ovly,Aug 2024–Aug 2026,2025-10-16,1.081763,1.0000,1.0000,1.0000,0.0000,0,-0.0185,0.1086,597.8064,80.6581
tv15%_lb60d_ovly,Aug 2024–Aug 2026,2025-10-17,1.088867,1.0000,1.0000,1.0000,0.0000,0,-0.0130,0.1091,601.7321,80.6484
tv15%_lb60d_ovly,Aug 2024–Aug 2026,2025-10-20,1.102587,1.0000,1.0000,1.0000,0.0000,0,-0.0027,0.1106,609.3143,80.6581
tv15%_lb60d_ovly,Aug 2024–Aug 2026,2025-10-21,1.102299,1.0000,1.0000,1.0000,0.0000,0,-0.0027,0.1106,609.1550,80.6775
tv15%_lb60d_ovly,Aug 2024–Aug 2026,2025-10-22,1.091679,1.0000,1.0000,1.0000,0.0000,0,-0.0079,0.1111,603.2864,80.6775
tv15%_lb60d_ovly,Aug 2024–Aug 2026,2025-10-23,1.100857,1.0000,1.0000,1.0000,0.0000,0,-0.0020,0.1115,608.3578,80.6193
tv15%_lb60d_ovly,Aug 2024–Aug 2026,2025-10-24,1.112612,1.0000,1.0000,1.0000,0.0000,0,0.0000,0.1120,614.8541,80.6678
tv15%_lb60d_ovly,Aug 2024–Aug 2026,2025-10-27,1.132427,1.0000,1.0000,1.0000,0.0000,0,0.0000,0.1078,625.8041,80.6484
tv15%_lb60d_ovly,Aug 2024–Aug 2026,2025-10-28,1.141135,1.0000,1.0000,1.0000,0.0000,0,0.0000,0.1041,630.6166,80.6581
tv15%_lb60d_ovly,Aug 2024–Aug 2026,2025-10-29,1.146273,1.0000,1.0000,1.0000,0.0000,0,0.0000,0.1032,633.4562,80.5028
tv15%_lb60d_ovly,Aug 2024–Aug 2026,2025-10-30,1.128748,1.0000,1.0000,1.0000,0.0000,0,-0.0110,0.1056,623.7715,80.5125
tv15%_lb60d_ovly,Aug 2024–Aug 2026,2025-10-31,1.134194,1.0000,1.0000,1.0000,0.0000,0,-0.0078,0.1056,626.7806,80.5416
tv15%_lb60d_ovly,Aug 2024–Aug 2026,2025-11-03,1.139620,1.0000,1.0000,1.0000,0.0000,0,-0.0059,0.1048,629.7796,80.5446
tv15%_lb60d_ovly,Aug 2024–Aug 2026,2025-11-04,1.116488,1.0000,1.0000,1.0000,0.0000,0,-0.0177,0.1080,616.9963,80.5738
tv15%_lb60d_ovly,Aug 2024–Aug 2026,2025-11-05,1.123754,1.0000,1.0000,1.0000,0.0000,0,-0.0143,0.1063,621.0117,80.5154
tv15%_lb60d_ovly,Aug 2024–Aug 2026,2025-11-06,1.102822,1.0000,1.0000,1.0000,0.0000,0,-0.0248,0.1088,609.4439,80.6127
tv15%_lb60d_ovly,Aug 2024–Aug 2026,2025-11-07,1.099342,1.0000,1.0000,1.0000,0.0000,0,-0.0239,0.1088,607.5209,80.6517
tv15%_lb60d_ovly,Aug 2024–Aug 2026,2025-11-10,1.123664,1.0000,1.0000,1.0000,0.0000,0,-0.0087,0.1127,620.9619,80.6322
tv15%_lb60d_ovly,Aug 2024–Aug 2026,2025-11-11,1.120671,1.0000,1.0000,1.0000,0.0000,0,-0.0064,0.1127,619.3079,80.7003
tv15%_lb60d_ovly,Aug 2024–Aug 2026,2025-11-12,1.119788,1.0000,1.0000,1.0000,0.0000,0,-0.0058,0.1119,618.8196,80.6711
tv15%_lb60d_ovly,Aug 2024–Aug 2026,2025-11-13,1.096926,1.0000,1.0000,1.0000,0.0000,0,-0.0223,0.1175,606.1859,80.6225
tv15%_lb60d_ovly,Aug 2024–Aug 2026,2025-11-14,1.097755,1.0000,1.0000,1.0000,0.0000,0,-0.0225,0.1171,606.6441,80.6517
tv15%_lb60d_ovly,Aug 2024–Aug 2026,2025-11-17,1.088380,1.0000,1.0000,1.0000,0.0000,0,-0.0316,0.1152,601.4631,80.6419
tv15%_lb60d_ovly,Aug 2024–Aug 2026,2025-11-18,1.075128,1.0000,1.0000,1.0000,0.0000,0,-0.0397,0.1162,594.1397,80.6906
tv15%_lb60d_ovly,Aug 2024–Aug 2026,2025-11-19,1.081547,1.0000,1.0000,1.0000,0.0000,0,-0.0360,0.1161,597.6868,80.6809
tv15%_lb60d_ovly,Aug 2024–Aug 2026,2025-11-20,1.055944,1.0000,1.0000,1.0000,0.0000,0,-0.0507,0.1205,583.5385,80.7490
tv15%_lb60d_ovly,Aug 2024–Aug 2026,2025-11-21,1.063878,1.0000,1.0000,1.0000,0.0000,0,-0.0413,0.1220,587.9225,80.8464
tv15%_lb60d_ovly,Aug 2024–Aug 2026,2025-11-24,1.091084,1.0000,1.0000,1.0000,0.0000,0,-0.0271,0.1247,602.9576,80.8561
tv15%_lb60d_ovly,Aug 2024–Aug 2026,2025-11-25,1.097810,1.0000,1.0000,1.0000,0.0000,0,-0.0180,0.1248,606.6741,80.9048
tv15%_lb60d_ovly,Aug 2024–Aug 2026,2025-11-26,1.107510,1.0000,1.0000,1.0000,0.0000,0,-0.0054,0.1251,612.0344,80.8951
tv15%_lb60d_ovly,Aug 2024–Aug 2026,2025-11-28,1.116488,1.0000,1.0000,1.0000,0.0000,0,0.0000,0.1245,616.9963,80.8951
tv15%_lb60d_ovly,Aug 2024–Aug 2026,2025-12-01,1.112738,1.0000,1.0000,1.0000,0.0000,0,-0.0046,0.1248,614.9238,80.8257
tv15%_lb60d_ovly,Aug 2024–Aug 2026,2025-12-02,1.121446,1.0000,1.0000,1.0000,0.0000,0,-0.0027,0.1247,619.7363,80.8746
tv15%_lb60d_ovly,Aug 2024–Aug 2026,2025-12-03,1.124187,1.0000,1.0000,1.0000,0.0000,0,0.0000,0.1248,621.2507,80.9234
tv15%_lb60d_ovly,Aug 2024–Aug 2026,2025-12-04,1.123141,1.0000,1.0000,1.0000,0.0000,0,0.0000,0.1247,620.6729,80.8648
tv15%_lb60d_ovly,Aug 2024–Aug 2026,2025-12-05,1.127721,1.0000,1.0000,1.0000,0.0000,0,0.0000,0.1238,623.2036,80.8355
tv15%_lb60d_ovly,Aug 2024–Aug 2026,2025-12-08,1.125557,1.0000,1.0000,1.0000,0.0000,0,-0.0030,0.1240,622.0080,80.8160
tv15%_lb60d_ovly,Aug 2024–Aug 2026,2025-12-09,1.126945,1.0000,1.0000,1.0000,0.0000,0,-0.0039,0.1237,622.7751,80.7769
tv15%_lb60d_ovly,Aug 2024–Aug 2026,2025-12-10,1.131561,1.0000,1.0000,1.0000,0.0000,0,0.0000,0.1242,625.3259,80.9136
tv15%_lb60d_ovly,Aug 2024–Aug 2026,2025-12-11,1.127901,1.0000,1.0000,1.0000,0.0000,0,0.0000,0.1242,623.3033,80.9234
tv15%_lb60d_ovly,Aug 2024–Aug 2026,2025-12-12,1.106338,1.0000,1.0000,1.0000,0.0000,0,-0.0108,0.1262,611.3868,80.9332
tv15%_lb60d_ovly,Aug 2024–Aug 2026,2025-12-15,1.100784,1.0000,1.0000,1.0000,0.0000,0,-0.0122,0.1259,608.3180,80.9820
tv15%_lb60d_ovly,Aug 2024–Aug 2026,2025-12-16,1.102966,1.0000,1.0000,1.0000,0.0000,0,-0.0149,0.1257,609.5236,81.0211
tv15%_lb60d_ovly,Aug 2024–Aug 2026,2025-12-17,1.082520,1.0000,1.0000,1.0000,0.0000,0,-0.0258,0.1274,598.2249,81.0308
tv15%_lb60d_ovly,Aug 2024–Aug 2026,2025-12-18,1.098206,1.0000,1.0000,1.0000,0.0000,0,-0.0184,0.1280,606.8932,81.0894
tv15%_lb60d_ovly,Aug 2024–Aug 2026,2025-12-19,1.112522,1.0000,1.0000,1.0000,0.0000,0,-0.0095,0.1288,614.8043,81.0747
tv15%_lb60d_ovly,Aug 2024–Aug 2026,2025-12-22,1.117855,1.0000,1.0000,1.0000,0.0000,0,-0.0034,0.1289,617.7513,81.0356
tv15%_lb60d_ovly,Aug 2024–Aug 2026,2025-12-23,1.123090,1.0000,1.0000,1.0000,0.0000,0,0.0000,0.1291,620.6445,80.9964
tv15%_lb60d_ovly,Aug 2024–Aug 2026,2025-12-24,1.126376,1.0000,1.0000,1.0000,0.0000,0,0.0000,0.1290,622.4603,81.0454
tv15%_lb60d_ovly,Aug 2024–Aug 2026,2025-12-26,1.126303,1.0000,1.0000,1.0000,0.0000,0,-0.0001,0.1289,622.4203,81.1041
tv15%_lb60d_ovly,Aug 2024–Aug 2026,2025-12-29,1.120851,1.0000,1.0000,1.0000,0.0000,0,-0.0037,0.1292,619.4074,81.1433
tv15%_lb60d_ovly,Aug 2024–Aug 2026,2025-12-30,1.118252,1.0000,1.0000,1.0000,0.0000,0,-0.0049,0.1292,617.9708,81.1629
tv15%_lb60d_ovly,Aug 2024–Aug 2026,2025-12-31,1.109009,1.0000,1.0000,1.0000,0.0000,0,-0.0123,0.1301,612.8629,81.1335
tv15%_lb60d_ovly,Aug 2024–Aug 2026,2026-01-02,1.106860,1.0000,1.0000,1.0000,0.0000,0,-0.0104,0.1298,611.6757,81.1727
tv15%_lb60d_ovly,Aug 2024–Aug 2026,2026-01-05,1.115652,1.0000,1.0000,1.0000,0.0000,0,-0.0039,0.1300,616.5342,81.2021
tv15%_lb60d_ovly,Aug 2024–Aug 2026,2026-01-06,1.125455,1.0000,1.0000,1.0000,0.0000,0,0.0000,0.1303,621.9514,81.2119
tv15%_lb60d_ovly,Aug 2024–Aug 2026,2026-01-07,1.126538,1.0000,1.0000,1.0000,0.0000,0,-0.0032,0.1169,622.5500,81.2021
tv15%_lb60d_ovly,Aug 2024–Aug 2026,2026-01-08,1.120129,1.0000,1.0000,1.0000,0.0000,0,-0.0033,0.1130,619.0084,81.1727
tv15%_lb60d_ovly,Aug 2024–Aug 2026,2026-01-09,1.131286,1.0000,1.0000,1.0000,0.0000,0,0.0000,0.1136,625.1738,81.1433
tv15%_lb60d_ovly,Aug 2024–Aug 2026,2026-01-12,1.132225,1.0000,1.0000,1.0000,0.0000,0,0.0000,0.1133,625.6926,81.1433
tv15%_lb60d_ovly,Aug 2024–Aug 2026,2026-01-13,1.130546,1.0000,1.0000,1.0000,0.0000,0,-0.0020,0.1124,624.7648,81.1629
tv15%_lb60d_ovly,Aug 2024–Aug 2026,2026-01-14,1.118468,1.0000,1.0000,1.0000,0.0000,0,-0.0069,0.1126,618.0905,81.1825
tv15%_lb60d_ovly,Aug 2024–Aug 2026,2026-01-15,1.122494,1.0000,1.0000,1.0000,0.0000,0,-0.0042,0.1108,620.3153,81.1237
tv15%_lb60d_ovly,Aug 2024–Aug 2026,2026-01-16,1.121555,1.0000,1.0000,1.0000,0.0000,0,-0.0050,0.1109,619.7965,81.1041
tv15%_lb60d_ovly,Aug 2024–Aug 2026,2026-01-20,1.097726,1.0000,1.0000,1.0000,0.0000,0,-0.0253,0.1185,606.6276,81.1139
tv15%_lb60d_ovly,Aug 2024–Aug 2026,2026-01-21,1.112565,1.0000,1.0000,1.0000,0.0000,0,-0.0140,0.1201,614.8282,81.1531
tv15%_lb60d_ovly,Aug 2024–Aug 2026,2026-01-22,1.120653,1.0000,1.0000,1.0000,0.0000,0,-0.0089,0.1195,619.2977,81.1237
tv15%_lb60d_ovly,Aug 2024–Aug 2026,2026-01-23,1.124191,1.0000,1.0000,1.0000,0.0000,0,-0.0085,0.1171,621.2531,81.1531
tv15%_lb60d_ovly,Aug 2024–Aug 2026,2026-01-26,1.129138,1.0000,1.0000,1.0000,0.0000,0,-0.0035,0.1174,623.9866,81.1825
tv15%_lb60d_ovly,Aug 2024–Aug 2026,2026-01-27,1.139374,1.0000,1.0000,1.0000,0.0000,0,0.0000,0.1177,629.6432,81.2021
tv15%_lb60d_ovly,Aug 2024–Aug 2026,2026-01-28,1.143147,1.0000,1.0000,1.0000,0.0000,0,-0.0001,0.1153,631.7283,81.2021
tv15%_lb60d_ovly,Aug 2024–Aug 2026,2026-01-29,1.136305,1.0000,1.0000,1.0000,0.0000,0,-0.0021,0.1152,627.9473,81.2315
tv15%_lb60d_ovly,Aug 2024–Aug 2026,2026-01-30,1.122657,1.0000,1.0000,1.0000,0.0000,0,-0.0051,0.1154,620.4051,81.3001
tv15%_lb60d_ovly,Aug 2024–Aug 2026,2026-02-02,1.130365,1.0000,1.0000,1.0000,0.0000,0,-0.0001,0.1129,624.6650,81.2607
tv15%_lb60d_ovly,Aug 2024–Aug 2026,2026-02-03,1.112998,1.0000,1.0000,1.0000,0.0000,0,-0.0086,0.1143,615.0677,81.2509
tv15%_lb60d_ovly,Aug 2024–Aug 2026,2026-02-04,1.093555,1.0000,1.0000,1.0000,0.0000,0,-0.0134,0.1124,604.3231,81.2902
tv15%_lb60d_ovly,Aug 2024–Aug 2026,2026-02-05,1.077813,1.0000,1.0000,1.0000,0.0000,0,-0.0257,0.1155,595.6237,81.4180
tv15%_lb60d_ovly,Aug 2024–Aug 2026,2026-02-06,1.100596,1.0000,1.0000,1.0000,0.0000,0,-0.0070,0.1177,608.2139,81.4180
tv15%_lb60d_ovly,Aug 2024–Aug 2026,2026-02-09,1.109027,1.0000,1.0000,1.0000,0.0000,0,-0.0022,0.1180,612.8729,81.4376
tv15%_lb60d_ovly,Aug 2024–Aug 2026,2026-02-10,1.103882,1.0000,1.0000,1.0000,0.0000,0,-0.0048,0.1182,610.0295,81.4868
tv15%_lb60d_ovly,Aug 2024–Aug 2026,2026-02-11,1.106842,1.0000,1.0000,1.0000,0.0000,0,-0.0051,0.1128,611.6657,81.4081
tv15%_lb60d_ovly,Aug 2024–Aug 2026,2026-02-12,1.084330,1.0000,1.0000,1.0000,0.0000,0,-0.0204,0.1175,599.2251,81.4868
tv15%_lb60d_ovly,Aug 2024–Aug 2026,2026-02-13,1.086641,1.0000,1.0000,1.0000,0.0000,0,-0.0198,0.1158,600.5021,81.6145
tv15%_lb60d_ovly,Aug 2024–Aug 2026,2026-02-17,1.085522,1.0000,1.0000,1.0000,0.0000,0,-0.0182,0.1143,599.8835,81.5850
tv15%_lb60d_ovly,Aug 2024–Aug 2026,2026-02-18,1.093627,1.0000,1.0000,1.0000,0.0000,0,-0.0132,0.1145,604.3629,81.5359
tv15%_lb60d_ovly,Aug 2024–Aug 2026,2026-02-19,1.089439,1.0000,1.0000,1.0000,0.0000,0,-0.0158,0.1097,602.0484,81.5359
tv15%_lb60d_ovly,Aug 2024–Aug 2026,2026-02-20,1.099080,1.0000,1.0000,1.0000,0.0000,0,-0.0087,0.1089,607.3759,81.5457
tv15%_lb60d_ovly,Aug 2024–Aug 2026,2026-02-23,1.085720,1.0000,1.0000,1.0000,0.0000,0,-0.0188,0.1074,599.9932,81.6145
tv15%_lb60d_ovly,Aug 2024–Aug 2026,2026-02-24,1.097383,1.0000,1.0000,1.0000,0.0000,0,-0.0117,0.1067,606.4380,81.6145
tv15%_lb60d_ovly,Aug 2024–Aug 2026,2026-02-25,1.113287,1.0000,1.0000,1.0000,0.0000,0,-0.0033,0.1071,615.2273,81.5948
tv15%_lb60d_ovly,Aug 2024–Aug 2026,2026-02-26,1.099856,1.0000,1.0000,1.0000,0.0000,0,-0.0088,0.1073,607.8048,81.6243
tv15%_lb60d_ovly,Aug 2024–Aug 2026,2026-02-27,1.096335,1.0000,1.0000,1.0000,0.0000,0,-0.0135,0.1073,605.8594,81.7324
tv15%_lb60d_ovly,Aug 2024–Aug 2026,2026-03-02,1.097780,1.0000,1.0000,1.0000,0.0000,0,-0.0130,0.1073,606.6575,81.5876
tv15%_lb60d_ovly,Aug 2024–Aug 2026,2026-03-03,1.086027,1.0000,1.0000,1.0000,0.0000,0,-0.0196,0.1086,600.1629,81.5777
tv15%_lb60d_ovly,Aug 2024–Aug 2026,2026-03-04,1.102582,1.0000,1.0000,1.0000,0.0000,0,-0.0127,0.1096,609.3113,81.5285
tv15%_lb60d_ovly,Aug 2024–Aug 2026,2026-03-05,1.099260,1.0000,1.0000,1.0000,0.0000,0,-0.0182,0.1101,607.4755,81.4693
tv15%_lb60d_ovly,Aug 2024–Aug 2026,2026-03-06,1.082724,1.0000,1.0000,1.0000,0.0000,0,-0.0311,0.1132,598.3372,81.5088
tv15%_lb60d_ovly,Aug 2024–Aug 2026,2026-03-09,1.097184,1.0000,1.0000,1.0000,0.0000,0,-0.0226,0.1147,606.3283,81.5482
tv15%_lb60d_ovly,Aug 2024–Aug 2026,2026-03-10,1.097202,1.0000,1.0000,1.0000,0.0000,0,-0.0230,0.1139,606.3383,81.4989
tv15%_lb60d_ovly,Aug 2024–Aug 2026,2026-03-11,1.097058,1.0000,1.0000,1.0000,0.0000,0,-0.0243,0.1138,606.2585,81.4201
tv15%_lb60d_ovly,Aug 2024–Aug 2026,2026-03-12,1.078228,1.0000,1.0000,1.0000,0.0000,0,-0.0391,0.1159,595.8531,81.2822
tv15%_lb60d_ovly,Aug 2024–Aug 2026,2026-03-13,1.071838,1.0000,1.0000,1.0000,0.0000,0,-0.0445,0.1164,592.3214,81.3314
tv15%_lb60d_ovly,Aug 2024–Aug 2026,2026-03-16,1.083861,1.0000,1.0000,1.0000,0.0000,0,-0.0348,0.1183,598.9657,81.4299
tv15%_lb60d_ovly,Aug 2024–Aug 2026,2026-03-17,1.089150,1.0000,1.0000,1.0000,0.0000,0,-0.0323,0.1162,601.8888,81.4398
tv15%_lb60d_ovly,Aug 2024–Aug 2026,2026-03-18,1.073968,1.0000,1.0000,1.0000,0.0000,0,-0.0458,0.1187,593.4987,81.2920
tv15%_lb60d_ovly,Aug 2024–Aug 2026,2026-03-19,1.070574,1.0000,1.0000,1.0000,0.0000,0,-0.0481,0.1171,591.6230,81.2723
tv15%_lb60d_ovly,Aug 2024–Aug 2026,2026-03-20,1.050788,1.0000,1.0000,1.0000,0.0000,0,-0.0618,0.1197,580.6888,81.0949
tv15%_lb60d_ovly,Aug 2024–Aug 2026,2026-03-23,1.062850,1.0000,1.0000,1.0000,0.0000,0,-0.0519,0.1214,587.3546,81.2132
tv15%_lb60d_ovly,Aug 2024–Aug 2026,2026-03-24,1.055583,1.0000,1.0000,1.0000,0.2500,0,-0.0551,0.1212,583.3389,81.0949
tv15%_lb60d_ovly,Aug 2024–Aug 2026,2026-03-25,1.062525,1.0000,1.0000,1.0000,0.0000,0,-0.0445,0.1219,587.1747,81.1836
tv15%_lb60d_ovly,Aug 2024–Aug 2026,2026-03-26,1.037164,1.0000,1.0000,1.0000,0.2500,0,-0.0576,0.1268,573.1601,81.0063
tv15%_lb60d_ovly,Aug 2024–Aug 2026,2026-03-27,1.016902,1.0000,1.0000,1.0000,0.0000,0,-0.0737,0.1311,561.9625,81.1738
tv15%_lb60d_ovly,Aug 2024–Aug 2026,2026-03-30,1.009129,1.0000,1.0000,1.0000,0.0000,0,-0.0751,0.1305,557.6672,81.2822
tv15%_lb60d_ovly,Aug 2024–Aug 2026,2026-03-31,1.043292,1.0000,1.0000,1.0000,0.0000,0,-0.0482,0.1441,576.5464,81.3511
tv15%_lb60d_ovly,Aug 2024–Aug 2026,2026-04-01,1.056180,1.0000,1.0000,1.0000,0.0000,0,-0.0356,0.1443,583.6686,81.3482
tv15%_lb60d_ovly,Aug 2024–Aug 2026,2026-04-02,1.057391,1.0000,1.0000,1.0000,0.0000,0,-0.0304,0.1436,584.3378,81.3877
tv15%_lb60d_ovly,Aug 2024–Aug 2026,2026-04-06,1.063754,1.0000,1.0000,1.0000,0.0000,0,-0.0259,0.1440,587.8540,81.3086
tv15%_lb60d_ovly,Aug 2024–Aug 2026,2026-04-07,1.063916,1.0000,1.0000,1.0000,0.0000,0,-0.0239,0.1440,587.9439,81.3679
tv15%_lb60d_ovly,Aug 2024–Aug 2026,2026-04-08,1.095549,1.0000,0.9818,0.9818,0.0000,0,0.0000,0.1528,605.4247,81.4470
tv15%_lb60d_ovly,Aug 2024–Aug 2026,2026-04-09,1.102960,1.0000,0.9788,0.9788,0.0000,0,0.0000,0.1533,609.5202,81.4667
tv15%_lb60d_ovly,Aug 2024–Aug 2026,2026-04-10,1.104551,1.0000,0.9790,0.9790,0.0000,0,-0.0007,0.1532,610.3992,81.4371
tv15%_lb60d_ovly,Aug 2024–Aug 2026,2026-04-13,1.115974,1.0000,0.9723,0.9723,0.0000,0,0.0000,0.1543,616.7123,81.4964
tv15%_lb60d_ovly,Aug 2024–Aug 2026,2026-04-14,1.136237,1.0000,0.9604,0.9604,0.0000,0,0.0000,0.1562,627.9099,81.5557
tv15%_lb60d_ovly,Aug 2024–Aug 2026,2026-04-15,1.152144,1.0000,0.9556,0.9556,0.0000,0,0.0000,0.1570,636.7003,81.5359
tv15%_lb60d_ovly,Aug 2024–Aug 2026,2026-04-16,1.157693,1.0000,0.9940,0.9940,0.0000,0,0.0000,0.1509,639.7669,81.5063
tv15%_lb60d_ovly,Aug 2024–Aug 2026,2026-04-17,1.172840,1.0000,0.9929,0.9929,0.0000,0,0.0000,0.1511,648.1377,81.6644
tv15%_lb60d_ovly,Aug 2024–Aug 2026,2026-04-20,1.169117,1.0000,0.9943,0.9943,0.0000,0,-0.0020,0.1509,646.0800,81.6248
tv15%_lb60d_ovly,Aug 2024–Aug 2026,2026-04-21,1.164670,1.0000,0.9897,0.9897,0.0000,0,-0.0085,0.1516,643.6227,81.5063
tv15%_lb60d_ovly,Aug 2024–Aug 2026,2026-04-22,1.184156,1.0000,0.9832,0.9832,0.0000,0,0.0000,0.1526,654.3909,81.5458
tv15%_lb60d_ovly,Aug 2024–Aug 2026,2026-04-23,1.177486,1.0000,0.9826,0.9826,0.0000,0,-0.0039,0.1526,650.7049,81.5063
tv15%_lb60d_ovly,Aug 2024–Aug 2026,2026-04-24,1.200008,1.0000,0.9779,0.9779,0.0000,0,0.0000,0.1534,663.1512,81.5952
tv15%_lb60d_ovly,Aug 2024–Aug 2026,2026-04-27,1.200641,1.0000,0.9783,0.9783,0.0000,0,0.0000,0.1533,663.5009,81.5754
tv15%_lb60d_ovly,Aug 2024–Aug 2026,2026-04-28,1.188566,1.0000,0.9768,0.9768,0.0000,0,-0.0049,0.1536,656.8282,81.5260
tv15%_lb60d_ovly,Aug 2024–Aug 2026,2026-04-29,1.195833,1.0000,0.9786,0.9786,0.0000,0,-0.0050,0.1533,660.8438,81.4173
tv15%_lb60d_ovly,Aug 2024–Aug 2026,2026-04-30,1.206985,1.0000,0.9782,0.9782,0.0000,0,0.0000,0.1533,667.0070,81.5063
tv15%_lb60d_ovly,Aug 2024–Aug 2026,2026-05-01,1.218572,1.0000,0.9807,0.9807,0.0000,0,0.0000,0.1530,673.4100,81.5191
tv15%_lb60d_ovly,Aug 2024–Aug 2026,2026-05-04,1.216276,1.0000,0.9954,0.9954,0.0000,0,-0.0037,0.1507,672.1414,81.4200
tv15%_lb60d_ovly,Aug 2024–Aug 2026,2026-05-05,1.232056,1.0000,1.0000,1.0000,0.0000,0,0.0000,0.1467,680.8618,81.4597
tv15%_lb60d_ovly,Aug 2024–Aug 2026,2026-05-06,1.257651,1.0000,1.0000,1.0000,0.0000,0,0.0000,0.1489,695.0062,81.5687
tv15%_lb60d_ovly,Aug 2024–Aug 2026,2026-05-07,1.256151,1.0000,1.0000,1.0000,0.0000,0,-0.0031,0.1489,694.1771,81.4993
tv15%_lb60d_ovly,Aug 2024–Aug 2026,2026-05-08,1.285596,1.0000,1.0000,1.0000,0.0000,0,0.0000,0.1497,710.4492,81.5687
tv15%_lb60d_ovly,Aug 2024–Aug 2026,2026-05-11,1.289320,1.0000,1.0000,1.0000,0.0000,0,0.0000,0.1456,712.5070,81.4894
tv15%_lb60d_ovly,Aug 2024–Aug 2026,2026-05-12,1.278384,1.0000,1.0000,1.0000,0.0000,0,-0.0015,0.1457,706.4636,81.4299
tv15%_lb60d_ovly,Aug 2024–Aug 2026,2026-05-13,1.291887,1.0000,1.0000,1.0000,0.0000,0,0.0000,0.1459,713.9255,81.4597
tv15%_lb60d_ovly,Aug 2024–Aug 2026,2026-05-14,1.301069,1.0000,1.0000,1.0000,0.0000,0,0.0000,0.1464,718.9998,81.4299
tv15%_lb60d_ovly,Aug 2024–Aug 2026,2026-05-15,1.281439,1.0000,1.0000,1.0000,0.0000,0,-0.0120,0.1488,708.1518,81.3308
tv15%_lb60d_ovly,Aug 2024–Aug 2026,2026-05-18,1.275926,1.0000,1.0000,1.0000,0.0000,0,-0.0127,0.1483,705.1051,81.3705
tv15%_lb60d_ovly,Aug 2024–Aug 2026,2026-05-19,1.268063,1.0000,1.0000,1.0000,0.0000,0,-0.0193,0.1473,700.7599,81.3110
tv15%_lb60d_ovly,Aug 2024–Aug 2026,2026-05-20,1.289067,1.0000,1.0000,1.0000,0.0000,0,-0.0092,0.1479,712.3672,81.4200
tv15%_lb60d_ovly,Aug 2024–Aug 2026,2026-05-21,1.291525,1.0000,1.0000,1.0000,0.0000,0,-0.0073,0.1472,713.7256,81.4101
tv15%_lb60d_ovly,Aug 2024–Aug 2026,2026-05-22,1.297002,1.0000,1.0000,1.0000,0.0000,0,-0.0034,0.1466,716.7523,81.3903
tv15%_lb60d_ovly,Aug 2024–Aug 2026,2026-05-26,1.320031,1.0000,1.0000,1.0000,0.0000,0,0.0000,0.1464,729.4784,81.4795
tv15%_lb60d_ovly,Aug 2024–Aug 2026,2026-05-27,1.318530,1.0000,1.0000,1.0000,0.0000,0,-0.0002,0.1465,728.6493,81.4894
tv15%_lb60d_ovly,Aug 2024–Aug 2026,2026-05-28,1.329647,1.0000,1.0000,1.0000,0.0000,0,0.0000,0.1451,734.7925,81.5291
tv15%_lb60d_ovly,Aug 2024–Aug 2026,2026-05-29,1.334545,1.0000,1.0000,1.0000,0.0000,0,0.0000,0.1447,737.4995,81.5687
tv15%_lb60d_ovly,Aug 2024–Aug 2026,2026-06-01,1.342553,1.0000,1.0000,1.0000,0.0000,0,0.0000,0.1439,741.9247,81.5220
tv15%_lb60d_ovly,Aug 2024–Aug 2026,2026-06-02,1.348735,1.0000,1.0000,1.0000,0.0000,0,0.0000,0.1404,745.3409,81.5220
tv15%_lb60d_ovly,Aug 2024–Aug 2026,2026-06-03,1.345210,1.0000,1.0000,1.0000,0.0000,0,-0.0070,0.1410,743.3931,81.4822
tv15%_lb60d_ovly,Aug 2024–Aug 2026,2026-06-04,1.338703,1.0000,1.0000,1.0000,0.0000,0,-0.0033,0.1408,739.7970,81.5419
tv15%_lb60d_ovly,Aug 2024–Aug 2026,2026-06-05,1.274444,1.0000,0.9867,0.9867,0.0000,0,-0.0290,0.1520,704.2860,81.3729
tv15%_lb60d_ovly,Aug 2024–Aug 2026,2026-06-08,1.294345,1.0000,1.0000,1.0000,0.0000,0,-0.0268,0.1479,715.2839,81.4126
tv15%_lb60d_ovly,Aug 2024–Aug 2026,2026-06-09,1.279451,1.0000,1.0000,1.0000,0.0000,0,-0.0296,0.1475,707.0530,81.4524
tv15%_lb60d_ovly,Aug 2024–Aug 2026,2026-06-10,1.253892,1.0000,0.9946,0.9946,0.0000,0,-0.0449,0.1508,692.9285,81.4524
tv15%_lb60d_ovly,Aug 2024–Aug 2026,2026-06-11,1.296243,1.0000,0.9735,0.9735,0.0000,0,-0.0287,0.1541,716.3328,81.6015
tv15%_lb60d_ovly,Aug 2024–Aug 2026,2026-06-12,1.303871,1.0000,0.9950,0.9950,0.0000,0,-0.0235,0.1508,720.5482,81.5816
tv15%_lb60d_ovly,Aug 2024–Aug 2026,2026-06-15,1.344830,1.0000,0.9755,0.9755,0.0000,0,-0.0062,0.1538,743.1833,81.6214
tv15%_lb60d_ovly,Aug 2024–Aug 2026,2026-06-16,1.319271,1.0000,0.9948,0.9948,0.0000,0,-0.0122,0.1508,729.0588,81.6413
tv15%_lb60d_ovly,Aug 2024–Aug 2026,2026-06-17,1.305986,1.0000,0.9809,0.9809,0.0000,0,-0.0245,0.1529,721.7169,81.3928
tv15%_lb60d_ovly,Aug 2024–Aug 2026,2026-06-18,1.338721,1.0000,0.9777,0.9777,0.0000,0,-0.0144,0.1534,739.8070,81.5021
tv15%_lb60d_ovly,Aug 2024–Aug 2026,2026-06-22,1.335361,1.0000,0.9761,0.9761,0.0000,0,-0.0175,0.1537,737.9500,81.4226
tv15%_lb60d_ovly,Aug 2024–Aug 2026,2026-06-23,1.291388,1.0000,0.9874,0.9874,0.0000,0,-0.0317,0.1519,713.6500,81.4822
tv15%_lb60d_ovly,Aug 2024–Aug 2026,2026-06-24,1.285905,1.0000,1.0000,1.0000,0.0000,0,-0.0322,0.1466,710.6200,81.5816
tv15%_lb60d_ovly,Aug 2024–Aug 2026,2026-06-25,1.296328,1.0000,1.0000,1.0000,0.0000,0,-0.0308,0.1461,716.3800,81.6015
tv15%_lb60d_ovly,Aug 2024–Aug 2026,2026-06-26,1.278486,1.0000,1.0000,1.0000,0.0000,0,-0.0378,0.1369,706.5200,81.7009
tv15%_lb60d_ovly,Aug 2024–Aug 2026,2026-06-29,1.310262,1.0000,1.0000,1.0000,0.0000,0,-0.0219,0.1396,724.0800,81.6810
tv15%_lb60d_ovly,Aug 2024–Aug 2026,2026-06-30,1.332556,1.0000,1.0000,1.0000,0.0000,0,-0.0143,0.1401,736.4000,81.6214
tv15%_lb60d_ovly,Aug 2024–Aug 2026,2026-07-01,1.312234,1.0000,1.0000,1.0000,0.0000,0,-0.0124,0.1402,725.1700,81.5895
tv15%_lb60d_ovly,Aug 2024–Aug 2026,2026-07-02,1.289488,1.0000,1.0000,1.0000,0.0000,0,-0.0137,0.1403,712.6000,81.6892
tv15%_lb60d_ovly,Aug 2024–Aug 2026,2026-07-06,1.307982,1.0000,1.0000,1.0000,0.0000,0,-0.0021,0.1326,722.8200,81.7291
tv15%_lb60d_ovly,Aug 2024–Aug 2026,2026-07-07,1.283752,1.0000,1.0000,1.0000,0.0000,0,-0.0069,0.1330,709.4300,81.6094
tv15%_lb60d_ovly,Aug 2024–Aug 2026,2026-07-08,1.287389,1.0000,1.0000,1.0000,0.0000,0,-0.0099,0.1333,711.4400,81.5895
tv15%_lb60d_ovly,Aug 2024–Aug 2026,2026-07-09,1.308814,1.0000,1.0000,1.0000,0.0000,0,-0.0016,0.1330,723.2800,81.6593
tv15%_lb60d_ovly,Aug 2024–Aug 2026,2026-07-10,1.312850,1.0000,1.0000,1.0000,0.0000,0,0.0000,0.1313,725.5100,81.6294
tv15%_lb60d_ovly,Aug 2024–Aug 2026,2026-07-13,1.287932,1.0000,1.0000,1.0000,0.0000,0,-0.0077,0.1319,711.7400,81.5396
tv15%_lb60d_ovly,Aug 2024–Aug 2026,2026-07-14,1.302318,1.0000,1.0000,1.0000,0.0000,0,-0.0041,0.1319,719.6900,81.6792
tv15%_lb60d_ovly,Aug 2024–Aug 2026,2026-07-15,1.298789,1.0000,1.0000,1.0000,0.0000,0,-0.0002,0.1301,717.7400,81.7490
tv15%_lb60d_ovly,Aug 2024–Aug 2026,2026-07-16,1.277437,1.0000,1.0000,1.0000,0.0000,0,-0.0056,0.1307,705.9400,81.7490
tv15%_lb60d_ovly,Aug 2024–Aug 2026,2026-07-17,1.258237,1.0000,1.0000,1.0000,0.0000,0,-0.0154,0.1317,695.3300,81.7390
tv15%_lb60d_ovly,Aug 2024–Aug 2026,2026-07-20,1.259558,1.0000,1.0000,1.0000,0.0000,0,-0.0170,0.1304,696.0600,81.7091
tv15%_lb60d_ovly,Aug 2024–Aug 2026,2026-07-21,1.282920,1.0000,1.0000,1.0000,0.0000,0,-0.0088,0.1309,708.9700,81.6393
tv15%_lb60d_ovly,Aug 2024–Aug 2026,2026-07-22,1.276369,1.0000,1.0000,1.0000,0.0000,0,-0.0100,0.1303,705.3500,81.5795
tv15%_lb60d_ovly,Aug 2024–Aug 2026,2026-07-23,1.252139,1.0000,1.0000,1.0000,0.0000,0,-0.0222,0.1330,691.9600,81.5197
tv15%_lb60d_ovly,Aug 2024–Aug 2026,2026-07-24,1.238151,1.0000,1.0000,1.0000,0.0000,0,-0.0212,0.1325,684.2300,81.5995
tv15%_lb60d_ovly,Aug 2024–Aug 2026,2026-07-27,1.234333,1.0000,1.0000,1.0000,0.0000,0,-0.0210,0.1325,682.1200,81.6194
tv15%_lb60d_ovly,Aug 2024–Aug 2026,2026-07-28,1.222336,1.0000,1.0000,1.0000,0.0000,0,-0.0187,0.1312,675.4900,81.6892
tv15%_lb60d_ovly,Aug 2024–Aug 2026,2026-07-29,1.197436,1.0000,1.0000,1.0000,0.0000,0,-0.0338,0.1352,661.7300,81.7390
tv15%_lb60d_ovly,Aug 2024–Aug 2026,2026-07-30,1.236921,1.0000,1.0000,1.0000,0.0000,0,-0.0176,0.1390,683.5500,81.7590
tv15%_lb60d_ovly,Aug 2024–Aug 2026,2026-07-31,1.244955,1.0000,1.0000,1.0000,0.0000,0,-0.0105,0.1388,687.9900,81.7490
tv15%_lb60d_ovly,Aug 2024–Aug 2026,2026-08-03,1.266815,1.0000,1.0000,1.0000,0.0000,0,0.0000,0.1390,700.0700,81.7700
tv15%_lb60d_ovly,Aug 2024–Aug 2026,2026-08-04,1.309846,1.0000,1.0000,1.0000,0.0000,0,0.0000,0.1432,723.8500,81.8700
tv15%_lb60d_ovly,Aug 2024–Aug 2026,2026-08-05,1.297993,1.0000,1.0000,1.0000,0.0000,0,-0.0020,0.1425,717.3000,81.9000
tv15%_lb60d_ovly,Aug 2024–Aug 2026,2026-08-06,1.293198,1.0000,1.0000,1.0000,0.0000,0,-0.0036,0.1425,714.6500,81.8000
tv15%_lb60d_ovly,Aug 2024–Aug 2026,2026-08-07,1.308362,1.0000,1.0000,1.0000,0.0000,0,0.0000,0.1429,723.0300,81.9200
tv15%_lb60d_ovly,Aug 2024–Aug 2026,2026-08-10,1.304453,1.0000,1.0000,1.0000,0.0000,0,-0.0003,0.1425,720.8700,81.8600
tv15%_lb60d_ovly,Aug 2024–Aug 2026,2026-08-11,1.300074,1.0000,1.0000,1.0000,0.0000,0,-0.0035,0.1420,718.4500,81.8700
tv15%_lb60d_ovly,Aug 2024–Aug 2026,2026-08-12,1.309574,1.0000,1.0000,1.0000,0.0000,0,-0.0010,0.1396,723.7000,81.9200
tv15%_lb60d_ovly,Aug 2024–Aug 2026,2026-08-13,1.324720,1.0000,1.0000,1.0000,0.0000,0,0.0000,0.1401,732.0700,82.0300
tv15%_lb60d_ovly,Aug 2024–Aug 2026,2026-08-14,1.322911,1.0000,1.0000,1.0000,0.0000,0,-0.0020,0.1393,731.0700,82.0000
tv15%_lb60d_ovly,Aug 2024–Aug 2026,2026-08-17,1.320739,1.0000,1.0000,1.0000,0.0000,0,-0.0067,0.1385,729.8700,82.0000
tv15%_lb60d_ovly,Aug 2024–Aug 2026,2026-08-18,1.298373,1.0000,1.0000,1.0000,0.0000,0,-0.0134,0.1393,717.5100,82.0200
tv15%_lb60d_ovly,Aug 2024–Aug 2026,2026-08-19,1.295786,1.0000,1.0000,1.0000,0.0000,0,-0.0113,0.1392,716.0800,82.0600
tv15%_lb60d_ovly,Aug 2024–Aug 2026,2026-08-20,1.286466,1.0000,1.0000,1.0000,0.0000,0,-0.0196,0.1398,710.9300,82.0200
tv15%_lb60d_ovly,Aug 2024–Aug 2026,2026-08-21,1.291008,1.0000,1.0000,1.0000,0.0000,0,-0.0156,0.1400,713.4400,82.0000
tv15%_lb60d_pure,2022 bear,2022-01-03,1.000000,0.0000,0.0000,0.0000,0.0000,0,0.0000,0.0000,390.7567,74.2173
tv15%_lb60d_pure,2022 bear,2022-01-04,1.000585,0.0000,0.0000,0.0000,0.0000,0,0.0000,0.0000,385.6885,74.2608
tv15%_lb60d_pure,2022 bear,2022-01-05,0.999297,0.0000,0.0000,0.0000,0.0000,0,0.0000,0.0000,373.8396,74.1652
tv15%_lb60d_pure,2022 bear,2022-01-06,0.998478,0.0000,0.0000,0.0000,0.0000,0,0.0000,0.0000,373.5770,74.1044
tv15%_lb60d_pure,2022 bear,2022-01-07,0.998244,0.0000,0.0000,0.0000,0.0000,0,0.0000,0.0000,369.5301,74.0870
tv15%_lb60d_pure,2022 bear,2022-01-10,0.997659,0.0000,0.0000,0.0000,0.0000,0,0.0000,0.0000,369.7733,74.0436
tv15%_lb60d_pure,2022 bear,2022-01-11,0.998010,0.0000,0.0000,0.0000,0.0000,0,0.0000,0.0000,375.3281,74.0696
tv15%_lb60d_pure,2022 bear,2022-01-12,0.997659,0.0000,0.0000,0.0000,0.0000,0,0.0000,0.0000,376.8165,74.0436
tv15%_lb60d_pure,2022 bear,2022-01-13,0.998127,0.0000,0.0000,0.0000,0.0000,0,0.0000,0.0000,367.3900,74.0784
tv15%_lb60d_pure,2022 bear,2022-01-14,0.996840,0.0000,0.0000,0.0000,0.0000,0,0.0000,0.0000,369.6761,73.9828
tv15%_lb60d_pure,2022 bear,2022-01-18,0.995318,0.0000,0.0000,0.0000,0.0000,0,0.0000,0.0000,360.4733,73.8699
tv15%_lb60d_pure,2022 bear,2022-01-19,0.995787,0.0000,0.0000,0.0000,0.0000,0,0.0000,0.0000,356.5141,73.9046
tv15%_lb60d_pure,2022 bear,2022-01-20,0.995553,0.0000,0.0000,0.0000,0.0000,0,0.0000,0.0000,351.8836,73.8873
tv15%_lb60d_pure,2022 bear,2022-01-21,0.996372,0.0000,0.0000,0.0000,0.0000,0,0.0000,0.0000,342.1262,73.9481
tv15%_lb60d_pure,2022 bear,2022-01-24,0.996957,0.0000,0.0000,0.0000,0.0000,0,0.0000,0.0000,343.6924,73.9915
tv15%_lb60d_pure,2022 bear,2022-01-25,0.996489,0.0000,0.0000,0.0000,0.0000,0,0.0000,0.0000,335.7251,73.9567
tv15%_lb60d_pure,2022 bear,2022-01-26,0.994733,0.0000,0.0000,0.0000,0.0000,0,0.0000,0.0000,335.1998,73.8265
tv15%_lb60d_pure,2022 bear,2022-01-27,0.993914,0.0000,0.0000,0.0000,0.0000,0,0.0000,0.0000,331.8242,73.7657
tv15%_lb60d_pure,2022 bear,2022-01-28,0.994265,0.0000,0.0000,0.0000,0.0000,0,0.0000,0.0000,342.2333,73.7917
tv15%_lb60d_pure,2022 bear,2022-01-31,0.994265,0.0000,0.0000,0.0000,0.0000,0,-0.0582,0.0000,353.1772,73.7917
tv15%_lb60d_pure,2022 bear,2022-02-01,0.994183,0.0000,0.0000,0.0000,0.0000,0,-0.0515,0.0000,355.5801,73.7856
tv15%_lb60d_pure,2022 bear,2022-02-02,0.994417,0.0000,0.0000,0.0000,0.0000,0,-0.0290,0.0000,358.4693,73.8030
tv15%_lb60d_pure,2022 bear,2022-02-03,0.993597,0.0000,0.0000,0.0000,0.0000,0,-0.0518,0.0000,343.9356,73.7422
tv15%_lb60d_pure,2022 bear,2022-02-04,0.991607,0.0000,0.0000,0.0000,0.0000,0,-0.0474,0.0000,348.2744,73.5945
tv15%_lb60d_pure,2022 bear,2022-02-07,0.991842,0.0000,0.0000,0.0000,0.0000,0,-0.0504,0.0000,345.4727,73.6119
tv15%_lb60d_pure,2022 bear,2022-02-08,0.990788,0.0000,0.0000,0.0000,0.0000,0,-0.0426,0.0000,349.3542,73.5336
tv15%_lb60d_pure,2022 bear,2022-02-09,0.990671,0.0000,0.0000,0.0000,0.0000,0,-0.0286,0.0000,356.7572,73.5250
tv15%_lb60d_pure,2022 bear,2022-02-10,0.985637,0.0000,0.0000,0.0000,0.0000,0,-0.0331,0.0000,348.6829,73.1513
tv15%_lb60d_pure,2022 bear,2022-02-11,0.988681,0.0000,0.0000,0.0000,0.0000,0,-0.0522,0.0000,337.6221,73.3773
tv15%_lb60d_pure,2022 bear,2022-02-14,0.986573,0.0000,0.0000,0.0000,0.0000,0,-0.0405,0.0000,338.0404,73.2209
tv15%_lb60d_pure,2022 bear,2022-02-15,0.986924,0.0000,0.0000,0.0000,0.0000,0,-0.0250,0.0000,346.4455,73.2469
tv15%_lb60d_pure,2022 bear,2022-02-16,0.988213,0.0000,0.0000,0.0000,0.0000,0,-0.0239,0.0000,346.3579,73.3425
tv15%_lb60d_pure,2022 bear,2022-02-17,0.988798,0.0000,0.0000,0.0000,0.0000,0,-0.0448,0.0000,336.0560,73.3859
tv15%_lb60d_pure,2022 bear,2022-02-18,0.988915,0.0000,0.0000,0.0000,0.0000,0,-0.0509,0.0000,332.2231,73.3946
tv15%_lb60d_pure,2022 bear,2022-02-22,0.987978,0.0000,0.0000,0.0000,0.0000,0,-0.0611,0.0000,328.8863,73.3251
tv15%_lb60d_pure,2022 bear,2022-02-23,0.987393,0.0000,0.0000,0.0000,0.0000,0,-0.0778,0.0000,320.4619,73.2817
tv15%_lb60d_pure,2022 bear,2022-02-24,0.988213,0.0000,0.0000,0.0000,0.0000,0,-0.0639,0.0000,331.2308,73.3425
tv15%_lb60d_pure,2022 bear,2022-02-25,0.988213,0.0000,0.0000,0.0000,0.0000,0,-0.0433,0.0000,336.3672,73.3425
tv15%_lb60d_pure,2022 bear,2022-02-28,0.989969,0.0000,0.0000,0.0000,0.0000,0,-0.0457,0.0000,337.3692,73.4728
tv15%_lb60d_pure,2022 bear,2022-03-01,0.992252,0.0000,0.0000,0.0000,0.0000,0,-0.0602,0.0000,332.2036,73.6423
tv15%_lb60d_pure,2022 bear,2022-03-02,0.988973,0.0000,0.0000,0.0000,0.0000,0,-0.0429,0.0000,337.7777,73.3989
tv15%_lb60d_pure,2022 bear,2022-03-03,0.988973,0.0000,0.0000,0.0000,0.0000,0,-0.0477,0.0000,332.9526,73.3989
tv15%_lb60d_pure,2022 bear,2022-03-04,0.990027,0.0000,0.0000,0.0000,0.0000,0,-0.0554,0.0000,328.1275,73.4772
tv15%_lb60d_pure,2022 bear,2022-03-07,0.988739,0.0000,0.0000,0.0000,0.0000,0,-0.0833,0.0000,316.0258,73.3816
tv15%_lb60d_pure,2022 bear,2022-03-08,0.987450,0.0000,0.0000,0.0000,0.0000,0,-0.0902,0.0000,314.5569,73.2859
tv15%_lb60d_pure,2022 bear,2022-03-09,0.986865,0.0000,0.0000,0.0000,0.0000,0,-0.0659,0.0000,325.8804,73.2425
tv15%_lb60d_pure,2022 bear,2022-03-10,0.986045,0.0000,0.0000,0.0000,0.0000,0,-0.0531,0.0000,322.2615,73.1817
tv15%_lb60d_pure,2022 bear,2022-03-11,0.985694,0.0000,0.0000,0.0000,0.0000,0,-0.0594,0.0000,315.5783,73.1556
tv15%_lb60d_pure,2022 bear,2022-03-14,0.983118,0.0000,0.0000,0.0000,0.0000,0,-0.0663,0.0000,309.5176,72.9644
tv15%_lb60d_pure,2022 bear,2022-03-15,0.983469,0.0000,0.0000,0.0000,0.0000,0,-0.0457,0.0000,319.2263,72.9904
tv15%_lb60d_pure,2022 bear,2022-03-16,0.982532,0.0000,0.0000,0.0000,0.0000,0,-0.0246,0.0000,331.0655,72.9209
tv15%_lb60d_pure,2022 bear,2022-03-17,0.982181,0.0000,0.0000,0.0000,0.0000,0,0.0000,0.0000,335.0734,72.8949
tv15%_lb60d_pure,2022 bear,2022-03-18,0.981947,0.0000,0.0000,0.0000,0.0000,0,0.0000,0.0000,341.9316,72.8775
tv15%_lb60d_pure,2022 bear,2022-03-21,0.978667,0.0000,0.0000,0.0000,0.0000,0,-0.0003,0.0000,340.9810,72.6341
tv15%_lb60d_pure,2022 bear,2022-03-22,0.977965,0.0000,0.0000,0.0000,0.0000,0,0.0000,0.0000,347.6823,72.5819
tv15%_lb60d_pure,2022 bear,2022-03-23,0.978784,0.0000,0.0000,0.0000,0.0000,0,-0.0129,0.0000,342.6855,72.6428
tv15%_lb60d_pure,2022 bear,2022-03-24,0.978550,0.0000,0.0000,0.0000,0.0000,0,0.0000,0.0000,350.3023,72.6254
tv15%_lb60d_pure,2022 bear,2022-03-25,0.975857,0.0000,0.0000,0.0000,0.0000,0,0.0000,0.0000,350.0102,72.4255
tv15%_lb60d_pure,2022 bear,2022-03-28,0.974920,0.0000,0.0000,0.0000,0.0000,0,0.0000,0.0000,355.4256,72.3560
tv15%_lb60d_pure,2022 bear,2022-03-29,0.975388,0.0000,0.0000,0.0000,0.0000,0,0.0000,0.0000,361.5423,72.3907
tv15%_lb60d_pure,2022 bear,2022-03-30,0.976091,0.0000,0.6937,0.6937,0.0000,0,-0.0062,0.2162,357.5489,72.4429
tv15%_lb60d_pure,2022 bear,2022-03-31,0.975414,0.6937,0.6869,0.6869,0.0000,0,-0.0215,0.2184,353.1172,72.4429
tv15%_lb60d_pure,2022 bear,2022-04-01,0.973502,0.6937,0.6975,0.6975,0.0000,0,-0.0187,0.2150,352.4451,72.2916
tv15%_lb60d_pure,2022 bear,2022-04-04,0.987585,0.6937,0.6950,0.6950,0.0000,0,-0.0103,0.2158,359.7014,72.3350
tv15%_lb60d_pure,2022 bear,2022-04-05,0.971828,0.6937,0.6906,0.6906,0.0000,0,-0.0228,0.2172,351.7147,72.2047
tv15%_lb60d_pure,2022 bear,2022-04-06,0.957406,0.6937,0.6878,0.6878,0.0000,0,-0.0326,0.2181,344.0783,72.2568
tv15%_lb60d_pure,2022 bear,2022-04-07,0.959197,0.6937,0.6897,0.6897,0.0000,0,-0.0277,0.2175,344.8965,72.3090
tv15%_lb60d_pure,2022 bear,2022-04-08,0.949542,0.6937,0.6900,0.6900,0.0000,0,-0.0303,0.2174,340.0752,72.2220
tv15%_lb60d_pure,2022 bear,2022-04-11,0.934029,0.6937,0.6869,0.6869,0.0000,0,-0.0469,0.2184,332.0299,72.2394
tv15%_lb60d_pure,2022 bear,2022-04-12,0.932015,0.6937,0.6867,0.6867,0.0000,0,-0.0504,0.2184,330.6273,72.4220
tv15%_lb60d_pure,2022 bear,2022-04-13,0.945294,0.6937,0.6914,0.6914,0.0000,0,-0.0395,0.2170,337.3480,72.4568
tv15%_lb60d_pure,2022 bear,2022-04-14,0.929778,0.6937,0.6900,0.6900,0.0000,0,-0.0515,0.2174,329.6338,72.3263
tv15%_lb60d_pure,2022 bear,2022-04-18,0.930273,0.6937,0.6936,0.6936,0.0000,0,-0.0511,0.2163,329.8871,72.3263
tv15%_lb60d_pure,2022 bear,2022-04-19,0.944046,0.6937,0.6980,0.6980,0.0000,0,-0.0358,0.2149,337.2603,72.1612
tv15%_lb60d_pure,2022 bear,2022-04-20,0.934669,0.6937,0.6985,0.6985,0.0000,0,-0.0365,0.2148,332.3416,72.2047
tv15%_lb60d_pure,2022 bear,2022-04-21,0.920771,0.6937,0.6960,0.6960,0.0000,0,-0.0509,0.2155,325.4651,72.0829
tv15%_lb60d_pure,2022 bear,2022-04-22,0.903977,0.6937,0.6727,0.6727,0.0000,0,-0.0769,0.2230,316.9425,72.0655
tv15%_lb60d_pure,2022 bear,2022-04-25,0.912466,0.6937,0.6723,0.6723,0.0000,0,-0.0716,0.2231,321.0138,72.1785
tv15%_lb60d_pure,2022 bear,2022-04-26,0.889079,0.6937,0.6664,0.6664,0.0000,0,-0.0985,0.2251,308.8972,72.3090
tv15%_lb60d_pure,2022 bear,2022-04-27,0.888209,0.6937,0.6763,0.6763,0.0000,0,-0.0903,0.2218,308.5270,72.2742
tv15%_lb60d_pure,2022 bear,2022-04-28,0.909896,0.6937,0.6589,0.6589,0.0000,0,-0.0635,0.2277,319.4846,72.2220
tv15%_lb60d_pure,2022 bear,2022-04-29,0.880956,0.6937,0.6285,0.6285,0.0000,0,-0.0981,0.2387,305.1083,72.0829
tv15%_lb60d_pure,2022 bear,2022-05-02,0.891082,0.6285,0.6392,0.6392,0.0000,0,-0.0926,0.2347,310.2024,72.0777
tv15%_lb60d_pure,2022 bear,2022-05-03,0.891520,0.6285,0.6393,0.6393,0.0000,0,-0.0768,0.2346,310.5335,72.0429
tv15%_lb60d_pure,2022 bear,2022-05-04,0.911346,0.6285,0.6169,0.6169,0.0000,0,-0.0439,0.2431,321.0333,72.2343
tv15%_lb60d_pure,2022 bear,2022-05-05,0.881927,0.6285,0.5927,0.5927,0.0000,0,-0.0779,0.2531,304.8647,72.1125
tv15%_lb60d_pure,2022 bear,2022-05-06,0.875247,0.6285,0.5975,0.5975,0.0000,0,-0.0809,0.2510,301.2122,72.1038
tv15%_lb60d_pure,2022 bear,2022-05-09,0.854547,0.6285,0.5843,0.5843,0.0000,0,-0.1053,0.2567,289.4268,72.2865
tv15%_lb60d_pure,2022 bear,2022-05-10,0.860881,0.6285,0.5903,0.5903,0.0000,0,-0.1032,0.2541,292.9429,72.2430
tv15%_lb60d_pure,2022 bear,2022-05-11,0.844873,0.6285,0.5863,0.5863,0.0000,0,-0.1175,0.2558,284.2548,72.2517
tv15%_lb60d_pure,2022 bear,2022-05-12,0.844071,0.6285,0.5926,0.5926,0.0000,0,-0.1184,0.2531,283.5827,72.3560
tv15%_lb60d_pure,2022 bear,2022-05-13,0.863618,0.6285,0.5803,0.5803,0.0000,0,-0.0973,0.2585,294.0923,72.3300
tv15%_lb60d_pure,2022 bear,2022-05-16,0.857519,0.6285,0.5878,0.5878,0.0000,0,-0.1010,0.2552,290.6832,72.3735
tv15%_lb60d_pure,2022 bear,2022-05-17,0.870789,0.6285,0.5795,0.5795,0.0000,0,-0.0818,0.2588,298.2123,72.2169
tv15%_lb60d_pure,2022 bear,2022-05-18,0.844079,0.6285,0.5536,0.5536,0.0000,0,-0.1055,0.2709,283.5729,72.2517
tv15%_lb60d_pure,2022 bear,2022-05-19,0.841626,0.5536,0.5577,0.5577,0.0000,0,-0.0923,0.2690,282.0535,72.3560
tv15%_lb60d_pure,2022 bear,2022-05-20,0.840449,0.5536,0.5621,0.5621,0.0000,0,-0.0919,0.2669,281.1768,72.4083
tv15%_lb60d_pure,2022 bear,2022-05-23,0.848005,0.5536,0.5645,0.5645,0.0000,0,-0.0749,0.2657,285.8521,72.3735
tv15%_lb60d_pure,2022 bear,2022-05-24,0.838888,0.5536,0.5639,0.5639,0.0000,0,-0.0820,0.2660,279.7743,72.5388
tv15%_lb60d_pure,2022 bear,2022-05-25,0.845657,0.5536,0.5654,0.5654,0.0000,0,-0.0739,0.2653,283.6898,72.5910
tv15%_lb60d_pure,2022 bear,2022-05-26,0.858719,0.5536,0.5643,0.5643,0.0000,0,-0.0554,0.2658,291.5501,72.6084
tv15%_lb60d_pure,2022 bear,2022-05-27,0.874328,0.5536,0.5540,0.5540,0.0000,0,-0.0322,0.2708,301.0661,72.6258
tv15%_lb60d_pure,2022 bear,2022-05-31,0.872436,0.5536,0.5545,0.5545,0.0000,0,-0.0376,0.2705,300.2675,72.5127
tv15%_lb60d_pure,2022 bear,2022-06-01,0.868139,0.5536,0.5680,0.5680,0.0000,0,-0.0454,0.2641,298.0467,72.3777
tv15%_lb60d_pure,2022 bear,2022-06-02,0.881394,0.5536,0.5628,0.5628,0.0000,0,0.0000,0.2665,306.2089,72.3951
tv15%_lb60d_pure,2022 bear,2022-06-03,0.868556,0.5536,0.5706,0.5706,0.0000,0,-0.0164,0.2629,298.2415,72.3690
tv15%_lb60d_pure,2022 bear,2022-06-06,0.869645,0.5536,0.5706,0.5706,0.0000,0,-0.0134,0.2629,299.2350,72.2733
tv15%_lb60d_pure,2022 bear,2022-06-07,0.873844,0.5536,0.5717,0.5717,0.0000,0,-0.0040,0.2624,301.8161,72.2820
tv15%_lb60d_pure,2022 bear,2022-06-08,0.870081,0.5536,0.5705,0.5705,0.0000,0,-0.0148,0.2629,299.6442,72.2297
tv15%_lb60d_pure,2022 bear,2022-06-09,0.856898,0.5536,0.5695,0.5695,0.0000,0,-0.0382,0.2634,291.6182,72.1775
tv15%_lb60d_pure,2022 bear,2022-06-10,0.838551,0.5536,0.5653,0.5653,0.0000,0,-0.0661,0.2653,281.3327,71.8728
tv15%_lb60d_pure,2022 bear,2022-06-13,0.815061,0.5536,0.5471,0.5471,0.0000,0,-0.1016,0.2742,268.2517,71.5071
tv15%_lb60d_pure,2022 bear,2022-06-14,0.815172,0.5536,0.2500,0.5500,0.0000,1,-0.1043,0.2727,268.7388,71.3678
tv15%_lb60d_pure,2022 bear,2022-06-15,0.827611,0.2500,0.5457,0.5457,0.0000,0,-0.0915,0.2749,275.4497,71.6464
tv15%_lb60d_pure,2022 bear,2022-06-16,0.819850,0.5457,0.2500,0.5348,0.0000,1,-0.1216,0.2805,264.3363,71.7421
tv15%_lb60d_pure,2022 bear,2022-06-17,0.824955,0.2500,0.2500,0.5358,0.0000,1,-0.1197,0.2800,267.5504,71.7247
tv15%_lb60d_pure,2022 bear,2022-06-21,0.829933,0.2500,0.2500,0.5292,0.0000,1,-0.0975,0.2834,274.3007,71.6986
tv15%_lb60d_pure,2022 bear,2022-06-22,0.831445,0.2500,0.2500,0.5301,0.0000,1,-0.0991,0.2830,273.9005,71.9076
tv15%_lb60d_pure,2022 bear,2022-06-23,0.835069,0.2500,0.2500,0.5292,0.0000,1,-0.0903,0.2834,277.9797,71.9685
tv15%_lb60d_pure,2022 bear,2022-06-24,0.842071,0.2500,0.2500,0.5165,0.0000,1,-0.0614,0.2904,287.5043,71.9511
tv15%_lb60d_pure,2022 bear,2022-06-27,0.839839,0.2500,0.5167,0.5167,0.0000,0,-0.0650,0.2903,285.3965,71.8728
tv15%_lb60d_pure,2022 bear,2022-06-28,0.833068,0.5167,0.2500,0.5146,0.0000,1,-0.0841,0.2915,276.7013,71.8553
tv15%_lb60d_pure,2022 bear,2022-06-29,0.833728,0.2500,0.2500,0.5150,0.0000,1,-0.0848,0.2913,276.9550,71.9424
tv15%_lb60d_pure,2022 bear,2022-06-30,0.832353,0.2500,0.2500,0.5163,0.0000,1,-0.0923,0.2905,273.5199,72.0817
tv15%_lb60d_pure,2022 bear,2022-07-01,0.835606,0.2500,0.2500,0.5152,0.0000,1,-0.0790,0.2911,275.3253,72.2987
tv15%_lb60d_pure,2022 bear,2022-07-05,0.839107,0.2500,0.5157,0.5157,0.0000,0,-0.0773,0.2909,280.0388,72.2900
tv15%_lb60d_pure,2022 bear,2022-07-06,0.838485,0.5157,0.5160,0.5160,0.0000,0,-0.0742,0.2907,281.8345,72.0896
tv15%_lb60d_pure,2022 bear,2022-07-07,0.847443,0.5157,0.5121,0.5121,0.0000,0,-0.0500,0.2929,287.8654,72.0373
tv15%_lb60d_pure,2022 bear,2022-07-08,0.847494,0.5157,0.5150,0.5150,0.0000,0,-0.0276,0.2912,288.2265,71.9501
tv15%_lb60d_pure,2022 bear,2022-07-11,0.838306,0.5157,0.5139,0.5139,0.0000,0,-0.0150,0.2919,282.0687,71.9763
tv15%_lb60d_pure,2022 bear,2022-07-12,0.834315,0.5157,0.5158,0.5158,0.0000,0,-0.0237,0.2908,279.3362,72.0111
tv15%_lb60d_pure,2022 bear,2022-07-13,0.832988,0.5157,0.5170,0.5170,0.0000,0,-0.0288,0.2901,278.7604,71.9327
tv15%_lb60d_pure,2022 bear,2022-07-14,0.834376,0.5157,0.5171,0.5171,0.0000,0,-0.0312,0.2901,279.7559,71.9065
tv15%_lb60d_pure,2022 bear,2022-07-15,0.842474,0.5157,0.5156,0.5156,0.0000,0,-0.0127,0.2909,284.8304,71.9588
tv15%_lb60d_pure,2022 bear,2022-07-18,0.838551,0.5157,0.5152,0.5152,0.0000,0,-0.0208,0.2911,282.4200,71.9153
tv15%_lb60d_pure,2022 bear,2022-07-19,0.851406,0.5157,0.5068,0.5068,0.0000,0,0.0000,0.2960,291.1053,71.8368
tv15%_lb60d_pure,2022 bear,2022-07-20,0.858318,0.5157,0.5148,0.5148,0.0000,0,0.0000,0.2914,295.7213,71.8281
tv15%_lb60d_pure,2022 bear,2022-07-21,0.865832,0.5157,0.5138,0.5138,0.0000,0,0.0000,0.2919,299.9663,72.0285
tv15%_lb60d_pure,2022 bear,2022-07-22,0.859068,0.5157,0.5236,0.5236,0.0000,0,-0.0093,0.2865,294.7063,72.2115
tv15%_lb60d_pure,2022 bear,2022-07-25,0.856193,0.5157,0.5237,0.5237,0.0000,0,-0.0081,0.2864,293.0278,72.1505
tv15%_lb60d_pure,2022 bear,2022-07-26,0.847317,0.5157,0.5316,0.5316,0.0000,0,-0.0198,0.2822,287.2701,72.1157
tv15%_lb60d_pure,2022 bear,2022-07-27,0.866428,0.5157,0.5410,0.5410,0.0000,0,0.0000,0.2772,299.4101,72.2290
tv15%_lb60d_pure,2022 bear,2022-07-28,0.871707,0.5157,0.5392,0.5392,0.0000,0,0.0000,0.2782,302.3377,72.3858
tv15%_lb60d_pure,2022 bear,2022-07-29,0.879855,0.5157,0.5363,0.5363,0.0000,0,0.0000,0.2797,307.8514,72.3772
tv15%_lb60d_pure,2022 bear,2022-08-01,0.879571,0.5157,0.5503,0.5503,0.0000,0,-0.0030,0.2726,307.6660,72.3754
tv15%_lb60d_pure,2022 bear,2022-08-02,0.876730,0.5157,0.5710,0.5710,0.0000,0,-0.0095,0.2627,306.7487,72.1224
tv15%_lb60d_pure,2022 bear,2022-08-03,0.889147,0.5710,0.5675,0.5675,0.0000,0,0.0000,0.2643,315.1023,72.1486
tv15%_lb60d_pure,2022 bear,2022-08-04,0.892029,0.5710,0.5873,0.5873,0.0000,0,-0.0007,0.2554,316.5759,72.2445
tv15%_lb60d_pure,2022 bear,2022-08-05,0.886296,0.5710,0.5873,0.5873,0.0000,0,-0.0024,0.2554,313.9897,71.9479
tv15%_lb60d_pure,2022 bear,2022-08-08,0.885029,0.5710,0.5927,0.5927,0.0000,0,-0.0035,0.2531,312.9749,72.0177
tv15%_lb60d_pure,2022 bear,2022-08-09,0.878941,0.5710,0.5923,0.5923,0.0000,0,-0.0075,0.2533,309.4324,71.9479
tv15%_lb60d_pure,2022 bear,2022-08-10,0.893316,0.5710,0.5947,0.5947,0.0000,0,0.0000,0.2522,318.0690,72.0177
tv15%_lb60d_pure,2022 bear,2022-08-11,0.890281,0.5710,0.5952,0.5952,0.0000,0,0.0000,0.2520,316.2635,71.9915
tv15%_lb60d_pure,2022 bear,2022-08-12,0.900272,0.5710,0.5977,0.5977,0.0000,0,0.0000,0.2510,322.4214,72.0090
tv15%_lb60d_pure,2022 bear,2022-08-15,0.904754,0.5710,0.6375,0.6375,0.0000,0,0.0000,0.2353,325.0269,72.0700
tv15%_lb60d_pure,2022 bear,2022-08-16,0.903155,0.6375,0.6390,0.6390,0.0000,0,0.0000,0.2347,324.2658,72.0090
tv15%_lb60d_pure,2022 bear,2022-08-17,0.896310,0.6375,0.6372,0.6372,0.0000,0,-0.0071,0.2354,320.5672,71.9479
tv15%_lb60d_pure,2022 bear,2022-08-18,0.898157,0.6375,0.6444,0.6444,0.0000,0,-0.0042,0.2328,321.3382,72.0526
tv15%_lb60d_pure,2022 bear,2022-08-19,0.886756,0.6375,0.6409,0.6409,0.0000,0,-0.0176,0.2340,315.0730,72.0003
tv15%_lb60d_pure,2022 bear,2022-08-22,0.871444,0.6375,0.6306,0.6306,0.0000,0,-0.0380,0.2379,306.7780,71.9043
tv15%_lb60d_pure,2022 bear,2022-08-23,0.871137,0.6375,0.6394,0.6394,0.0000,0,-0.0404,0.2346,306.5242,71.9392
tv15%_lb60d_pure,2022 bear,2022-08-24,0.872402,0.6375,0.6540,0.6540,0.0000,0,-0.0373,0.2294,307.4124,71.8607
tv15%_lb60d_pure,2022 bear,2022-08-25,0.882428,0.6375,0.6498,0.6498,0.0000,0,-0.0237,0.2308,312.8479,71.9043
tv15%_lb60d_pure,2022 bear,2022-08-26,0.859291,0.6375,0.6224,0.6224,0.0000,0,-0.0568,0.2410,300.0249,71.8868
tv15%_lb60d_pure,2022 bear,2022-08-29,0.853665,0.6375,0.6300,0.6300,0.0000,0,-0.0630,0.2381,297.0679,71.8345
tv15%_lb60d_pure,2022 bear,2022-08-30,0.847454,0.6375,0.6335,0.6335,0.0000,0,-0.0733,0.2368,293.7597,71.7996
tv15%_lb60d_pure,2022 bear,2022-08-31,0.844275,0.6375,0.6326,0.6326,0.0000,0,-0.0803,0.2371,292.0519,71.7909
tv15%_lb60d_pure,2022 bear,2022-09-01,0.844286,0.6375,0.6348,0.6348,0.0000,0,-0.0774,0.2363,292.1789,71.7385
tv15%_lb60d_pure,2022 bear,2022-09-02,0.837352,0.6375,0.6349,0.6349,0.0000,0,-0.0872,0.2362,288.0508,71.8957
tv15%_lb60d_pure,2022 bear,2022-09-06,0.832854,0.6375,0.6485,0.6485,0.0000,0,-0.0906,0.2313,285.9819,71.7385
tv15%_lb60d_pure,2022 bear,2022-09-07,0.844021,0.6375,0.6633,0.6633,0.0000,0,-0.0743,0.2262,291.7592,71.8433
tv15%_lb60d_pure,2022 bear,2022-09-08,0.846439,0.6375,0.7101,0.7101,0.0000,0,-0.0682,0.2112,293.2718,71.7559
tv15%_lb60d_pure,2022 bear,2022-09-09,0.857914,0.7101,0.7041,0.7041,0.0000,0,-0.0538,0.2131,299.6833,71.6948
tv15%_lb60d_pure,2022 bear,2022-09-12,0.865124,0.7101,0.7066,0.7066,0.0000,0,-0.0436,0.2123,303.2454,71.6861
tv15%_lb60d_pure,2022 bear,2022-09-13,0.830581,0.7101,0.6791,0.6791,0.0000,0,-0.0852,0.2209,286.6163,71.4415
tv15%_lb60d_pure,2022 bear,2022-09-14,0.835054,0.7101,0.6789,0.6789,0.0000,0,-0.0778,0.2209,288.8900,71.3803
tv15%_lb60d_pure,2022 bear,2022-09-15,0.824912,0.7101,0.6917,0.6917,0.0000,0,-0.0883,0.2169,284.0790,71.3017
tv15%_lb60d_pure,2022 bear,2022-09-16,0.821448,0.7101,0.6897,0.6897,0.0000,0,-0.0829,0.2175,282.3420,71.3367
tv15%_lb60d_pure,2022 bear,2022-09-19,0.825727,0.7101,0.6908,0.6908,0.0000,0,-0.0700,0.2171,284.5406,71.2581
tv15%_lb60d_pure,2022 bear,2022-09-20,0.820936,0.7101,0.7184,0.7184,0.0000,0,-0.0807,0.2088,282.2725,71.2231
tv15%_lb60d_pure,2022 bear,2022-09-21,0.810294,0.7101,0.7085,0.7085,0.0000,0,-0.0967,0.2117,277.2180,71.1620
tv15%_lb60d_pure,2022 bear,2022-09-22,0.802780,0.7101,0.7205,0.7205,0.0000,0,-0.1043,0.2082,273.8062,71.0310
tv15%_lb60d_pure,2022 bear,2022-09-23,0.793212,0.7101,0.7110,0.7110,0.0000,0,-0.1010,0.2110,269.3482,70.9436
tv15%_lb60d_pure,2022 bear,2022-09-26,0.790372,0.7101,0.7100,0.7100,0.0000,0,-0.1099,0.2113,268.2336,70.7864
tv15%_lb60d_pure,2022 bear,2022-09-27,0.790597,0.7101,0.7141,0.7141,0.0000,0,-0.1122,0.2101,268.3413,70.7864
tv15%_lb60d_pure,2022 bear,2022-09-28,0.802754,0.7101,0.7007,0.7007,0.0000,0,-0.0947,0.2141,273.6791,71.0921
tv15%_lb60d_pure,2022 bear,2022-09-29,0.786007,0.7101,0.6880,0.6880,0.0000,0,-0.1136,0.2180,265.7896,70.9960
tv15%_lb60d_pure,2022 bear,2022-09-30,0.776346,0.7101,0.6893,0.6893,0.0000,0,-0.1273,0.2176,261.2827,70.9349
tv15%_lb60d_pure,2022 bear,2022-10-03,0.789774,0.7101,0.6675,0.6675,0.0000,0,-0.1043,0.2247,267.4124,71.0906
tv15%_lb60d_pure,2022 bear,2022-10-04,0.807491,0.7101,0.6448,0.6448,0.0000,0,-0.0765,0.2326,275.8202,71.1168
tv15%_lb60d_pure,2022 bear,2022-10-05,0.806903,0.6448,0.6466,0.6466,0.0000,0,-0.0787,0.2320,275.6735,71.0468
tv15%_lb60d_pure,2022 bear,2022-10-06,0.802454,0.6448,0.6446,0.6446,0.0000,0,-0.0882,0.2327,273.5032,70.9594
tv15%_lb60d_pure,2022 bear,2022-10-07,0.782387,0.6448,0.6258,0.6258,0.0000,0,-0.1136,0.2397,263.0815,70.8719
tv15%_lb60d_pure,2022 bear,2022-10-10,0.777241,0.6448,0.6340,0.6340,0.0000,0,-0.0839,0.2366,260.4517,70.8457
tv15%_lb60d_pure,2022 bear,2022-10-11,0.770492,0.6448,0.6345,0.6345,0.0000,0,-0.0897,0.2364,256.8736,70.8806
tv15%_lb60d_pure,2022 bear,2022-10-12,0.770592,0.6448,0.6542,0.6542,0.0000,0,-0.0823,0.2293,256.7856,70.9506
tv15%_lb60d_pure,2022 bear,2022-10-13,0.781435,0.6448,0.6366,0.6366,0.0000,0,-0.0581,0.2356,262.8078,70.7407
tv15%_lb60d_pure,2022 bear,2022-10-14,0.766153,0.6448,0.6286,0.6286,0.0000,0,-0.0796,0.2386,254.9085,70.7057
tv15%_lb60d_pure,2022 bear,2022-10-17,0.782769,0.6448,0.6137,0.6137,0.0000,0,-0.0450,0.2444,263.3259,70.7844
tv15%_lb60d_pure,2022 bear,2022-10-18,0.786898,0.6448,0.6103,0.6103,0.0000,0,-0.0181,0.2458,265.4084,70.8195
tv15%_lb60d_pure,2022 bear,2022-10-19,0.784530,0.6448,0.6120,0.6120,0.0000,0,-0.0251,0.2451,264.4405,70.6882
tv15%_lb60d_pure,2022 bear,2022-10-20,0.781639,0.6448,0.6271,0.6271,0.0000,0,-0.0332,0.2392,263.0913,70.6095
tv15%_lb60d_pure,2022 bear,2022-10-21,0.794178,0.6448,0.6168,0.6168,0.0000,0,-0.0097,0.2432,269.2603,70.7932
tv15%_lb60d_pure,2022 bear,2022-10-24,0.799742,0.6448,0.6183,0.6183,0.0000,0,0.0000,0.2426,272.2224,70.7757
tv15%_lb60d_pure,2022 bear,2022-10-25,0.810690,0.6448,0.6119,0.6119,0.0000,0,0.0000,0.2451,277.8536,70.8457
tv15%_lb60d_pure,2022 bear,2022-10-26,0.799389,0.6448,0.6117,0.6117,0.0000,0,-0.0075,0.2452,271.7141,70.9069
tv15%_lb60d_pure,2022 bear,2022-10-27,0.790600,0.6448,0.6175,0.6175,0.0000,0,-0.0128,0.2429,266.7672,71.0556
tv15%_lb60d_pure,2022 bear,2022-10-28,0.805784,0.6448,0.6043,0.6043,0.0000,0,0.0000,0.2482,274.9305,70.9506
tv15%_lb60d_pure,2022 bear,2022-10-31,0.799320,0.6448,0.6035,0.6035,0.0000,0,-0.0072,0.2485,271.7336,70.8457
tv15%_lb60d_pure,2022 bear,2022-11-01,0.793776,0.6448,0.6033,0.6033,0.0000,0,-0.0116,0.2486,268.9571,70.7764
tv15%_lb60d_pure,2022 bear,2022-11-02,0.776093,0.6448,0.5917,0.5917,0.0000,0,-0.0364,0.2535,259.7381,70.7414
tv15%_lb60d_pure,2022 bear,2022-11-03,0.765764,0.5917,0.6004,0.6004,0.0000,0,-0.0463,0.2499,254.6641,70.6100
tv15%_lb60d_pure,2022 bear,2022-11-04,0.773401,0.5917,0.5951,0.5951,0.0000,0,-0.0326,0.2520,258.7604,70.6888
tv15%_lb60d_pure,2022 bear,2022-11-07,0.778158,0.5917,0.5995,0.5995,0.0000,0,-0.0233,0.2502,261.6053,70.6275
tv15%_lb60d_pure,2022 bear,2022-11-08,0.781828,0.5917,0.5992,0.5992,0.0000,0,-0.0180,0.2503,263.5117,70.6976
tv15%_lb60d_pure,2022 bear,2022-11-09,0.771668,0.5917,0.5924,0.5924,0.0000,0,-0.0383,0.2532,257.4308,70.8115
tv15%_lb60d_pure,2022 bear,2022-11-10,0.807073,0.5917,0.5405,0.5405,0.0000,0,0.0000,0.2775,276.4262,71.1970
tv15%_lb60d_pure,2022 bear,2022-11-11,0.815749,0.5405,0.5390,0.5390,0.0000,0,0.0000,0.2783,281.5197,71.1795
tv15%_lb60d_pure,2022 bear,2022-11-14,0.811567,0.5405,0.5405,0.5405,0.0000,0,-0.0085,0.2775,279.0561,71.1182
tv15%_lb60d_pure,2022 bear,2022-11-15,0.818005,0.5405,0.5454,0.5454,0.0000,0,-0.0001,0.2750,282.9178,71.1882
tv15%_lb60d_pure,2022 bear,2022-11-16,0.812016,0.5405,0.5447,0.5447,0.0000,0,-0.0077,0.2754,279.0561,71.1970
tv15%_lb60d_pure,2022 bear,2022-11-17,0.810588,0.5405,0.5449,0.5449,0.0000,0,-0.0107,0.2753,278.4402,71.1094
tv15%_lb60d_pure,2022 bear,2022-11-18,0.810191,0.5405,0.5478,0.5478,0.0000,0,-0.0062,0.2738,278.4500,71.0305
tv15%_lb60d_pure,2022 bear,2022-11-21,0.805594,0.5405,0.5664,0.5664,0.0000,0,-0.0098,0.2648,275.5855,71.0130
tv15%_lb60d_pure,2022 bear,2022-11-22,0.812139,0.5405,0.5640,0.5640,0.0000,0,0.0000,0.2660,279.5547,71.0656
tv15%_lb60d_pure,2022 bear,2022-11-23,0.816867,0.5405,0.5654,0.5654,0.0000,0,0.0000,0.2653,282.3606,71.1269
tv15%_lb60d_pure,2022 bear,2022-11-25,0.814009,0.5405,0.5665,0.5665,0.0000,0,-0.0002,0.2648,280.5030,71.1357
tv15%_lb60d_pure,2022 bear,2022-11-28,0.807645,0.5405,0.5621,0.5621,0.0000,0,-0.0162,0.2668,276.3872,71.1532
tv15%_lb60d_pure,2022 bear,2022-11-29,0.804203,0.5405,0.5640,0.5640,0.0000,0,-0.0179,0.2659,274.2950,71.1269
tv15%_lb60d_pure,2022 bear,2022-11-30,0.825112,0.5405,0.5491,0.5491,0.0000,0,0.0000,0.2732,286.7990,71.3372
tv15%_lb60d_pure,2022 bear,2022-12-01,0.826475,0.5405,0.5537,0.5537,0.0000,0,-0.0007,0.2709,287.1509,71.4908
tv15%_lb60d_pure,2022 bear,2022-12-02,0.824603,0.5405,0.5543,0.5543,0.0000,0,-0.0019,0.2706,286.0070,71.4733
tv15%_lb60d_pure,2022 bear,2022-12-05,0.816051,0.5405,0.5528,0.5528,0.0000,0,-0.0198,0.2714,281.2069,71.2713
tv15%_lb60d_pure,2022 bear,2022-12-06,0.807327,0.5405,0.5516,0.5516,0.0000,0,-0.0340,0.2719,275.3802,71.3503
tv15%_lb60d_pure,2022 bear,2022-12-07,0.806322,0.5405,0.5855,0.5855,0.0000,0,-0.0356,0.2562,274.2559,71.4996
tv15%_lb60d_pure,2022 bear,2022-12-08,0.811116,0.5405,0.5846,0.5846,0.0000,0,-0.0281,0.2566,277.5016,71.4294
tv15%_lb60d_pure,2022 bear,2022-12-09,0.808137,0.5405,0.5861,0.5861,0.0000,0,-0.0353,0.2559,275.7321,71.3942
tv15%_lb60d_pure,2022 bear,2022-12-12,0.813391,0.5405,0.5836,0.5836,0.0000,0,-0.0214,0.2570,279.1930,71.3503
tv15%_lb60d_pure,2022 bear,2022-12-13,0.819221,0.5405,0.5837,0.5837,0.0000,0,-0.0140,0.2570,282.1943,71.5611
tv15%_lb60d_pure,2022 bear,2022-12-14,0.815985,0.5405,0.5855,0.5855,0.0000,0,-0.0203,0.2562,280.1021,71.5698
tv15%_lb60d_pure,2022 bear,2022-12-15,0.801226,0.5405,0.5797,0.5797,0.0000,0,-0.0443,0.2588,270.6974,71.5795
tv15%_lb60d_pure,2022 bear,2022-12-16,0.797459,0.5405,0.5783,0.5783,0.0000,0,-0.0556,0.2594,268.1164,71.6499
tv15%_lb60d_pure,2022 bear,2022-12-19,0.790951,0.5405,0.5825,0.5825,0.0000,0,-0.0636,0.2575,264.3484,71.5619
tv15%_lb60d_pure,2022 bear,2022-12-20,0.790618,0.5405,0.5846,0.5846,0.0000,0,-0.0623,0.2566,264.1426,71.5619
tv15%_lb60d_pure,2022 bear,2022-12-21,0.797175,0.5405,0.5812,0.5812,0.0000,0,-0.0483,0.2581,267.9743,71.6323
tv15%_lb60d_pure,2022 bear,2022-12-22,0.786408,0.5405,0.5834,0.5834,0.0000,0,-0.0618,0.2571,261.4182,71.5883
tv15%_lb60d_pure,2022 bear,2022-12-23,0.787187,0.5405,0.5921,0.5921,0.0000,0,-0.0564,0.2533,262.0062,71.5532
tv15%_lb60d_pure,2022 bear,2022-12-27,0.780641,0.5921,0.5972,0.5972,0.0000,0,-0.0602,0.2512,258.3019,71.4564
tv15%_lb60d_pure,2022 bear,2022-12-28,0.774538,0.5921,0.6066,0.6066,0.0000,0,-0.0718,0.2473,254.8916,71.4564
tv15%_lb60d_pure,2022 bear,2022-12-29,0.785951,0.5921,0.6198,0.6198,0.0000,0,-0.0544,0.2420,261.1046,71.5091
tv15%_lb60d_pure,2022 bear,2022-12-30,0.785277,0.5921,0.6198,0.6198,0.0000,0,-0.0558,0.2420,260.9479,71.4212
tv15%_lb60d_pure,2023–Aug 2024,2023-01-03,1.000000,0.0000,0.0000,0.0000,0.0000,0,0.0000,0.0000,259.1840,71.4827
tv15%_lb60d_pure,2023–Aug 2024,2023-01-04,1.000985,0.0000,0.0000,0.0000,0.0000,0,0.0000,0.0000,260.4186,71.5531
tv15%_lb60d_pure,2023–Aug 2024,2023-01-05,0.999631,0.0000,0.0000,0.0000,0.0000,0,0.0000,0.0000,256.3419,71.4564
tv15%_lb60d_pure,2023–Aug 2024,2023-01-06,1.003447,0.0000,0.0000,0.0000,0.0000,0,0.0000,0.0000,263.4174,71.7291
tv15%_lb60d_pure,2023–Aug 2024,2023-01-09,1.004431,0.0000,0.0000,0.0000,0.0000,0,0.0000,0.0000,265.1226,71.7995
tv15%_lb60d_pure,2023–Aug 2024,2023-01-10,1.003570,0.0000,0.0000,0.0000,0.0000,0,0.0000,0.0000,267.3667,71.7379
tv15%_lb60d_pure,2023–Aug 2024,2023-01-11,1.004431,0.0000,0.0000,0.0000,0.0000,0,0.0000,0.0000,271.9921,71.7995
tv15%_lb60d_pure,2023–Aug 2024,2023-01-12,1.006647,0.0000,0.0000,0.0000,0.0000,0,0.0000,0.0000,273.4621,71.9579
tv15%_lb60d_pure,2023–Aug 2024,2023-01-13,1.004923,0.0000,0.0000,0.0000,0.0000,0,0.0000,0.0000,275.3437,71.8347
tv15%_lb60d_pure,2023–Aug 2024,2023-01-17,1.005539,0.0000,0.0000,0.0000,0.0000,0,0.0000,0.0000,275.9023,71.8787
tv15%_lb60d_pure,2023–Aug 2024,2023-01-18,1.007755,0.0000,0.0000,0.0000,0.0000,0,0.0000,0.0000,272.3156,72.0371
tv15%_lb60d_pure,2023–Aug 2024,2023-01-19,1.007509,0.0000,0.0000,0.0000,0.0000,0,0.0000,0.0000,269.6403,72.0195
tv15%_lb60d_pure,2023–Aug 2024,2023-01-20,1.006647,0.0000,0.0000,0.0000,0.0000,0,0.0000,0.0000,277.0195,71.9579
tv15%_lb60d_pure,2023–Aug 2024,2023-01-23,1.005662,0.0000,0.0000,0.0000,0.0000,0,0.0000,0.0000,283.1736,71.8875
tv15%_lb60d_pure,2023–Aug 2024,2023-01-24,1.006031,0.0000,0.0000,0.0000,0.0000,0,0.0000,0.0000,282.5956,71.9139
tv15%_lb60d_pure,2023–Aug 2024,2023-01-25,1.006647,0.0000,0.0000,0.0000,0.0000,0,0.0000,0.0000,281.9684,71.9579
tv15%_lb60d_pure,2023–Aug 2024,2023-01-26,1.006031,0.0000,0.0000,0.0000,0.0000,0,0.0000,0.0000,287.4660,71.9139
tv15%_lb60d_pure,2023–Aug 2024,2023-01-27,1.006031,0.0000,0.0000,0.0000,0.0000,0,0.0000,0.0000,290.3275,71.9139
tv15%_lb60d_pure,2023–Aug 2024,2023-01-30,1.005047,0.0000,0.0000,0.0000,0.0000,0,0.0000,0.0000,284.4576,71.8435
tv15%_lb60d_pure,2023–Aug 2024,2023-01-31,1.006893,0.0000,0.0000,0.0000,0.0000,0,0.0000,0.0000,288.7204,71.9755
tv15%_lb60d_pure,2023–Aug 2024,2023-02-01,1.008644,0.0000,0.0000,0.0000,0.0000,0,0.0000,0.0000,294.8942,72.1006
tv15%_lb60d_pure,2023–Aug 2024,2023-02-02,1.008768,0.0000,0.0000,0.0000,0.0000,0,0.0000,0.0000,305.4780,72.1095
tv15%_lb60d_pure,2023–Aug 2024,2023-02-03,1.005068,0.0000,0.0000,0.0000,0.0000,0,-0.0106,0.0000,300.0489,71.8450
tv15%_lb60d_pure,2023–Aug 2024,2023-02-06,1.002232,0.0000,0.0000,0.0000,0.0000,0,-0.0167,0.0000,297.5108,71.6423
tv15%_lb60d_pure,2023–Aug 2024,2023-02-07,1.002725,0.0000,0.0000,0.0000,0.0000,0,-0.0038,0.0000,303.6748,71.6775
tv15%_lb60d_pure,2023–Aug 2024,2023-02-08,1.003095,0.0000,0.0000,0.0000,0.0000,0,-0.0147,0.0000,298.2751,71.7040
tv15%_lb60d_pure,2023–Aug 2024,2023-02-09,1.002355,0.0000,0.0000,0.0000,0.0000,0,-0.0232,0.0000,295.6390,71.6511
tv15%_lb60d_pure,2023–Aug 2024,2023-02-10,1.001862,0.0000,0.0000,0.0000,0.0000,0,-0.0210,0.0000,293.6986,71.6158
tv15%_lb60d_pure,2023–Aug 2024,2023-02-13,1.002108,0.0000,0.0000,0.0000,0.0000,0,-0.0095,0.0000,298.4026,71.6334
tv15%_lb60d_pure,2023–Aug 2024,2023-02-14,1.000012,0.0000,0.0000,0.0000,0.0000,0,-0.0099,0.0000,300.6075,71.4836
tv15%_lb60d_pure,2023–Aug 2024,2023-02-15,1.000135,0.0000,0.0000,0.0000,0.0000,0,-0.0067,0.0000,302.9104,71.4924
tv15%_lb60d_pure,2023–Aug 2024,2023-02-16,1.000259,0.0000,0.0000,0.0000,0.0000,0,-0.0204,0.0000,297.2266,71.5012
tv15%_lb60d_pure,2023–Aug 2024,2023-02-17,1.001122,0.0000,0.0000,0.0000,0.0000,0,-0.0228,0.0000,295.1294,71.5629
tv15%_lb60d_pure,2023–Aug 2024,2023-02-21,0.999149,0.0000,0.0000,0.0000,0.0000,0,-0.0424,0.0000,288.1422,71.4219
tv15%_lb60d_pure,2023–Aug 2024,2023-02-22,0.999642,0.0000,0.0000,0.0000,0.0000,0,-0.0438,0.0000,288.3578,71.4571
tv15%_lb60d_pure,2023–Aug 2024,2023-02-23,1.000259,0.0000,0.0000,0.0000,0.0000,0,-0.0387,0.0000,290.8763,71.5012
tv15%_lb60d_pure,2023–Aug 2024,2023-02-24,0.998162,0.0000,0.0000,0.0000,0.0000,0,-0.0489,0.0000,286.0059,71.3513
tv15%_lb60d_pure,2023–Aug 2024,2023-02-27,0.999025,0.0000,0.0000,0.0000,0.0000,0,-0.0457,0.0000,288.0540,71.4131
tv15%_lb60d_pure,2023–Aug 2024,2023-02-28,0.998779,0.0000,0.0000,0.0000,0.0000,0,-0.0492,0.0000,287.6816,71.3954
tv15%_lb60d_pure,2023–Aug 2024,2023-03-01,0.996950,0.0000,0.0000,0.0000,0.0000,0,-0.0529,0.0000,285.3688,71.2647
tv15%_lb60d_pure,2023–Aug 2024,2023-03-02,0.997321,0.0000,0.0000,0.0000,0.0000,0,-0.0455,0.0000,287.7306,71.2912
tv15%_lb60d_pure,2023–Aug 2024,2023-03-03,0.997938,0.0000,0.0000,0.0000,0.0000,0,-0.0265,0.0000,293.6790,71.3354
tv15%_lb60d_pure,2023–Aug 2024,2023-03-06,0.997444,0.0000,0.0000,0.0000,0.0000,0,-0.0258,0.0000,294.0122,71.3000
tv15%_lb60d_pure,2023–Aug 2024,2023-03-07,0.995343,0.0000,0.0000,0.0000,0.0000,0,-0.0408,0.0000,290.4059,71.1499
tv15%_lb60d_pure,2023–Aug 2024,2023-03-08,0.994849,0.0000,0.0000,0.0000,0.0000,0,-0.0364,0.0000,291.8563,71.1145
tv15%_lb60d_pure,2023–Aug 2024,2023-03-09,0.998062,0.0000,0.0000,0.0000,0.0000,0,-0.0542,0.0000,286.7996,71.3442
tv15%_lb60d_pure,2023–Aug 2024,2023-03-10,1.003499,0.0000,0.0000,0.0000,0.0000,0,-0.0678,0.0000,282.7719,71.7328
tv15%_lb60d_pure,2023–Aug 2024,2023-03-13,1.013508,0.0000,0.0000,0.0000,0.0000,0,-0.0691,0.0000,284.8690,72.4483
tv15%_lb60d_pure,2023–Aug 2024,2023-03-14,1.009677,0.0000,0.0000,0.0000,0.0000,0,-0.0537,0.0000,291.4153,72.1745
tv15%_lb60d_pure,2023–Aug 2024,2023-03-15,1.015609,0.0000,0.0000,0.0000,0.0000,0,-0.0597,0.0000,292.9441,72.5985
tv15%_lb60d_pure,2023–Aug 2024,2023-03-16,1.011531,0.0000,0.0000,0.0000,0.0000,0,-0.0298,0.0000,300.6663,72.3070
tv15%_lb60d_pure,2023–Aug 2024,2023-03-17,1.016597,0.0000,0.0000,0.0000,0.0000,0,-0.0388,0.0000,299.2452,72.6691
tv15%_lb60d_pure,2023–Aug 2024,2023-03-20,1.015362,0.0000,0.0000,0.0000,0.0000,0,-0.0228,0.0000,300.3073,72.5808
tv15%_lb60d_pure,2023–Aug 2024,2023-03-21,1.011531,0.0000,0.0000,0.0000,0.0000,0,-0.0100,0.0000,304.5964,72.3070
tv15%_lb60d_pure,2023–Aug 2024,2023-03-22,1.016226,0.0000,0.0000,0.0000,0.0000,0,-0.0269,0.0000,300.4544,72.6426
tv15%_lb60d_pure,2023–Aug 2024,2023-03-23,1.019192,0.0000,0.0000,0.0000,0.0000,0,-0.0242,0.0000,304.0174,72.8546
tv15%_lb60d_pure,2023–Aug 2024,2023-03-24,1.019686,0.0000,0.0000,0.0000,0.0000,0,-0.0178,0.0000,305.1363,72.8900
tv15%_lb60d_pure,2023–Aug 2024,2023-03-27,1.015362,0.0000,0.0000,0.0000,0.0000,0,-0.0160,0.0000,303.0457,72.5808
tv15%_lb60d_pure,2023–Aug 2024,2023-03-28,1.014249,0.0000,0.0000,0.0000,0.0000,0,-0.0182,0.0000,301.4359,72.5013
tv15%_lb60d_pure,2023–Aug 2024,2023-03-29,1.013879,0.0000,0.0000,0.0000,0.0000,0,-0.0039,0.0000,306.9324,72.4748
tv15%_lb60d_pure,2023–Aug 2024,2023-03-30,1.014002,0.0000,0.8884,0.8884,0.0000,0,0.0000,0.1688,309.8376,72.4837
tv15%_lb60d_pure,2023–Aug 2024,2023-03-31,1.014336,0.8884,0.8803,0.8803,0.0000,0,0.0000,0.1704,314.9904,72.5720
tv15%_lb60d_pure,2023–Aug 2024,2023-04-03,1.012284,0.8884,0.8906,0.8906,0.0000,0,0.0000,0.1684,314.2248,72.6605
tv15%_lb60d_pure,2023–Aug 2024,2023-04-04,1.009512,0.8884,0.9200,0.9200,0.0000,0,-0.0055,0.1630,313.1649,72.8287
tv15%_lb60d_pure,2023–Aug 2024,2023-04-05,1.000808,0.8884,0.9192,0.9192,0.0000,0,-0.0082,0.1632,310.0732,72.9261
tv15%_lb60d_pure,2023–Aug 2024,2023-04-06,1.006762,0.8884,0.9213,0.9213,0.0000,0,-0.0043,0.1628,312.1637,72.8995
tv15%_lb60d_pure,2023–Aug 2024,2023-04-10,1.005860,0.8884,0.9319,0.9319,0.0000,0,-0.0033,0.1610,311.9871,72.6428
tv15%_lb60d_pure,2023–Aug 2024,2023-04-11,1.000112,0.8884,0.9326,0.9326,0.0000,0,-0.0030,0.1608,309.9848,72.6339
tv15%_lb60d_pure,2023–Aug 2024,2023-04-12,0.992385,0.8884,0.9318,0.9318,0.0000,0,-0.0071,0.1610,307.2464,72.7136
tv15%_lb60d_pure,2023–Aug 2024,2023-04-13,1.009717,0.8884,0.9203,0.9203,0.0000,0,0.0000,0.1630,313.2630,72.7579
tv15%_lb60d_pure,2023–Aug 2024,2023-04-14,1.007770,0.8884,0.9409,0.9409,0.0000,0,-0.0024,0.1594,312.6740,72.5897
tv15%_lb60d_pure,2023–Aug 2024,2023-04-17,1.008311,0.9409,0.9459,0.9459,0.0000,0,0.0000,0.1586,312.9391,72.4835
tv15%_lb60d_pure,2023–Aug 2024,2023-04-18,1.008356,0.9409,0.9714,0.9714,0.0000,0,0.0000,0.1544,312.9587,72.4658
tv15%_lb60d_pure,2023–Aug 2024,2023-04-19,1.007859,0.9409,0.9825,0.9825,0.0000,0,-0.0002,0.1527,312.8115,72.4038
tv15%_lb60d_pure,2023–Aug 2024,2023-04-20,1.000775,0.9409,0.9794,0.9794,0.0000,0,-0.0056,0.1531,310.4265,72.5809
tv15%_lb60d_pure,2023–Aug 2024,2023-04-21,1.001721,0.9409,0.9794,0.9794,0.0000,0,-0.0049,0.1531,310.7503,72.5366
tv15%_lb60d_pure,2023–Aug 2024,2023-04-24,0.999822,0.9409,0.9893,0.9893,0.0000,0,-0.0038,0.1516,310.1025,72.6163
tv15%_lb60d_pure,2023–Aug 2024,2023-04-25,0.982308,0.9409,0.9663,0.9663,0.0000,0,-0.0196,0.1552,304.2529,72.8995
tv15%_lb60d_pure,2023–Aug 2024,2023-04-26,0.987842,0.9409,0.9789,0.9789,0.0000,0,-0.0238,0.1532,306.0981,72.8110
tv15%_lb60d_pure,2023–Aug 2024,2023-04-27,1.013000,0.9409,0.9639,0.9639,0.0000,0,-0.0043,0.1556,314.4211,72.6694
tv15%_lb60d_pure,2023–Aug 2024,2023-04-28,1.019641,0.9409,0.9671,0.9671,0.0000,0,0.0000,0.1551,316.5903,72.7490
tv15%_lb60d_pure,2023–Aug 2024,2023-05-01,1.018408,0.9409,0.9851,0.9851,0.0000,0,-0.0010,0.1523,316.2271,72.5902
tv15%_lb60d_pure,2023–Aug 2024,2023-05-02,1.010251,0.9409,0.9839,0.9839,0.0000,0,-0.0122,0.1525,313.4691,72.8298
tv15%_lb60d_pure,2023–Aug 2024,2023-05-03,1.004176,0.9409,0.9830,0.9830,0.0000,0,-0.0190,0.1526,311.4178,73.0072
tv15%_lb60d_pure,2023–Aug 2024,2023-05-04,1.000935,0.9409,0.9945,0.9945,0.0000,0,-0.0260,0.1508,310.3186,73.1226
tv15%_lb60d_pure,2023–Aug 2024,2023-05-05,1.020753,0.9945,0.9744,0.9744,0.0000,0,-0.0079,0.1539,316.9142,72.9451
tv15%_lb60d_pure,2023–Aug 2024,2023-05-08,1.023259,0.9945,0.9815,0.9815,0.0000,0,-0.0077,0.1528,317.6993,72.8298
tv15%_lb60d_pure,2023–Aug 2024,2023-05-09,1.016813,0.9945,0.9800,0.9800,0.0000,0,-0.0120,0.1531,315.6873,72.8120
tv15%_lb60d_pure,2023–Aug 2024,2023-05-10,1.027830,0.9945,0.9902,0.9902,0.0000,0,-0.0074,0.1515,319.1225,72.9895
tv15%_lb60d_pure,2023–Aug 2024,2023-05-11,1.031166,0.9945,0.9899,0.9899,0.0000,0,-0.0091,0.1515,320.1629,73.0339
tv15%_lb60d_pure,2023–Aug 2024,2023-05-12,1.027478,0.9945,0.9907,0.9907,0.0000,0,-0.0104,0.1514,319.0145,72.9096
tv15%_lb60d_pure,2023–Aug 2024,2023-05-15,1.033011,0.9945,1.0000,1.0000,0.0000,0,-0.0070,0.1488,320.7419,72.9185
tv15%_lb60d_pure,2023–Aug 2024,2023-05-16,1.034168,0.9945,1.0000,1.0000,0.0000,0,-0.0137,0.1494,321.1051,72.8298
tv15%_lb60d_pure,2023–Aug 2024,2023-05-17,1.046610,0.9945,1.0000,1.0000,0.0000,0,-0.0017,0.1451,324.9918,72.7499
tv15%_lb60d_pure,2023–Aug 2024,2023-05-18,1.065931,0.9945,1.0000,1.0000,0.0000,0,0.0000,0.1462,331.0280,72.6168
tv15%_lb60d_pure,2023–Aug 2024,2023-05-19,1.063538,0.9945,1.0000,1.0000,0.0000,0,-0.0015,0.1459,330.2821,72.5636
tv15%_lb60d_pure,2023–Aug 2024,2023-05-22,1.067087,0.9945,1.0000,1.0000,0.0000,0,-0.0010,0.1439,331.3912,72.5370
tv15%_lb60d_pure,2023–Aug 2024,2023-05-23,1.053635,0.9945,1.0000,1.0000,0.0000,0,-0.0123,0.1460,327.1903,72.5281
tv15%_lb60d_pure,2023–Aug 2024,2023-05-24,1.048253,0.9945,1.0000,1.0000,0.0000,0,-0.0194,0.1467,325.5120,72.4393
tv15%_lb60d_pure,2023–Aug 2024,2023-05-25,1.073606,0.9945,1.0000,1.0000,0.0000,0,-0.0109,0.1473,333.4326,72.2797
tv15%_lb60d_pure,2023–Aug 2024,2023-05-26,1.100884,0.9945,1.0000,1.0000,0.0000,0,0.0000,0.1486,341.9520,72.2619
tv15%_lb60d_pure,2023–Aug 2024,2023-05-30,1.105861,0.9945,1.0000,1.0000,0.0000,0,0.0000,0.1453,343.5028,72.4039
tv15%_lb60d_pure,2023–Aug 2024,2023-05-31,1.099614,0.9945,1.0000,1.0000,0.0000,0,-0.0055,0.1459,341.5496,72.4748
tv15%_lb60d_pure,2023–Aug 2024,2023-06-01,1.112256,0.9945,1.0000,1.0000,0.0000,0,0.0000,0.1431,345.4952,72.5878
tv15%_lb60d_pure,2023–Aug 2024,2023-06-02,1.120534,0.9945,1.0000,1.0000,0.0000,0,0.0000,0.1457,348.0863,72.3832
tv15%_lb60d_pure,2023–Aug 2024,2023-06-05,1.121321,0.9945,1.0000,1.0000,0.0000,0,-0.0019,0.1399,348.3317,72.4010
tv15%_lb60d_pure,2023–Aug 2024,2023-06-06,1.121129,0.9945,1.0000,1.0000,0.0000,0,0.0000,0.1358,348.2728,72.3655
tv15%_lb60d_pure,2023–Aug 2024,2023-06-07,1.102210,0.9945,1.0000,1.0000,0.0000,0,-0.0035,0.1361,342.3642,72.3121
tv15%_lb60d_pure,2023–Aug 2024,2023-06-08,1.115826,0.9945,1.0000,1.0000,0.0000,0,0.0000,0.1330,346.6141,72.4277
tv15%_lb60d_pure,2023–Aug 2024,2023-06-09,1.120056,0.9945,1.0000,1.0000,0.0000,0,0.0000,0.1319,347.9391,72.2943
tv15%_lb60d_pure,2023–Aug 2024,2023-06-12,1.138883,0.9945,1.0000,1.0000,0.0000,0,0.0000,0.1288,353.8182,72.3566
tv15%_lb60d_pure,2023–Aug 2024,2023-06-13,1.147574,0.9945,1.0000,1.0000,0.0000,0,0.0000,0.1261,356.5370,72.2231
tv15%_lb60d_pure,2023–Aug 2024,2023-06-14,1.155864,0.9945,1.0000,1.0000,0.0000,0,0.0000,0.1251,359.1282,72.1787
tv15%_lb60d_pure,2023–Aug 2024,2023-06-15,1.169574,0.9945,1.0000,1.0000,0.0000,0,0.0000,0.1248,363.4074,72.3299
tv15%_lb60d_pure,2023–Aug 2024,2023-06-16,1.162246,0.9945,1.0000,1.0000,0.0000,0,-0.0034,0.1190,361.1206,72.2320
tv15%_lb60d_pure,2023–Aug 2024,2023-06-20,1.160594,0.9945,1.0000,1.0000,0.0000,0,-0.0086,0.1198,360.6036,72.2587
tv15%_lb60d_pure,2023–Aug 2024,2023-06-21,1.144865,0.9945,1.0000,1.0000,0.0000,0,-0.0137,0.1203,355.6894,72.2587
tv15%_lb60d_pure,2023–Aug 2024,2023-06-22,1.158292,0.9945,1.0000,1.0000,0.0000,0,-0.0101,0.1203,359.8861,72.1787
tv15%_lb60d_pure,2023–Aug 2024,2023-06-23,1.146878,0.9945,1.0000,1.0000,0.0000,0,-0.0176,0.1216,356.3184,72.2409
tv15%_lb60d_pure,2023–Aug 2024,2023-06-26,1.131593,0.9945,1.0000,1.0000,0.0000,0,-0.0216,0.1191,351.5418,72.2943
tv15%_lb60d_pure,2023–Aug 2024,2023-06-27,1.150933,0.9945,1.0000,1.0000,0.0000,0,-0.0109,0.1204,357.5863,72.1876
tv15%_lb60d_pure,2023–Aug 2024,2023-06-28,1.153174,0.9945,1.0000,1.0000,0.0000,0,-0.0104,0.1175,358.2841,72.2676
tv15%_lb60d_pure,2023–Aug 2024,2023-06-29,1.150862,0.9945,1.0000,1.0000,0.0000,0,-0.0065,0.1175,357.5667,72.0897
tv15%_lb60d_pure,2023–Aug 2024,2023-06-30,1.168512,0.9945,1.0000,1.0000,0.0000,0,0.0000,0.1186,363.0803,72.1164
tv15%_lb60d_pure,2023–Aug 2024,2023-07-03,1.171242,0.9945,1.0000,1.0000,0.0000,0,0.0000,0.1183,363.9355,72.0326
tv15%_lb60d_pure,2023–Aug 2024,2023-07-05,1.171209,0.9945,1.0000,1.0000,0.0000,0,-0.0015,0.1184,363.9256,72.0147
tv15%_lb60d_pure,2023–Aug 2024,2023-07-06,1.162334,0.9945,1.0000,1.0000,0.0000,0,-0.0093,0.1199,361.1540,71.9702
tv15%_lb60d_pure,2023–Aug 2024,2023-07-07,1.158503,0.9945,1.0000,1.0000,0.0000,0,-0.0118,0.1201,359.9548,72.0504
tv15%_lb60d_pure,2023–Aug 2024,2023-07-10,1.158890,0.9945,1.0000,1.0000,0.0000,0,-0.0093,0.1196,360.0728,72.1574
tv15%_lb60d_pure,2023–Aug 2024,2023-07-11,1.164583,0.9945,1.0000,1.0000,0.0000,0,-0.0030,0.1175,361.8517,72.1485
tv15%_lb60d_pure,2023–Aug 2024,2023-07-12,1.179230,0.9945,1.0000,1.0000,0.0000,0,0.0000,0.1181,366.4220,72.3625
tv15%_lb60d_pure,2023–Aug 2024,2023-07-13,1.199160,0.9945,1.0000,1.0000,0.0000,0,0.0000,0.1188,372.6434,72.5676
tv15%_lb60d_pure,2023–Aug 2024,2023-07-14,1.198891,0.9945,1.0000,1.0000,0.0000,0,-0.0006,0.1188,372.5647,72.3803
tv15%_lb60d_pure,2023–Aug 2024,2023-07-17,1.210027,0.9945,1.0000,1.0000,0.0000,0,0.0000,0.1189,376.0439,72.4071
tv15%_lb60d_pure,2023–Aug 2024,2023-07-18,1.219872,0.9945,1.0000,1.0000,0.0000,0,0.0000,0.1186,379.1203,72.4071
tv15%_lb60d_pure,2023–Aug 2024,2023-07-19,1.219591,0.9945,1.0000,1.0000,0.0000,0,0.0000,0.1186,379.0318,72.4339
tv15%_lb60d_pure,2023–Aug 2024,2023-07-20,1.191624,0.9945,1.0000,1.0000,0.0000,0,-0.0066,0.1198,370.2944,72.3447
tv15%_lb60d_pure,2023–Aug 2024,2023-07-21,1.188071,0.9945,1.0000,1.0000,0.0000,0,-0.0066,0.1141,369.1838,72.3536
tv15%_lb60d_pure,2023–Aug 2024,2023-07-24,1.189950,0.9945,1.0000,1.0000,0.0000,0,-0.0022,0.1135,369.7735,72.2644
tv15%_lb60d_pure,2023–Aug 2024,2023-07-25,1.197970,0.9945,1.0000,1.0000,0.0000,0,0.0000,0.1074,372.2797,72.2555
tv15%_lb60d_pure,2023–Aug 2024,2023-07-26,1.194013,0.9945,1.0000,1.0000,0.0000,0,0.0000,0.1065,371.0413,72.3269
tv15%_lb60d_pure,2023–Aug 2024,2023-07-27,1.191173,0.9945,1.0000,1.0000,0.0000,0,-0.0066,0.1077,370.1568,72.2198
tv15%_lb60d_pure,2023–Aug 2024,2023-07-28,1.212759,0.9945,1.0000,1.0000,0.0000,0,0.0000,0.1056,376.8990,72.3179
tv15%_lb60d_pure,2023–Aug 2024,2023-07-31,1.213389,0.9945,1.0000,1.0000,0.0000,0,0.0000,0.1041,377.0956,72.3358
tv15%_lb60d_pure,2023–Aug 2024,2023-08-01,1.210585,0.9945,1.0000,1.0000,0.0000,0,-0.0029,0.1028,376.2209,72.2750
tv15%_lb60d_pure,2023–Aug 2024,2023-08-02,1.184169,0.9945,1.0000,1.0000,0.0000,0,-0.0167,0.1023,367.9650,72.3107
tv15%_lb60d_pure,2023–Aug 2024,2023-08-03,1.182285,0.9945,1.0000,1.0000,0.0000,0,-0.0196,0.1027,367.3754,72.3376
tv15%_lb60d_pure,2023–Aug 2024,2023-08-04,1.176793,0.9945,1.0000,1.0000,0.0000,0,-0.0240,0.1027,365.6554,72.4806
tv15%_lb60d_pure,2023–Aug 2024,2023-08-07,1.186704,0.9945,1.0000,1.0000,0.0000,0,-0.0155,0.1036,368.7513,72.5074
tv15%_lb60d_pure,2023–Aug 2024,2023-08-08,1.176673,0.9945,1.0000,1.0000,0.0000,0,-0.0197,0.1041,365.6160,72.5432
tv15%_lb60d_pure,2023–Aug 2024,2023-08-09,1.163804,0.9945,1.0000,1.0000,0.0000,0,-0.0263,0.1053,361.5963,72.4985
tv15%_lb60d_pure,2023–Aug 2024,2023-08-10,1.165940,0.9945,1.0000,1.0000,0.0000,0,-0.0260,0.1052,362.2646,72.4627
tv15%_lb60d_pure,2023–Aug 2024,2023-08-11,1.158540,0.9945,1.0000,1.0000,0.0000,0,-0.0265,0.1039,359.9548,72.3912
tv15%_lb60d_pure,2023–Aug 2024,2023-08-14,1.171464,0.9945,1.0000,1.0000,0.0000,0,-0.0211,0.1019,363.9944,72.3286
tv15%_lb60d_pure,2023–Aug 2024,2023-08-15,1.159105,0.9945,1.0000,1.0000,0.0000,0,-0.0325,0.1039,360.1318,72.3555
tv15%_lb60d_pure,2023–Aug 2024,2023-08-16,1.146896,0.9945,1.0000,1.0000,0.0000,0,-0.0396,0.1052,356.3184,72.3197
tv15%_lb60d_pure,2023–Aug 2024,2023-08-17,1.134444,0.9945,1.0000,1.0000,0.0000,0,-0.0470,0.1066,352.4264,72.4001
tv15%_lb60d_pure,2023–Aug 2024,2023-08-18,1.133031,0.9945,1.0000,1.0000,0.0000,0,-0.0465,0.1036,351.9840,72.4270
tv15%_lb60d_pure,2023–Aug 2024,2023-08-21,1.151178,0.9945,1.0000,1.0000,0.0000,0,-0.0403,0.1028,357.6551,72.3465
tv15%_lb60d_pure,2023–Aug 2024,2023-08-22,1.149539,0.9945,1.0000,1.0000,0.0000,0,-0.0429,0.1019,357.1440,72.3107
tv15%_lb60d_pure,2023–Aug 2024,2023-08-23,1.167577,0.9945,1.0000,1.0000,0.0000,0,-0.0322,0.1011,362.7756,72.4448
tv15%_lb60d_pure,2023–Aug 2024,2023-08-24,1.142753,0.9945,1.0000,1.0000,0.0000,0,-0.0457,0.1056,355.0211,72.4001
tv15%_lb60d_pure,2023–Aug 2024,2023-08-25,1.151558,0.9945,1.0000,1.0000,0.0000,0,-0.0389,0.1056,357.7730,72.3555
tv15%_lb60d_pure,2023–Aug 2024,2023-08-28,1.160182,0.9945,1.0000,1.0000,0.0000,0,-0.0301,0.1047,360.4660,72.4001
tv15%_lb60d_pure,2023–Aug 2024,2023-08-29,1.185395,0.9945,1.0000,1.0000,0.0000,0,-0.0034,0.1047,368.3385,72.5611
tv15%_lb60d_pure,2023–Aug 2024,2023-08-30,1.191969,0.9945,1.0000,1.0000,0.0000,0,0.0000,0.1047,370.3927,72.5611
tv15%_lb60d_pure,2023–Aug 2024,2023-08-31,1.195529,0.9945,1.0000,1.0000,0.0000,0,-0.0015,0.1048,371.5032,72.6326
tv15%_lb60d_pure,2023–Aug 2024,2023-09-01,1.194268,0.9945,1.0000,1.0000,0.0000,0,0.0000,0.1044,371.1101,72.5931
tv15%_lb60d_pure,2023–Aug 2024,2023-09-05,1.195769,0.9945,1.0000,1.0000,0.0000,0,-0.0043,0.1044,371.5819,72.5035
tv15%_lb60d_pure,2023–Aug 2024,2023-09-06,1.185288,0.9945,1.0000,1.0000,0.0000,0,-0.0110,0.1056,368.3090,72.4229
tv15%_lb60d_pure,2023–Aug 2024,2023-09-07,1.176870,0.9945,1.0000,1.0000,0.0000,0,-0.0141,0.1044,365.6750,72.5573
tv15%_lb60d_pure,2023–Aug 2024,2023-09-08,1.178503,0.9945,1.0000,1.0000,0.0000,0,-0.0126,0.1036,366.1861,72.5215
tv15%_lb60d_pure,2023–Aug 2024,2023-09-11,1.192314,0.9945,1.0000,1.0000,0.0000,0,-0.0061,0.1044,370.5008,72.5394
tv15%_lb60d_pure,2023–Aug 2024,2023-09-12,1.179163,0.9945,1.0000,1.0000,0.0000,0,-0.0115,0.1021,366.3925,72.5035
tv15%_lb60d_pure,2023–Aug 2024,2023-09-13,1.183635,0.9945,1.0000,1.0000,0.0000,0,-0.0104,0.1019,367.7881,72.5663
tv15%_lb60d_pure,2023–Aug 2024,2023-09-14,1.193259,0.9945,1.0000,1.0000,0.0000,0,-0.0018,0.1026,370.7957,72.5484
tv15%_lb60d_pure,2023–Aug 2024,2023-09-15,1.172936,0.9945,1.0000,1.0000,0.0000,0,-0.0139,0.1052,364.4465,72.5125
tv15%_lb60d_pure,2023–Aug 2024,2023-09-18,1.174152,0.9945,1.0000,1.0000,0.0000,0,-0.0133,0.1050,364.8264,72.5035
tv15%_lb60d_pure,2023–Aug 2024,2023-09-19,1.171658,0.9945,1.0000,1.0000,0.0000,0,-0.0153,0.1038,364.0488,72.4497
tv15%_lb60d_pure,2023–Aug 2024,2023-09-20,1.154863,0.9945,1.0000,1.0000,0.0000,0,-0.0244,0.1053,358.8027,72.4050
tv15%_lb60d_pure,2023–Aug 2024,2023-09-21,1.133821,0.9945,1.0000,1.0000,0.0000,0,-0.0405,0.1086,352.2278,72.4408
tv15%_lb60d_pure,2023–Aug 2024,2023-09-22,1.133985,0.9945,1.0000,1.0000,0.0000,0,-0.0427,0.1087,352.2771,72.5125
tv15%_lb60d_pure,2023–Aug 2024,2023-09-25,1.139339,0.9945,1.0000,1.0000,0.0000,0,-0.0386,0.1087,353.9503,72.4856
tv15%_lb60d_pure,2023–Aug 2024,2023-09-26,1.122325,0.9945,1.0000,1.0000,0.0000,0,-0.0528,0.1099,348.6353,72.4946
tv15%_lb60d_pure,2023–Aug 2024,2023-09-27,1.124936,0.9945,1.0000,1.0000,0.0000,0,-0.0524,0.1099,349.4522,72.4408
tv15%_lb60d_pure,2023–Aug 2024,2023-09-28,1.134306,0.9945,1.0000,1.0000,0.0000,0,-0.0469,0.1106,352.3755,72.5663
tv15%_lb60d_pure,2023–Aug 2024,2023-09-29,1.135125,0.9945,1.0000,1.0000,0.0000,0,-0.0492,0.1096,352.6314,72.5752
tv15%_lb60d_pure,2023–Aug 2024,2023-10-02,1.144540,0.9945,1.0000,1.0000,0.0000,0,-0.0478,0.1096,355.5744,72.5024
tv15%_lb60d_pure,2023–Aug 2024,2023-10-03,1.124560,0.9945,1.0000,1.0000,0.0000,0,-0.0606,0.1126,349.3341,72.4485
tv15%_lb60d_pure,2023–Aug 2024,2023-10-04,1.139793,0.9945,1.0000,1.0000,0.0000,0,-0.0537,0.1129,354.0881,72.6103
tv15%_lb60d_pure,2023–Aug 2024,2023-10-05,1.136460,0.9945,1.0000,1.0000,0.0000,0,-0.0541,0.1114,353.0447,72.6822
tv15%_lb60d_pure,2023–Aug 2024,2023-10-06,1.155391,0.9945,1.0000,1.0000,0.0000,0,-0.0429,0.1130,358.9603,72.6193
tv15%_lb60d_pure,2023–Aug 2024,2023-10-09,1.161270,0.9945,1.0000,1.0000,0.0000,0,-0.0367,0.1139,360.7909,72.8349
tv15%_lb60d_pure,2023–Aug 2024,2023-10-10,1.167661,0.9945,1.0000,1.0000,0.0000,0,-0.0317,0.1142,362.7890,72.7900
tv15%_lb60d_pure,2023–Aug 2024,2023-10-11,1.175945,0.9945,1.0000,1.0000,0.0000,0,-0.0278,0.1135,365.3776,72.7720
tv15%_lb60d_pure,2023–Aug 2024,2023-10-12,1.171873,0.9945,1.0000,1.0000,0.0000,0,-0.0225,0.1139,364.1078,72.6822
tv15%_lb60d_pure,2023–Aug 2024,2023-10-13,1.157229,0.9945,1.0000,1.0000,0.0000,0,-0.0273,0.1135,359.5311,72.7271
tv15%_lb60d_pure,2023–Aug 2024,2023-10-16,1.170236,0.9945,1.0000,1.0000,0.0000,0,-0.0151,0.1158,363.5961,72.6822
tv15%_lb60d_pure,2023–Aug 2024,2023-10-17,1.166410,0.9945,1.0000,1.0000,0.0000,0,-0.0060,0.1154,362.4052,72.5204
tv15%_lb60d_pure,2023–Aug 2024,2023-10-18,1.151194,0.9945,1.0000,1.0000,0.0000,0,-0.0140,0.1181,357.6511,72.5204
tv15%_lb60d_pure,2023–Aug 2024,2023-10-19,1.140491,0.9945,1.0000,1.0000,0.0000,0,-0.0227,0.1192,354.3047,72.6193
tv15%_lb60d_pure,2023–Aug 2024,2023-10-20,1.123581,0.9945,1.0000,1.0000,0.0000,0,-0.0347,0.1209,349.0191,72.7361
tv15%_lb60d_pure,2023–Aug 2024,2023-10-23,1.126956,0.9945,1.0000,1.0000,0.0000,0,-0.0363,0.1187,350.0723,72.7810
tv15%_lb60d_pure,2023–Aug 2024,2023-10-24,1.137858,0.9945,1.0000,1.0000,0.0000,0,-0.0291,0.1199,353.4779,72.7631
tv15%_lb60d_pure,2023–Aug 2024,2023-10-25,1.110155,0.9945,1.0000,1.0000,0.0000,0,-0.0430,0.1229,344.8263,72.6822
tv15%_lb60d_pure,2023–Aug 2024,2023-10-26,1.089116,0.9945,1.0000,1.0000,0.0000,0,-0.0545,0.1221,338.2513,72.8260
tv15%_lb60d_pure,2023–Aug 2024,2023-10-27,1.094320,0.9945,1.0000,1.0000,0.0000,0,-0.0588,0.1223,339.8754,72.8709
tv15%_lb60d_pure,2023–Aug 2024,2023-10-30,1.106577,0.9945,1.0000,1.0000,0.0000,0,-0.0475,0.1251,343.7041,72.8439
tv15%_lb60d_pure,2023–Aug 2024,2023-10-31,1.111838,0.9945,1.0000,1.0000,0.0000,0,-0.0415,0.1244,345.3478,72.8169
tv15%_lb60d_pure,2023–Aug 2024,2023-11-01,1.131043,0.9945,1.0000,1.0000,0.0000,0,-0.0313,0.1265,351.3420,72.9792
tv15%_lb60d_pure,2023–Aug 2024,2023-11-02,1.151462,0.9945,1.0000,1.0000,0.0000,0,-0.0127,0.1323,357.7200,72.9882
tv15%_lb60d_pure,2023–Aug 2024,2023-11-03,1.164933,0.9945,1.0000,1.0000,0.0000,0,-0.0037,0.1338,361.9228,73.1865
tv15%_lb60d_pure,2023–Aug 2024,2023-11-06,1.169647,0.9945,1.0000,1.0000,0.0000,0,-0.0014,0.1339,363.3992,73.0513
tv15%_lb60d_pure,2023–Aug 2024,2023-11-07,1.180647,0.9945,1.0000,1.0000,0.0000,0,0.0000,0.1335,366.8344,73.1054
tv15%_lb60d_pure,2023–Aug 2024,2023-11-08,1.181402,0.9945,1.0000,1.0000,0.0000,0,0.0000,0.1314,367.0705,73.0873
tv15%_lb60d_pure,2023–Aug 2024,2023-11-09,1.172351,0.9945,1.0000,1.0000,0.0000,0,-0.0078,0.1315,364.2457,72.9792
tv15%_lb60d_pure,2023–Aug 2024,2023-11-10,1.198564,0.9945,1.0000,1.0000,0.0000,0,0.0000,0.1344,372.4348,72.9972
tv15%_lb60d_pure,2023–Aug 2024,2023-11-13,1.194849,0.9945,1.0000,1.0000,0.0000,0,-0.0010,0.1344,371.2733,73.0242
tv15%_lb60d_pure,2023–Aug 2024,2023-11-14,1.220454,0.9945,1.0000,1.0000,0.0000,0,0.0000,0.1394,379.2655,73.3126
tv15%_lb60d_pure,2023–Aug 2024,2023-11-15,1.221355,0.9945,1.0000,1.0000,0.0000,0,0.0000,0.1393,379.5510,73.1774
tv15%_lb60d_pure,2023–Aug 2024,2023-11-16,1.222406,0.9945,1.0000,1.0000,0.0000,0,0.0000,0.1375,379.8758,73.3036
tv15%_lb60d_pure,2023–Aug 2024,2023-11-17,1.222684,0.9945,1.0000,1.0000,0.0000,0,0.0000,0.1343,379.9643,73.2495
tv15%_lb60d_pure,2023–Aug 2024,2023-11-20,1.237489,0.9945,1.0000,1.0000,0.0000,0,0.0000,0.1344,384.5903,73.2586
tv15%_lb60d_pure,2023–Aug 2024,2023-11-21,1.230344,0.9945,1.0000,1.0000,0.0000,0,-0.0022,0.1340,382.3561,73.3036
tv15%_lb60d_pure,2023–Aug 2024,2023-11-22,1.235352,0.9945,1.0000,1.0000,0.0000,0,0.0000,0.1310,383.9210,73.3126
tv15%_lb60d_pure,2023–Aug 2024,2023-11-24,1.233615,0.9945,1.0000,1.0000,0.0000,0,0.0000,0.1308,383.3797,73.2586
tv15%_lb60d_pure,2023–Aug 2024,2023-11-27,1.232553,0.9945,1.0000,1.0000,0.0000,0,-0.0018,0.1308,383.0451,73.3487
tv15%_lb60d_pure,2023–Aug 2024,2023-11-28,1.235778,0.9945,1.0000,1.0000,0.0000,0,-0.0008,0.1308,384.0490,73.4838
tv15%_lb60d_pure,2023–Aug 2024,2023-11-29,1.234594,0.9945,1.0000,1.0000,0.0000,0,-0.0015,0.1305,383.6750,73.6281
tv15%_lb60d_pure,2023–Aug 2024,2023-11-30,1.231503,0.9945,1.0000,1.0000,0.0000,0,0.0000,0.1298,382.7104,73.5830
tv15%_lb60d_pure,2023–Aug 2024,2023-12-01,1.235019,0.9945,1.0000,1.0000,0.0000,0,0.0000,0.1301,383.8029,73.7972
tv15%_lb60d_pure,2023–Aug 2024,2023-12-04,1.223607,0.9945,1.0000,1.0000,0.0000,0,-0.0052,0.1306,380.2399,73.6887
tv15%_lb60d_pure,2023–Aug 2024,2023-12-05,1.226671,0.9945,1.0000,1.0000,0.0000,0,-0.0054,0.1300,381.1947,73.7791
tv15%_lb60d_pure,2023–Aug 2024,2023-12-06,1.219614,0.9945,1.0000,1.0000,0.0000,0,-0.0095,0.1298,378.9899,73.7611
tv15%_lb60d_pure,2023–Aug 2024,2023-12-07,1.236566,0.9945,1.0000,1.0000,0.0000,0,-0.0019,0.1306,384.2853,73.8153
tv15%_lb60d_pure,2023–Aug 2024,2023-12-08,1.242031,0.9945,1.0000,1.0000,0.0000,0,0.0000,0.1298,385.9979,73.6526
tv15%_lb60d_pure,2023–Aug 2024,2023-12-11,1.252584,0.9945,1.0000,1.0000,0.0000,0,0.0000,0.1273,389.2951,73.6707
tv15%_lb60d_pure,2023–Aug 2024,2023-12-12,1.262505,0.9945,1.0000,1.0000,0.0000,0,0.0000,0.1275,392.3956,73.6797
tv15%_lb60d_pure,2023–Aug 2024,2023-12-13,1.278507,0.9945,1.0000,1.0000,0.0000,0,0.0000,0.1301,397.3858,74.0503
tv15%_lb60d_pure,2023–Aug 2024,2023-12-14,1.277417,0.9945,1.0000,1.0000,0.0000,0,0.0000,0.1284,397.0413,74.1773
tv15%_lb60d_pure,2023–Aug 2024,2023-12-15,1.283550,0.9945,1.0000,1.0000,0.0000,0,-0.0016,0.1230,398.9606,74.0956
tv15%_lb60d_pure,2023–Aug 2024,2023-12-18,1.291589,0.9945,1.0000,1.0000,0.0000,0,0.0000,0.1231,401.4735,74.0866
tv15%_lb60d_pure,2023–Aug 2024,2023-12-19,1.298155,0.9945,1.0000,1.0000,0.0000,0,0.0000,0.1233,403.5248,74.1138
tv15%_lb60d_pure,2023–Aug 2024,2023-12-20,1.278981,0.9945,1.0000,1.0000,0.0000,0,-0.0139,0.1228,397.5286,74.2135
tv15%_lb60d_pure,2023–Aug 2024,2023-12-21,1.293787,0.9945,1.0000,1.0000,0.0000,0,-0.0045,0.1238,402.1540,74.2861
tv15%_lb60d_pure,2023–Aug 2024,2023-12-22,1.295714,0.9945,1.0000,1.0000,0.0000,0,-0.0025,0.1236,402.7556,74.3133
tv15%_lb60d_pure,2023–Aug 2024,2023-12-26,1.303599,0.9945,1.0000,1.0000,0.0000,0,0.0000,0.1234,405.2212,74.2770
tv15%_lb60d_pure,2023–Aug 2024,2023-12-27,1.306247,0.9945,1.0000,1.0000,0.0000,0,0.0000,0.1233,406.0461,74.3677
tv15%_lb60d_pure,2023–Aug 2024,2023-12-28,1.305615,0.9945,1.0000,1.0000,0.0000,0,0.0000,0.1191,405.8488,74.3586
tv15%_lb60d_pure,2023–Aug 2024,2023-12-29,1.299999,0.9945,1.0000,1.0000,0.0000,0,-0.0029,0.1190,404.0923,74.3949
tv15%_lb60d_pure,2023–Aug 2024,2024-01-02,1.278113,0.9945,1.0000,1.0000,0.0000,0,-0.0085,0.1200,397.2542,74.3043
tv15%_lb60d_pure,2023–Aug 2024,2024-01-03,1.264665,0.9945,1.0000,1.0000,0.0000,0,-0.0166,0.1199,393.0506,74.3224
tv15%_lb60d_pure,2023–Aug 2024,2024-01-04,1.258188,0.9945,1.0000,1.0000,0.0000,0,-0.0197,0.1198,391.0278,74.2770
tv15%_lb60d_pure,2023–Aug 2024,2024-01-05,1.259671,0.9945,1.0000,1.0000,0.0000,0,-0.0184,0.1196,391.4916,74.2589
tv15%_lb60d_pure,2023–Aug 2024,2024-01-08,1.285568,0.9945,1.0000,1.0000,0.0000,0,-0.0044,0.1223,399.5829,74.3224
tv15%_lb60d_pure,2023–Aug 2024,2024-01-09,1.288095,0.9945,1.0000,1.0000,0.0000,0,-0.0059,0.1215,400.3723,74.3405
tv15%_lb60d_pure,2023–Aug 2024,2024-01-10,1.296777,0.9945,1.0000,1.0000,0.0000,0,-0.0003,0.1210,403.0859,74.3405
tv15%_lb60d_pure,2023–Aug 2024,2024-01-11,1.299477,0.9945,1.0000,1.0000,0.0000,0,-0.0007,0.1197,403.9246,74.5128
tv15%_lb60d_pure,2023–Aug 2024,2024-01-12,1.300155,0.9945,1.0000,1.0000,0.0000,0,-0.0000,0.1196,404.1318,74.6669
tv15%_lb60d_pure,2023–Aug 2024,2024-01-16,1.300017,0.9945,1.0000,1.0000,0.0000,0,-0.0037,0.1160,404.0923,74.5491
tv15%_lb60d_pure,2023–Aug 2024,2024-01-17,1.292710,0.9945,1.0000,1.0000,0.0000,0,-0.0092,0.1150,401.8130,74.4040
tv15%_lb60d_pure,2023–Aug 2024,2024-01-18,1.310961,0.9945,1.0000,1.0000,0.0000,0,-0.0004,0.1120,407.5164,74.4402
tv15%_lb60d_pure,2023–Aug 2024,2024-01-19,1.336810,0.9945,1.0000,1.0000,0.0000,0,0.0000,0.1137,415.5978,74.3858
tv15%_lb60d_pure,2023–Aug 2024,2024-01-22,1.338550,0.9945,1.0000,1.0000,0.0000,0,0.0000,0.1132,416.1406,74.4221
tv15%_lb60d_pure,2023–Aug 2024,2024-01-23,1.344073,0.9945,1.0000,1.0000,0.0000,0,0.0000,0.1077,417.8673,74.4130
tv15%_lb60d_pure,2023–Aug 2024,2024-01-24,1.351486,0.9945,1.0000,1.0000,0.0000,0,0.0000,0.1033,420.1862,74.3768
tv15%_lb60d_pure,2023–Aug 2024,2024-01-25,1.353141,0.9945,1.0000,1.0000,0.0000,0,0.0000,0.1023,420.6993,74.5128
tv15%_lb60d_pure,2023–Aug 2024,2024-01-26,1.345120,0.9945,1.0000,1.0000,0.0000,0,-0.0013,0.1010,418.1930,74.4675
tv15%_lb60d_pure,2023–Aug 2024,2024-01-29,1.358825,0.9945,1.0000,1.0000,0.0000,0,0.0000,0.1013,422.4754,74.5400
tv15%_lb60d_pure,2023–Aug 2024,2024-01-30,1.349826,0.9945,1.0000,1.0000,0.0000,0,-0.0008,0.1002,419.6632,74.4947
tv15%_lb60d_pure,2023–Aug 2024,2024-01-31,1.323548,0.9945,1.0000,1.0000,0.0000,0,-0.0171,0.1017,411.4436,74.6307
tv15%_lb60d_pure,2023–Aug 2024,2024-02-01,1.339058,0.9945,1.0000,1.0000,0.0000,0,-0.0042,0.1031,416.2885,74.7417
tv15%_lb60d_pure,2023–Aug 2024,2024-02-02,1.361540,0.9945,1.0000,1.0000,0.0000,0,0.0000,0.1046,423.3240,74.5052
tv15%_lb60d_pure,2023–Aug 2024,2024-02-05,1.359758,0.9945,1.0000,1.0000,0.0000,0,-0.0036,0.1052,422.7715,74.3597
tv15%_lb60d_pure,2023–Aug 2024,2024-02-06,1.357056,0.9945,1.0000,1.0000,0.0000,0,-0.0007,0.1052,421.9228,74.4779
tv15%_lb60d_pure,2023–Aug 2024,2024-02-07,1.370940,0.9945,1.0000,1.0000,0.0000,0,0.0000,0.1039,426.2646,74.4506
tv15%_lb60d_pure,2023–Aug 2024,2024-02-08,1.373463,0.9945,1.0000,1.0000,0.0000,0,0.0000,0.1003,427.0539,74.4324
tv15%_lb60d_pure,2023–Aug 2024,2024-02-09,1.386905,0.9945,1.0000,1.0000,0.0000,0,0.0000,0.1004,431.2575,74.4051
tv15%_lb60d_pure,2023–Aug 2024,2024-02-12,1.381509,0.9945,1.0000,1.0000,0.0000,0,-0.0004,0.0941,429.5701,74.4142
tv15%_lb60d_pure,2023–Aug 2024,2024-02-13,1.360057,0.9945,1.0000,1.0000,0.0000,0,-0.0142,0.0994,422.8701,74.1778
tv15%_lb60d_pure,2023–Aug 2024,2024-02-14,1.374807,0.9945,1.0000,1.0000,0.0000,0,-0.0052,0.1006,427.4782,74.2869
tv15%_lb60d_pure,2023–Aug 2024,2024-02-15,1.378885,0.9945,1.0000,1.0000,0.0000,0,0.0000,0.1011,428.7512,74.3597
tv15%_lb60d_pure,2023–Aug 2024,2024-02-16,1.366442,0.9945,1.0000,1.0000,0.0000,0,-0.0050,0.1014,424.8634,74.2687
tv15%_lb60d_pure,2023–Aug 2024,2024-02-20,1.356189,0.9945,1.0000,1.0000,0.0000,0,-0.0105,0.1021,421.6564,74.3142
tv15%_lb60d_pure,2023–Aug 2024,2024-02-21,1.350786,0.9945,1.0000,1.0000,0.0000,0,-0.0096,0.1020,419.9691,74.2505
tv15%_lb60d_pure,2023–Aug 2024,2024-02-22,1.390111,0.9945,1.0000,1.0000,0.0000,0,0.0000,0.1091,432.2639,74.2414
tv15%_lb60d_pure,2023–Aug 2024,2024-02-23,1.386044,0.9945,1.0000,1.0000,0.0000,0,0.0000,0.1089,430.9911,74.2778
tv15%_lb60d_pure,2023–Aug 2024,2024-02-26,1.385313,0.9945,1.0000,1.0000,0.0000,0,-0.0037,0.1095,430.7641,74.2232
tv15%_lb60d_pure,2023–Aug 2024,2024-02-27,1.388626,0.9945,1.0000,1.0000,0.0000,0,-0.0018,0.1093,431.8001,74.2232
tv15%_lb60d_pure,2023–Aug 2024,2024-02-28,1.381281,0.9945,1.0000,1.0000,0.0000,0,-0.0031,0.1095,429.5011,74.2960
tv15%_lb60d_pure,2023–Aug 2024,2024-02-29,1.393057,0.9945,1.0000,1.0000,0.0000,0,0.0000,0.1092,433.1816,74.3415
tv15%_lb60d_pure,2023–Aug 2024,2024-03-01,1.413931,0.9945,1.0000,1.0000,0.0000,0,0.0000,0.1093,439.7040,74.4874
tv15%_lb60d_pure,2023–Aug 2024,2024-03-04,1.408906,0.9945,1.0000,1.0000,0.0000,0,-0.0011,0.1094,438.1351,74.4144
tv15%_lb60d_pure,2023–Aug 2024,2024-03-05,1.383763,0.9945,1.0000,1.0000,0.0000,0,-0.0111,0.1115,430.2707,74.4692
tv15%_lb60d_pure,2023–Aug 2024,2024-03-06,1.392412,0.9945,1.0000,1.0000,0.0000,0,-0.0060,0.1110,432.9745,74.4874
tv15%_lb60d_pure,2023–Aug 2024,2024-03-07,1.413438,0.9945,1.0000,1.0000,0.0000,0,0.0000,0.1121,439.5462,74.5786
tv15%_lb60d_pure,2023–Aug 2024,2024-03-08,1.393152,0.9945,1.0000,1.0000,0.0000,0,-0.0060,0.1132,433.2014,74.6151
tv15%_lb60d_pure,2023–Aug 2024,2024-03-11,1.388002,0.9945,1.0000,1.0000,0.0000,0,-0.0069,0.1132,431.5929,74.5513
tv15%_lb60d_pure,2023–Aug 2024,2024-03-12,1.407781,0.9945,1.0000,1.0000,0.0000,0,0.0000,0.1120,437.7799,74.4783
tv15%_lb60d_pure,2023–Aug 2024,2024-03-13,1.397017,0.9945,1.0000,1.0000,0.0000,0,-0.0016,0.1121,434.4151,74.4418
tv15%_lb60d_pure,2023–Aug 2024,2024-03-14,1.393508,0.9945,1.0000,1.0000,0.0000,0,-0.0035,0.1122,433.3198,74.3779
tv15%_lb60d_pure,2023–Aug 2024,2024-03-15,1.377030,0.9945,1.0000,1.0000,0.0000,0,-0.0104,0.1132,428.1690,74.3324
tv15%_lb60d_pure,2023–Aug 2024,2024-03-18,1.390092,0.9945,1.0000,1.0000,0.0000,0,-0.0045,0.1131,432.2526,74.3415
tv15%_lb60d_pure,2023–Aug 2024,2024-03-19,1.393542,0.9945,1.0000,1.0000,0.0000,0,0.0000,0.1089,433.3295,74.4053
tv15%_lb60d_pure,2023–Aug 2024,2024-03-20,1.409986,0.9945,1.0000,1.0000,0.0000,0,0.0000,0.1088,438.4674,74.5239
tv15%_lb60d_pure,2023–Aug 2024,2024-03-21,1.416622,0.9945,1.0000,1.0000,0.0000,0,0.0000,0.1089,440.5423,74.5239
tv15%_lb60d_pure,2023–Aug 2024,2024-03-22,1.418239,0.9945,1.0000,1.0000,0.0000,0,-0.0019,0.1090,441.0462,74.5786
tv15%_lb60d_pure,2023–Aug 2024,2024-03-25,1.413116,0.9945,1.0000,1.0000,0.0000,0,-0.0047,0.1093,439.4456,74.5421
tv15%_lb60d_pure,2023–Aug 2024,2024-03-26,1.408568,0.9945,1.0000,1.0000,0.0000,0,-0.0065,0.1095,438.0228,74.5604
tv15%_lb60d_pure,2023–Aug 2024,2024-03-27,1.413348,0.9945,1.0000,1.0000,0.0000,0,0.0000,0.1100,439.5147,74.6425
tv15%_lb60d_pure,2023–Aug 2024,2024-03-28,1.410752,0.9945,1.0000,1.0000,0.0000,0,-0.0002,0.1091,438.7046,74.5969
tv15%_lb60d_pure,2023–Aug 2024,2024-04-01,1.413706,0.9945,1.0000,1.0000,0.0000,0,-0.0019,0.1073,439.6334,74.4413
tv15%_lb60d_pure,2023–Aug 2024,2024-04-02,1.401577,0.9945,1.0000,1.0000,0.0000,0,-0.0083,0.1082,435.8392,74.4779
tv15%_lb60d_pure,2023–Aug 2024,2024-04-03,1.404711,0.9945,1.0000,1.0000,0.0000,0,-0.0072,0.1082,436.8174,74.5328
tv15%_lb60d_pure,2023–Aug 2024,2024-04-04,1.383358,0.9945,1.0000,1.0000,0.0000,0,-0.0193,0.1088,430.1381,74.6060
tv15%_lb60d_pure,2023–Aug 2024,2024-04-05,1.399557,0.9945,1.0000,1.0000,0.0000,0,-0.0091,0.1102,435.2068,74.4870
tv15%_lb60d_pure,2023–Aug 2024,2024-04-08,1.399961,0.9945,1.0000,1.0000,0.0000,0,-0.0085,0.1099,435.3353,74.4138
tv15%_lb60d_pure,2023–Aug 2024,2024-04-09,1.405119,0.9945,1.0000,1.0000,0.0000,0,-0.0074,0.1098,436.9458,74.4870
tv15%_lb60d_pure,2023–Aug 2024,2024-04-10,1.392890,0.9945,1.0000,1.0000,0.0000,0,-0.0173,0.1123,433.1319,74.1851
tv15%_lb60d_pure,2023–Aug 2024,2024-04-11,1.415019,0.9945,1.0000,1.0000,0.0000,0,-0.0099,0.1126,440.0483,74.2766
tv15%_lb60d_pure,2023–Aug 2024,2024-04-12,1.392590,0.9945,1.0000,1.0000,0.0000,0,-0.0235,0.1160,433.0331,74.3223
tv15%_lb60d_pure,2023–Aug 2024,2024-04-15,1.369805,0.9945,1.0000,1.0000,0.0000,0,-0.0358,0.1184,425.9093,74.2949
tv15%_lb60d_pure,2023–Aug 2024,2024-04-16,1.369927,0.9945,1.0000,1.0000,0.0000,0,-0.0375,0.1162,425.9488,74.2491
tv15%_lb60d_pure,2023–Aug 2024,2024-04-17,1.353309,0.9945,1.0000,1.0000,0.0000,0,-0.0432,0.1169,420.7516,74.3040
tv15%_lb60d_pure,2023–Aug 2024,2024-04-18,1.345626,0.9945,1.0000,1.0000,0.0000,0,-0.0452,0.1169,418.3507,74.2674
tv15%_lb60d_pure,2023–Aug 2024,2024-04-19,1.317942,0.9945,1.0000,1.0000,0.0000,0,-0.0535,0.1185,409.6954,74.2857
tv15%_lb60d_pure,2023–Aug 2024,2024-04-22,1.331126,0.9945,1.0000,1.0000,0.0000,0,-0.0448,0.1194,413.8155,74.3223
tv15%_lb60d_pure,2023–Aug 2024,2024-04-23,1.350887,0.9945,1.0000,1.0000,0.0000,0,-0.0335,0.1216,419.9909,74.3864
tv15%_lb60d_pure,2023–Aug 2024,2024-04-24,1.355436,0.9945,1.0000,1.0000,0.0000,0,-0.0339,0.1207,421.4137,74.3589
tv15%_lb60d_pure,2023–Aug 2024,2024-04-25,1.348920,0.9945,1.0000,1.0000,0.0000,0,-0.0374,0.1210,419.3783,74.3040
tv15%_lb60d_pure,2023–Aug 2024,2024-04-26,1.369623,0.9945,1.0000,1.0000,0.0000,0,-0.0266,0.1171,425.8501,74.3223
tv15%_lb60d_pure,2023–Aug 2024,2024-04-29,1.375157,0.9945,1.0000,1.0000,0.0000,0,-0.0180,0.1145,427.5791,74.3589
tv15%_lb60d_pure,2023–Aug 2024,2024-04-30,1.349360,0.9945,1.0000,1.0000,0.0000,0,-0.0336,0.1177,419.5166,74.2674
tv15%_lb60d_pure,2023–Aug 2024,2024-05-01,1.339673,0.9945,1.0000,1.0000,0.0000,0,-0.0365,0.1176,416.4832,74.4161
tv15%_lb60d_pure,2023–Aug 2024,2024-05-02,1.356688,0.9945,1.0000,1.0000,0.0000,0,-0.0275,0.1189,421.7990,74.5263
tv15%_lb60d_pure,2023–Aug 2024,2024-05-03,1.383816,0.9945,1.0000,1.0000,0.0000,0,-0.0155,0.1203,430.2765,74.6457
tv15%_lb60d_pure,2023–Aug 2024,2024-05-06,1.398889,0.9945,1.0000,1.0000,0.0000,0,-0.0053,0.1220,434.9895,74.6365
tv15%_lb60d_pure,2023–Aug 2024,2024-05-07,1.399111,0.9945,1.0000,1.0000,0.0000,0,-0.0017,0.1215,435.0587,74.6457
tv15%_lb60d_pure,2023–Aug 2024,2024-05-08,1.398288,0.9945,1.0000,1.0000,0.0000,0,-0.0016,0.1215,434.8017,74.6273
tv15%_lb60d_pure,2023–Aug 2024,2024-05-09,1.401328,0.9945,1.0000,1.0000,0.0000,0,0.0000,0.1182,435.7502,74.6916
tv15%_lb60d_pure,2023–Aug 2024,2024-05-10,1.404608,0.9945,1.0000,1.0000,0.0000,0,0.0000,0.1170,436.7779,74.6273
tv15%_lb60d_pure,2023–Aug 2024,2024-05-13,1.407833,0.9945,1.0000,1.0000,0.0000,0,0.0000,0.1163,437.7856,74.6457
tv15%_lb60d_pure,2023–Aug 2024,2024-05-14,1.416846,0.9945,1.0000,1.0000,0.0000,0,0.0000,0.1159,440.6016,74.7191
tv15%_lb60d_pure,2023–Aug 2024,2024-05-15,1.438883,0.9945,1.0000,1.0000,0.0000,0,0.0000,0.1175,447.4883,74.8568
tv15%_lb60d_pure,2023–Aug 2024,2024-05-16,1.435971,0.9945,1.0000,1.0000,0.0000,0,-0.0021,0.1177,446.5793,74.8018
tv15%_lb60d_pure,2023–Aug 2024,2024-05-17,1.435271,0.9945,1.0000,1.0000,0.0000,0,-0.0006,0.1105,446.3620,74.7558
tv15%_lb60d_pure,2023–Aug 2024,2024-05-20,1.445221,0.9945,1.0000,1.0000,0.0000,0,0.0000,0.1105,449.4743,74.7375
tv15%_lb60d_pure,2023–Aug 2024,2024-05-21,1.448037,0.9945,1.0000,1.0000,0.0000,0,0.0000,0.1102,450.3536,74.7742
tv15%_lb60d_pure,2023–Aug 2024,2024-05-22,1.447747,0.9945,1.0000,1.0000,0.0000,0,-0.0029,0.1104,450.2647,74.7191
tv15%_lb60d_pure,2023–Aug 2024,2024-05-23,1.441266,0.9945,1.0000,1.0000,0.0000,0,-0.0102,0.1116,448.2392,74.6824
tv15%_lb60d_pure,2023–Aug 2024,2024-05-24,1.454823,0.9945,1.0000,1.0000,0.0000,0,-0.0036,0.1121,452.4780,74.7100
tv15%_lb60d_pure,2023–Aug 2024,2024-05-28,1.460282,0.9945,1.0000,1.0000,0.0000,0,-0.0029,0.1107,454.1873,74.6457
tv15%_lb60d_pure,2023–Aug 2024,2024-05-29,1.450043,0.9945,1.0000,1.0000,0.0000,0,-0.0099,0.1117,450.9860,74.6181
tv15%_lb60d_pure,2023–Aug 2024,2024-05-30,1.434603,0.9945,1.0000,1.0000,0.0000,0,-0.0165,0.1106,446.1544,74.7008
tv15%_lb60d_pure,2023–Aug 2024,2024-05-31,1.431960,0.9945,1.0000,1.0000,0.0000,0,-0.0075,0.1116,445.3245,74.8018
tv15%_lb60d_pure,2023–Aug 2024,2024-06-03,1.439615,0.9945,1.0000,1.0000,0.0000,0,-0.0067,0.1099,447.7156,74.8865
tv15%_lb60d_pure,2023–Aug 2024,2024-06-04,1.443540,0.9945,1.0000,1.0000,0.0000,0,-0.0056,0.1091,448.9408,74.9602
tv15%_lb60d_pure,2023–Aug 2024,2024-06-05,1.472489,0.9945,1.0000,1.0000,0.0000,0,0.0000,0.1114,457.9913,75.0339
tv15%_lb60d_pure,2023–Aug 2024,2024-06-06,1.471984,0.9945,1.0000,1.0000,0.0000,0,-0.0000,0.1095,457.8332,75.0431
tv15%_lb60d_pure,2023–Aug 2024,2024-06-07,1.470668,0.9945,1.0000,1.0000,0.0000,0,-0.0012,0.1095,457.4281,74.8497
tv15%_lb60d_pure,2023–Aug 2024,2024-06-10,1.476577,0.9945,1.0000,1.0000,0.0000,0,0.0000,0.1094,459.2757,74.8589
tv15%_lb60d_pure,2023–Aug 2024,2024-06-11,1.486663,0.9945,1.0000,1.0000,0.0000,0,0.0000,0.1083,462.4277,74.9418
tv15%_lb60d_pure,2023–Aug 2024,2024-06-12,1.506038,0.9945,1.0000,1.0000,0.0000,0,0.0000,0.1089,468.4844,75.0431
tv15%_lb60d_pure,2023–Aug 2024,2024-06-13,1.514170,0.9945,1.0000,1.0000,0.0000,0,0.0000,0.1085,471.0237,75.1628
tv15%_lb60d_pure,2023–Aug 2024,2024-06-14,1.521973,0.9945,1.0000,1.0000,0.0000,0,0.0000,0.1071,473.4642,75.1721
tv15%_lb60d_pure,2023–Aug 2024,2024-06-17,1.540505,0.9945,1.0000,1.0000,0.0000,0,0.0000,0.1080,479.2640,75.0984
tv15%_lb60d_pure,2023–Aug 2024,2024-06-18,1.540991,0.9945,1.0000,1.0000,0.0000,0,0.0000,0.1079,479.4123,75.1997
tv15%_lb60d_pure,2023–Aug 2024,2024-06-20,1.529175,0.9945,1.0000,1.0000,0.0000,0,-0.0027,0.1079,475.7169,75.1721
tv15%_lb60d_pure,2023–Aug 2024,2024-06-21,1.525104,0.9945,1.0000,1.0000,0.0000,0,-0.0041,0.1078,474.4424,75.1997
tv15%_lb60d_pure,2023–Aug 2024,2024-06-24,1.507838,0.9945,1.0000,1.0000,0.0000,0,-0.0073,0.1070,469.0410,75.2089
tv15%_lb60d_pure,2023–Aug 2024,2024-06-25,1.524987,0.9945,1.0000,1.0000,0.0000,0,-0.0035,0.1072,474.4048,75.2181
tv15%_lb60d_pure,2023–Aug 2024,2024-06-26,1.528111,0.9945,1.0000,1.0000,0.0000,0,-0.0022,0.1070,475.3845,75.1444
tv15%_lb60d_pure,2023–Aug 2024,2024-06-27,1.532039,0.9945,1.0000,1.0000,0.0000,0,-0.0007,0.1060,476.6116,75.1997
tv15%_lb60d_pure,2023–Aug 2024,2024-06-28,1.524132,0.9945,1.0000,1.0000,0.0000,0,-0.0046,0.1065,474.1375,75.2089
tv15%_lb60d_pure,2023–Aug 2024,2024-07-01,1.533014,0.9945,1.0000,1.0000,0.0000,0,-0.0025,0.1029,476.9184,75.1442
tv15%_lb60d_pure,2023–Aug 2024,2024-07-02,1.549029,0.9945,1.0000,1.0000,0.0000,0,0.0000,0.1018,481.9259,75.2089
tv15%_lb60d_pure,2023–Aug 2024,2024-07-03,1.561884,0.9945,1.0000,1.0000,0.0000,0,0.0000,0.1020,485.9437,75.3198
tv15%_lb60d_pure,2023–Aug 2024,2024-07-05,1.578096,0.9945,1.0000,1.0000,0.0000,0,0.0000,0.1025,491.0106,75.4584
tv15%_lb60d_pure,2023–Aug 2024,2024-07-08,1.581827,0.9945,1.0000,1.0000,0.0000,0,0.0000,0.0998,492.1784,75.4492
tv15%_lb60d_pure,2023–Aug 2024,2024-07-09,1.583185,0.9945,1.0000,1.0000,0.0000,0,0.0000,0.0989,492.6039,75.4307
tv15%_lb60d_pure,2023–Aug 2024,2024-07-10,1.599604,0.9945,1.0000,1.0000,0.0000,0,0.0000,0.0953,497.7400,75.4584
tv15%_lb60d_pure,2023–Aug 2024,2024-07-11,1.564739,0.9945,1.0000,1.0000,0.0000,0,-0.0086,0.0931,486.8245,75.6340
tv15%_lb60d_pure,2023–Aug 2024,2024-07-12,1.573893,0.9945,1.0000,1.0000,0.0000,0,-0.0024,0.0933,489.6845,75.7449
tv15%_lb60d_pure,2023–Aug 2024,2024-07-15,1.578100,0.9945,1.0000,1.0000,0.0000,0,0.0000,0.0919,491.0007,75.7449
tv15%_lb60d_pure,2023–Aug 2024,2024-07-16,1.578704,0.9945,1.0000,1.0000,0.0000,0,0.0000,0.0919,491.1888,75.7726
tv15%_lb60d_pure,2023–Aug 2024,2024-07-17,1.532619,0.9945,1.0000,1.0000,0.0000,0,-0.0140,0.0952,476.7700,75.7819
tv15%_lb60d_pure,2023–Aug 2024,2024-07-18,1.525402,0.9945,1.0000,1.0000,0.0000,0,-0.0216,0.0960,474.5136,75.7449
tv15%_lb60d_pure,2023–Aug 2024,2024-07-19,1.511952,0.9945,1.0000,1.0000,0.0000,0,-0.0281,0.0952,470.3077,75.7080
tv15%_lb60d_pure,2023–Aug 2024,2024-07-22,1.534353,0.9945,1.0000,1.0000,0.0000,0,-0.0181,0.0968,477.3143,75.7172
tv15%_lb60d_pure,2023–Aug 2024,2024-07-23,1.528979,0.9945,1.0000,1.0000,0.0000,0,-0.0196,0.0964,475.6319,75.7542
tv15%_lb60d_pure,2023–Aug 2024,2024-07-24,1.474441,0.9945,1.0000,1.0000,0.0000,0,-0.0418,0.1074,458.5708,75.7911
tv15%_lb60d_pure,2023–Aug 2024,2024-07-25,1.458273,0.9945,1.0000,1.0000,0.0000,0,-0.0468,0.1081,453.5139,75.8004
tv15%_lb60d_pure,2023–Aug 2024,2024-07-26,1.473157,0.9945,1.0000,1.0000,0.0000,0,-0.0362,0.1041,458.1650,75.9020
tv15%_lb60d_pure,2023–Aug 2024,2024-07-29,1.476100,0.9945,1.0000,1.0000,0.0000,0,-0.0356,0.1037,459.0854,75.9113
tv15%_lb60d_pure,2023–Aug 2024,2024-07-30,1.455946,0.9945,1.0000,1.0000,0.0000,0,-0.0405,0.1032,452.7815,75.9390
tv15%_lb60d_pure,2023–Aug 2024,2024-07-31,1.498812,0.9945,1.0000,1.0000,0.0000,0,-0.0249,0.1053,466.1810,76.0961
tv15%_lb60d_pure,2023–Aug 2024,2024-08-01,1.462724,0.9945,1.0000,1.0000,0.0000,0,-0.0387,0.1083,454.8894,76.2278
tv15%_lb60d_pure,2023–Aug 2024,2024-08-02,1.428243,0.9945,1.0000,1.0000,0.0000,0,-0.0566,0.1156,444.0927,76.6543
tv15%_lb60d_pure,2023–Aug 2024,2024-08-05,1.385892,0.9945,1.0000,1.0000,0.0000,0,-0.0841,0.1310,430.8515,76.6357
tv15%_lb60d_pure,2023–Aug 2024,2024-08-06,1.399052,0.9945,1.0000,1.0000,0.0000,0,-0.0756,0.1318,434.9684,76.5431
tv15%_lb60d_pure,2023–Aug 2024,2024-08-07,1.383979,0.9945,1.0000,1.0000,0.0000,0,-0.0818,0.1325,430.2577,76.4967
tv15%_lb60d_pure,2023–Aug 2024,2024-08-08,1.426079,0.9945,1.0000,1.0000,0.0000,0,-0.0606,0.1406,443.4197,76.4596
tv15%_lb60d_pure,2023–Aug 2024,2024-08-09,1.433487,0.9945,1.0000,1.0000,0.0000,0,-0.0564,0.1406,445.7355,76.4781
tv15%_lb60d_pure,2023–Aug 2024,2024-08-12,1.436562,0.9945,1.0000,1.0000,0.0000,0,-0.0559,0.1383,446.6954,76.5245
tv15%_lb60d_pure,2023–Aug 2024,2024-08-13,1.472023,0.9945,1.0000,1.0000,0.0000,0,-0.0268,0.1421,457.7791,76.6450
tv15%_lb60d_pure,2023–Aug 2024,2024-08-14,1.472496,0.9945,1.0000,1.0000,0.0000,0,-0.0197,0.1422,457.9276,76.6357
tv15%_lb60d_pure,2023–Aug 2024,2024-08-15,1.509471,0.9945,1.0000,1.0000,0.0000,0,-0.0028,0.1462,469.4962,76.4503
tv15%_lb60d_pure,2023–Aug 2024,2024-08-16,1.511410,0.9945,1.0000,1.0000,0.0000,0,-0.0006,0.1462,470.0999,76.5338
tv15%_lb60d_pure,2023–Aug 2024,2024-08-19,1.531152,0.9945,1.0000,1.0000,0.0000,0,0.0000,0.1471,476.2752,76.5152
tv15%_lb60d_pure,2023–Aug 2024,2024-08-20,1.527969,0.9945,1.0000,1.0000,0.0000,0,-0.0016,0.1462,475.2757,76.6265
tv15%_lb60d_pure,2023–Aug 2024,2024-08-21,1.535065,0.9945,1.0000,1.0000,0.0000,0,0.0000,0.1458,477.4923,76.7100
tv15%_lb60d_pure,2023–Aug 2024,2024-08-22,1.510850,0.9945,1.0000,1.0000,0.0000,0,-0.0078,0.1469,469.9218,76.6079
tv15%_lb60d_pure,2023–Aug 2024,2024-08-23,1.527165,0.9945,1.0000,1.0000,0.0000,0,0.0000,0.1473,475.0184,76.7841
tv15%_lb60d_pure,2023–Aug 2024,2024-08-26,1.512417,0.9945,1.0000,1.0000,0.0000,0,-0.0024,0.1466,470.4067,76.7470
tv15%_lb60d_pure,2023–Aug 2024,2024-08-27,1.516915,0.9945,1.0000,1.0000,0.0000,0,-0.0010,0.1457,471.8120,76.7934
tv15%_lb60d_pure,2023–Aug 2024,2024-08-28,1.499796,0.9945,1.0000,1.0000,0.0000,0,-0.0068,0.1464,466.4581,76.7841
tv15%_lb60d_pure,2023–Aug 2024,2024-08-29,1.497611,0.9945,1.0000,1.0000,0.0000,0,-0.0067,0.1464,465.7753,76.7748
tv15%_lb60d_pure,2023–Aug 2024,2024-08-30,1.515363,0.9945,1.0000,1.0000,0.0000,0,0.0000,0.1457,471.3270,76.7748
tv15%_lb60d_pure,Aug 2024–Aug 2026,2024-08-01,1.000000,0.0000,0.0000,0.0000,0.0000,0,0.0000,0.0000,454.8895,76.2278
tv15%_lb60d_pure,Aug 2024–Aug 2026,2024-08-02,1.005595,0.0000,0.0000,0.0000,0.0000,0,0.0000,0.0000,444.0927,76.6543
tv15%_lb60d_pure,Aug 2024–Aug 2026,2024-08-05,1.005352,0.0000,0.0000,0.0000,0.0000,0,0.0000,0.0000,430.8515,76.6358
tv15%_lb60d_pure,Aug 2024–Aug 2026,2024-08-06,1.004136,0.0000,0.0000,0.0000,0.0000,0,0.0000,0.0000,434.9684,76.5430
tv15%_lb60d_pure,Aug 2024–Aug 2026,2024-08-07,1.003527,0.0000,0.0000,0.0000,0.0000,0,0.0000,0.0000,430.2577,76.4967
tv15%_lb60d_pure,Aug 2024–Aug 2026,2024-08-08,1.003041,0.0000,0.0000,0.0000,0.0000,0,0.0000,0.0000,443.4197,76.4596
tv15%_lb60d_pure,Aug 2024–Aug 2026,2024-08-09,1.003284,0.0000,0.0000,0.0000,0.0000,0,0.0000,0.0000,445.7354,76.4781
tv15%_lb60d_pure,Aug 2024–Aug 2026,2024-08-12,1.003892,0.0000,0.0000,0.0000,0.0000,0,0.0000,0.0000,446.6953,76.5245
tv15%_lb60d_pure,Aug 2024–Aug 2026,2024-08-13,1.005473,0.0000,0.0000,0.0000,0.0000,0,0.0000,0.0000,457.7791,76.6450
tv15%_lb60d_pure,Aug 2024–Aug 2026,2024-08-14,1.005352,0.0000,0.0000,0.0000,0.0000,0,0.0000,0.0000,457.9276,76.6358
tv15%_lb60d_pure,Aug 2024–Aug 2026,2024-08-15,1.002919,0.0000,0.0000,0.0000,0.0000,0,0.0000,0.0000,469.4962,76.4503
tv15%_lb60d_pure,Aug 2024–Aug 2026,2024-08-16,1.004014,0.0000,0.0000,0.0000,0.0000,0,0.0000,0.0000,470.0999,76.5338
tv15%_lb60d_pure,Aug 2024–Aug 2026,2024-08-19,1.003771,0.0000,0.0000,0.0000,0.0000,0,0.0000,0.0000,476.2751,76.5152
tv15%_lb60d_pure,Aug 2024–Aug 2026,2024-08-20,1.005230,0.0000,0.0000,0.0000,0.0000,0,0.0000,0.0000,475.2756,76.6265
tv15%_lb60d_pure,Aug 2024–Aug 2026,2024-08-21,1.006325,0.0000,0.0000,0.0000,0.0000,0,0.0000,0.0000,477.4924,76.7099
tv15%_lb60d_pure,Aug 2024–Aug 2026,2024-08-22,1.004987,0.0000,0.0000,0.0000,0.0000,0,0.0000,0.0000,469.9218,76.6079
tv15%_lb60d_pure,Aug 2024–Aug 2026,2024-08-23,1.007298,0.0000,0.0000,0.0000,0.0000,0,0.0000,0.0000,475.0183,76.7841
tv15%_lb60d_pure,Aug 2024–Aug 2026,2024-08-26,1.006811,0.0000,0.0000,0.0000,0.0000,0,0.0000,0.0000,470.4067,76.7470
tv15%_lb60d_pure,Aug 2024–Aug 2026,2024-08-27,1.007420,0.0000,0.0000,0.0000,0.0000,0,0.0000,0.0000,471.8120,76.7934
tv15%_lb60d_pure,Aug 2024–Aug 2026,2024-08-28,1.007298,0.0000,0.0000,0.0000,0.0000,0,-0.0068,0.0000,466.4581,76.7841
tv15%_lb60d_pure,Aug 2024–Aug 2026,2024-08-29,1.007176,0.0000,0.0000,0.0000,0.0000,0,-0.0067,0.0000,465.7753,76.7748
tv15%_lb60d_pure,Aug 2024–Aug 2026,2024-08-30,1.007176,0.0000,0.0000,0.0000,0.0000,0,0.0000,0.0000,471.3270,76.7748
tv15%_lb60d_pure,Aug 2024–Aug 2026,2024-09-03,1.008251,0.0000,0.0000,0.0000,0.0000,0,-0.0206,0.0000,457.0171,76.8567
tv15%_lb60d_pure,Aug 2024–Aug 2026,2024-09-04,1.010448,0.0000,0.0000,0.0000,0.0000,0,-0.0226,0.0000,455.8296,77.0242
tv15%_lb60d_pure,Aug 2024–Aug 2026,2024-09-05,1.010814,0.0000,0.0000,0.0000,0.0000,0,-0.0250,0.0000,456.2551,77.0521
tv15%_lb60d_pure,Aug 2024–Aug 2026,2024-09-06,1.012645,0.0000,0.0000,0.0000,0.0000,0,-0.0414,0.0000,444.0333,77.1917
tv15%_lb60d_pure,Aug 2024–Aug 2026,2024-09-09,1.012767,0.0000,0.0000,0.0000,0.0000,0,-0.0306,0.0000,449.7434,77.2010
tv15%_lb60d_pure,Aug 2024–Aug 2026,2024-09-10,1.014232,0.0000,0.0000,0.0000,0.0000,0,-0.0264,0.0000,453.8998,77.3126
tv15%_lb60d_pure,Aug 2024–Aug 2026,2024-09-11,1.013377,0.0000,0.0000,0.0000,0.0000,0,-0.0164,0.0000,463.7564,77.2475
tv15%_lb60d_pure,Aug 2024–Aug 2026,2024-09-12,1.013499,0.0000,0.0000,0.0000,0.0000,0,-0.0081,0.0000,468.3087,77.2568
tv15%_lb60d_pure,Aug 2024–Aug 2026,2024-09-13,1.014964,0.0000,0.0000,0.0000,0.0000,0,-0.0030,0.0000,470.4067,77.3685
tv15%_lb60d_pure,Aug 2024–Aug 2026,2024-09-16,1.015574,0.0000,0.0000,0.0000,0.0000,0,-0.0015,0.0000,468.3284,77.4150
tv15%_lb60d_pure,Aug 2024–Aug 2026,2024-09-17,1.014842,0.0000,0.0000,0.0000,0.0000,0,-0.0011,0.0000,468.5759,77.3592
tv15%_lb60d_pure,Aug 2024–Aug 2026,2024-09-18,1.014476,0.0000,0.0000,0.0000,0.0000,0,-0.0040,0.0000,466.5472,77.3312
tv15%_lb60d_pure,Aug 2024–Aug 2026,2024-09-19,1.015330,0.0000,0.0000,0.0000,0.0000,0,0.0000,0.0000,478.3434,77.3964
tv15%_lb60d_pure,Aug 2024–Aug 2026,2024-09-20,1.015697,0.0000,0.0000,0.0000,0.0000,0,-0.0017,0.0000,477.4330,77.4243
tv15%_lb60d_pure,Aug 2024–Aug 2026,2024-09-23,1.015697,0.0000,0.0000,0.0000,0.0000,0,0.0000,0.0000,478.6985,77.4243
tv15%_lb60d_pure,Aug 2024–Aug 2026,2024-09-24,1.016673,0.0000,0.0000,0.0000,0.0000,0,0.0000,0.0000,481.0076,77.4987
tv15%_lb60d_pure,Aug 2024–Aug 2026,2024-09-25,1.015819,0.0000,0.0000,0.0000,0.0000,0,-0.0022,0.0000,481.4536,77.4336
tv15%_lb60d_pure,Aug 2024–Aug 2026,2024-09-26,1.014842,0.0000,0.0000,0.0000,0.0000,0,0.0000,0.0000,485.0707,77.3592
tv15%_lb60d_pure,Aug 2024–Aug 2026,2024-09-27,1.016429,0.0000,0.0000,0.0000,0.0000,0,-0.0015,0.0000,482.3752,77.4801
tv15%_lb60d_pure,Aug 2024–Aug 2026,2024-09-30,1.014964,0.0000,0.0000,0.0000,0.0000,0,0.0000,0.0000,483.6833,77.3685
tv15%_lb60d_pure,Aug 2024–Aug 2026,2024-10-01,1.015613,0.0000,0.0000,0.0000,0.0000,0,-0.0090,0.0000,476.9444,77.4179
tv15%_lb60d_pure,Aug 2024–Aug 2026,2024-10-02,1.015368,0.0000,0.0000,0.0000,0.0000,0,-0.0085,0.0000,477.6183,77.3993
tv15%_lb60d_pure,Aug 2024–Aug 2026,2024-10-03,1.014021,0.0000,0.0000,0.0000,0.0000,0,-0.0104,0.0000,477.2615,77.2966
tv15%_lb60d_pure,Aug 2024–Aug 2026,2024-10-04,1.010592,0.0000,0.0000,0.0000,0.0000,0,-0.0014,0.0000,482.9401,77.0352
tv15%_lb60d_pure,Aug 2024–Aug 2026,2024-10-07,1.009245,0.0000,0.0000,0.0000,0.0000,0,-0.0104,0.0000,477.7670,76.9325
tv15%_lb60d_pure,Aug 2024–Aug 2026,2024-10-08,1.010102,0.0000,0.0000,0.0000,0.0000,0,-0.0010,0.0000,484.9023,76.9979
tv15%_lb60d_pure,Aug 2024–Aug 2026,2024-10-09,1.009122,0.0000,0.0000,0.0000,0.0000,0,0.0000,0.0000,488.7177,76.9232
tv15%_lb60d_pure,Aug 2024–Aug 2026,2024-10-10,1.009980,0.0000,0.0000,0.0000,0.0000,0,-0.0018,0.0000,488.1627,76.9885
tv15%_lb60d_pure,Aug 2024–Aug 2026,2024-10-11,1.010837,0.0000,0.0000,0.0000,0.0000,0,0.0000,0.0000,488.9258,77.0539
tv15%_lb60d_pure,Aug 2024–Aug 2026,2024-10-14,1.010347,0.0000,0.0000,0.0000,0.0000,0,0.0000,0.0000,493.0286,77.0165
tv15%_lb60d_pure,Aug 2024–Aug 2026,2024-10-15,1.010837,0.0000,0.0000,0.0000,0.0000,0,-0.0078,0.0000,486.4383,77.0539
tv15%_lb60d_pure,Aug 2024–Aug 2026,2024-10-16,1.011449,0.0000,0.0000,0.0000,0.0000,0,-0.0035,0.0000,486.4978,77.1005
tv15%_lb60d_pure,Aug 2024–Aug 2026,2024-10-17,1.010592,0.0000,0.0000,0.0000,0.0000,0,-0.0034,0.0000,486.8347,77.0352
tv15%_lb60d_pure,Aug 2024–Aug 2026,2024-10-18,1.011449,0.0000,0.0000,0.0000,0.0000,0,0.0000,0.0000,490.0258,77.1005
tv15%_lb60d_pure,Aug 2024–Aug 2026,2024-10-21,1.009980,0.0000,0.0000,0.0000,0.0000,0,-0.0016,0.0000,490.9673,76.9885
tv15%_lb60d_pure,Aug 2024–Aug 2026,2024-10-22,1.009858,0.0000,0.0000,0.0000,0.0000,0,-0.0022,0.0000,491.5024,76.9792
tv15%_lb60d_pure,Aug 2024–Aug 2026,2024-10-23,1.009245,0.0000,0.0000,0.0000,0.0000,0,-0.0113,0.0000,483.9707,76.9325
tv15%_lb60d_pure,Aug 2024–Aug 2026,2024-10-24,1.009735,0.0000,0.0000,0.0000,0.0000,0,-0.0092,0.0000,487.8951,76.9699
tv15%_lb60d_pure,Aug 2024–Aug 2026,2024-10-25,1.009368,0.0000,1.0000,1.0000,0.0000,0,-0.0095,0.1448,490.8682,76.9419
tv15%_lb60d_pure,Aug 2024–Aug 2026,2024-10-28,1.007869,1.0000,1.0000,1.0000,0.0000,0,-0.0064,0.1387,490.9474,76.9045
tv15%_lb60d_pure,Aug 2024–Aug 2026,2024-10-29,1.017553,1.0000,1.0000,1.0000,0.0000,0,-0.0048,0.1227,495.6647,76.9325
tv15%_lb60d_pure,Aug 2024–Aug 2026,2024-10-30,1.009863,1.0000,1.0000,1.0000,0.0000,0,-0.0078,0.1222,491.9187,76.8672
tv15%_lb60d_pure,Aug 2024–Aug 2026,2024-10-31,0.984371,1.0000,1.0000,1.0000,0.0000,0,-0.0273,0.1289,479.5013,76.8858
tv15%_lb60d_pure,Aug 2024–Aug 2026,2024-11-01,0.991654,1.0000,1.0000,1.0000,0.0000,0,-0.0232,0.1212,483.0490,76.8606
tv15%_lb60d_pure,Aug 2024–Aug 2026,2024-11-04,0.988765,1.0000,1.0000,1.0000,0.0000,0,-0.0253,0.1212,481.6418,76.9167
tv15%_lb60d_pure,Aug 2024–Aug 2026,2024-11-05,1.001379,1.0000,1.0000,1.0000,0.0000,0,-0.0135,0.1232,487.7861,76.8980
tv15%_lb60d_pure,Aug 2024–Aug 2026,2024-11-06,1.028579,1.0000,1.0000,1.0000,0.0000,0,0.0000,0.1286,501.0359,76.8043
tv15%_lb60d_pure,Aug 2024–Aug 2026,2024-11-07,1.044774,1.0000,1.0000,1.0000,0.0000,0,0.0000,0.1291,508.9243,76.9355
tv15%_lb60d_pure,Aug 2024–Aug 2026,2024-11-08,1.045994,1.0000,1.0000,1.0000,0.0000,0,0.0000,0.1252,509.5190,76.8793
tv15%_lb60d_pure,Aug 2024–Aug 2026,2024-11-11,1.045384,1.0000,1.0000,1.0000,0.0000,0,0.0000,0.1252,509.2217,76.8231
tv15%_lb60d_pure,Aug 2024–Aug 2026,2024-11-12,1.043492,1.0000,1.0000,1.0000,0.0000,0,-0.0031,0.1244,508.3000,76.7481
tv15%_lb60d_pure,Aug 2024–Aug 2026,2024-11-13,1.042149,1.0000,1.0000,1.0000,0.0000,0,-0.0026,0.1242,507.6460,76.8606
tv15%_lb60d_pure,Aug 2024–Aug 2026,2024-11-14,1.034907,1.0000,1.0000,1.0000,0.0000,0,-0.0090,0.1251,504.1180,76.7481
tv15%_lb60d_pure,Aug 2024–Aug 2026,2024-11-15,1.010249,1.0000,1.0000,1.0000,0.0000,0,-0.0217,0.1270,492.1069,76.8324
tv15%_lb60d_pure,Aug 2024–Aug 2026,2024-11-18,1.017268,1.0000,1.0000,1.0000,0.0000,0,-0.0177,0.1256,495.5259,76.8887
tv15%_lb60d_pure,Aug 2024–Aug 2026,2024-11-19,1.024266,1.0000,1.0000,1.0000,0.0000,0,-0.0141,0.1256,498.9350,76.8887
tv15%_lb60d_pure,Aug 2024–Aug 2026,2024-11-20,1.023676,1.0000,1.0000,1.0000,0.0000,0,-0.0138,0.1256,498.6476,76.8512
tv15%_lb60d_pure,Aug 2024–Aug 2026,2024-11-21,1.027359,1.0000,1.0000,1.0000,0.0000,0,-0.0085,0.1251,500.4413,76.8324
tv15%_lb60d_pure,Aug 2024–Aug 2026,2024-11-22,1.029007,1.0000,1.0000,1.0000,0.0000,0,-0.0054,0.1252,501.2441,76.8231
tv15%_lb60d_pure,Aug 2024–Aug 2026,2024-11-25,1.030634,1.0000,1.0000,1.0000,0.0000,0,-0.0021,0.1240,502.0369,76.9730
tv15%_lb60d_pure,Aug 2024–Aug 2026,2024-11-26,1.036168,1.0000,1.0000,1.0000,0.0000,0,0.0000,0.1157,504.7324,76.9730
tv15%_lb60d_pure,Aug 2024–Aug 2026,2024-11-27,1.028010,1.0000,1.0000,1.0000,0.0000,0,-0.0030,0.1158,500.7584,77.0198
tv15%_lb60d_pure,Aug 2024–Aug 2026,2024-11-29,1.037043,1.0000,1.0000,1.0000,0.0000,0,0.0000,0.1159,505.1585,77.1135
tv15%_lb60d_pure,Aug 2024–Aug 2026,2024-12-02,1.048334,1.0000,1.0000,1.0000,0.0000,0,0.0000,0.1093,510.6586,77.1088
tv15%_lb60d_pure,Aug 2024–Aug 2026,2024-12-03,1.051549,1.0000,1.0000,1.0000,0.0000,0,0.0000,0.1076,512.2245,77.1182
tv15%_lb60d_pure,Aug 2024–Aug 2026,2024-12-04,1.064549,1.0000,1.0000,1.0000,0.0000,0,0.0000,0.1079,518.5570,77.2028
tv15%_lb60d_pure,Aug 2024–Aug 2026,2024-12-05,1.061599,1.0000,1.0000,1.0000,0.0000,0,-0.0016,0.1066,517.1201,77.2028
tv15%_lb60d_pure,Aug 2024–Aug 2026,2024-12-06,1.071100,1.0000,1.0000,1.0000,0.0000,0,0.0000,0.1057,521.7481,77.2779
tv15%_lb60d_pure,Aug 2024–Aug 2026,2024-12-09,1.062758,1.0000,1.0000,1.0000,0.0000,0,-0.0051,0.1062,517.6849,77.2497
tv15%_lb60d_pure,Aug 2024–Aug 2026,2024-12-10,1.059137,1.0000,1.0000,1.0000,0.0000,0,-0.0082,0.1066,515.9209,77.2403
tv15%_lb60d_pure,Aug 2024–Aug 2026,2024-12-11,1.078098,1.0000,1.0000,1.0000,0.0000,0,-0.0006,0.1074,525.1571,77.2215
tv15%_lb60d_pure,Aug 2024–Aug 2026,2024-12-12,1.071140,1.0000,1.0000,1.0000,0.0000,0,-0.0057,0.1079,521.7679,77.1839
tv15%_lb60d_pure,Aug 2024–Aug 2026,2024-12-13,1.079339,1.0000,1.0000,1.0000,0.0000,0,-0.0059,0.1029,525.7617,77.1464
tv15%_lb60d_pure,Aug 2024–Aug 2026,2024-12-16,1.094882,1.0000,1.0000,1.0000,0.0000,0,-0.0017,0.1029,533.3330,77.1557
tv15%_lb60d_pure,Aug 2024–Aug 2026,2024-12-17,1.090061,1.0000,1.0000,1.0000,0.0000,0,-0.0058,0.1034,530.9844,77.1651
tv15%_lb60d_pure,Aug 2024–Aug 2026,2024-12-18,1.050735,1.0000,1.0000,1.0000,0.0000,0,-0.0354,0.1216,511.8280,77.0237
tv15%_lb60d_pure,Aug 2024–Aug 2026,2024-12-19,1.046055,1.0000,1.0000,1.0000,0.0000,0,-0.0357,0.1214,509.5487,77.1086
tv15%_lb60d_pure,Aug 2024–Aug 2026,2024-12-20,1.055190,1.0000,1.0000,1.0000,0.0000,0,-0.0241,0.1235,513.9984,77.1180
tv15%_lb60d_pure,Aug 2024–Aug 2026,2024-12-23,1.065470,1.0000,1.0000,1.0000,0.0000,0,-0.0183,0.1239,519.0061,77.0709
tv15%_lb60d_pure,Aug 2024–Aug 2026,2024-12-24,1.079918,1.0000,1.0000,1.0000,0.0000,0,-0.0074,0.1256,526.0437,77.1086
tv15%_lb60d_pure,Aug 2024–Aug 2026,2024-12-26,1.079184,1.0000,1.0000,1.0000,0.0000,0,-0.0073,0.1239,525.6863,77.1274
tv15%_lb60d_pure,Aug 2024–Aug 2026,2024-12-27,1.064839,1.0000,1.0000,1.0000,0.0000,0,-0.0178,0.1261,518.6984,77.1463
tv15%_lb60d_pure,Aug 2024–Aug 2026,2024-12-30,1.050677,1.0000,1.0000,1.0000,0.0000,0,-0.0290,0.1285,511.7998,77.2595
tv15%_lb60d_pure,Aug 2024–Aug 2026,2024-12-31,1.041751,1.0000,1.0000,1.0000,0.0000,0,-0.0325,0.1276,507.4521,77.3066
tv15%_lb60d_pure,Aug 2024–Aug 2026,2025-01-02,1.039714,1.0000,1.0000,1.0000,0.0000,0,-0.0349,0.1262,506.4595,77.2878
tv15%_lb60d_pure,Aug 2024–Aug 2026,2025-01-03,1.056728,1.0000,1.0000,1.0000,0.0000,0,-0.0228,0.1273,514.7477,77.2878
tv15%_lb60d_pure,Aug 2024–Aug 2026,2025-01-06,1.068874,1.0000,1.0000,1.0000,0.0000,0,-0.0172,0.1270,520.6638,77.3066
tv15%_lb60d_pure,Aug 2024–Aug 2026,2025-01-07,1.049800,1.0000,1.0000,1.0000,0.0000,0,-0.0277,0.1293,511.3729,77.2595
tv15%_lb60d_pure,Aug 2024–Aug 2026,2025-01-08,1.049984,1.0000,1.0000,1.0000,0.0000,0,-0.0263,0.1288,511.4623,77.3066
tv15%_lb60d_pure,Aug 2024–Aug 2026,2025-01-10,1.033519,1.0000,1.0000,1.0000,0.0000,0,-0.0412,0.1317,503.4420,77.1651
tv15%_lb60d_pure,Aug 2024–Aug 2026,2025-01-13,1.030197,1.0000,1.0000,1.0000,0.0000,0,-0.0386,0.1307,501.8240,77.1840
tv15%_lb60d_pure,Aug 2024–Aug 2026,2025-01-14,1.029219,1.0000,1.0000,1.0000,0.0000,0,-0.0373,0.1305,501.3476,77.2029
tv15%_lb60d_pure,Aug 2024–Aug 2026,2025-01-15,1.052898,1.0000,1.0000,1.0000,0.0000,0,-0.0198,0.1356,512.8817,77.3726
tv15%_lb60d_pure,Aug 2024–Aug 2026,2025-01-16,1.045521,1.0000,1.0000,1.0000,0.0000,0,-0.0176,0.1355,509.2885,77.4198
tv15%_lb60d_pure,Aug 2024–Aug 2026,2025-01-17,1.063168,1.0000,1.0000,1.0000,0.0000,0,-0.0063,0.1368,517.8845,77.4009
tv15%_lb60d_pure,Aug 2024–Aug 2026,2025-01-21,1.069403,1.0000,1.0000,1.0000,0.0000,0,0.0000,0.1380,520.9218,77.4292
tv15%_lb60d_pure,Aug 2024–Aug 2026,2025-01-22,1.083076,1.0000,1.0000,1.0000,0.0000,0,0.0000,0.1368,527.5822,77.4103
tv15%_lb60d_pure,Aug 2024–Aug 2026,2025-01-23,1.085379,1.0000,1.0000,1.0000,0.0000,0,0.0000,0.1371,528.7040,77.4103
tv15%_lb60d_pure,Aug 2024–Aug 2026,2025-01-24,1.079246,1.0000,1.0000,1.0000,0.0000,0,-0.0029,0.1373,525.7162,77.4575
tv15%_lb60d_pure,Aug 2024–Aug 2026,2025-01-27,1.047824,1.0000,1.0000,1.0000,0.0000,0,-0.0170,0.1407,510.4101,77.5706
tv15%_lb60d_pure,Aug 2024–Aug 2026,2025-01-28,1.063310,1.0000,1.0000,1.0000,0.0000,0,-0.0086,0.1416,517.9539,77.5895
tv15%_lb60d_pure,Aug 2024–Aug 2026,2025-01-29,1.061314,1.0000,1.0000,1.0000,0.0000,0,-0.0130,0.1418,516.9812,77.5424
tv15%_lb60d_pure,Aug 2024–Aug 2026,2025-01-30,1.065837,1.0000,1.0000,1.0000,0.0000,0,-0.0077,0.1355,519.1848,77.5895
tv15%_lb60d_pure,Aug 2024–Aug 2026,2025-01-31,1.064289,1.0000,1.0000,1.0000,0.0000,0,-0.0130,0.1360,518.4304,77.5989
tv15%_lb60d_pure,Aug 2024–Aug 2026,2025-02-03,1.055771,1.0000,1.0000,1.0000,0.0000,0,-0.0196,0.1368,514.2812,77.5450
tv15%_lb60d_pure,Aug 2024–Aug 2026,2025-02-04,1.068731,1.0000,1.0000,1.0000,0.0000,0,-0.0131,0.1353,520.5942,77.6207
tv15%_lb60d_pure,Aug 2024–Aug 2026,2025-02-05,1.073581,1.0000,1.0000,1.0000,0.0000,0,-0.0091,0.1262,522.9567,77.6680
tv15%_lb60d_pure,Aug 2024–Aug 2026,2025-02-06,1.079184,1.0000,1.0000,1.0000,0.0000,0,-0.0056,0.1254,525.6863,77.6396
tv15%_lb60d_pure,Aug 2024–Aug 2026,2025-02-07,1.065572,1.0000,1.0000,1.0000,0.0000,0,-0.0147,0.1266,519.0557,77.5545
tv15%_lb60d_pure,Aug 2024–Aug 2026,2025-02-10,1.078471,1.0000,1.0000,1.0000,0.0000,0,-0.0080,0.1274,525.3389,77.5923
tv15%_lb60d_pure,Aug 2024–Aug 2026,2025-02-11,1.075904,1.0000,1.0000,1.0000,0.0000,0,-0.0073,0.1272,524.0883,77.5734
tv15%_lb60d_pure,Aug 2024–Aug 2026,2025-02-12,1.076535,1.0000,1.0000,1.0000,0.0000,0,-0.0105,0.1274,524.3960,77.4693
tv15%_lb60d_pure,Aug 2024–Aug 2026,2025-02-13,1.092022,1.0000,1.0000,1.0000,0.0000,0,-0.0000,0.1283,531.9398,77.5734
tv15%_lb60d_pure,Aug 2024–Aug 2026,2025-02-14,1.096607,1.0000,1.0000,1.0000,0.0000,0,-0.0001,0.1252,534.1732,77.6775
tv15%_lb60d_pure,Aug 2024–Aug 2026,2025-02-18,1.099093,1.0000,1.0000,1.0000,0.0000,0,0.0000,0.1251,535.3842,77.6112
tv15%_lb60d_pure,Aug 2024–Aug 2026,2025-02-19,1.099399,1.0000,1.0000,1.0000,0.0000,0,0.0000,0.1250,535.5331,77.6680
tv15%_lb60d_pure,Aug 2024–Aug 2026,2025-02-20,1.094732,1.0000,1.0000,1.0000,0.0000,0,-0.0042,0.1254,533.2599,77.6775
tv15%_lb60d_pure,Aug 2024–Aug 2026,2025-02-21,1.072011,1.0000,1.0000,1.0000,0.0000,0,-0.0212,0.1302,522.1923,77.8099
tv15%_lb60d_pure,Aug 2024–Aug 2026,2025-02-24,1.059357,1.0000,1.0000,1.0000,0.0000,0,-0.0256,0.1305,516.0283,77.8667
tv15%_lb60d_pure,Aug 2024–Aug 2026,2025-02-25,1.046010,1.0000,1.0000,1.0000,0.0000,0,-0.0305,0.1307,509.5267,77.9708
tv15%_lb60d_pure,Aug 2024–Aug 2026,2025-02-26,1.048537,1.0000,1.0000,1.0000,0.0000,0,-0.0300,0.1302,510.7575,77.9992
tv15%_lb60d_pure,Aug 2024–Aug 2026,2025-02-27,1.019418,1.0000,1.0000,1.0000,0.0000,0,-0.0455,0.1342,496.5731,78.0275
tv15%_lb60d_pure,Aug 2024–Aug 2026,2025-02-28,1.035516,1.0000,1.0000,1.0000,0.0000,0,-0.0306,0.1374,504.4147,78.1695
tv15%_lb60d_pure,Aug 2024–Aug 2026,2025-03-03,1.012856,1.0000,1.0000,1.0000,0.0000,0,-0.0476,0.1419,493.3769,78.2197
tv15%_lb60d_pure,Aug 2024–Aug 2026,2025-03-04,1.009800,1.0000,1.0000,1.0000,0.0000,0,-0.0588,0.1438,491.8880,78.2292
tv15%_lb60d_pure,Aug 2024–Aug 2026,2025-03-05,1.022963,1.0000,1.0000,1.0000,0.0000,0,-0.0487,0.1450,498.3003,78.1438
tv15%_lb60d_pure,Aug 2024–Aug 2026,2025-03-06,0.994822,1.0000,1.0000,1.0000,0.0000,0,-0.0656,0.1493,484.5923,78.1913
tv15%_lb60d_pure,Aug 2024–Aug 2026,2025-03-07,1.002138,1.0000,1.0000,1.0000,0.0000,0,-0.0604,0.1498,488.1558,78.1818
tv15%_lb60d_pure,Aug 2024–Aug 2026,2025-03-10,0.963299,1.0000,0.9441,0.9441,0.0000,0,-0.0854,0.1589,469.2367,78.3241
tv15%_lb60d_pure,Aug 2024–Aug 2026,2025-03-11,0.960942,0.9441,0.9404,0.9404,0.0000,0,-0.0930,0.1595,468.1150,78.2767
tv15%_lb60d_pure,Aug 2024–Aug 2026,2025-03-12,0.971137,0.9441,0.9433,0.9433,0.0000,0,-0.0882,0.1590,473.3957,78.2197
tv15%_lb60d_pure,Aug 2024–Aug 2026,2025-03-13,0.954682,0.9441,0.9331,0.9331,0.0000,0,-0.1004,0.1607,464.8791,78.2767
tv15%_lb60d_pure,Aug 2024–Aug 2026,2025-03-14,0.976428,0.9441,0.8988,0.8988,0.0000,0,-0.0818,0.1669,476.1154,78.2197
tv15%_lb60d_pure,Aug 2024–Aug 2026,2025-03-17,0.982385,0.9441,0.8954,0.8954,0.0000,0,-0.0747,0.1675,479.2024,78.1913
tv15%_lb60d_pure,Aug 2024–Aug 2026,2025-03-18,0.966575,0.9441,0.8896,0.8896,0.0000,0,-0.0847,0.1686,471.0333,78.1913
tv15%_lb60d_pure,Aug 2024–Aug 2026,2025-03-19,0.978811,0.8896,0.9428,0.9428,0.0000,0,-0.0709,0.1591,477.3364,78.3052
tv15%_lb60d_pure,Aug 2024–Aug 2026,2025-03-20,0.975834,0.9428,0.9423,0.9423,0.0000,0,-0.0574,0.1592,475.7184,78.3241
tv15%_lb60d_pure,Aug 2024–Aug 2026,2025-03-21,0.978900,0.9428,0.9551,0.9551,0.0000,0,-0.0528,0.1571,477.2867,78.3716
tv15%_lb60d_pure,Aug 2024–Aug 2026,2025-03-24,0.999078,0.9428,0.9316,0.9316,0.0000,0,-0.0315,0.1610,487.7604,78.2672
tv15%_lb60d_pure,Aug 2024–Aug 2026,2025-03-25,1.004474,0.9428,0.9415,0.9415,0.0000,0,-0.0292,0.1593,490.5439,78.2957
tv15%_lb60d_pure,Aug 2024–Aug 2026,2025-03-26,0.987035,0.9428,0.9318,0.9318,0.0000,0,-0.0402,0.1610,481.5175,78.2767
tv15%_lb60d_pure,Aug 2024–Aug 2026,2025-03-27,0.981760,0.9428,0.9389,0.9389,0.0000,0,-0.0427,0.1598,478.7739,78.3146
tv15%_lb60d_pure,Aug 2024–Aug 2026,2025-03-28,0.957493,0.9428,0.9186,0.9186,0.0000,0,-0.0453,0.1633,466.1688,78.4570
tv15%_lb60d_pure,Aug 2024–Aug 2026,2025-03-31,0.957494,0.9428,0.9150,0.9150,0.0000,0,-0.0377,0.1639,466.1489,78.5139
tv15%_lb60d_pure,Aug 2024–Aug 2026,2025-04-01,0.964791,0.9428,0.9144,0.9144,0.0000,0,-0.0350,0.1640,469.9066,78.5425
tv15%_lb60d_pure,Aug 2024–Aug 2026,2025-04-02,0.971389,0.9428,0.9234,0.9234,0.0000,0,-0.0190,0.1624,473.3362,78.4854
tv15%_lb60d_pure,Aug 2024–Aug 2026,2025-04-03,0.922572,0.9428,0.7844,0.7844,0.0000,0,-0.0674,0.1912,447.9968,78.7806
tv15%_lb60d_pure,Aug 2024–Aug 2026,2025-04-04,0.868381,0.7844,0.6662,0.6662,0.0000,0,-0.1220,0.2251,420.1722,78.7330
tv15%_lb60d_pure,Aug 2024–Aug 2026,2025-04-07,0.869945,0.6662,0.6667,0.6667,0.0000,0,-0.1235,0.2250,421.1862,78.7425
tv15%_lb60d_pure,Aug 2024–Aug 2026,2025-04-08,0.859332,0.6662,0.6664,0.6664,0.0000,0,-0.1372,0.2251,413.6012,78.6949
tv15%_lb60d_pure,Aug 2024–Aug 2026,2025-04-09,0.927877,0.6662,0.4874,0.4874,0.0000,0,-0.0466,0.3078,463.2461,78.6473
tv15%_lb60d_pure,Aug 2024–Aug 2026,2025-04-10,0.901386,0.4874,0.4679,0.4679,0.0000,0,-0.0884,0.3206,443.5433,78.6377
tv15%_lb60d_pure,Aug 2024–Aug 2026,2025-04-11,0.908641,0.4874,0.4680,0.4680,0.0000,0,-0.0722,0.3205,451.7147,78.4949
tv15%_lb60d_pure,Aug 2024–Aug 2026,2025-04-14,0.912660,0.4874,0.4668,0.4668,0.0000,0,-0.0631,0.3213,454.7765,78.6663
tv15%_lb60d_pure,Aug 2024–Aug 2026,2025-04-15,0.913156,0.4874,0.4681,0.4681,0.0000,0,-0.0658,0.3204,455.2835,78.6663
tv15%_lb60d_pure,Aug 2024–Aug 2026,2025-04-16,0.900358,0.4874,0.4652,0.4652,0.0000,0,-0.0865,0.3224,441.5551,78.7711
tv15%_lb60d_pure,Aug 2024–Aug 2026,2025-04-17,0.900447,0.4874,0.4657,0.4657,0.0000,0,-0.0852,0.3221,441.4756,78.7996
tv15%_lb60d_pure,Aug 2024–Aug 2026,2025-04-21,0.889307,0.4874,0.2500,0.4619,0.0000,1,-0.1070,0.3247,430.5504,78.7520
tv15%_lb60d_pure,Aug 2024–Aug 2026,2025-04-22,0.900638,0.2500,0.4546,0.4546,0.0000,0,-0.0838,0.3299,441.8533,78.7806
tv15%_lb60d_pure,Aug 2024–Aug 2026,2025-04-23,0.905068,0.4546,0.4532,0.4532,0.0000,0,-0.0583,0.3310,451.8737,78.7234
tv15%_lb60d_pure,Aug 2024–Aug 2026,2025-04-24,0.917243,0.4546,0.4497,0.4497,0.0000,0,-0.0360,0.3335,464.5882,78.8187
tv15%_lb60d_pure,Aug 2024–Aug 2026,2025-04-25,0.922315,0.4546,0.4491,0.4491,0.0000,0,-0.0246,0.3340,469.7674,78.8853
tv15%_lb60d_pure,Aug 2024–Aug 2026,2025-04-28,0.922910,0.4546,0.4495,0.4495,0.0000,0,-0.0242,0.3337,469.6183,78.9996
tv15%_lb60d_pure,Aug 2024–Aug 2026,2025-04-29,0.925985,0.4546,0.4491,0.4491,0.0000,0,-0.0181,0.3340,472.7198,79.0472
tv15%_lb60d_pure,Aug 2024–Aug 2026,2025-04-30,0.926601,0.4546,0.4494,0.4494,0.0000,0,-0.0177,0.3338,472.6602,79.1520
tv15%_lb60d_pure,Aug 2024–Aug 2026,2025-05-01,0.931060,0.4546,0.4493,0.4493,0.0000,0,0.0000,0.3338,478.8335,78.9886
tv15%_lb60d_pure,Aug 2024–Aug 2026,2025-05-02,0.936361,0.4546,0.4474,0.4474,0.0000,0,0.0000,0.3353,485.9412,78.8358
tv15%_lb60d_pure,Aug 2024–Aug 2026,2025-05-05,0.933773,0.4546,0.4474,0.4474,0.0000,0,-0.0057,0.3353,483.0583,78.8262
tv15%_lb60d_pure,Aug 2024–Aug 2026,2025-05-06,0.930257,0.4546,0.4475,0.4475,0.0000,0,-0.0140,0.3352,478.5650,78.8931
tv15%_lb60d_pure,Aug 2024–Aug 2026,2025-05-07,0.932101,0.4546,0.4478,0.4478,0.0000,0,-0.0099,0.3350,480.4439,78.9217
tv15%_lb60d_pure,Aug 2024–Aug 2026,2025-05-08,0.935430,0.4546,0.4473,0.4473,0.0000,0,-0.0030,0.3354,485.4044,78.7594
tv15%_lb60d_pure,Aug 2024–Aug 2026,2025-05-09,0.935399,0.4546,0.4473,0.4473,0.0000,0,-0.0043,0.3353,485.0863,78.7976
tv15%_lb60d_pure,Aug 2024–Aug 2026,2025-05-12,0.951797,0.4546,0.4392,0.4392,0.0000,0,0.0000,0.3416,504.8488,78.6543
tv15%_lb60d_pure,Aug 2024–Aug 2026,2025-05-13,0.958265,0.4546,0.4387,0.4387,0.0000,0,0.0000,0.3419,512.5431,78.6352
tv15%_lb60d_pure,Aug 2024–Aug 2026,2025-05-14,0.960496,0.4546,0.4388,0.4388,0.0000,0,0.0000,0.3418,515.6148,78.5779
tv15%_lb60d_pure,Aug 2024–Aug 2026,2025-05-15,0.961994,0.4546,0.4386,0.4386,0.0000,0,0.0000,0.3420,516.1815,78.7307
tv15%_lb60d_pure,Aug 2024–Aug 2026,2025-05-16,0.963770,0.4546,0.4384,0.4384,0.0000,0,0.0000,0.3422,518.4281,78.7116
tv15%_lb60d_pure,Aug 2024–Aug 2026,2025-05-19,0.964382,0.4546,0.4407,0.4407,0.0000,0,0.0000,0.3404,518.9252,78.7402
tv15%_lb60d_pure,Aug 2024–Aug 2026,2025-05-20,0.962984,0.4546,0.4408,0.4408,0.0000,0,-0.0034,0.3403,517.1954,78.7498
tv15%_lb60d_pure,Aug 2024–Aug 2026,2025-05-21,0.956582,0.4546,0.4387,0.4387,0.0000,0,-0.0202,0.3419,510.0081,78.7020
tv15%_lb60d_pure,Aug 2024–Aug 2026,2025-05-22,0.957712,0.4546,0.4387,0.4387,0.0000,0,-0.0198,0.3419,510.9624,78.7498
tv15%_lb60d_pure,Aug 2024–Aug 2026,2025-05-23,0.953997,0.4546,0.4404,0.4404,0.0000,0,-0.0265,0.3406,506.2306,78.7976
tv15%_lb60d_pure,Aug 2024–Aug 2026,2025-05-27,0.964389,0.4546,0.4389,0.4389,0.0000,0,-0.0062,0.3418,518.1398,78.8262
tv15%_lb60d_pure,Aug 2024–Aug 2026,2025-05-28,0.962064,0.4546,0.4411,0.4411,0.0000,0,-0.0120,0.3400,515.8434,78.7689
tv15%_lb60d_pure,Aug 2024–Aug 2026,2025-05-29,0.963496,0.4546,0.4422,0.4422,0.0000,0,-0.0081,0.3392,516.8574,78.8549
tv15%_lb60d_pure,Aug 2024–Aug 2026,2025-05-30,0.963442,0.4546,0.4431,0.4431,0.0000,0,-0.0092,0.3385,516.0423,78.9504
tv15%_lb60d_pure,Aug 2024–Aug 2026,2025-06-02,0.966468,0.4546,0.4457,0.4457,0.0000,0,-0.0036,0.3366,520.1182,78.8852
tv15%_lb60d_pure,Aug 2024–Aug 2026,2025-06-03,0.969774,0.4546,0.4457,0.4457,0.0000,0,0.0000,0.3366,524.1838,78.8661
tv15%_lb60d_pure,Aug 2024–Aug 2026,2025-06-04,0.971967,0.4546,0.4523,0.4523,0.0000,0,-0.0003,0.3316,525.6452,79.0098
tv15%_lb60d_pure,Aug 2024–Aug 2026,2025-06-05,0.968063,0.4546,0.4528,0.4528,0.0000,0,-0.0051,0.3313,521.6887,78.9236
tv15%_lb60d_pure,Aug 2024–Aug 2026,2025-06-06,0.971467,0.4546,0.4522,0.4522,0.0000,0,0.0000,0.3317,526.7883,78.7894
tv15%_lb60d_pure,Aug 2024–Aug 2026,2025-06-09,0.972504,0.4546,0.4541,0.4541,0.0000,0,0.0000,0.3303,527.5638,78.8469
tv15%_lb60d_pure,Aug 2024–Aug 2026,2025-06-10,0.975428,0.4546,0.4573,0.4573,0.0000,0,0.0000,0.3280,531.0531,78.8469
tv15%_lb60d_pure,Aug 2024–Aug 2026,2025-06-11,0.974775,0.4546,0.4575,0.4575,0.0000,0,-0.0029,0.3279,529.2637,78.9715
tv15%_lb60d_pure,Aug 2024–Aug 2026,2025-06-12,0.976267,0.4546,0.4588,0.4588,0.0000,0,0.0000,0.3270,530.5062,79.0386
tv15%_lb60d_pure,Aug 2024–Aug 2026,2025-06-13,0.970307,0.4546,0.4582,0.4582,0.0000,0,-0.0112,0.3273,523.8459,78.9811
tv15%_lb60d_pure,Aug 2024–Aug 2026,2025-06-16,0.976379,0.4546,0.4577,0.4577,0.0000,0,-0.0018,0.3277,531.1325,78.9715
tv15%_lb60d_pure,Aug 2024–Aug 2026,2025-06-17,0.972309,0.4546,0.4569,0.4569,0.0000,0,-0.0103,0.3283,525.9534,79.0098
tv15%_lb60d_pure,Aug 2024–Aug 2026,2025-06-18,0.972491,0.4546,0.4595,0.4595,0.0000,0,-0.0105,0.3264,525.8639,79.0482
tv15%_lb60d_pure,Aug 2024–Aug 2026,2025-06-20,0.971072,0.4546,0.4594,0.4594,0.0000,0,-0.0128,0.3265,523.7167,79.1057
tv15%_lb60d_pure,Aug 2024–Aug 2026,2025-06-23,0.976317,0.4546,0.4602,0.4602,0.0000,0,-0.0030,0.3260,529.1017,79.2111
tv15%_lb60d_pure,Aug 2024–Aug 2026,2025-06-24,0.983555,0.4546,0.4594,0.4594,0.0000,0,0.0000,0.3265,537.1929,79.2782
tv15%_lb60d_pure,Aug 2024–Aug 2026,2025-06-25,0.984763,0.4546,0.4638,0.4638,0.0000,0,0.0000,0.3234,538.5661,79.2878
tv15%_lb60d_pure,Aug 2024–Aug 2026,2025-06-26,0.989599,0.4546,0.4637,0.4637,0.0000,0,0.0000,0.3235,543.6019,79.3836
tv15%_lb60d_pure,Aug 2024–Aug 2026,2025-06-27,0.990943,0.4546,0.4636,0.4636,0.0000,0,0.0000,0.3236,545.4630,79.3548
tv15%_lb60d_pure,Aug 2024–Aug 2026,2025-06-30,0.994253,0.4546,0.4637,0.4637,0.0000,0,0.0000,0.3235,548.9959,79.4124
tv15%_lb60d_pure,Aug 2024–Aug 2026,2025-07-01,0.989878,0.4546,0.4922,0.4922,0.0000,0,-0.0003,0.3048,544.3682,79.3297
tv15%_lb60d_pure,Aug 2024–Aug 2026,2025-07-02,0.992947,0.4546,0.5448,0.5448,0.0000,0,0.0000,0.2753,548.1599,79.3201
tv15%_lb60d_pure,Aug 2024–Aug 2026,2025-07-03,0.996709,0.5448,0.5449,0.5449,0.0000,0,0.0000,0.2753,553.5540,79.2335
tv15%_lb60d_pure,Aug 2024–Aug 2026,2025-07-07,0.992508,0.5448,0.5489,0.5489,0.0000,0,-0.0075,0.2733,549.3841,79.2143
tv15%_lb60d_pure,Aug 2024–Aug 2026,2025-07-08,0.992867,0.5448,0.8064,0.8064,0.0000,0,-0.0080,0.1860,549.6926,79.2239
tv15%_lb60d_pure,Aug 2024–Aug 2026,2025-07-09,0.996819,0.8064,0.9471,0.9471,0.0000,0,-0.0020,0.1584,553.5839,79.2912
tv15%_lb60d_pure,Aug 2024–Aug 2026,2025-07-10,0.995523,0.9471,0.9654,0.9654,0.0000,0,0.0000,0.1554,552.7877,79.2912
tv15%_lb60d_pure,Aug 2024–Aug 2026,2025-07-11,0.993388,0.9471,0.9665,0.9665,0.0000,0,-0.0035,0.1552,551.5436,79.2720
tv15%_lb60d_pure,Aug 2024–Aug 2026,2025-07-14,0.996807,0.9471,0.9689,0.9689,0.0000,0,-0.0016,0.1548,553.5441,79.2816
tv15%_lb60d_pure,Aug 2024–Aug 2026,2025-07-15,0.997621,0.9471,1.0000,1.0000,0.0000,0,-0.0059,0.1465,554.0515,79.2047
tv15%_lb60d_pure,Aug 2024–Aug 2026,2025-07-16,0.998606,1.0000,1.0000,1.0000,0.0000,0,-0.0026,0.1465,554.6188,79.3104
tv15%_lb60d_pure,Aug 2024–Aug 2026,2025-07-17,1.006688,1.0000,1.0000,1.0000,0.0000,0,0.0000,0.1354,559.1072,79.2816
tv15%_lb60d_pure,Aug 2024–Aug 2026,2025-07-18,1.005720,1.0000,1.0000,1.0000,0.0000,0,-0.0007,0.1274,558.5698,79.3489
tv15%_lb60d_pure,Aug 2024–Aug 2026,2025-07-21,1.010935,1.0000,1.0000,1.0000,0.0000,0,0.0000,0.1247,561.4659,79.3970
tv15%_lb60d_pure,Aug 2024–Aug 2026,2025-07-22,1.005702,1.0000,1.0000,1.0000,0.0000,0,0.0000,0.1190,558.5599,79.4547
tv15%_lb60d_pure,Aug 2024–Aug 2026,2025-07-23,1.010290,1.0000,1.0000,1.0000,0.0000,0,0.0000,0.1192,561.1076,79.3874
tv15%_lb60d_pure,Aug 2024–Aug 2026,2025-07-24,1.012440,1.0000,1.0000,1.0000,0.0000,0,0.0000,0.1192,562.3018,79.3201
tv15%_lb60d_pure,Aug 2024–Aug 2026,2025-07-25,1.014877,1.0000,1.0000,1.0000,0.0000,0,0.0000,0.1190,563.6553,79.3681
tv15%_lb60d_pure,Aug 2024–Aug 2026,2025-07-28,1.018049,1.0000,1.0000,1.0000,0.0000,0,-0.0003,0.1191,565.4169,79.3585
tv15%_lb60d_pure,Aug 2024–Aug 2026,2025-07-29,1.016472,1.0000,1.0000,1.0000,0.0000,0,-0.0029,0.1191,564.5411,79.4258
tv15%_lb60d_pure,Aug 2024–Aug 2026,2025-07-30,1.017833,1.0000,1.0000,1.0000,0.0000,0,-0.0041,0.1164,565.2974,79.3393
tv15%_lb60d_pure,Aug 2024–Aug 2026,2025-07-31,1.012440,1.0000,1.0000,1.0000,0.0000,0,-0.0079,0.1159,562.3018,79.3393
tv15%_lb60d_pure,Aug 2024–Aug 2026,2025-08-01,0.992496,1.0000,1.0000,1.0000,0.0000,0,-0.0241,0.1201,551.2252,79.7348
tv15%_lb60d_pure,Aug 2024–Aug 2026,2025-08-04,1.010809,1.0000,1.0000,1.0000,0.0000,0,-0.0093,0.1231,561.3962,79.7541
tv15%_lb60d_pure,Aug 2024–Aug 2026,2025-08-05,1.003946,1.0000,1.0000,1.0000,0.0000,0,-0.0143,0.1235,557.5846,79.7251
tv15%_lb60d_pure,Aug 2024–Aug 2026,2025-08-06,1.016579,1.0000,1.0000,1.0000,0.0000,0,-0.0068,0.1239,564.6008,79.7541
tv15%_lb60d_pure,Aug 2024–Aug 2026,2025-08-07,1.020019,1.0000,1.0000,1.0000,0.0000,0,-0.0076,0.1064,566.5115,79.7155
tv15%_lb60d_pure,Aug 2024–Aug 2026,2025-08-08,1.029535,1.0000,1.0000,1.0000,0.0000,0,0.0000,0.1066,571.7961,79.6962
tv15%_lb60d_pure,Aug 2024–Aug 2026,2025-08-11,1.026488,1.0000,1.0000,1.0000,0.0000,0,-0.0020,0.1069,570.1042,79.6962
tv15%_lb60d_pure,Aug 2024–Aug 2026,2025-08-12,1.039390,1.0000,1.0000,1.0000,0.0000,0,0.0000,0.1083,577.2697,79.7541
tv15%_lb60d_pure,Aug 2024–Aug 2026,2025-08-13,1.039910,1.0000,1.0000,1.0000,0.0000,0,0.0000,0.1079,577.5584,79.8602
tv15%_lb60d_pure,Aug 2024–Aug 2026,2025-08-14,1.039103,1.0000,1.0000,1.0000,0.0000,0,0.0000,0.1080,577.1105,79.7734
tv15%_lb60d_pure,Aug 2024–Aug 2026,2025-08-15,1.034534,1.0000,1.0000,1.0000,0.0000,0,-0.0023,0.1078,574.5728,79.7444
tv15%_lb60d_pure,Aug 2024–Aug 2026,2025-08-18,1.034122,1.0000,1.0000,1.0000,0.0000,0,-0.0026,0.1008,574.3439,79.7444
tv15%_lb60d_pure,Aug 2024–Aug 2026,2025-08-19,1.020091,1.0000,1.0000,1.0000,0.0000,0,-0.0080,0.1018,566.5514,79.7830
tv15%_lb60d_pure,Aug 2024–Aug 2026,2025-08-20,1.014035,1.0000,1.0000,1.0000,0.0000,0,-0.0106,0.1007,563.1876,79.8120
tv15%_lb60d_pure,Aug 2024–Aug 2026,2025-08-21,1.009340,1.0000,1.0000,1.0000,0.0000,0,-0.0146,0.0933,560.5802,79.7444
tv15%_lb60d_pure,Aug 2024–Aug 2026,2025-08-22,1.024911,1.0000,1.0000,1.0000,0.0000,0,0.0000,0.0964,569.2285,79.9180
tv15%_lb60d_pure,Aug 2024–Aug 2026,2025-08-25,1.021955,1.0000,1.0000,1.0000,0.0000,0,-0.0044,0.0971,567.5865,79.8795
tv15%_lb60d_pure,Aug 2024–Aug 2026,2025-08-26,1.026058,1.0000,1.0000,1.0000,0.0000,0,-0.0002,0.0971,569.8654,79.9470
tv15%_lb60d_pure,Aug 2024–Aug 2026,2025-08-27,1.027635,1.0000,1.0000,1.0000,0.0000,0,0.0000,0.0967,570.7412,80.0049
tv15%_lb60d_pure,Aug 2024–Aug 2026,2025-08-28,1.034068,1.0000,1.0000,1.0000,0.0000,0,0.0000,0.0964,574.3140,79.9759
tv15%_lb60d_pure,Aug 2024–Aug 2026,2025-08-29,1.022098,1.0000,1.0000,1.0000,0.0000,0,-0.0060,0.0976,567.6660,80.0435
tv15%_lb60d_pure,Aug 2024–Aug 2026,2025-09-02,1.013533,1.0000,1.0000,1.0000,0.0000,0,-0.0133,0.0984,562.9090,80.0028
tv15%_lb60d_pure,Aug 2024–Aug 2026,2025-09-03,1.021507,1.0000,1.0000,1.0000,0.0000,0,-0.0080,0.0970,567.3376,80.0609
tv15%_lb60d_pure,Aug 2024–Aug 2026,2025-09-04,1.030753,1.0000,1.0000,1.0000,0.0000,0,0.0000,0.0981,572.4728,80.1189
tv15%_lb60d_pure,Aug 2024–Aug 2026,2025-09-05,1.032240,1.0000,1.0000,1.0000,0.0000,0,-0.0029,0.0981,573.2989,80.2350
tv15%_lb60d_pure,Aug 2024–Aug 2026,2025-09-08,1.037275,1.0000,1.0000,1.0000,0.0000,0,-0.0004,0.0977,576.0954,80.2834
tv15%_lb60d_pure,Aug 2024–Aug 2026,2025-09-09,1.040214,1.0000,1.0000,1.0000,0.0000,0,0.0000,0.0976,577.7275,80.2157
tv15%_lb60d_pure,Aug 2024–Aug 2026,2025-09-10,1.040555,1.0000,1.0000,1.0000,0.0000,0,0.0000,0.0941,577.9167,80.2254
tv15%_lb60d_pure,Aug 2024–Aug 2026,2025-09-11,1.046611,1.0000,1.0000,1.0000,0.0000,0,0.0000,0.0937,581.2805,80.2544
tv15%_lb60d_pure,Aug 2024–Aug 2026,2025-09-12,1.051234,1.0000,1.0000,1.0000,0.0000,0,-0.0003,0.0914,583.8481,80.2447
tv15%_lb60d_pure,Aug 2024–Aug 2026,2025-09-15,1.060230,1.0000,1.0000,1.0000,0.0000,0,0.0000,0.0916,588.8440,80.2738
tv15%_lb60d_pure,Aug 2024–Aug 2026,2025-09-16,1.059334,1.0000,1.0000,1.0000,0.0000,0,-0.0014,0.0915,588.3464,80.3124
tv15%_lb60d_pure,Aug 2024–Aug 2026,2025-09-17,1.057219,1.0000,1.0000,1.0000,0.0000,0,-0.0026,0.0901,587.1721,80.2738
tv15%_lb60d_pure,Aug 2024–Aug 2026,2025-09-18,1.066752,1.0000,1.0000,1.0000,0.0000,0,0.0000,0.0882,592.4666,80.2447
tv15%_lb60d_pure,Aug 2024–Aug 2026,2025-09-19,1.073973,1.0000,1.0000,1.0000,0.0000,0,0.0000,0.0884,596.4772,80.2738
tv15%_lb60d_pure,Aug 2024–Aug 2026,2025-09-22,1.080331,1.0000,1.0000,1.0000,0.0000,0,0.0000,0.0877,600.0084,80.2350
tv15%_lb60d_pure,Aug 2024–Aug 2026,2025-09-23,1.073156,1.0000,1.0000,1.0000,0.0000,0,-0.0054,0.0886,596.0229,80.2641
tv15%_lb60d_pure,Aug 2024–Aug 2026,2025-09-24,1.069388,1.0000,1.0000,1.0000,0.0000,0,-0.0086,0.0887,593.9305,80.2254
tv15%_lb60d_pure,Aug 2024–Aug 2026,2025-09-25,1.064778,1.0000,1.0000,1.0000,0.0000,0,-0.0132,0.0895,591.3699,80.1576
tv15%_lb60d_pure,Aug 2024–Aug 2026,2025-09-26,1.069155,1.0000,1.0000,1.0000,0.0000,0,-0.0075,0.0897,593.8010,80.2060
tv15%_lb60d_pure,Aug 2024–Aug 2026,2025-09-29,1.074106,1.0000,1.0000,1.0000,0.0000,0,-0.0047,0.0887,596.5510,80.2350
tv15%_lb60d_pure,Aug 2024–Aug 2026,2025-09-30,1.077048,1.0000,1.0000,1.0000,0.0000,0,-0.0010,0.0871,598.1851,80.2738
tv15%_lb60d_pure,Aug 2024–Aug 2026,2025-10-01,1.082215,1.0000,1.0000,1.0000,0.0000,0,0.0000,0.0871,601.0545,80.3669
tv15%_lb60d_pure,Aug 2024–Aug 2026,2025-10-02,1.086664,1.0000,1.0000,1.0000,0.0000,0,0.0000,0.0865,603.5255,80.3863
tv15%_lb60d_pure,Aug 2024–Aug 2026,2025-10-03,1.082089,1.0000,1.0000,1.0000,0.0000,0,-0.0000,0.0865,600.9848,80.3572
tv15%_lb60d_pure,Aug 2024–Aug 2026,2025-10-06,1.090216,1.0000,1.0000,1.0000,0.0000,0,0.0000,0.0861,605.4983,80.3378
tv15%_lb60d_pure,Aug 2024–Aug 2026,2025-10-07,1.084475,1.0000,1.0000,1.0000,0.0000,0,-0.0037,0.0867,602.3099,80.3766
tv15%_lb60d_pure,Aug 2024–Aug 2026,2025-10-08,1.096908,1.0000,1.0000,1.0000,0.0000,0,0.0000,0.0865,609.2147,80.3669
tv15%_lb60d_pure,Aug 2024–Aug 2026,2025-10-09,1.095580,1.0000,1.0000,1.0000,0.0000,0,-0.0029,0.0868,608.4774,80.3572
tv15%_lb60d_pure,Aug 2024–Aug 2026,2025-10-10,1.057548,1.0000,1.0000,1.0000,0.0000,0,-0.0298,0.1042,587.3546,80.4931
tv15%_lb60d_pure,Aug 2024–Aug 2026,2025-10-13,1.079990,1.0000,1.0000,1.0000,0.0000,0,-0.0150,0.1083,599.8190,80.6484
tv15%_lb60d_pure,Aug 2024–Aug 2026,2025-10-14,1.072797,1.0000,1.0000,1.0000,0.0000,0,-0.0162,0.1084,595.8237,80.5902
tv15%_lb60d_pure,Aug 2024–Aug 2026,2025-10-15,1.080367,1.0000,1.0000,1.0000,0.0000,0,-0.0118,0.1086,600.0283,80.5513
tv15%_lb60d_pure,Aug 2024–Aug 2026,2025-10-16,1.076367,1.0000,1.0000,1.0000,0.0000,0,-0.0185,0.1086,597.8064,80.6581
tv15%_lb60d_pure,Aug 2024–Aug 2026,2025-10-17,1.083435,1.0000,1.0000,1.0000,0.0000,0,-0.0130,0.1091,601.7321,80.6484
tv15%_lb60d_pure,Aug 2024–Aug 2026,2025-10-20,1.097087,1.0000,1.0000,1.0000,0.0000,0,-0.0027,0.1106,609.3143,80.6581
tv15%_lb60d_pure,Aug 2024–Aug 2026,2025-10-21,1.096800,1.0000,1.0000,1.0000,0.0000,0,-0.0027,0.1106,609.1550,80.6775
tv15%_lb60d_pure,Aug 2024–Aug 2026,2025-10-22,1.086234,1.0000,1.0000,1.0000,0.0000,0,-0.0079,0.1111,603.2864,80.6775
tv15%_lb60d_pure,Aug 2024–Aug 2026,2025-10-23,1.095365,1.0000,1.0000,1.0000,0.0000,0,-0.0020,0.1115,608.3578,80.6193
tv15%_lb60d_pure,Aug 2024–Aug 2026,2025-10-24,1.107061,1.0000,1.0000,1.0000,0.0000,0,0.0000,0.1120,614.8541,80.6678
tv15%_lb60d_pure,Aug 2024–Aug 2026,2025-10-27,1.126777,1.0000,1.0000,1.0000,0.0000,0,0.0000,0.1078,625.8041,80.6484
tv15%_lb60d_pure,Aug 2024–Aug 2026,2025-10-28,1.135442,1.0000,1.0000,1.0000,0.0000,0,0.0000,0.1041,630.6166,80.6581
tv15%_lb60d_pure,Aug 2024–Aug 2026,2025-10-29,1.140555,1.0000,1.0000,1.0000,0.0000,0,0.0000,0.1032,633.4562,80.5028
tv15%_lb60d_pure,Aug 2024–Aug 2026,2025-10-30,1.123118,1.0000,1.0000,1.0000,0.0000,0,-0.0110,0.1056,623.7715,80.5125
tv15%_lb60d_pure,Aug 2024–Aug 2026,2025-10-31,1.128536,1.0000,1.0000,1.0000,0.0000,0,-0.0078,0.1056,626.7806,80.5416
tv15%_lb60d_pure,Aug 2024–Aug 2026,2025-11-03,1.133935,1.0000,1.0000,1.0000,0.0000,0,-0.0059,0.1048,629.7796,80.5446
tv15%_lb60d_pure,Aug 2024–Aug 2026,2025-11-04,1.110919,1.0000,1.0000,1.0000,0.0000,0,-0.0177,0.1080,616.9963,80.5738
tv15%_lb60d_pure,Aug 2024–Aug 2026,2025-11-05,1.118148,1.0000,1.0000,1.0000,0.0000,0,-0.0143,0.1063,621.0117,80.5154
tv15%_lb60d_pure,Aug 2024–Aug 2026,2025-11-06,1.097320,1.0000,1.0000,1.0000,0.0000,0,-0.0248,0.1088,609.4439,80.6127
tv15%_lb60d_pure,Aug 2024–Aug 2026,2025-11-07,1.093858,1.0000,1.0000,1.0000,0.0000,0,-0.0239,0.1088,607.5209,80.6517
tv15%_lb60d_pure,Aug 2024–Aug 2026,2025-11-10,1.118059,1.0000,1.0000,1.0000,0.0000,0,-0.0087,0.1127,620.9619,80.6322
tv15%_lb60d_pure,Aug 2024–Aug 2026,2025-11-11,1.115081,1.0000,1.0000,1.0000,0.0000,0,-0.0064,0.1127,619.3079,80.7003
tv15%_lb60d_pure,Aug 2024–Aug 2026,2025-11-12,1.114202,1.0000,1.0000,1.0000,0.0000,0,-0.0058,0.1119,618.8196,80.6711
tv15%_lb60d_pure,Aug 2024–Aug 2026,2025-11-13,1.091454,1.0000,1.0000,1.0000,0.0000,0,-0.0223,0.1175,606.1859,80.6225
tv15%_lb60d_pure,Aug 2024–Aug 2026,2025-11-14,1.092279,1.0000,1.0000,1.0000,0.0000,0,-0.0225,0.1171,606.6441,80.6517
tv15%_lb60d_pure,Aug 2024–Aug 2026,2025-11-17,1.082951,1.0000,1.0000,1.0000,0.0000,0,-0.0316,0.1152,601.4631,80.6419
tv15%_lb60d_pure,Aug 2024–Aug 2026,2025-11-18,1.069765,1.0000,1.0000,1.0000,0.0000,0,-0.0397,0.1162,594.1397,80.6906
tv15%_lb60d_pure,Aug 2024–Aug 2026,2025-11-19,1.076151,1.0000,1.0000,1.0000,0.0000,0,-0.0360,0.1161,597.6868,80.6809
tv15%_lb60d_pure,Aug 2024–Aug 2026,2025-11-20,1.050677,1.0000,1.0000,1.0000,0.0000,0,-0.0507,0.1205,583.5385,80.7490
tv15%_lb60d_pure,Aug 2024–Aug 2026,2025-11-21,1.058570,1.0000,1.0000,1.0000,0.0000,0,-0.0413,0.1220,587.9225,80.8464
tv15%_lb60d_pure,Aug 2024–Aug 2026,2025-11-24,1.085642,1.0000,1.0000,1.0000,0.0000,0,-0.0271,0.1247,602.9576,80.8561
tv15%_lb60d_pure,Aug 2024–Aug 2026,2025-11-25,1.092333,1.0000,1.0000,1.0000,0.0000,0,-0.0180,0.1248,606.6741,80.9048
tv15%_lb60d_pure,Aug 2024–Aug 2026,2025-11-26,1.101985,1.0000,1.0000,1.0000,0.0000,0,-0.0054,0.1251,612.0344,80.8951
tv15%_lb60d_pure,Aug 2024–Aug 2026,2025-11-28,1.110919,1.0000,1.0000,1.0000,0.0000,0,0.0000,0.1245,616.9963,80.8951
tv15%_lb60d_pure,Aug 2024–Aug 2026,2025-12-01,1.107187,1.0000,1.0000,1.0000,0.0000,0,-0.0046,0.1248,614.9238,80.8257
tv15%_lb60d_pure,Aug 2024–Aug 2026,2025-12-02,1.115852,1.0000,1.0000,1.0000,0.0000,0,-0.0027,0.1247,619.7363,80.8746
tv15%_lb60d_pure,Aug 2024–Aug 2026,2025-12-03,1.118579,1.0000,1.0000,1.0000,0.0000,0,0.0000,0.1248,621.2507,80.9234
tv15%_lb60d_pure,Aug 2024–Aug 2026,2025-12-04,1.117538,1.0000,1.0000,1.0000,0.0000,0,0.0000,0.1247,620.6729,80.8648
tv15%_lb60d_pure,Aug 2024–Aug 2026,2025-12-05,1.122095,1.0000,1.0000,1.0000,0.0000,0,0.0000,0.1238,623.2036,80.8355
tv15%_lb60d_pure,Aug 2024–Aug 2026,2025-12-08,1.119942,1.0000,1.0000,1.0000,0.0000,0,-0.0030,0.1240,622.0080,80.8160
tv15%_lb60d_pure,Aug 2024–Aug 2026,2025-12-09,1.121324,1.0000,1.0000,1.0000,0.0000,0,-0.0039,0.1237,622.7751,80.7769
tv15%_lb60d_pure,Aug 2024–Aug 2026,2025-12-10,1.125916,1.0000,1.0000,1.0000,0.0000,0,0.0000,0.1242,625.3259,80.9136
tv15%_lb60d_pure,Aug 2024–Aug 2026,2025-12-11,1.122275,1.0000,1.0000,1.0000,0.0000,0,0.0000,0.1242,623.3033,80.9234
tv15%_lb60d_pure,Aug 2024–Aug 2026,2025-12-12,1.100819,1.0000,1.0000,1.0000,0.0000,0,-0.0108,0.1262,611.3868,80.9332
tv15%_lb60d_pure,Aug 2024–Aug 2026,2025-12-15,1.095293,1.0000,1.0000,1.0000,0.0000,0,-0.0122,0.1259,608.3180,80.9820
tv15%_lb60d_pure,Aug 2024–Aug 2026,2025-12-16,1.097464,1.0000,1.0000,1.0000,0.0000,0,-0.0149,0.1257,609.5236,81.0211
tv15%_lb60d_pure,Aug 2024–Aug 2026,2025-12-17,1.077120,1.0000,1.0000,1.0000,0.0000,0,-0.0258,0.1274,598.2249,81.0308
tv15%_lb60d_pure,Aug 2024–Aug 2026,2025-12-18,1.092728,1.0000,1.0000,1.0000,0.0000,0,-0.0184,0.1280,606.8932,81.0894
tv15%_lb60d_pure,Aug 2024–Aug 2026,2025-12-19,1.106972,1.0000,1.0000,1.0000,0.0000,0,-0.0095,0.1288,614.8043,81.0747
tv15%_lb60d_pure,Aug 2024–Aug 2026,2025-12-22,1.112278,1.0000,1.0000,1.0000,0.0000,0,-0.0034,0.1289,617.7513,81.0356
tv15%_lb60d_pure,Aug 2024–Aug 2026,2025-12-23,1.117487,1.0000,1.0000,1.0000,0.0000,0,0.0000,0.1291,620.6445,80.9964
tv15%_lb60d_pure,Aug 2024–Aug 2026,2025-12-24,1.120757,1.0000,1.0000,1.0000,0.0000,0,0.0000,0.1290,622.4603,81.0454
tv15%_lb60d_pure,Aug 2024–Aug 2026,2025-12-26,1.120685,1.0000,1.0000,1.0000,0.0000,0,-0.0001,0.1289,622.4203,81.1041
tv15%_lb60d_pure,Aug 2024–Aug 2026,2025-12-29,1.115260,1.0000,1.0000,1.0000,0.0000,0,-0.0037,0.1292,619.4074,81.1433
tv15%_lb60d_pure,Aug 2024–Aug 2026,2025-12-30,1.112673,1.0000,1.0000,1.0000,0.0000,0,-0.0049,0.1292,617.9708,81.1629
tv15%_lb60d_pure,Aug 2024–Aug 2026,2025-12-31,1.103476,1.0000,1.0000,1.0000,0.0000,0,-0.0123,0.1301,612.8629,81.1335
tv15%_lb60d_pure,Aug 2024–Aug 2026,2026-01-02,1.101339,1.0000,1.0000,1.0000,0.0000,0,-0.0104,0.1298,611.6757,81.1727
tv15%_lb60d_pure,Aug 2024–Aug 2026,2026-01-05,1.110087,1.0000,1.0000,1.0000,0.0000,0,-0.0039,0.1300,616.5342,81.2021
tv15%_lb60d_pure,Aug 2024–Aug 2026,2026-01-06,1.119840,1.0000,1.0000,1.0000,0.0000,0,0.0000,0.1303,621.9514,81.2119
tv15%_lb60d_pure,Aug 2024–Aug 2026,2026-01-07,1.120918,1.0000,1.0000,1.0000,0.0000,0,-0.0032,0.1169,622.5500,81.2021
tv15%_lb60d_pure,Aug 2024–Aug 2026,2026-01-08,1.114541,1.0000,1.0000,1.0000,0.0000,0,-0.0033,0.1130,619.0084,81.1727
tv15%_lb60d_pure,Aug 2024–Aug 2026,2026-01-09,1.125642,1.0000,1.0000,1.0000,0.0000,0,0.0000,0.1136,625.1738,81.1433
tv15%_lb60d_pure,Aug 2024–Aug 2026,2026-01-12,1.126576,1.0000,1.0000,1.0000,0.0000,0,0.0000,0.1133,625.6926,81.1433
tv15%_lb60d_pure,Aug 2024–Aug 2026,2026-01-13,1.124906,1.0000,1.0000,1.0000,0.0000,0,-0.0020,0.1124,624.7648,81.1629
tv15%_lb60d_pure,Aug 2024–Aug 2026,2026-01-14,1.112889,1.0000,1.0000,1.0000,0.0000,0,-0.0069,0.1126,618.0905,81.1825
tv15%_lb60d_pure,Aug 2024–Aug 2026,2026-01-15,1.116895,1.0000,1.0000,1.0000,0.0000,0,-0.0042,0.1108,620.3153,81.1237
tv15%_lb60d_pure,Aug 2024–Aug 2026,2026-01-16,1.115960,1.0000,1.0000,1.0000,0.0000,0,-0.0050,0.1109,619.7965,81.1041
tv15%_lb60d_pure,Aug 2024–Aug 2026,2026-01-20,1.092250,1.0000,1.0000,1.0000,0.0000,0,-0.0253,0.1185,606.6276,81.1139
tv15%_lb60d_pure,Aug 2024–Aug 2026,2026-01-21,1.107015,1.0000,1.0000,1.0000,0.0000,0,-0.0140,0.1201,614.8282,81.1531
tv15%_lb60d_pure,Aug 2024–Aug 2026,2026-01-22,1.115062,1.0000,1.0000,1.0000,0.0000,0,-0.0089,0.1195,619.2977,81.1237
tv15%_lb60d_pure,Aug 2024–Aug 2026,2026-01-23,1.118583,1.0000,1.0000,1.0000,0.0000,0,-0.0085,0.1171,621.2531,81.1531
tv15%_lb60d_pure,Aug 2024–Aug 2026,2026-01-26,1.123505,1.0000,1.0000,1.0000,0.0000,0,-0.0035,0.1174,623.9866,81.1825
tv15%_lb60d_pure,Aug 2024–Aug 2026,2026-01-27,1.133690,1.0000,1.0000,1.0000,0.0000,0,0.0000,0.1177,629.6432,81.2021
tv15%_lb60d_pure,Aug 2024–Aug 2026,2026-01-28,1.137444,1.0000,1.0000,1.0000,0.0000,0,-0.0001,0.1153,631.7283,81.2021
tv15%_lb60d_pure,Aug 2024–Aug 2026,2026-01-29,1.130636,1.0000,1.0000,1.0000,0.0000,0,-0.0021,0.1152,627.9473,81.2315
tv15%_lb60d_pure,Aug 2024–Aug 2026,2026-01-30,1.117056,1.0000,1.0000,1.0000,0.0000,0,-0.0051,0.1154,620.4051,81.3001
tv15%_lb60d_pure,Aug 2024–Aug 2026,2026-02-02,1.124726,1.0000,1.0000,1.0000,0.0000,0,-0.0001,0.1129,624.6650,81.2607
tv15%_lb60d_pure,Aug 2024–Aug 2026,2026-02-03,1.107446,1.0000,1.0000,1.0000,0.0000,0,-0.0086,0.1143,615.0677,81.2509
tv15%_lb60d_pure,Aug 2024–Aug 2026,2026-02-04,1.088100,1.0000,1.0000,1.0000,0.0000,0,-0.0134,0.1124,604.3231,81.2902
tv15%_lb60d_pure,Aug 2024–Aug 2026,2026-02-05,1.072437,1.0000,1.0000,1.0000,0.0000,0,-0.0257,0.1155,595.6237,81.4180
tv15%_lb60d_pure,Aug 2024–Aug 2026,2026-02-06,1.095106,1.0000,1.0000,1.0000,0.0000,0,-0.0070,0.1177,608.2139,81.4180
tv15%_lb60d_pure,Aug 2024–Aug 2026,2026-02-09,1.103494,1.0000,1.0000,1.0000,0.0000,0,-0.0022,0.1180,612.8729,81.4376
tv15%_lb60d_pure,Aug 2024–Aug 2026,2026-02-10,1.098375,1.0000,1.0000,1.0000,0.0000,0,-0.0048,0.1182,610.0295,81.4868
tv15%_lb60d_pure,Aug 2024–Aug 2026,2026-02-11,1.101321,1.0000,1.0000,1.0000,0.0000,0,-0.0051,0.1128,611.6657,81.4081
tv15%_lb60d_pure,Aug 2024–Aug 2026,2026-02-12,1.078921,1.0000,1.0000,1.0000,0.0000,0,-0.0204,0.1175,599.2251,81.4868
tv15%_lb60d_pure,Aug 2024–Aug 2026,2026-02-13,1.081220,1.0000,1.0000,1.0000,0.0000,0,-0.0198,0.1158,600.5021,81.6145
tv15%_lb60d_pure,Aug 2024–Aug 2026,2026-02-17,1.080107,1.0000,1.0000,1.0000,0.0000,0,-0.0182,0.1143,599.8835,81.5850
tv15%_lb60d_pure,Aug 2024–Aug 2026,2026-02-18,1.088172,1.0000,1.0000,1.0000,0.0000,0,-0.0132,0.1145,604.3629,81.5359
tv15%_lb60d_pure,Aug 2024–Aug 2026,2026-02-19,1.084005,1.0000,1.0000,1.0000,0.0000,0,-0.0158,0.1097,602.0484,81.5359
tv15%_lb60d_pure,Aug 2024–Aug 2026,2026-02-20,1.093597,1.0000,1.0000,1.0000,0.0000,0,-0.0087,0.1089,607.3759,81.5457
tv15%_lb60d_pure,Aug 2024–Aug 2026,2026-02-23,1.080304,1.0000,1.0000,1.0000,0.0000,0,-0.0188,0.1074,599.9932,81.6145
tv15%_lb60d_pure,Aug 2024–Aug 2026,2026-02-24,1.091908,1.0000,1.0000,1.0000,0.0000,0,-0.0117,0.1067,606.4380,81.6145
tv15%_lb60d_pure,Aug 2024–Aug 2026,2026-02-25,1.107733,1.0000,1.0000,1.0000,0.0000,0,-0.0033,0.1071,615.2273,81.5948
tv15%_lb60d_pure,Aug 2024–Aug 2026,2026-02-26,1.094369,1.0000,1.0000,1.0000,0.0000,0,-0.0088,0.1073,607.8048,81.6243
tv15%_lb60d_pure,Aug 2024–Aug 2026,2026-02-27,1.090866,1.0000,1.0000,1.0000,0.0000,0,-0.0135,0.1073,605.8594,81.7324
tv15%_lb60d_pure,Aug 2024–Aug 2026,2026-03-02,1.092303,1.0000,1.0000,1.0000,0.0000,0,-0.0130,0.1073,606.6575,81.5876
tv15%_lb60d_pure,Aug 2024–Aug 2026,2026-03-03,1.080610,1.0000,1.0000,1.0000,0.0000,0,-0.0196,0.1086,600.1629,81.5777
tv15%_lb60d_pure,Aug 2024–Aug 2026,2026-03-04,1.097082,1.0000,1.0000,1.0000,0.0000,0,-0.0127,0.1096,609.3113,81.5285
tv15%_lb60d_pure,Aug 2024–Aug 2026,2026-03-05,1.093776,1.0000,1.0000,1.0000,0.0000,0,-0.0182,0.1101,607.4755,81.4693
tv15%_lb60d_pure,Aug 2024–Aug 2026,2026-03-06,1.077322,1.0000,1.0000,1.0000,0.0000,0,-0.0311,0.1132,598.3372,81.5088
tv15%_lb60d_pure,Aug 2024–Aug 2026,2026-03-09,1.091711,1.0000,1.0000,1.0000,0.0000,0,-0.0226,0.1147,606.3283,81.5482
tv15%_lb60d_pure,Aug 2024–Aug 2026,2026-03-10,1.091729,1.0000,1.0000,1.0000,0.0000,0,-0.0230,0.1139,606.3383,81.4989
tv15%_lb60d_pure,Aug 2024–Aug 2026,2026-03-11,1.091585,1.0000,1.0000,1.0000,0.0000,0,-0.0243,0.1138,606.2585,81.4201
tv15%_lb60d_pure,Aug 2024–Aug 2026,2026-03-12,1.072850,1.0000,1.0000,1.0000,0.0000,0,-0.0391,0.1159,595.8531,81.2822
tv15%_lb60d_pure,Aug 2024–Aug 2026,2026-03-13,1.066491,1.0000,1.0000,1.0000,0.0000,0,-0.0445,0.1164,592.3214,81.3314
tv15%_lb60d_pure,Aug 2024–Aug 2026,2026-03-16,1.078454,1.0000,1.0000,1.0000,0.0000,0,-0.0348,0.1183,598.9657,81.4299
tv15%_lb60d_pure,Aug 2024–Aug 2026,2026-03-17,1.083717,1.0000,1.0000,1.0000,0.0000,0,-0.0323,0.1162,601.8888,81.4398
tv15%_lb60d_pure,Aug 2024–Aug 2026,2026-03-18,1.068610,1.0000,1.0000,1.0000,0.0000,0,-0.0458,0.1187,593.4987,81.2920
tv15%_lb60d_pure,Aug 2024–Aug 2026,2026-03-19,1.065233,1.0000,1.0000,1.0000,0.0000,0,-0.0481,0.1171,591.6230,81.2723
tv15%_lb60d_pure,Aug 2024–Aug 2026,2026-03-20,1.045546,1.0000,1.0000,1.0000,0.0000,0,-0.0618,0.1197,580.6888,81.0949
tv15%_lb60d_pure,Aug 2024–Aug 2026,2026-03-23,1.057548,1.0000,1.0000,1.0000,0.0000,0,-0.0519,0.1214,587.3546,81.2132
tv15%_lb60d_pure,Aug 2024–Aug 2026,2026-03-24,1.050318,1.0000,1.0000,1.0000,0.0000,0,-0.0551,0.1212,583.3389,81.0949
tv15%_lb60d_pure,Aug 2024–Aug 2026,2026-03-25,1.057224,1.0000,1.0000,1.0000,0.0000,0,-0.0445,0.1219,587.1747,81.1836
tv15%_lb60d_pure,Aug 2024–Aug 2026,2026-03-26,1.031990,1.0000,1.0000,1.0000,0.0000,0,-0.0576,0.1268,573.1601,81.0063
tv15%_lb60d_pure,Aug 2024–Aug 2026,2026-03-27,1.011829,1.0000,1.0000,1.0000,0.0000,0,-0.0737,0.1311,561.9625,81.1738
tv15%_lb60d_pure,Aug 2024–Aug 2026,2026-03-30,1.004095,1.0000,1.0000,1.0000,0.0000,0,-0.0751,0.1305,557.6672,81.2822
tv15%_lb60d_pure,Aug 2024–Aug 2026,2026-03-31,1.038087,1.0000,1.0000,1.0000,0.0000,0,-0.0482,0.1441,576.5464,81.3511
tv15%_lb60d_pure,Aug 2024–Aug 2026,2026-04-01,1.050911,1.0000,1.0000,1.0000,0.0000,0,-0.0356,0.1443,583.6686,81.3482
tv15%_lb60d_pure,Aug 2024–Aug 2026,2026-04-02,1.052116,1.0000,1.0000,1.0000,0.0000,0,-0.0304,0.1436,584.3378,81.3877
tv15%_lb60d_pure,Aug 2024–Aug 2026,2026-04-06,1.058447,1.0000,1.0000,1.0000,0.0000,0,-0.0259,0.1440,587.8540,81.3086
tv15%_lb60d_pure,Aug 2024–Aug 2026,2026-04-07,1.058609,1.0000,1.0000,1.0000,0.0000,0,-0.0239,0.1440,587.9439,81.3679
tv15%_lb60d_pure,Aug 2024–Aug 2026,2026-04-08,1.090084,1.0000,0.9818,0.9818,0.0000,0,0.0000,0.1528,605.4247,81.4470
tv15%_lb60d_pure,Aug 2024–Aug 2026,2026-04-09,1.097458,1.0000,0.9788,0.9788,0.0000,0,0.0000,0.1533,609.5202,81.4667
tv15%_lb60d_pure,Aug 2024–Aug 2026,2026-04-10,1.099040,1.0000,0.9790,0.9790,0.0000,0,-0.0007,0.1532,610.3992,81.4371
tv15%_lb60d_pure,Aug 2024–Aug 2026,2026-04-13,1.110407,1.0000,0.9723,0.9723,0.0000,0,0.0000,0.1543,616.7123,81.4964
tv15%_lb60d_pure,Aug 2024–Aug 2026,2026-04-14,1.130569,1.0000,0.9604,0.9604,0.0000,0,0.0000,0.1562,627.9099,81.5557
tv15%_lb60d_pure,Aug 2024–Aug 2026,2026-04-15,1.146396,1.0000,0.9556,0.9556,0.0000,0,0.0000,0.1570,636.7003,81.5359
tv15%_lb60d_pure,Aug 2024–Aug 2026,2026-04-16,1.151918,1.0000,0.9940,0.9940,0.0000,0,0.0000,0.1509,639.7669,81.5063
tv15%_lb60d_pure,Aug 2024–Aug 2026,2026-04-17,1.166990,1.0000,0.9929,0.9929,0.0000,0,0.0000,0.1511,648.1377,81.6644
tv15%_lb60d_pure,Aug 2024–Aug 2026,2026-04-20,1.163285,1.0000,0.9943,0.9943,0.0000,0,-0.0020,0.1509,646.0800,81.6248
tv15%_lb60d_pure,Aug 2024–Aug 2026,2026-04-21,1.158860,1.0000,0.9897,0.9897,0.0000,0,-0.0085,0.1516,643.6227,81.5063
tv15%_lb60d_pure,Aug 2024–Aug 2026,2026-04-22,1.178249,1.0000,0.9832,0.9832,0.0000,0,0.0000,0.1526,654.3909,81.5458
tv15%_lb60d_pure,Aug 2024–Aug 2026,2026-04-23,1.171612,1.0000,0.9826,0.9826,0.0000,0,-0.0039,0.1526,650.7049,81.5063
tv15%_lb60d_pure,Aug 2024–Aug 2026,2026-04-24,1.194022,1.0000,0.9779,0.9779,0.0000,0,0.0000,0.1534,663.1512,81.5952
tv15%_lb60d_pure,Aug 2024–Aug 2026,2026-04-27,1.194651,1.0000,0.9783,0.9783,0.0000,0,0.0000,0.1533,663.5009,81.5754
tv15%_lb60d_pure,Aug 2024–Aug 2026,2026-04-28,1.182637,1.0000,0.9768,0.9768,0.0000,0,-0.0049,0.1536,656.8282,81.5260
tv15%_lb60d_pure,Aug 2024–Aug 2026,2026-04-29,1.189867,1.0000,0.9786,0.9786,0.0000,0,-0.0050,0.1533,660.8438,81.4173
tv15%_lb60d_pure,Aug 2024–Aug 2026,2026-04-30,1.200964,1.0000,0.9782,0.9782,0.0000,0,0.0000,0.1533,667.0070,81.5063
tv15%_lb60d_pure,Aug 2024–Aug 2026,2026-05-01,1.212493,1.0000,0.9807,0.9807,0.0000,0,0.0000,0.1530,673.4100,81.5191
tv15%_lb60d_pure,Aug 2024–Aug 2026,2026-05-04,1.210209,1.0000,0.9954,0.9954,0.0000,0,-0.0037,0.1507,672.1414,81.4200
tv15%_lb60d_pure,Aug 2024–Aug 2026,2026-05-05,1.225910,1.0000,1.0000,1.0000,0.0000,0,0.0000,0.1467,680.8618,81.4597
tv15%_lb60d_pure,Aug 2024–Aug 2026,2026-05-06,1.251378,1.0000,1.0000,1.0000,0.0000,0,0.0000,0.1489,695.0062,81.5687
tv15%_lb60d_pure,Aug 2024–Aug 2026,2026-05-07,1.249885,1.0000,1.0000,1.0000,0.0000,0,-0.0031,0.1489,694.1771,81.4993
tv15%_lb60d_pure,Aug 2024–Aug 2026,2026-05-08,1.279183,1.0000,1.0000,1.0000,0.0000,0,0.0000,0.1497,710.4492,81.5687
tv15%_lb60d_pure,Aug 2024–Aug 2026,2026-05-11,1.282888,1.0000,1.0000,1.0000,0.0000,0,0.0000,0.1456,712.5070,81.4894
tv15%_lb60d_pure,Aug 2024–Aug 2026,2026-05-12,1.272007,1.0000,1.0000,1.0000,0.0000,0,-0.0015,0.1457,706.4636,81.4299
tv15%_lb60d_pure,Aug 2024–Aug 2026,2026-05-13,1.285442,1.0000,1.0000,1.0000,0.0000,0,0.0000,0.1459,713.9255,81.4597
tv15%_lb60d_pure,Aug 2024–Aug 2026,2026-05-14,1.294579,1.0000,1.0000,1.0000,0.0000,0,0.0000,0.1464,718.9998,81.4299
tv15%_lb60d_pure,Aug 2024–Aug 2026,2026-05-15,1.275047,1.0000,1.0000,1.0000,0.0000,0,-0.0120,0.1488,708.1518,81.3308
tv15%_lb60d_pure,Aug 2024–Aug 2026,2026-05-18,1.269561,1.0000,1.0000,1.0000,0.0000,0,-0.0127,0.1483,705.1051,81.3705
tv15%_lb60d_pure,Aug 2024–Aug 2026,2026-05-19,1.261737,1.0000,1.0000,1.0000,0.0000,0,-0.0193,0.1473,700.7599,81.3110
tv15%_lb60d_pure,Aug 2024–Aug 2026,2026-05-20,1.282636,1.0000,1.0000,1.0000,0.0000,0,-0.0092,0.1479,712.3672,81.4200
tv15%_lb60d_pure,Aug 2024–Aug 2026,2026-05-21,1.285082,1.0000,1.0000,1.0000,0.0000,0,-0.0073,0.1472,713.7256,81.4101
tv15%_lb60d_pure,Aug 2024–Aug 2026,2026-05-22,1.290532,1.0000,1.0000,1.0000,0.0000,0,-0.0034,0.1466,716.7523,81.3903
tv15%_lb60d_pure,Aug 2024–Aug 2026,2026-05-26,1.313446,1.0000,1.0000,1.0000,0.0000,0,0.0000,0.1464,729.4784,81.4795
tv15%_lb60d_pure,Aug 2024–Aug 2026,2026-05-27,1.311953,1.0000,1.0000,1.0000,0.0000,0,-0.0002,0.1465,728.6493,81.4894
tv15%_lb60d_pure,Aug 2024–Aug 2026,2026-05-28,1.323014,1.0000,1.0000,1.0000,0.0000,0,0.0000,0.1451,734.7925,81.5291
tv15%_lb60d_pure,Aug 2024–Aug 2026,2026-05-29,1.327888,1.0000,1.0000,1.0000,0.0000,0,0.0000,0.1447,737.4995,81.5687
tv15%_lb60d_pure,Aug 2024–Aug 2026,2026-06-01,1.335856,1.0000,1.0000,1.0000,0.0000,0,0.0000,0.1439,741.9247,81.5220
tv15%_lb60d_pure,Aug 2024–Aug 2026,2026-06-02,1.342007,1.0000,1.0000,1.0000,0.0000,0,0.0000,0.1404,745.3409,81.5220
tv15%_lb60d_pure,Aug 2024–Aug 2026,2026-06-03,1.338499,1.0000,1.0000,1.0000,0.0000,0,-0.0070,0.1410,743.3931,81.4822
tv15%_lb60d_pure,Aug 2024–Aug 2026,2026-06-04,1.332025,1.0000,1.0000,1.0000,0.0000,0,-0.0033,0.1408,739.7970,81.5419
tv15%_lb60d_pure,Aug 2024–Aug 2026,2026-06-05,1.268086,1.0000,0.9867,0.9867,0.0000,0,-0.0290,0.1520,704.2860,81.3729
tv15%_lb60d_pure,Aug 2024–Aug 2026,2026-06-08,1.287888,1.0000,1.0000,1.0000,0.0000,0,-0.0268,0.1479,715.2839,81.4126
tv15%_lb60d_pure,Aug 2024–Aug 2026,2026-06-09,1.273068,1.0000,1.0000,1.0000,0.0000,0,-0.0296,0.1475,707.0530,81.4524
tv15%_lb60d_pure,Aug 2024–Aug 2026,2026-06-10,1.247637,1.0000,0.9946,0.9946,0.0000,0,-0.0449,0.1508,692.9285,81.4524
tv15%_lb60d_pure,Aug 2024–Aug 2026,2026-06-11,1.289777,1.0000,0.9735,0.9735,0.0000,0,-0.0287,0.1541,716.3328,81.6015
tv15%_lb60d_pure,Aug 2024–Aug 2026,2026-06-12,1.297367,1.0000,0.9950,0.9950,0.0000,0,-0.0235,0.1508,720.5482,81.5816
tv15%_lb60d_pure,Aug 2024–Aug 2026,2026-06-15,1.338122,1.0000,0.9755,0.9755,0.0000,0,-0.0062,0.1538,743.1833,81.6214
tv15%_lb60d_pure,Aug 2024–Aug 2026,2026-06-16,1.312690,1.0000,0.9948,0.9948,0.0000,0,-0.0122,0.1508,729.0588,81.6413
tv15%_lb60d_pure,Aug 2024–Aug 2026,2026-06-17,1.299471,1.0000,0.9809,0.9809,0.0000,0,-0.0245,0.1529,721.7169,81.3928
tv15%_lb60d_pure,Aug 2024–Aug 2026,2026-06-18,1.332043,1.0000,0.9777,0.9777,0.0000,0,-0.0144,0.1534,739.8070,81.5021
tv15%_lb60d_pure,Aug 2024–Aug 2026,2026-06-22,1.328699,1.0000,0.9761,0.9761,0.0000,0,-0.0175,0.1537,737.9500,81.4226
tv15%_lb60d_pure,Aug 2024–Aug 2026,2026-06-23,1.284946,1.0000,0.9874,0.9874,0.0000,0,-0.0317,0.1519,713.6500,81.4822
tv15%_lb60d_pure,Aug 2024–Aug 2026,2026-06-24,1.279491,1.0000,1.0000,1.0000,0.0000,0,-0.0322,0.1466,710.6200,81.5816
tv15%_lb60d_pure,Aug 2024–Aug 2026,2026-06-25,1.289862,1.0000,1.0000,1.0000,0.0000,0,-0.0308,0.1461,716.3800,81.6015
tv15%_lb60d_pure,Aug 2024–Aug 2026,2026-06-26,1.272109,1.0000,1.0000,1.0000,0.0000,0,-0.0378,0.1369,706.5200,81.7009
tv15%_lb60d_pure,Aug 2024–Aug 2026,2026-06-29,1.303726,1.0000,1.0000,1.0000,0.0000,0,-0.0219,0.1396,724.0800,81.6810
tv15%_lb60d_pure,Aug 2024–Aug 2026,2026-06-30,1.325908,1.0000,1.0000,1.0000,0.0000,0,-0.0143,0.1401,736.4000,81.6214
tv15%_lb60d_pure,Aug 2024–Aug 2026,2026-07-01,1.305688,1.0000,1.0000,1.0000,0.0000,0,-0.0124,0.1402,725.1700,81.5895
tv15%_lb60d_pure,Aug 2024–Aug 2026,2026-07-02,1.283056,1.0000,1.0000,1.0000,0.0000,0,-0.0137,0.1403,712.6000,81.6892
tv15%_lb60d_pure,Aug 2024–Aug 2026,2026-07-06,1.301457,1.0000,1.0000,1.0000,0.0000,0,-0.0021,0.1326,722.8200,81.7291
tv15%_lb60d_pure,Aug 2024–Aug 2026,2026-07-07,1.277348,1.0000,1.0000,1.0000,0.0000,0,-0.0069,0.1330,709.4300,81.6094
tv15%_lb60d_pure,Aug 2024–Aug 2026,2026-07-08,1.280967,1.0000,1.0000,1.0000,0.0000,0,-0.0099,0.1333,711.4400,81.5895
tv15%_lb60d_pure,Aug 2024–Aug 2026,2026-07-09,1.302285,1.0000,1.0000,1.0000,0.0000,0,-0.0016,0.1330,723.2800,81.6593
tv15%_lb60d_pure,Aug 2024–Aug 2026,2026-07-10,1.306301,1.0000,1.0000,1.0000,0.0000,0,0.0000,0.1313,725.5100,81.6294
tv15%_lb60d_pure,Aug 2024–Aug 2026,2026-07-13,1.281507,1.0000,1.0000,1.0000,0.0000,0,-0.0077,0.1319,711.7400,81.5396
tv15%_lb60d_pure,Aug 2024–Aug 2026,2026-07-14,1.295821,1.0000,1.0000,1.0000,0.0000,0,-0.0041,0.1319,719.6900,81.6792
tv15%_lb60d_pure,Aug 2024–Aug 2026,2026-07-15,1.292310,1.0000,1.0000,1.0000,0.0000,0,-0.0002,0.1301,717.7400,81.7490
tv15%_lb60d_pure,Aug 2024–Aug 2026,2026-07-16,1.271064,1.0000,1.0000,1.0000,0.0000,0,-0.0056,0.1307,705.9400,81.7490
tv15%_lb60d_pure,Aug 2024–Aug 2026,2026-07-17,1.251961,1.0000,1.0000,1.0000,0.0000,0,-0.0154,0.1317,695.3300,81.7390
tv15%_lb60d_pure,Aug 2024–Aug 2026,2026-07-20,1.253275,1.0000,1.0000,1.0000,0.0000,0,-0.0170,0.1304,696.0600,81.7091
tv15%_lb60d_pure,Aug 2024–Aug 2026,2026-07-21,1.276520,1.0000,1.0000,1.0000,0.0000,0,-0.0088,0.1309,708.9700,81.6393
tv15%_lb60d_pure,Aug 2024–Aug 2026,2026-07-22,1.270002,1.0000,1.0000,1.0000,0.0000,0,-0.0100,0.1303,705.3500,81.5795
tv15%_lb60d_pure,Aug 2024–Aug 2026,2026-07-23,1.245893,1.0000,1.0000,1.0000,0.0000,0,-0.0222,0.1330,691.9600,81.5197
tv15%_lb60d_pure,Aug 2024–Aug 2026,2026-07-24,1.231975,1.0000,1.0000,1.0000,0.0000,0,-0.0212,0.1325,684.2300,81.5995
tv15%_lb60d_pure,Aug 2024–Aug 2026,2026-07-27,1.228176,1.0000,1.0000,1.0000,0.0000,0,-0.0210,0.1325,682.1200,81.6194
tv15%_lb60d_pure,Aug 2024–Aug 2026,2026-07-28,1.216238,1.0000,1.0000,1.0000,0.0000,0,-0.0187,0.1312,675.4900,81.6892
tv15%_lb60d_pure,Aug 2024–Aug 2026,2026-07-29,1.191463,1.0000,1.0000,1.0000,0.0000,0,-0.0338,0.1352,661.7300,81.7390
tv15%_lb60d_pure,Aug 2024–Aug 2026,2026-07-30,1.230750,1.0000,1.0000,1.0000,0.0000,0,-0.0176,0.1390,683.5500,81.7590
tv15%_lb60d_pure,Aug 2024–Aug 2026,2026-07-31,1.238745,1.0000,1.0000,1.0000,0.0000,0,-0.0105,0.1388,687.9900,81.7490
tv15%_lb60d_pure,Aug 2024–Aug 2026,2026-08-03,1.260495,1.0000,1.0000,1.0000,0.0000,0,0.0000,0.1390,700.0700,81.7700
tv15%_lb60d_pure,Aug 2024–Aug 2026,2026-08-04,1.303312,1.0000,1.0000,1.0000,0.0000,0,0.0000,0.1432,723.8500,81.8700
tv15%_lb60d_pure,Aug 2024–Aug 2026,2026-08-05,1.291518,1.0000,1.0000,1.0000,0.0000,0,-0.0020,0.1425,717.3000,81.9000
tv15%_lb60d_pure,Aug 2024–Aug 2026,2026-08-06,1.286747,1.0000,1.0000,1.0000,0.0000,0,-0.0036,0.1425,714.6500,81.8000
tv15%_lb60d_pure,Aug 2024–Aug 2026,2026-08-07,1.301835,1.0000,1.0000,1.0000,0.0000,0,0.0000,0.1429,723.0300,81.9200
tv15%_lb60d_pure,Aug 2024–Aug 2026,2026-08-10,1.297946,1.0000,1.0000,1.0000,0.0000,0,-0.0003,0.1425,720.8700,81.8600
tv15%_lb60d_pure,Aug 2024–Aug 2026,2026-08-11,1.293589,1.0000,1.0000,1.0000,0.0000,0,-0.0035,0.1420,718.4500,81.8700
tv15%_lb60d_pure,Aug 2024–Aug 2026,2026-08-12,1.303042,1.0000,1.0000,1.0000,0.0000,0,-0.0010,0.1396,723.7000,81.9200
tv15%_lb60d_pure,Aug 2024–Aug 2026,2026-08-13,1.318112,1.0000,1.0000,1.0000,0.0000,0,0.0000,0.1401,732.0700,82.0300
tv15%_lb60d_pure,Aug 2024–Aug 2026,2026-08-14,1.316311,1.0000,1.0000,1.0000,0.0000,0,-0.0020,0.1393,731.0700,82.0000
tv15%_lb60d_pure,Aug 2024–Aug 2026,2026-08-17,1.314151,1.0000,1.0000,1.0000,0.0000,0,-0.0067,0.1385,729.8700,82.0000
tv15%_lb60d_pure,Aug 2024–Aug 2026,2026-08-18,1.291896,1.0000,1.0000,1.0000,0.0000,0,-0.0134,0.1393,717.5100,82.0200
tv15%_lb60d_pure,Aug 2024–Aug 2026,2026-08-19,1.289322,1.0000,1.0000,1.0000,0.0000,0,-0.0113,0.1392,716.0800,82.0600
tv15%_lb60d_pure,Aug 2024–Aug 2026,2026-08-20,1.280049,1.0000,1.0000,1.0000,0.0000,0,-0.0196,0.1398,710.9300,82.0200
tv15%_lb60d_pure,Aug 2024–Aug 2026,2026-08-21,1.284568,1.0000,1.0000,1.0000,0.0000,0,-0.0156,0.1400,713.4400,82.0000
