{
  "^GSPC": 7599.9599609375,
  "^DJI": 51078.87890625,
  "^IXIC": 27086.810546875
}