{
  "DKNG": {
    "rsi": 64.6,
    "timestamp": 1781369478.0140433,
    "source": "Polygon"
  },
  "COIN": {
    "rsi": 36.0,
    "timestamp": 1781369478.0140433,
    "source": "Polygon"
  },
  "UPST": {
    "rsi": 55.4,
    "timestamp": 1781369478.0140433,
    "source": "Cached"
  },
  "SHOP": {
    "rsi": 55.2,
    "timestamp": 1781369478.0140433,
    "source": "Polygon"
  },
  "TQQQ": {
    "rsi": 49.6,
    "timestamp": 1781369478.0140433,
    "source": "Cached"
  },
  "XLE": {
    "rsi": 41.0,
    "timestamp": 1781369478.0140433,
    "source": "Cached"
  },
  "ROKU": {
    "rsi": 65.8,
    "timestamp": 1781350026.8204052,
    "source": "Cached"
  },
  "PATH": {
    "rsi": 46.0,
    "timestamp": 1781369478.0140433,
    "source": "Polygon"
  },
  "SQQQ": {
    "rsi": 46.7,
    "timestamp": 1781369478.0140433,
    "source": "Cached"
  },
  "SNOW": {
    "rsi": 67.6,
    "timestamp": 1781369478.0140433,
    "source": "Cached"
  },
  "NET": {
    "rsi": 54.3,
    "timestamp": 1781369478.0140433,
    "source": "Polygon"
  },
  "AMZN": {
    "rsi": 26.8,
    "timestamp": 1781369478.0140433,
    "source": "Cached"
  },
  "NFLX": {
    "rsi": 14.6,
    "timestamp": 1781369478.0140433,
    "source": "Cached"
  },
  "DDOG": {
    "rsi": 53.2,
    "timestamp": 1781362831.20512,
    "source": "Polygon"
  },
  "OKTA": {
    "rsi": 63.2,
    "timestamp": 1781362831.20512,
    "source": "Polygon"
  },
  "FSLY": {
    "rsi": 59.6,
    "timestamp": 1781362831.20512,
    "source": "Cached"
  },
  "ZM": {
    "rsi": 34.5,
    "timestamp": 1781362831.20512,
    "source": "Cached"
  },
  "LCID": {
    "rsi": 40.5,
    "timestamp": 1781369478.0140433,
    "source": "Polygon"
  },
  "NIO": {
    "rsi": 50.2,
    "timestamp": 1781369478.0140433,
    "source": "Polygon"
  },
  "XPEV": {
    "rsi": 40.8,
    "timestamp": 1781369478.0140433,
    "source": "Polygon"
  },
  "GM": {
    "rsi": 57.1,
    "timestamp": 1781369478.0140433,
    "source": "Cached"
  },
  "ABNB": {
    "rsi": 49.8,
    "timestamp": 1781369478.0140433,
    "source": "Cached"
  },
  "CRWD": {
    "rsi": 52.7,
    "timestamp": 1781362831.20512,
    "source": "Polygon"
  },
  "CDNS": {
    "rsi": 54.2,
    "timestamp": 1781369478.0140433,
    "source": "Polygon"
  },
  "SOFI": {
    "rsi": 55.7,
    "timestamp": 1781369478.0140433,
    "source": "Polygon"
  },
  "CSCO": {
    "rsi": 50.9,
    "timestamp": 1781362831.20512,
    "source": "Polygon"
  },
  "IBM": {
    "rsi": 56.4,
    "timestamp": 1781362831.20512,
    "source": "Polygon"
  }
}